####
#
# OBJ File Generated by Meshlab
#
####
# Object _iter_0-mod2.obj
#
# Vertices: 2665
# Faces: 3464
#
####
vn -0.0035383 6.2771988 -0.0080068
v 1.0524050 1.3509030 0.5668378
vn -0.0055734 6.2540150 0.5390593
v 1.0522419 1.3490560 0.6104174
vn 3.0525584 3.1402798 0.0075263
v 1.0824050 1.3509200 0.5669522
vn 3.0515203 3.1287842 0.2810541
v 1.0822409 1.3490729 0.6105318
vn 0.0239279 -1.0989501 -6.1862879
v 1.0615560 1.0360191 0.8393259
vn 0.0056958 -2.9535131 -1.0706704
v 1.0515599 1.0739100 0.8325558
vn 3.1296988 -0.2941832 -3.0417314
v 1.0915550 1.0360360 0.8394389
vn 5.1199903 -1.0498004 -1.2108419
v 1.0815589 1.0739269 0.8326693
vn -0.0076024 6.1832194 1.0821320
v 1.0520819 1.3434179 0.6536722
vn -0.0095633 6.0653801 1.6169105
v 1.0519260 1.3340309 0.6962690
vn 3.0504866 3.0932889 0.5525528
v 1.0820820 1.3434350 0.6537848
vn 3.0495548 3.0344455 0.8199960
v 1.0819260 1.3340480 0.6963816
vn 0.0214844 -3.6070344 -5.1373334
v 1.0543910 0.5635940 0.1582699
vn 0.0223307 -3.1454790 -5.4321876
v 1.0544590 0.6003520 0.1347857
vn 3.0650582 -1.8017799 -2.5571852
v 1.0843910 0.5636110 0.1583834
vn 3.0655403 -1.5710133 -2.7045503
v 1.0844589 0.6003690 0.1349001
vn -0.0113898 5.9013844 2.1393487
v 1.0517770 1.3209679 0.7378855
vn -0.0132097 5.6924715 2.6455500
v 1.0516340 1.3043270 0.7782049
vn 3.0485923 2.9523802 1.0811568
v 1.0817770 1.3209851 0.7379980
vn 3.0476475 2.8479755 1.3343199
v 1.0816339 1.3043439 0.7783194
vn -0.0148756 5.4401932 3.1316683
v 1.0515000 1.2842350 0.8169222
vn 3.0469003 2.7218754 1.5773861
v 1.0814990 1.2842519 0.8170347
vn 0.0106510 5.1373820 -3.6070125
v 1.0535380 1.2601140 0.2801681
vn 0.0087603 5.4322181 -3.1455069
v 1.0533860 1.2835979 0.3169260
vn 3.0596166 2.5704443 -1.7919893
v 1.0835370 1.2601311 0.2802806
vn 3.0586567 2.7178652 -1.5612402
v 1.0833850 1.2836149 0.3170385
vn 0.0047765 5.8959141 -2.1543996
v 1.0530670 1.3205321 0.3958678
vn 0.0028034 6.0612416 -1.6324008
v 1.0529029 1.3337011 0.4374523
vn 3.0566730 2.9496708 -1.0656788
v 1.0830669 1.3205490 0.3959808
vn 3.0556858 3.0324266 -0.8047029
v 1.0829020 1.3337181 0.4375648
vn -0.0014653 6.2526207 -0.5550354
v 1.0525700 1.3489449 0.5232630
vn 3.0535641 3.1280577 -0.2659840
v 1.0825700 1.3489621 0.5233755
vn -0.0236347 1.6324093 6.0611897
v 1.0507910 0.9809291 1.0502701
vn -0.0238359 1.0978997 6.1803999
v 1.0507790 0.9383550 1.0597658
vn 3.0424967 0.8179331 3.0420997
v 1.0807910 0.9809460 1.0503826
vn 3.0423255 0.5506688 3.1017461
v 1.0807790 0.9383720 1.0598788
vn 0.0006467 6.1804447 -1.0978980
v 1.0527370 1.3431969 0.4800248
vn 3.0545759 3.0919132 -0.5374388
v 1.0827370 1.3432140 0.4801378
vn -0.0229665 2.6600969 5.6856508
v 1.0508580 1.0627902 1.0203571
vn -0.0234160 2.1544461 5.8958569
v 1.0508170 1.0225120 1.0371008
vn 3.0428319 1.3317791 2.8544040
v 1.0808569 1.0628071 1.0204701
vn 3.0425844 1.0789392 2.9594152
v 1.0808170 1.0225291 1.0372138
vn -0.0179141 4.8137159 4.0287852
v 1.0512580 1.2343349 0.8883791
vn -0.0192246 4.4443445 4.4329214
v 1.0511540 1.2049069 0.9205756
vn 3.0453753 2.4085810 2.0259337
v 1.0812579 1.2343521 0.8884916
vn 3.0446560 2.2239153 2.2279928
v 1.0811529 1.2049241 0.9206891
vn -0.0125694 -4.8080549 4.0448561
v 1.0516850 1.0491312 0.8031025
vn 3.1352592 -2.4022176 2.0342803
v 1.0816849 1.0491481 0.8032160
vn -0.0055986 2.4345815 1.1189954
v 1.0615720 1.0598259 0.8313789
vn -0.0238130 0.5799677 6.2345772
v 1.0615879 1.0295811 0.8316731
vn 0.8782935 1.2177523 0.5627925
v 1.0915719 1.0598431 0.8314919
vn 3.2958045 0.2918595 3.1296542
v 1.0915880 1.0295980 0.8317857
vn 0.0125227 4.8080401 -4.0448742
v 1.0616649 1.0414851 0.8095775
vn 3.1478472 2.4058237 -2.0106654
v 1.0916640 1.0415020 0.8096910
vn -0.0203582 4.0410175 4.8034387
v 1.0510600 1.1727850 0.9500861
vn -0.0213840 3.6070170 5.1373458
v 1.0509800 1.1382141 0.9766827
vn 3.0441494 2.0222738 2.4132719
v 1.0810599 1.1728020 0.9501987
vn 3.0435653 1.8052752 2.5802476
v 1.0809790 1.1382310 0.9767962
vn 0.0114113 -5.9069772 -2.1414731
v 1.0524390 0.9383580 0.6196508
vn 0.0114507 -5.9070220 -2.1413479
v 1.0525680 0.9514760 0.5834661
vn 3.1472778 -2.9517467 -1.0589020
v 1.0824389 0.9383751 0.6197634
vn 3.1472886 -2.9517524 -1.0588591
v 1.0825679 0.9514930 0.5835791
vn 0.0114493 -5.9070034 -2.1414003
v 1.0526969 0.9645939 0.5472794
vn 0.0114191 -5.9069777 -2.1414704
v 1.0528259 0.9777120 0.5110950
vn 3.1473260 -2.9517422 -1.0588634
v 1.0826969 0.9646110 0.5473938
vn 3.1472540 -2.9517212 -1.0588775
v 1.0828260 0.9777290 0.5112081
vn 0.0240650 -1.0989770 -6.1862822
v 1.0615439 0.9223290 0.8595219
vn 0.0239033 -1.0988963 -6.1862969
v 1.0615480 0.9602249 0.8527899
vn 3.1535273 -0.5477318 -3.0812702
v 1.0915439 0.9223461 0.8596349
vn 3.1535308 -0.5476621 -3.0812705
v 1.0915480 0.9602420 0.8529029
vn -0.0125154 -4.8080349 4.0448818
v 1.0520600 0.9747960 0.7147431
vn -0.0125596 -4.8080797 4.0448275
v 1.0521849 0.9500180 0.6852899
vn 3.1353114 -2.4021940 2.0342896
v 1.0820600 0.9748129 0.7148557
vn 3.1353173 -2.4022565 2.0342872
v 1.0821850 0.9500350 0.6854029
vn -0.0005635 -5.3575034 0.9516323
v 1.0523100 0.9252390 0.6558356
vn 2.0940506 -2.6775725 0.4837689
v 1.0823100 0.9252560 0.6559496
vn 0.0055861 -6.2540121 -0.5391335
v 1.0531290 0.3527520 0.5245352
vn 0.0075790 -6.1832213 -1.0821234
v 1.0532889 0.3583900 0.4812813
vn 3.0571163 -3.1253011 -0.2580528
v 1.0831289 0.3527690 0.5246477
vn 3.0580888 -3.0899351 -0.5295157
v 1.0832890 0.3584070 0.4813948
vn 0.0142794 4.4329677 -4.4443154
v 1.0538210 1.2040069 0.2134752
vn 0.0124289 4.8035016 -4.0409789
v 1.0536829 1.2335160 0.2455959
vn 3.0613694 2.2181950 -2.2105925
v 1.0838209 1.2040241 0.2135878
vn 3.0604970 2.4034240 -2.0089302
v 1.0836830 1.2335331 0.2457085
vn -0.0210660 -2.1394160 5.9013429
v 1.0510089 0.6804930 1.0375366
vn -0.0200635 -2.6455643 5.6924453
v 1.0510950 0.6401720 1.0208960
vn 3.0437140 -1.0679504 2.9621797
v 1.0810089 0.6805100 1.0376506
vn 3.0441787 -1.3210114 2.8576992
v 1.0810950 0.6401890 1.0210104
vn 0.0200379 2.6455867 -5.6924267
v 1.0542760 1.0616350 0.1140556
vn 0.0187786 3.1316419 -5.4401999
v 1.0541790 1.1003520 0.1341476
vn 3.0643585 1.3245490 -2.8346877
v 1.0842760 1.0616519 0.1141696
vn 3.0637121 1.5675505 -2.7086186
v 1.0841780 1.1003690 0.1342611
vn -0.0239662 1.0989968 6.1862793
v 1.0615840 0.9916850 0.8384047
vn 3.1294851 0.5512709 3.1049228
v 1.0915840 0.9917020 0.8385186
vn 0.0173228 3.5939643 -5.1464853
v 1.0540700 1.1371698 0.1575365
vn 3.0630236 1.7987173 -2.5617807
v 1.0840690 1.1371870 0.1576505
vn -0.0238222 1.0990212 6.1862755
v 1.0615799 0.9537880 0.8451371
vn 3.1297035 0.5512624 3.1049974
v 1.0915799 0.9538050 0.8452497
vn 0.0219393 1.6169116 -6.0653410
v 1.0544350 0.9796980 0.0843515
vn 0.0210902 2.1394274 -5.9013276
v 1.0543619 1.0213149 0.0974150
vn 3.0653024 0.8101768 -3.0211298
v 1.0844350 0.9797150 0.0844650
vn 3.0649748 1.0714794 -2.9391301
v 1.0843620 1.0213320 0.0975294
vn 0.0239470 -1.0989832 -6.1862817
v 1.0622900 0.7357610 0.6895351
vn 0.0239278 -1.0990217 -6.1862750
v 1.0622940 0.7736580 0.6828022
vn 3.1265490 -0.7911741 -2.9354918
v 1.0922899 0.7357780 0.6896472
vn 3.1534820 -0.5477188 -3.0812910
v 1.0922940 0.7736750 0.6829147
vn -0.0143080 -4.4330063 4.4442682
v 1.0515500 0.4978010 0.9214783
vn -0.0125906 -4.8035016 4.0409813
v 1.0516880 0.4682920 0.8893566
vn 3.0471385 -2.2147574 2.2336395
v 1.0815500 0.4978181 0.9215918
vn 3.0480309 -2.4000030 2.0319862
v 1.0816879 0.4683090 0.8894701
vn 0.0238679 -0.5550526 -6.2525754
v 1.0545890 0.8066910 0.0694389
vn 0.0235301 -0.0080783 -6.2771549
v 1.0545720 0.8502670 0.0674801
vn 3.0662680 -0.2758212 -3.1147156
v 1.0845890 0.8067080 0.0695519
vn 3.0660667 -0.0022981 -3.1271338
v 1.0845710 0.8502840 0.0675926
vn 0.0239223 -1.0978756 -6.1804013
v 1.0545920 0.7634529 0.0751867
vn 3.0662227 -0.5472277 -3.0787332
v 1.0845909 0.7634700 0.0752997
vn 0.0227380 1.0821242 -6.1831923
v 1.0544940 0.9371009 0.0749660
vn 3.0656569 0.5427589 -3.0800824
v 1.0844940 0.9371180 0.0750790
vn 0.0238887 -1.0988973 -6.1862974
v 1.0622979 0.8115550 0.6760697
vn 3.1535234 -0.5476859 -3.0812926
v 1.0922980 0.8115720 0.6761827
vn -0.0239364 1.0989971 6.1862788
v 1.0530770 0.9281550 0.4521885
vn -0.0240446 1.0989275 6.1862912
v 1.0530729 0.8902590 0.4589210
vn 3.1295607 0.5512787 3.1050527
v 1.0830760 0.9281719 0.4523020
vn 3.1296005 0.5512920 3.1050670
v 1.0830719 0.8902760 0.4590340
vn -0.0176898 3.5029585 4.1639156
v 1.0530610 0.7765689 0.4791169
vn -0.0114117 5.9069819 2.1414611
v 1.0529320 0.7634500 0.5153017
vn 4.1798992 1.7538276 2.0977094
v 1.0830610 0.7765860 0.4792299
vn 3.1358643 2.9552445 1.0825746
v 1.0829320 0.7634670 0.5154152
vn 0.0229414 -2.6601253 -5.6856441
v 1.0545130 0.6390180 0.1145959
vn 0.0235058 -2.1544251 -5.8958564
v 1.0545540 0.6792950 0.0978518
vn 3.0657706 -1.3283659 -2.8313179
v 1.0845129 0.6390350 0.1147089
vn 3.0661688 -1.0754884 -2.9363973
v 1.0845540 0.6793120 0.0979662
vn -0.0113979 5.9070129 2.1413755
v 1.0528029 0.7503320 0.5514870
vn 3.1358981 2.9552560 1.0825266
v 1.0828030 0.7503490 0.5515995
vn 0.0238533 -1.6324236 -6.0611825
v 1.0545800 0.7208790 0.0846825
vn 3.0662277 -0.8144706 -3.0190737
v 1.0845799 0.7208960 0.0847960
vn 0.0114119 -5.9069839 -2.1414557
v 1.0529549 0.9908310 0.4749098
vn -0.0061962 -2.4040167 2.0224531
v 1.0530850 1.0039489 0.4387245
vn 3.1473074 -2.9517310 -1.0588839
v 1.0829550 0.9908480 0.4750228
vn 5.2328587 -1.1990573 1.0310127
v 1.0830840 1.0039661 0.4388366
vn -0.0239330 1.0989076 6.1862946
v 1.0530809 0.9660520 0.4454570
vn 3.1296244 0.5512978 3.1050434
v 1.0830799 0.9660689 0.4455695
vn 0.0239119 -1.0989642 -6.1862850
v 1.0615519 0.9981219 0.8460579
vn 3.1534708 -0.5476850 -3.0813630
v 1.0915509 0.9981390 0.8461704
vn -0.0240037 1.0988989 6.1862960
v 1.0530649 0.8144650 0.4723854
vn 3.1296494 0.5512230 3.1049390
v 1.0830650 0.8144820 0.4724979
vn -0.0239577 1.0990000 6.1862783
v 1.0530690 0.8523620 0.4656529
vn 3.1296177 0.5512616 3.1049421
v 1.0830690 0.8523790 0.4657660
vn -0.0222480 3.1455097 5.4321785
v 1.0509120 1.1014550 1.0001669
vn 3.0432272 1.5744796 2.7275712
v 1.0809120 1.1014721 1.0002794
vn -0.0239751 1.0988373 6.1863074
v 1.0615760 0.9158910 0.8518701
vn 3.1296010 0.5512712 3.1050415
v 1.0915760 0.9159080 0.8519826
vn 0.0125653 4.8080468 -4.0448670
v 1.0621650 0.9423710 0.6917648
vn 0.0125533 4.8080730 -4.0448356
v 1.0620400 0.9671500 0.7212181
vn 3.1478767 2.4057522 -2.0105827
v 1.0921650 0.9423880 0.6918783
vn 3.1477923 2.4057741 -2.0105538
v 1.0920399 0.9671670 0.7213311
vn 0.0125211 4.8080807 -4.0448260
v 1.0619149 0.9919280 0.7506723
vn 3.1477318 2.4057596 -2.0105669
v 1.0919150 0.9919450 0.7507839
vn 0.0238145 -0.5801455 -6.2345619
v 1.0623059 0.8873480 0.6626058
vn 0.0181080 2.3734410 -5.1637478
v 1.0622900 0.9175929 0.6623106
vn 2.9874165 -0.2883255 -3.1060479
v 1.0923060 0.8873650 0.6627188
vn 2.2696283 1.1880767 -2.5733793
v 1.0922899 0.9176100 0.6624250
vn 0.0204772 -4.0409842 -4.8034639
v 1.0543109 0.5290220 0.1848669
vn 3.0646133 -2.0187416 -2.3901958
v 1.0843110 0.5290390 0.1849813
vn -0.0238584 0.5550830 6.2525721
v 1.0507820 0.8951160 1.0655141
vn -0.0237316 0.0080361 6.2771468
v 1.0507990 0.8515410 1.0674734
vn 3.0424643 0.2792716 3.1377857
v 1.0807819 0.8951330 1.0656266
vn 3.0424972 0.0057660 3.1501305
v 1.0807990 0.8515580 1.0675859
vn 0.0239172 -1.0989758 -6.1862831
v 1.0623020 0.8494520 0.6693382
vn 3.1534996 -0.5477174 -3.0813148
v 1.0923020 0.8494690 0.6694508
vn 0.0125731 4.8080044 -4.0449171
v 1.0617900 1.0167060 0.7801251
vn 3.1478434 2.4057786 -2.0105021
v 1.0917900 1.0167229 0.7802377
vn 0.0233050 0.5391966 -6.2539511
v 1.0545399 0.8938470 0.0693264
vn 3.0660834 0.2713613 -3.1154289
v 1.0845400 0.8938640 0.0694408
vn -0.0226982 -1.0821713 6.1831703
v 1.0508770 0.7647070 1.0599880
vn -0.0219717 -1.6170114 6.0653148
v 1.0509360 0.7221100 1.0506010
vn 3.0430589 -0.5393726 3.1030989
v 1.0808769 0.7647240 1.0601001
vn 3.0433102 -0.8067684 3.0442057
v 1.0809360 0.7221270 1.0507140
vn -0.0234900 1.8558960 5.9501643
v 1.0615720 0.8779940 0.8586006
vn 3.3827512 0.9299107 2.9879916
v 1.0915719 0.8780110 0.8587151
vn 0.0158366 4.0287895 -4.8137264
v 1.0539500 1.1718090 0.1840472
vn 3.0621865 2.0160944 -2.3953643
v 1.0839499 1.1718261 0.1841598
vn 0.0063086 2.4040713 -2.0224617
v 1.0522870 0.6978590 0.6962285
vn 5.0472827 0.8979939 -1.9645345
v 1.0822860 0.6978760 0.6963420
vn -0.0114317 5.9069991 2.1414130
v 1.0524160 0.7109770 0.6600428
vn 3.1357946 2.9553304 1.0825447
v 1.0824150 0.7109941 0.6601572
vn -0.0113597 5.9069681 2.1414981
v 1.0525450 0.7240960 0.6238580
vn 3.1359653 2.9553125 1.0826305
v 1.0825440 0.7241120 0.6239710
vn -0.0114393 5.9070091 2.1413839
v 1.0526739 0.7372140 0.5876732
vn 3.1358593 2.9552169 1.0825608
v 1.0826740 0.7372310 0.5877857
vn 0.0068399 5.6856899 -2.6601214
v 1.0532280 1.3037879 0.3555908
vn 3.0577085 2.8445630 -1.3185520
v 1.0832280 1.3038051 0.3557038
vn 0.0179029 -4.8137956 -4.0286989
v 1.0541130 0.4674730 0.2465744
vn 0.0192192 -4.4443579 -4.4329004
v 1.0542179 0.4969000 0.2143769
vn 3.0632520 -2.4051442 -2.0028219
v 1.0841130 0.4674900 0.2466869
vn 3.0639009 -2.2205074 -2.2050109
v 1.0842170 0.4969170 0.2144899
vn -0.0047836 -5.8958926 2.1544645
v 1.0523040 0.3812760 0.7390852
vn -0.0027474 -6.0612354 1.6323982
v 1.0524679 0.3681060 0.6975007
vn 3.0519390 -2.9462526 1.0887396
v 1.0823040 0.3812930 0.7391977
vn 3.0528884 -3.0289323 0.8277406
v 1.0824680 0.3681230 0.6976151
vn -0.0068378 -5.6856990 2.6601028
v 1.0521430 0.3980200 0.7793617
vn 3.0508652 -2.8410892 1.3415737
v 1.0821429 0.3980370 0.7794762
vn -0.0088087 -5.4322143 3.1455109
v 1.0519860 0.4182100 0.8180270
vn 3.0498371 -2.7143950 1.5843242
v 1.0819850 0.4182270 0.8181410
vn -0.0006423 -6.1804528 1.0978569
v 1.0526340 0.3586110 0.6549282
vn 0.0014425 -6.2526164 0.5550951
v 1.0528010 0.3528630 0.6116900
vn 3.0539947 -3.0885291 0.5604172
v 1.0826340 0.3586280 0.6550407
vn 3.0550609 -3.1246431 0.2890883
v 1.0827999 0.3528800 0.6118031
vn 0.0113950 -5.9013910 -2.1393387
v 1.0535940 0.3808400 0.3970680
vn 0.0132111 -5.6924729 -2.6455488
v 1.0537369 0.3974810 0.3567481
vn 3.0599365 -2.9489696 -1.0581548
v 1.0835940 0.3808570 0.3971796
vn 3.0608978 -2.8444595 -1.3112694
v 1.0837370 0.3974980 0.3568606
vn -0.0164657 5.1465569 3.5938835
v 1.0513740 1.2608449 0.8537397
vn 3.0460467 2.5750005 1.8084460
v 1.0813739 1.2608619 0.8538532
vn 0.0149242 -5.4401774 -3.1316891
v 1.0538720 0.4175730 0.3180304
vn 3.0618062 -2.7183981 -1.5543414
v 1.0838710 0.4175900 0.3181448
vn -0.0125359 -4.8080883 4.0448165
v 1.0518100 1.0243530 0.7736492
vn -0.0124913 -4.8080249 4.0448923
v 1.0519350 0.9995750 0.7441959
vn 3.1353545 -2.4022753 2.0342183
v 1.0818100 1.0243700 0.7737617
vn 3.1353779 -2.4022179 2.0342410
v 1.0819349 0.9995920 0.7443085
vn 0.0095030 -6.0653796 -1.6169094
v 1.0534450 0.3677770 0.4386840
vn 3.0590763 -3.0309029 -0.7969276
v 1.0834450 0.3677940 0.4387970
vn 0.0035265 -6.2771935 0.0080113
v 1.0529660 0.3509040 0.5681152
vn 3.0560269 -3.1368473 0.0155156
v 1.0829660 0.3509210 0.5682278
vn 0.0004838 0.7569012 -0.2360788
v 1.0615360 0.8465350 0.8729858
vn 0.0240244 -1.0989078 -6.1862946
v 1.0615400 0.8844320 0.8662539
vn 6.0303307 0.3818195 -0.0952498
v 1.0915359 0.8465520 0.8730989
vn 3.1535947 -0.5476620 -3.0812507
v 1.0915400 0.8844489 0.8663673
vn -0.0187083 -3.1317129 5.4401579
v 1.0511919 0.6014560 1.0008049
vn -0.0174065 -3.5938525 5.1465855
v 1.0513020 0.5646380 0.9774146
vn 3.0449576 -1.5641897 2.7316077
v 1.0811920 0.6014730 1.0009179
vn 3.0455163 -1.7951939 2.5848689
v 1.0813010 0.5646550 0.9775290
vn 0.0164669 -5.1465502 -3.5938959
v 1.0539969 0.4409630 0.2812138
vn 3.0624959 -2.5715673 -1.7854031
v 1.0839970 0.4409800 0.2813263
vn -0.0233524 -0.5391302 6.2539625
v 1.0508310 0.8079610 1.0656261
vn 3.0427356 -0.2678261 3.1385274
v 1.0808309 0.8079780 1.0657387
vn -0.0159802 -4.0287895 4.8137102
v 1.0514209 0.5299980 0.9509063
vn 3.0464201 -2.0126743 2.4183495
v 1.0814210 0.5300151 0.9510188
vn -0.0106964 -5.1373739 3.6070194
v 1.0518340 0.4416940 0.8547850
vn 3.0489883 -2.5669856 1.8150443
v 1.0818330 0.4417110 0.8548980
vn 0.0000000 0.0000000 0.0000000
v 1.0523549 1.3058350 0.5867581
vn 6.2831397 0.0035846 0.0236968
v 1.0823550 1.3058519 0.5868697
vn 0.0000000 0.0000000 0.0000000
v 1.0614049 1.0238900 0.8810787
vn 0.0000000 0.0000000 0.0000000
v 1.0612390 1.0314941 0.9238882
vn 0.0000000 0.0000000 0.0000000
v 1.0613199 1.0038750 0.9067140
vn 6.2831397 0.0035387 0.0236857
v 1.0914049 1.0239069 0.8811922
vn 6.2631683 0.1640913 0.2527590
v 1.0912390 1.0315111 0.9240007
vn 6.2831392 0.0035382 0.0237304
v 1.0913190 1.0038919 0.9068270
vn 0.0000000 0.0000000 0.0000000
v 1.0614530 1.0597501 0.8628850
vn 6.1151371 0.8226732 -0.5491196
v 1.0914530 1.0597670 0.8629975
vn 0.0000000 0.0000000 0.0000000
v 1.0525019 1.3150311 0.5466194
vn 6.2831392 0.0035651 0.0236869
v 1.0825009 1.3150480 0.5467319
vn 0.0000000 0.0000000 0.0000000
v 1.0520489 1.3065920 0.6678896
vn 6.2831392 0.0035588 0.0237219
v 1.0820490 1.3066080 0.6680017
vn 0.0000000 0.0000000 0.0000000
v 1.0539360 0.5767720 0.2771845
vn 0.0000000 0.0000000 0.0000000
v 1.0539510 0.5356130 0.2793059
vn 0.0000000 0.0000000 0.0000000
v 1.0540980 0.5460630 0.2386160
vn 6.2831397 0.0035767 0.0236555
v 1.0839350 0.5767890 0.2772989
vn 6.2831397 0.0035989 0.0236726
v 1.0839510 0.5356300 0.2794189
vn 6.2831402 0.0036195 0.0237236
v 1.0840980 0.5460800 0.2387290
vn 0.0000000 0.0000000 0.0000000
v 1.0516660 1.2550631 0.7772117
vn 0.0000000 0.0000000 0.0000000
v 1.0517740 1.2803600 0.7447200
vn 6.2831402 0.0035269 0.0236852
v 1.0816660 1.2550800 0.7773247
vn 6.2831397 0.0035560 0.0236800
v 1.0817740 1.2803769 0.7448325
vn 0.0000000 0.0000000 0.0000000
v 1.0543040 0.6007780 0.1759615
vn 6.2831402 0.0035333 0.0236416
v 1.0843030 0.6007950 0.1760759
vn 0.0000000 0.0000000 0.0000000
v 1.0538470 0.4587510 0.3183508
vn 0.0000000 0.0000000 0.0000000
v 1.0538490 0.4879090 0.3135419
vn 0.0000000 0.0000000 0.0000000
v 1.0537260 0.4798960 0.3473473
vn 6.2831392 0.0035491 0.0236912
v 1.0838469 0.4587670 0.3184652
vn 6.2831397 0.0035765 0.0237144
v 1.0838480 0.4879261 0.3136549
vn 6.2831397 0.0035686 0.0236634
v 1.0837259 0.4799130 0.3474607
vn 0.0000000 0.0000000 0.0000000
v 1.0540919 0.5754330 0.2359934
vn 6.2831392 0.0035759 0.0237719
v 1.0840909 0.5754500 0.2361069
vn 0.0000000 0.0000000 0.0000000
v 1.0533930 1.2346210 0.3223348
vn 6.2831402 0.0035581 0.0236562
v 1.0833930 1.2346380 0.3224468
vn 0.0000000 0.0000000 0.0000000
v 1.0614290 0.9466460 0.8863788
vn 0.0000000 0.0000000 0.0000000
v 1.0614240 0.9024960 0.8941388
vn 6.2831397 0.0035607 0.0237381
v 1.0914290 0.9466630 0.8864918
vn 6.2831392 0.0035424 0.0237285
v 1.0914240 0.9025130 0.8942533
vn 0.0000000 0.0000000 0.0000000
v 1.0509269 0.9121740 1.0246820
vn 0.0000000 0.0000000 0.0000000
v 1.0610039 0.8708120 1.0103989
vn 0.0000000 0.0000000 0.0000000
v 1.0610820 0.9028360 0.9848022
vn 6.1688161 0.4059950 0.7461279
v 1.0809259 0.9121910 1.0247951
vn 6.0437369 0.1349402 1.1316302
v 1.0910040 0.8708290 1.0105119
vn 6.1951828 0.3788993 0.6437998
v 1.0910820 0.9028530 0.9849148
vn 0.0000000 0.0000000 0.0000000
v 1.0529640 1.2938180 0.4272060
vn 6.2831397 0.0035427 0.0236931
v 1.0829639 1.2938352 0.4273186
vn 0.0000000 0.0000000 0.0000000
v 1.0613260 1.0675521 0.8954020
vn 0.0000000 0.0000000 0.0000000
v 1.0611800 1.0755601 0.9329062
vn 6.2486596 0.3157646 -0.2749880
v 1.0913260 1.0675690 0.8955164
vn 6.1147919 0.1858636 0.9642042
v 1.0911800 1.0755770 0.9330187
vn 0.0000000 0.0000000 0.0000000
v 1.0526570 1.3115349 0.5058870
vn 6.2831392 0.0035784 0.0237666
v 1.0826570 1.3115520 0.5059996
vn 0.0000000 0.0000000 0.0000000
v 1.0612980 0.8520190 0.9353409
vn 0.0000000 0.0000000 0.0000000
v 1.0613080 0.8938090 0.9262667
vn 0.0000000 0.0000000 0.0000000
v 1.0612230 0.8799080 0.9508162
vn 6.2831392 0.0035559 0.0236987
v 1.0912970 0.8520360 0.9354534
vn 6.2831397 0.0035229 0.0236955
v 1.0913080 0.8938259 0.9263802
vn 6.2831397 0.0035301 0.0236940
v 1.0912230 0.8799250 0.9509301
vn 0.0000000 0.0000000 0.0000000
v 1.0528079 1.2953241 0.4683571
vn 6.2831392 0.0035470 0.0236665
v 1.0828080 1.2953410 0.4684691
vn 0.0000000 0.0000000 0.0000000
v 1.0508610 0.9553140 1.0356140
vn 6.2831402 0.0035368 0.0236844
v 1.0808610 0.9553310 1.0357270
vn 0.0000000 0.0000000 0.0000000
v 1.0509540 0.8313200 1.0295367
vn 0.0000000 0.0000000 0.0000000
v 1.0508810 0.8722571 1.0426555
vn 6.0677638 -0.0839628 1.1367656
v 1.0809540 0.8313370 1.0296512
vn 6.1906176 0.0426468 0.7395767
v 1.0808810 0.8722740 1.0427690
vn 0.0000000 0.0000000 0.0000000
v 1.0515239 1.2430570 0.8166018
vn 6.2831392 0.0035550 0.0236871
v 1.0815240 1.2430739 0.8167148
vn 0.0000000 0.0000000 0.0000000
v 1.0509660 1.0386860 0.9953451
vn 6.1808810 0.4403114 0.6559573
v 1.0809649 1.0387030 0.9954572
vn 0.0000000 0.0000000 0.0000000
v 1.0513200 1.1910779 0.8783889
vn 6.2831392 0.0035861 0.0237425
v 1.0813199 1.1910951 0.8785028
vn 0.0000000 0.0000000 0.0000000
v 1.0532150 0.8265939 0.4306321
vn 0.0000000 0.0000000 0.0000000
v 1.0532960 0.7989751 0.4134579
vn 0.0000000 0.0000000 0.0000000
v 1.0533810 0.8189900 0.3878217
vn 6.2831402 0.0035505 0.0236818
v 1.0832150 0.8266110 0.4307442
vn 6.2831397 0.0035688 0.0237367
v 1.0832959 0.7989920 0.4135709
vn 6.2831402 0.0035836 0.0236962
v 1.0833809 0.8190070 0.3879361
vn 0.0000000 0.0000000 0.0000000
v 1.0544380 0.7149880 0.1232777
vn 0.0000000 0.0000000 0.0000000
v 1.0542760 0.7273380 0.1643348
vn 0.0000000 0.0000000 0.0000000
v 1.0542920 0.6988260 0.1642637
vn 6.2831397 0.0035887 0.0237103
v 1.0844380 0.7150050 0.1233912
vn 6.2831392 0.0035397 0.0236831
v 1.0842760 0.7273550 0.1644478
vn 6.2831392 0.0034914 0.0236884
v 1.0842919 0.6988431 0.1643758
vn 0.0000000 0.0000000 0.0000000
v 1.0511280 1.1357989 0.9377775
vn 0.0000000 0.0000000 0.0000000
v 1.0512630 1.1539330 0.8992367
vn 0.0000000 0.0000000 0.0000000
v 1.0511709 1.1750591 0.9203229
vn 6.2068224 0.5011623 0.4665833
v 1.0811280 1.1358161 0.9378920
vn 6.2391315 0.4846258 -0.0262633
v 1.0812629 1.1539500 0.8993487
vn 6.2831397 0.0036410 0.0237178
v 1.0811710 1.1750760 0.9204359
vn 0.0000000 0.0000000 0.0000000
v 1.0517000 1.0913560 0.7927299
vn 6.2831392 0.0035950 0.0236749
v 1.0817000 1.0913730 0.7928429
vn 0.0000000 0.0000000 0.0000000
v 1.0514519 1.1583080 0.8484387
vn 6.2831392 0.0035673 0.0236737
v 1.0814520 1.1583250 0.8485508
vn 0.0000000 0.0000000 0.0000000
v 1.0520459 1.0056579 0.7139287
vn 0.0000000 0.0000000 0.0000000
v 1.0519420 1.0387371 0.7363997
vn 6.2831402 0.0035602 0.0236962
v 1.0820450 1.0056751 0.7140422
vn 6.2831402 0.0035560 0.0236837
v 1.0819420 1.0387540 0.7365131
vn 0.0000000 0.0000000 0.0000000
v 1.0616810 1.0112400 0.8098722
vn 6.2831392 0.0035522 0.0237166
v 1.0916799 1.0112569 0.8099847
vn 0.0000000 0.0000000 0.0000000
v 1.0541880 0.6950310 0.1925216
vn 6.2831397 0.0034783 0.0237140
v 1.0841880 0.6950480 0.1926351
vn 0.0000000 0.0000000 0.0000000
v 1.0519600 1.1960878 0.7080531
vn 0.0000000 0.0000000 0.0000000
v 1.0518730 1.2422390 0.7242136
vn 0.0000000 0.0000000 0.0000000
v 1.0517759 1.2113271 0.7545161
vn 6.2831397 0.0035492 0.0236616
v 1.0819600 1.1961050 0.7081656
vn 6.2831392 0.0035634 0.0237119
v 1.0818729 1.2422562 0.7243271
vn 6.2831392 0.0035757 0.0237447
v 1.0817760 1.2113440 0.7546287
vn 0.0000000 0.0000000 0.0000000
v 1.0524330 0.9815710 0.6148458
vn 6.2831397 0.0035596 0.0236668
v 1.0824330 0.9815881 0.6149602
vn 0.0000000 0.0000000 0.0000000
v 1.0526980 1.0040450 0.5411119
vn 6.2831397 0.0035324 0.0236867
v 1.0826980 1.0040619 0.5412250
vn 0.0000000 0.0000000 0.0000000
v 1.0617920 0.8387320 0.8061209
vn 0.0000000 0.0000000 0.0000000
v 1.0617859 0.7969780 0.8140788
vn 0.0000000 0.0000000 0.0000000
v 1.0619210 0.8125260 0.7758498
vn 6.2831397 0.0035192 0.0236946
v 1.0917920 0.8387490 0.8062339
vn 6.2831397 0.0035974 0.0236490
v 1.0917859 0.7969950 0.8141923
vn 6.2831392 0.0035339 0.0237300
v 1.0919210 0.8125430 0.7759643
vn 0.0000000 0.0000000 0.0000000
v 1.0522120 0.9967280 0.6711426
vn 6.2831392 0.0035655 0.0237056
v 1.0822120 0.9967450 0.6712561
vn 0.0000000 0.0000000 0.0000000
v 1.0618060 0.9863420 0.7804413
vn 6.2831392 0.0035078 0.0237490
v 1.0918059 0.9863591 0.7805538
vn 0.0000000 0.0000000 0.0000000
v 1.0523080 0.9606810 0.6511688
vn 6.2831392 0.0035350 0.0236943
v 1.0823079 0.9606981 0.6512833
vn 0.0000000 0.0000000 0.0000000
v 1.0621920 0.9116450 0.6893477
vn 0.0000000 0.0000000 0.0000000
v 1.0620680 0.9415290 0.7176232
vn 6.2831388 0.0035528 0.0236950
v 1.0921910 0.9116620 0.6894612
vn 6.2831392 0.0035350 0.0237159
v 1.0920680 0.9415460 0.7177358
vn 0.0000000 0.0000000 0.0000000
v 1.0619570 0.9288201 0.7488871
vn 0.0000000 0.0000000 0.0000000
v 1.0619249 0.9592540 0.7530088
vn 6.2831397 0.0036041 0.0237141
v 1.0919570 0.9288370 0.7489996
vn 6.2831392 0.0035063 0.0237166
v 1.0919240 0.9592710 0.7531233
vn 0.0000000 0.0000000 0.0000000
v 1.0521010 1.0304761 0.6955676
vn 6.2831392 0.0034993 0.0237240
v 1.0821010 1.0304930 0.6956806
vn 0.0000000 0.0000000 0.0000000
v 1.0514220 1.1029589 0.8645983
vn 6.1470823 0.4869586 -0.7143759
v 1.0814220 1.1029761 0.8647099
vn 0.0000000 0.0000000 0.0000000
v 1.0617850 0.9568560 0.7902889
vn 0.0000000 0.0000000 0.0000000
v 1.0618420 0.9276740 0.7795768
vn 6.2831397 0.0035489 0.0236890
v 1.0917850 0.9568730 0.7904024
vn 6.2831388 0.0035936 0.0236771
v 1.0918419 0.9276909 0.7796907
vn 0.0000000 0.0000000 0.0000000
v 1.0514100 1.2203560 0.8502607
vn 6.2831392 0.0035432 0.0237191
v 1.0814099 1.2203729 0.8503752
vn 0.0000000 0.0000000 0.0000000
v 1.0531629 0.3993840 0.5086203
vn 6.2831397 0.0035994 0.0237153
v 1.0831630 0.3994010 0.5087328
vn 0.0000000 0.0000000 0.0000000
v 1.0528409 1.0099750 0.5023212
vn 6.2831397 0.0035550 0.0237007
v 1.0828409 1.0099921 0.5024338
vn 0.0000000 0.0000000 0.0000000
v 1.0536820 1.1945300 0.2517962
vn 6.2831397 0.0035548 0.0237542
v 1.0836810 1.1945469 0.2519088
vn 0.0000000 0.0000000 0.0000000
v 1.0539969 1.0950680 0.1831379
vn 0.0000000 0.0000000 0.0000000
v 1.0539169 1.1332619 0.1985297
vn 6.2831392 0.0035728 0.0236800
v 1.0839970 1.0950851 0.1832509
vn 6.2831392 0.0035338 0.0236717
v 1.0839170 1.1332788 0.1986432
vn 0.0000000 0.0000000 0.0000000
v 1.0612190 0.6798790 0.9819078
vn 0.0000000 0.0000000 0.0000000
v 1.0511210 0.6683320 1.0098362
vn 0.0000000 0.0000000 0.0000000
v 1.0512400 0.6412640 0.9822998
vn 6.0075588 -0.5106231 1.1239914
v 1.0912189 0.6798960 0.9820223
vn 6.1834211 -0.2788155 0.7075007
v 1.0811200 0.6683490 1.0099487
vn 6.0391588 -0.5668707 1.0493957
v 1.0812399 0.6412809 0.9824133
vn 0.0000000 0.0000000 0.0000000
v 1.0618820 0.8592109 0.7793837
vn 0.0000000 0.0000000 0.0000000
v 1.0617579 0.8786480 0.8092437
vn 6.2831397 0.0035245 0.0237410
v 1.0918820 0.8592281 0.7794981
vn 6.2831397 0.0035533 0.0236926
v 1.0917580 0.8786650 0.8093572
vn 0.0000000 0.0000000 0.0000000
v 1.0541199 1.0649049 0.1551046
vn 6.2831397 0.0035874 0.0236400
v 1.0841190 1.0649221 0.1552181
vn 0.0000000 0.0000000 0.0000000
v 1.0542060 1.0278821 0.1377668
vn 6.2831388 0.0036159 0.0237007
v 1.0842060 1.0278990 0.1378798
vn 0.0000000 0.0000000 0.0000000
v 1.0616770 0.9733500 0.8166389
vn 6.2831397 0.0035794 0.0236950
v 1.0916760 0.9733669 0.8167515
vn 0.0000000 0.0000000 0.0000000
v 1.0538030 1.1648080 0.2241139
vn 6.2831402 0.0035701 0.0237232
v 1.0838029 1.1648250 0.2242265
vn 0.0000000 0.0000000 0.0000000
v 1.0622060 0.8729060 0.6913381
vn 0.0000000 0.0000000 0.0000000
v 1.0620570 0.9090490 0.7253861
vn 6.2831397 0.0035638 0.0237113
v 1.0922060 0.8729231 0.6914506
vn 6.2831402 0.0035517 0.0236750
v 1.0920570 0.9090660 0.7254987
vn 0.0000000 0.0000000 0.0000000
v 1.0542470 0.9872740 0.1330400
vn 6.2831392 0.0035571 0.0237020
v 1.0842470 0.9872910 0.1331530
vn 0.0000000 0.0000000 0.0000000
v 1.0543400 0.9508830 0.1137691
vn 6.2831397 0.0035167 0.0236729
v 1.0843400 0.9509000 0.1138816
vn 0.0000000 0.0000000 0.0000000
v 1.0525470 0.4346990 0.6667328
vn 0.0000000 0.0000000 0.0000000
v 1.0524130 0.4168140 0.7049532
vn 0.0000000 0.0000000 0.0000000
v 1.0525609 0.3974500 0.6686120
vn 6.2831392 0.0035994 0.0237086
v 1.0825469 0.4347160 0.6668472
vn 6.2831397 0.0035566 0.0237052
v 1.0824130 0.4168310 0.7050657
vn 6.2831392 0.0034991 0.0236866
v 1.0825610 0.3974670 0.6687245
vn 0.0000000 0.0000000 0.0000000
v 1.0621650 0.7605400 0.7189879
vn 6.2831402 0.0035526 0.0236808
v 1.0921650 0.7605570 0.7191010
vn 0.0000000 0.0000000 0.0000000
v 1.0517139 0.5155850 0.8755245
vn 6.2831392 0.0035841 0.0236892
v 1.0817130 0.5156019 0.8756385
vn 0.0000000 0.0000000 0.0000000
v 1.0545000 0.8294300 0.0896225
vn 6.2831392 0.0035693 0.0237153
v 1.0845000 0.8294470 0.0897369
vn 0.0000000 0.0000000 0.0000000
v 1.0521979 1.3116009 0.6275301
vn 6.2831402 0.0035793 0.0236432
v 1.0821980 1.3116181 0.6276426
vn 0.0000000 0.0000000 0.0000000
v 1.0544560 0.7941880 0.1064253
vn 6.2831402 0.0035261 0.0237039
v 1.0844560 0.7942050 0.1065378
vn 0.0000000 0.0000000 0.0000000
v 1.0620030 0.6983240 0.7713280
vn 0.0000000 0.0000000 0.0000000
v 1.0621530 0.6830379 0.7338886
vn 0.0000000 0.0000000 0.0000000
v 1.0621610 0.7226430 0.7257185
vn 6.2831397 0.0035949 0.0236926
v 1.0920030 0.6983410 0.7714405
vn 6.1191616 -0.5936623 -0.6031541
v 1.0921530 0.6830550 0.7340031
vn 6.2309494 -0.3468553 -0.3839137
v 1.0921609 0.7226600 0.7258329
vn 0.0000000 0.0000000 0.0000000
v 1.0543420 0.8043300 0.1352234
vn 0.0000000 0.0000000 0.0000000
v 1.0543900 0.7533960 0.1302881
vn 6.2831402 0.0035984 0.0236374
v 1.0843420 0.8043470 0.1353359
vn 6.2831397 0.0035901 0.0236597
v 1.0843890 0.7534130 0.1304011
vn 0.0000000 0.0000000 0.0000000
v 1.0524380 0.6593200 0.6617866
vn 0.0000000 0.0000000 0.0000000
v 1.0525450 0.6840990 0.6298289
vn 6.2831392 0.0035657 0.0236983
v 1.0824380 0.6593370 0.6619000
vn 6.2831397 0.0036031 0.0237026
v 1.0825449 0.6841160 0.6299419
vn 0.0000000 0.0000000 0.0000000
v 1.0535460 1.2191319 0.2841811
vn 6.2831397 0.0035416 0.0236866
v 1.0835450 1.2191489 0.2842937
vn 0.0000000 0.0000000 0.0000000
v 1.0621690 0.7984300 0.7122211
vn 6.2831402 0.0035211 0.0236648
v 1.0921689 0.7984470 0.7123337
vn 0.0000000 0.0000000 0.0000000
v 1.0523540 1.0224471 0.6296654
vn 0.0000000 0.0000000 0.0000000
v 1.0525169 1.0145271 0.5877266
vn 6.2831397 0.0035633 0.0236760
v 1.0823539 1.0224640 0.6297779
vn 6.2831392 0.0035661 0.0236895
v 1.0825160 1.0145440 0.5878401
vn 0.0000000 0.0000000 0.0000000
v 1.0531820 1.1761880 0.3871040
vn 0.0000000 0.0000000 0.0000000
v 1.0533030 1.1605561 0.3573327
vn 0.0000000 0.0000000 0.0000000
v 1.0533160 1.1930981 0.3488617
vn 6.2831402 0.0035701 0.0236903
v 1.0831820 1.1762049 0.3872166
vn 6.2831392 0.0035409 0.0236630
v 1.0833030 1.1605730 0.3574457
vn 6.2831392 0.0035706 0.0236713
v 1.0833160 1.1931150 0.3489752
vn 0.0000000 0.0000000 0.0000000
v 1.0532219 1.0862329 0.3899341
vn 0.0000000 0.0000000 0.0000000
v 1.0533140 1.0582950 0.3696222
vn 0.0000000 0.0000000 0.0000000
v 1.0533520 1.0836470 0.3559041
vn 6.2831397 0.0035024 0.0237316
v 1.0832219 1.0862501 0.3900466
vn 6.2831397 0.0035195 0.0237325
v 1.0833139 1.0583119 0.3697348
vn 6.2831392 0.0035127 0.0237297
v 1.0833520 1.0836639 0.3560166
vn 0.0000000 0.0000000 0.0000000
v 1.0515200 1.2146070 0.8218989
vn 0.0000000 0.0000000 0.0000000
v 1.0516449 1.2201109 0.7878599
vn 6.2831402 0.0035515 0.0236744
v 1.0815200 1.2146239 0.8220119
vn 6.2831397 0.0035386 0.0236752
v 1.0816450 1.2201281 0.7879725
vn 0.0000000 0.0000000 0.0000000
v 1.0522469 1.2661719 0.6214437
vn 6.2831397 0.0035656 0.0236891
v 1.0822470 1.2661889 0.6215572
vn 0.0000000 0.0000000 0.0000000
v 1.0532080 0.9030880 0.4211068
vn 6.2831392 0.0035629 0.0237297
v 1.0832080 0.9031050 0.4212213
vn 0.0000000 0.0000000 0.0000000
v 1.0520099 1.2486241 0.6868825
vn 0.0000000 0.0000000 0.0000000
v 1.0520840 1.2184908 0.6718950
vn 6.2831397 0.0035256 0.0236864
v 1.0820100 1.2486410 0.6869960
vn 6.2831392 0.0035460 0.0236734
v 1.0820830 1.2185080 0.6720076
vn 0.0000000 0.0000000 0.0000000
v 1.0530510 0.7417600 0.4869680
vn 6.2831402 0.0035601 0.0236794
v 1.0830510 0.7417770 0.4870806
vn 0.0000000 0.0000000 0.0000000
v 1.0527949 1.2472320 0.4790816
vn 0.0000000 0.0000000 0.0000000
v 1.0527049 1.2773581 0.4983816
vn 0.0000000 0.0000000 0.0000000
v 1.0526590 1.2268441 0.5181098
vn 6.2831397 0.0035274 0.0236416
v 1.0827940 1.2472489 0.4791956
vn 6.2831397 0.0035360 0.0237128
v 1.0827050 1.2773750 0.4984961
vn 6.2831397 0.0035841 0.0237078
v 1.0826590 1.2268610 0.5182228
vn 0.0000000 0.0000000 0.0000000
v 1.0531750 0.8665280 0.4353676
vn 6.2831392 0.0035778 0.0237128
v 1.0831749 0.8665450 0.4354811
vn 0.0000000 0.0000000 0.0000000
v 1.0543699 0.6761170 0.1470232
vn 6.2831392 0.0035240 0.0237532
v 1.0843700 0.6761340 0.1471357
vn 0.0000000 0.0000000 0.0000000
v 1.0545050 0.7467780 0.1006117
vn 6.2831397 0.0036314 0.0236788
v 1.0845050 0.7467940 0.1007252
vn 0.0000000 0.0000000 0.0000000
v 1.0520439 1.0996649 0.7002711
vn 0.0000000 0.0000000 0.0000000
v 1.0520220 1.0692921 0.7106943
vn 0.0000000 0.0000000 0.0000000
v 1.0521590 1.0842261 0.6721139
vn 6.2831392 0.0036133 0.0237313
v 1.0820440 1.0996821 0.7003837
vn 6.2831397 0.0035659 0.0237491
v 1.0820220 1.0693090 0.7108068
vn 6.2831407 0.0035550 0.0236626
v 1.0821589 1.0842431 0.6722269
vn 0.0000000 0.0000000 0.0000000
v 1.0518860 1.3076310 0.7108407
vn 6.2831397 0.0035462 0.0236689
v 1.0818859 1.3076479 0.7109528
vn 0.0000000 0.0000000 0.0000000
v 1.0543610 0.6360970 0.1553731
vn 6.2831392 0.0035561 0.0236756
v 1.0843610 0.6361140 0.1554856
vn 0.0000000 0.0000000 0.0000000
v 1.0510570 1.0600162 0.9679279
vn 0.0000000 0.0000000 0.0000000
v 1.0509530 1.0733740 0.9935093
vn 6.1038618 0.4869665 0.8221110
v 1.0810570 1.0600331 0.9680400
vn 6.2831392 0.0035071 0.0237569
v 1.0809530 1.0733910 0.9936218
vn 0.0000000 0.0000000 0.0000000
v 1.0529490 1.0340440 0.4701047
vn 0.0000000 0.0000000 0.0000000
v 1.0530570 1.0694931 0.4361086
vn 0.0000000 0.0000000 0.0000000
v 1.0528700 1.0749199 0.4849234
vn 6.2831397 0.0035360 0.0237151
v 1.0829489 1.0340610 0.4702177
vn 6.2831397 0.0035529 0.0236719
v 1.0830569 1.0695100 0.4362221
vn 6.2831397 0.0035362 0.0236968
v 1.0828700 1.0749371 0.4850368
vn 0.0000000 0.0000000 0.0000000
v 1.0529380 0.7202370 0.5201073
vn 6.2831397 0.0035245 0.0237093
v 1.0829380 0.7202540 0.5202198
vn 0.0000000 0.0000000 0.0000000
v 1.0540680 0.5064740 0.2526741
vn 0.0000000 0.0000000 0.0000000
v 1.0541980 0.5271290 0.2150426
vn 6.2831397 0.0035573 0.0236658
v 1.0840679 0.5064910 0.2527866
vn 6.2831402 0.0035116 0.0237266
v 1.0841980 0.5271460 0.2151570
vn 0.0000000 0.0000000 0.0000000
v 1.0534559 0.7755449 0.3745341
vn 6.2831397 0.0035320 0.0236841
v 1.0834560 0.7755620 0.3746467
vn 0.0000000 0.0000000 0.0000000
v 1.0531830 0.9423220 0.4219036
vn 6.2831392 0.0035739 0.0237425
v 1.0831829 0.9423390 0.4220171
vn 0.0000000 0.0000000 0.0000000
v 1.0523599 1.1235142 0.6128817
vn 0.0000000 0.0000000 0.0000000
v 1.0521760 1.1231852 0.6617579
vn 0.0000000 0.0000000 0.0000000
v 1.0523020 1.0956190 0.6323438
vn 6.2831402 0.0035518 0.0237131
v 1.0823600 1.1235311 0.6129961
vn 6.2831397 0.0035807 0.0236865
v 1.0821760 1.1232021 0.6618710
vn 6.2831402 0.0035223 0.0236793
v 1.0823020 1.0956359 0.6324568
vn 0.0000000 0.0000000 0.0000000
v 1.0541010 0.8862830 0.1867757
vn 0.0000000 0.0000000 0.0000000
v 1.0540230 0.8635970 0.2109652
vn 0.0000000 0.0000000 0.0000000
v 1.0541440 0.8451360 0.1817150
vn 6.2831388 0.0035540 0.0237134
v 1.0841010 0.8863000 0.1868892
vn 6.2831392 0.0035964 0.0236621
v 1.0840230 0.8636140 0.2110777
vn 6.2831397 0.0035752 0.0236357
v 1.0841429 0.8451530 0.1818280
vn 0.0000000 0.0000000 0.0000000
v 1.0612999 0.8203780 0.9393620
vn 0.0000000 0.0000000 0.0000000
v 1.0614100 0.8357750 0.9078932
vn 6.2831392 0.0035808 0.0237043
v 1.0913000 0.8203950 0.9394746
vn 6.2831397 0.0035583 0.0237188
v 1.0914099 0.8357920 0.9080057
vn 0.0000000 0.0000000 0.0000000
v 1.0510440 1.0947049 0.9660916
vn 6.2060971 0.2344912 0.6477384
v 1.0810440 1.0947220 0.9662046
vn 0.0000000 0.0000000 0.0000000
v 1.0612580 1.1120360 0.9069223
vn 6.0384374 0.7749748 -0.0954883
v 1.0912570 1.1120529 0.9070349
vn 0.0000000 0.0000000 0.0000000
v 1.0616850 0.9348920 0.8202109
vn 6.2831397 0.0035923 0.0236932
v 1.0916849 0.9349090 0.8203239
vn 0.0000000 0.0000000 0.0000000
v 1.0509239 0.9921510 1.0134702
vn 6.2003441 0.0756884 0.7120056
v 1.0809230 0.9921680 1.0135841
vn 0.0000000 0.0000000 0.0000000
v 1.0531729 0.7904450 0.4471989
vn 6.2831402 0.0035269 0.0236577
v 1.0831730 0.7904620 0.4473133
vn 0.0000000 0.0000000 0.0000000
v 1.0614350 0.9844291 0.8790088
vn 6.2831397 0.0036177 0.0237104
v 1.0914350 0.9844460 0.8791232
vn 0.0000000 0.0000000 0.0000000
v 1.0540230 0.8016400 0.2203369
vn 0.0000000 0.0000000 0.0000000
v 1.0538590 0.8158770 0.2616663
vn 0.0000000 0.0000000 0.0000000
v 1.0539629 0.7781510 0.2395868
vn 6.2831402 0.0035170 0.0237090
v 1.0840219 0.8016570 0.2204499
vn 6.2831402 0.0035442 0.0237014
v 1.0838590 0.8158939 0.2617788
vn 6.2831402 0.0035376 0.0236927
v 1.0839629 0.7781680 0.2396998
vn 0.0000000 0.0000000 0.0000000
v 1.0542040 0.5732509 0.2065878
vn 6.2831392 0.0035959 0.0237277
v 1.0842040 0.5732680 0.2067013
vn 0.0000000 0.0000000 0.0000000
v 1.0616460 0.8986071 0.8360176
vn 0.0000000 0.0000000 0.0000000
v 1.0616530 0.8602070 0.8399129
vn 6.2831392 0.0035708 0.0237423
v 1.0916460 0.8986240 0.8361297
vn 6.2831392 0.0035605 0.0236951
v 1.0916530 0.8602241 0.8400269
vn 0.0000000 0.0000000 0.0000000
v 1.0619110 0.7722000 0.7846260
vn 6.2831392 0.0035739 0.0236608
v 1.0919110 0.7722170 0.7847390
vn 0.0000000 0.0000000 0.0000000
v 1.0616610 0.8217570 0.8435330
vn 0.0000000 0.0000000 0.0000000
v 1.0615410 0.8119560 0.8769264
vn 6.2831397 0.0035502 0.0236951
v 1.0916610 0.8217741 0.8436460
vn 6.2831397 0.0035819 0.0237227
v 1.0915400 0.8119730 0.8770409
vn 0.0000000 0.0000000 0.0000000
v 1.0611670 0.8284680 0.9734488
vn 6.2831397 0.0035744 0.0236470
v 1.0911670 0.8284850 0.9735632
vn 0.0000000 0.0000000 0.0000000
v 1.0617610 0.9088870 0.8038716
vn 6.2831397 0.0035647 0.0236707
v 1.0917610 0.9089040 0.8039861
vn 0.0000000 0.0000000 0.0000000
v 1.0621610 0.8368890 0.7086492
vn 6.2831397 0.0035621 0.0236725
v 1.0921609 0.8369049 0.7087617
vn 0.0000000 0.0000000 0.0000000
v 1.0544280 0.8660380 0.1031957
vn 6.2831397 0.0035332 0.0237007
v 1.0844280 0.8660550 0.1033092
vn 0.0000000 0.0000000 0.0000000
v 1.0542710 0.8643250 0.1449661
vn 0.0000000 0.0000000 0.0000000
v 1.0543849 0.8307950 0.1199980
vn 6.2831397 0.0034762 0.0237379
v 1.0842710 0.8643420 0.1450787
vn 6.2831397 0.0035554 0.0237459
v 1.0843840 0.8308120 0.1201110
vn 0.0000000 0.0000000 0.0000000
v 1.0509549 0.7898910 1.0355196
vn 0.0000000 0.0000000 0.0000000
v 1.0510520 0.7521930 1.0154285
vn 0.0000000 0.0000000 0.0000000
v 1.0611100 0.7743739 0.9966569
vn 6.1816349 -0.1117781 0.7767910
v 1.0809550 0.7899080 1.0356331
vn 6.0021219 -0.3557591 1.2509995
v 1.0810519 0.7522100 1.0155420
vn 6.0935316 -0.3324808 1.0297612
v 1.0911100 0.7743910 0.9967699
vn 0.0000000 0.0000000 0.0000000
v 1.0610560 0.8418020 1.0009060
vn 6.1505628 -0.1315185 0.8964131
v 1.0910560 0.8418190 1.0010185
vn 0.0000000 0.0000000 0.0000000
v 1.0542520 0.9061181 0.1439176
vn 6.2831397 0.0035309 0.0237022
v 1.0842520 0.9061350 0.1440320
vn 0.0000000 0.0000000 0.0000000
v 1.0511000 0.7069410 1.0094056
vn 6.0422635 -0.0981790 1.2130085
v 1.0811000 0.7069580 1.0095201
vn 0.0000000 0.0000000 0.0000000
v 1.0537560 1.0538180 0.2532129
vn 0.0000000 0.0000000 0.0000000
v 1.0539349 1.0433390 0.2072163
vn 0.0000000 0.0000000 0.0000000
v 1.0538549 1.0686460 0.2247291
vn 6.2831392 0.0035350 0.0237388
v 1.0837560 1.0538352 0.2533264
vn 6.2831397 0.0035696 0.0237414
v 1.0839350 1.0433559 0.2073288
vn 6.2831397 0.0035688 0.0236851
v 1.0838549 1.0686631 0.2248411
vn 0.0000000 0.0000000 0.0000000
v 1.0533019 0.8589540 0.4028025
vn 6.2831397 0.0035434 0.0236896
v 1.0833020 0.8589709 0.4029160
vn 0.0000000 0.0000000 0.0000000
v 1.0534790 0.9290460 0.3453302
vn 0.0000000 0.0000000 0.0000000
v 1.0536360 0.9067029 0.3070183
vn 0.0000000 0.0000000 0.0000000
v 1.0536360 0.9376220 0.3025270
vn 6.2831402 0.0035508 0.0236963
v 1.0834789 0.9290630 0.3454428
vn 6.2831402 0.0035336 0.0237153
v 1.0836359 0.9067200 0.3071308
vn 6.2831397 0.0035931 0.0237206
v 1.0836359 0.9376389 0.3026400
vn 0.0000000 0.0000000 0.0000000
v 1.0513070 0.5942900 0.9714131
vn 6.1797280 -0.4213374 0.6540025
v 1.0813069 0.5943070 0.9715247
vn 0.0000000 0.0000000 0.0000000
v 1.0618770 0.7004099 0.8044128
vn 0.0000000 0.0000000 0.0000000
v 1.0617859 0.7265930 0.8247471
vn 0.0000000 0.0000000 0.0000000
v 1.0617620 0.6819130 0.8378339
vn 6.2831397 0.0035650 0.0237621
v 1.0918770 0.7004270 0.8045263
vn 6.2831392 0.0035183 0.0237283
v 1.0917850 0.7266100 0.8248596
vn 6.2831392 0.0035888 0.0236769
v 1.0917610 0.6819300 0.8379478
vn 0.0000000 0.0000000 0.0000000
v 1.0616460 0.7795330 0.8539047
vn 6.2831397 0.0035532 0.0237013
v 1.0916460 0.7795500 0.8540177
vn 0.0000000 0.0000000 0.0000000
v 1.0614010 0.7236790 0.9272890
vn 0.0000000 0.0000000 0.0000000
v 1.0614970 0.6983930 0.9055738
vn 0.0000000 0.0000000 0.0000000
v 1.0615590 0.7462610 0.8818946
vn 6.2831397 0.0035727 0.0237333
v 1.0914000 0.7236960 0.9274015
vn 6.2831392 0.0035636 0.0237291
v 1.0914969 0.6984100 0.9056873
vn 6.2831402 0.0035241 0.0236944
v 1.0915589 0.7462780 0.8820090
vn 0.0000000 0.0000000 0.0000000
v 1.0620400 0.7854390 0.7484188
vn 0.0000000 0.0000000 0.0000000
v 1.0620359 0.7474220 0.7551727
vn 6.2831402 0.0035340 0.0236975
v 1.0920399 0.7854560 0.7485318
vn 6.2831392 0.0035547 0.0236814
v 1.0920360 0.7474390 0.7552862
vn 0.0000000 0.0000000 0.0000000
v 1.0515699 0.5374650 0.9104099
vn 6.2189307 -0.5317849 0.2460934
v 1.0815690 0.5374820 0.9105229
vn 0.0000000 0.0000000 0.0000000
v 1.0615170 0.5959280 0.9157314
vn 0.0000000 0.0000000 0.0000000
v 1.0613940 0.6105180 0.9459138
vn 0.0000000 0.0000000 0.0000000
v 1.0514400 0.5724151 0.9395952
vn 6.1784258 -0.6140504 0.5141209
v 1.0915160 0.5959450 0.9158459
vn 6.0154572 -0.7204134 0.9720042
v 1.0913939 0.6105350 0.9460268
vn 6.1103253 -0.7827173 0.6628902
v 1.0814400 0.5724320 0.9397078
vn 0.0000000 0.0000000 0.0000000
v 1.0616800 0.7474419 0.8495312
vn 0.0000000 0.0000000 0.0000000
v 1.0617909 0.7623660 0.8180485
vn 6.2831392 0.0034704 0.0236766
v 1.0916799 0.7474590 0.8496428
vn 6.2831392 0.0035091 0.0236910
v 1.0917909 0.7623830 0.8181620
vn 0.0000000 0.0000000 0.0000000
v 1.0520600 0.6471420 0.7640448
vn 0.0000000 0.0000000 0.0000000
v 1.0521680 0.6314600 0.7376966
vn 6.0427918 -0.9337175 -0.3283926
v 1.0820590 0.6471590 0.7641578
vn 6.2549753 -0.3799160 0.0207652
v 1.0821680 0.6314769 0.7378101
vn 0.0000000 0.0000000 0.0000000
v 1.0610900 1.0267251 0.9640656
vn 6.0404239 0.8654591 0.7118893
v 1.0910900 1.0267420 0.9641800
vn 0.0000000 0.0000000 0.0000000
v 1.0543959 0.9112210 0.1047740
vn 6.2831397 0.0035708 0.0236651
v 1.0843960 0.9112380 0.1048870
vn 0.0000000 0.0000000 0.0000000
v 1.0620040 0.8441070 0.7492819
vn 0.0000000 0.0000000 0.0000000
v 1.0620610 0.8149239 0.7385712
vn 6.2831402 0.0035641 0.0236713
v 1.0920039 0.8441240 0.7493949
vn 6.2831397 0.0035023 0.0236881
v 1.0920609 0.8149410 0.7386837
vn 0.0000000 0.0000000 0.0000000
v 1.0516120 1.1339650 0.8096080
vn 0.0000000 0.0000000 0.0000000
v 1.0515460 1.1077521 0.8310637
vn 6.2831397 0.0035672 0.0236764
v 1.0816120 1.1339819 0.8097205
vn 6.2831397 0.0035089 0.0237196
v 1.0815459 1.1077690 0.8311772
vn 0.0000000 0.0000000 0.0000000
v 1.0517060 1.1584940 0.7810965
vn 0.0000000 0.0000000 0.0000000
v 1.0515620 1.1630290 0.8184328
vn 6.2831402 0.0035240 0.0236978
v 1.0817059 1.1585112 0.7812109
vn 6.2831402 0.0035602 0.0236950
v 1.0815619 1.1630459 0.8185458
vn 0.0000000 0.0000000 0.0000000
v 1.0525830 0.9837380 0.5746913
vn 6.2831397 0.0035686 0.0236745
v 1.0825830 0.9837551 0.5748053
vn 0.0000000 0.0000000 0.0000000
v 1.0523260 0.6686470 0.6901331
vn 6.2473044 -0.1361118 -0.4009581
v 1.0823259 0.6686640 0.6902461
vn 0.0000000 0.0000000 0.0000000
v 1.0532640 1.2627311 0.3524261
vn 6.2831392 0.0036058 0.0237056
v 1.0832629 1.2627480 0.3525386
vn 0.0000000 0.0000000 0.0000000
v 1.0537050 0.4467450 0.3577409
vn 6.2831397 0.0035316 0.0236935
v 1.0837049 0.4467620 0.3578539
vn 0.0000000 0.0000000 0.0000000
v 1.0530590 0.7080430 0.4899559
vn 6.2831392 0.0035276 0.0237257
v 1.0830590 0.7080600 0.4900684
vn 0.0000000 0.0000000 0.0000000
v 1.0539609 0.4814880 0.2846961
vn 6.2831392 0.0035453 0.0237524
v 1.0839610 0.4815050 0.2848086
vn 0.0000000 0.0000000 0.0000000
v 1.0526960 0.6855560 0.5894160
vn 6.2831397 0.0035311 0.0236737
v 1.0826960 0.6855730 0.5895290
vn 0.0000000 0.0000000 0.0000000
v 1.0535970 1.1654599 0.2785020
vn 0.0000000 0.0000000 0.0000000
v 1.0534940 1.1900940 0.3021536
vn 0.0000000 0.0000000 0.0000000
v 1.0534530 1.1596920 0.3177109
vn 6.2831397 0.0035756 0.0236688
v 1.0835969 1.1654770 0.2786145
vn 6.2831397 0.0036091 0.0236532
v 1.0834939 1.1901112 0.3022680
vn 6.2831397 0.0035413 0.0236804
v 1.0834529 1.1597090 0.3178239
vn 0.0000000 0.0000000 0.0000000
v 1.0528550 0.6873660 0.5469913
vn 0.0000000 0.0000000 0.0000000
v 1.0527880 0.7180620 0.5602589
vn 6.2831392 0.0035367 0.0237218
v 1.0828550 0.6873830 0.5471039
vn 6.2831392 0.0034878 0.0236761
v 1.0827880 0.7180790 0.5603719
vn 0.0000000 0.0000000 0.0000000
v 1.0531169 1.2817771 0.3883600
vn 6.2831402 0.0034934 0.0236716
v 1.0831170 1.2817941 0.3884730
vn 0.0000000 0.0000000 0.0000000
v 1.0526299 0.6400060 0.6138439
vn 6.2831402 0.0035309 0.0236848
v 1.0826299 0.6400230 0.6139569
vn 0.0000000 0.0000000 0.0000000
v 1.0532310 0.9781811 0.4037027
vn 6.2831397 0.0035634 0.0237253
v 1.0832310 0.9781980 0.4038162
vn 0.0000000 0.0000000 0.0000000
v 1.0523679 0.6201230 0.6863117
vn 0.0000000 0.0000000 0.0000000
v 1.0522530 0.6487610 0.7123828
vn 6.2831402 0.0035418 0.0236624
v 1.0823680 0.6201400 0.6864247
vn 6.1995740 -0.5708005 -0.4228365
v 1.0822530 0.6487780 0.7124972
vn 0.0000000 0.0000000 0.0000000
v 1.0523250 0.9950680 0.6414008
vn 6.2831402 0.0035734 0.0237138
v 1.0823250 0.9950849 0.6415138
vn 0.0000000 0.0000000 0.0000000
v 1.0522560 0.4219010 0.7458162
vn 6.2831397 0.0035709 0.0237003
v 1.0822560 0.4219180 0.7459288
vn 0.0000000 0.0000000 0.0000000
v 1.0527860 1.0419641 0.5120430
vn 6.2831397 0.0035289 0.0236736
v 1.0827860 1.0419810 0.5121555
vn 0.0000000 0.0000000 0.0000000
v 1.0521049 0.4372820 0.7834635
vn 6.2831397 0.0035739 0.0237296
v 1.0821049 0.4372990 0.7835779
vn 0.0000000 0.0000000 0.0000000
v 1.0527149 0.3883540 0.6289730
vn 6.2831402 0.0034942 0.0236566
v 1.0827150 0.3883710 0.6290855
vn 0.0000000 0.0000000 0.0000000
v 1.0518630 1.0843480 0.7506299
vn 0.0000000 0.0000000 0.0000000
v 1.0517870 1.1246271 0.7647400
vn 6.2831397 0.0035991 0.0236965
v 1.0818620 1.0843649 0.7507429
vn 6.2831397 0.0035114 0.0236943
v 1.0817859 1.1246440 0.7648525
vn 0.0000000 0.0000000 0.0000000
v 1.0519379 1.2790039 0.7013640
vn 6.2831392 0.0035801 0.0237169
v 1.0819380 1.2790210 0.7014771
vn 0.0000000 0.0000000 0.0000000
v 1.0535970 0.4214480 0.3902326
vn 6.2831392 0.0035736 0.0237334
v 1.0835969 0.4214650 0.3903461
vn 0.0000000 0.0000000 0.0000000
v 1.0538050 1.1355121 0.2279968
vn 0.0000000 0.0000000 0.0000000
v 1.0538650 1.1025331 0.2170682
vn 6.2831392 0.0035304 0.0236744
v 1.0838050 1.1355290 0.2281098
vn 6.2831397 0.0035637 0.0236964
v 1.0838640 1.1025500 0.2171807
vn 0.0000000 0.0000000 0.0000000
v 1.0530220 0.3867250 0.5478039
vn 6.2831388 0.0035366 0.0236933
v 1.0830220 0.3867420 0.5479169
vn 0.0000000 0.0000000 0.0000000
v 1.0534650 0.4057020 0.4277301
vn 6.2831397 0.0036070 0.0237073
v 1.0834640 0.4057190 0.4278426
vn 0.0000000 0.0000000 0.0000000
v 1.0533040 0.4134270 0.4690247
vn 0.0000000 0.0000000 0.0000000
v 1.0532700 0.3874560 0.4821005
vn 6.2831397 0.0036276 0.0236812
v 1.0833039 0.4134440 0.4691381
vn 6.2831397 0.0035740 0.0237188
v 1.0832700 0.3874730 0.4822149
vn 0.0000000 0.0000000 0.0000000
v 1.0518019 1.0576642 0.7707748
vn 6.2831402 0.0036073 0.0236270
v 1.0818020 1.0576811 0.7708874
vn 0.0000000 0.0000000 0.0000000
v 1.0519630 0.4588270 0.8178959
vn 6.2831392 0.0035296 0.0237305
v 1.0819629 0.4588440 0.8180084
vn 0.0000000 0.0000000 0.0000000
v 1.0616490 0.7048740 0.8641806
vn 0.0000000 0.0000000 0.0000000
v 1.0616090 0.6703790 0.8799839
vn 6.2831397 0.0035522 0.0236272
v 1.0916489 0.7048910 0.8642941
vn 6.2831397 0.0035611 0.0236878
v 1.0916090 0.6703960 0.8800969
vn 0.0000000 0.0000000 0.0000000
v 1.0529430 1.2358661 0.4415607
vn 0.0000000 0.0000000 0.0000000
v 1.0527840 1.2015350 0.4887991
vn 0.0000000 0.0000000 0.0000000
v 1.0529180 1.1858420 0.4556990
vn 6.2831402 0.0035803 0.0236921
v 1.0829420 1.2358830 0.4416728
vn 6.2831402 0.0035796 0.0236606
v 1.0827839 1.2015522 0.4889116
vn 6.2831402 0.0035968 0.0236584
v 1.0829170 1.1858590 0.4558120
vn 0.0000000 0.0000000 0.0000000
v 1.0524390 1.0937610 0.5964022
vn 0.0000000 0.0000000 0.0000000
v 1.0524620 1.0577800 0.5955911
vn 0.0000000 0.0000000 0.0000000
v 1.0525730 1.0806150 0.5628991
vn 6.2831392 0.0035202 0.0237393
v 1.0824389 1.0937779 0.5965161
vn 6.2831388 0.0035378 0.0237259
v 1.0824620 1.0577970 0.5957036
vn 6.2831397 0.0035656 0.0237178
v 1.0825729 1.0806320 0.5630116
vn 0.0000000 0.0000000 0.0000000
v 1.0613890 0.8723029 0.9080067
vn 6.2831397 0.0035479 0.0237353
v 1.0913889 0.8723200 0.9081202
vn 0.0000000 0.0000000 0.0000000
v 1.0541670 0.6077040 0.2111659
vn 0.0000000 0.0000000 0.0000000
v 1.0542589 0.6289060 0.1836252
vn 6.2831392 0.0035849 0.0237395
v 1.0841670 0.6077210 0.2112789
vn 6.2831397 0.0035702 0.0236654
v 1.0842590 0.6289230 0.1837378
vn 0.0000000 0.0000000 0.0000000
v 1.0524700 1.1700470 0.5766687
vn 0.0000000 0.0000000 0.0000000
v 1.0524809 1.1314142 0.5795717
vn 0.0000000 0.0000000 0.0000000
v 1.0525789 1.1563201 0.5499859
vn 6.2831402 0.0035367 0.0236438
v 1.0824699 1.1700640 0.5767822
vn 6.2831392 0.0035830 0.0236541
v 1.0824810 1.1314311 0.5796847
vn 6.2831392 0.0035553 0.0237032
v 1.0825779 1.1563370 0.5501003
vn 0.0000000 0.0000000 0.0000000
v 1.0614179 0.7994070 0.9112978
vn 0.0000000 0.0000000 0.0000000
v 1.0615239 0.7784690 0.8864107
vn 6.2831402 0.0035841 0.0237134
v 1.0914180 0.7994230 0.9114122
vn 6.2831402 0.0035761 0.0237196
v 1.0915240 0.7784860 0.8865237
vn 0.0000000 0.0000000 0.0000000
v 1.0613400 0.6971400 0.9474521
vn 0.0000000 0.0000000 0.0000000
v 1.0613179 0.6603150 0.9588151
vn 0.0000000 0.0000000 0.0000000
v 1.0614290 0.6634650 0.9287128
vn 6.2831392 0.0035582 0.0237235
v 1.0913390 0.6971570 0.9475646
vn 6.1706290 -0.4350835 0.6955566
v 1.0913169 0.6603320 0.9589276
vn 6.2831397 0.0035336 0.0237376
v 1.0914290 0.6634820 0.9288254
vn 0.0000000 0.0000000 0.0000000
v 1.0619280 0.8884930 0.7627468
vn 6.2831402 0.0035882 0.0236683
v 1.0919280 0.8885100 0.7628603
vn 0.0000000 0.0000000 0.0000000
v 1.0518440 0.5171560 0.8408189
vn 0.0000000 0.0000000 0.0000000
v 1.0519750 0.5432610 0.8020139
vn 0.0000000 0.0000000 0.0000000
v 1.0518190 0.5518710 0.8421898
vn 6.2831392 0.0035372 0.0237534
v 1.0818430 0.5171730 0.8409328
vn 6.2831397 0.0035983 0.0236838
v 1.0819750 0.5432780 0.8021278
vn 6.1749563 -0.7327361 -0.3248121
v 1.0818189 0.5518880 0.8423042
vn 0.0000000 0.0000000 0.0000000
v 1.0525100 0.6247320 0.6478577
vn 6.2831402 0.0035277 0.0236796
v 1.0825100 0.6247490 0.6479721
vn 0.0000000 0.0000000 0.0000000
v 1.0530170 0.6793610 0.5052881
vn 0.0000000 0.0000000 0.0000000
v 1.0529310 0.6483500 0.5328608
vn 6.2831392 0.0035368 0.0236906
v 1.0830170 0.6793780 0.5054007
vn 6.2831402 0.0035695 0.0237144
v 1.0829309 0.6483670 0.5329738
vn 0.0000000 0.0000000 0.0000000
v 1.0537030 0.5394460 0.3445439
vn 0.0000000 0.0000000 0.0000000
v 1.0538440 0.5318040 0.3082619
vn 0.0000000 0.0000000 0.0000000
v 1.0537829 0.5583640 0.3204041
vn 6.2831392 0.0035508 0.0236926
v 1.0837020 0.5394630 0.3446565
vn 6.2831397 0.0035305 0.0237660
v 1.0838439 0.5318210 0.3083739
vn 6.2831392 0.0035780 0.0237559
v 1.0837829 0.5583810 0.3205166
vn 0.0000000 0.0000000 0.0000000
v 1.0527890 0.6348120 0.5723882
vn 0.0000000 0.0000000 0.0000000
v 1.0527920 0.6647560 0.5672770
vn 6.2831397 0.0036050 0.0237113
v 1.0827889 0.6348290 0.5725002
vn 6.2831392 0.0035696 0.0237285
v 1.0827910 0.6647730 0.5673895
vn 0.0000000 0.0000000 0.0000000
v 1.0619119 0.7362390 0.7897301
vn 6.2831392 0.0035389 0.0237040
v 1.0919120 0.7362559 0.7898431
vn 0.0000000 0.0000000 0.0000000
v 1.0518260 0.4826760 0.8507719
vn 6.2831397 0.0035649 0.0237282
v 1.0818250 0.4826930 0.8508859
vn 0.0000000 0.0000000 0.0000000
v 1.0521029 1.2680411 0.6593947
vn 0.0000000 0.0000000 0.0000000
v 1.0521630 1.2387509 0.6477480
vn 6.2831392 0.0035279 0.0237004
v 1.0821030 1.2680581 0.6595078
vn 6.2831392 0.0035083 0.0237349
v 1.0821630 1.2387681 0.6478605
vn 0.0000000 0.0000000 0.0000000
v 1.0524650 1.2822590 0.5612211
vn 0.0000000 0.0000000 0.0000000
v 1.0525910 1.2635269 0.5305243
vn 0.0000000 0.0000000 0.0000000
v 1.0525839 1.2925730 0.5280294
vn 6.2831402 0.0035735 0.0236761
v 1.0824649 1.2822750 0.5613337
vn 6.2831392 0.0035504 0.0237558
v 1.0825909 1.2635441 0.5306368
vn 6.2831392 0.0035796 0.0237411
v 1.0825840 1.2925899 0.5281439
vn 0.0000000 0.0000000 0.0000000
v 1.0531750 1.0593090 0.4062948
vn 0.0000000 0.0000000 0.0000000
v 1.0530710 1.0367210 0.4374156
vn 0.0000000 0.0000000 0.0000000
v 1.0532470 1.0315220 0.3914471
vn 6.2831397 0.0035630 0.0236842
v 1.0831749 1.0593259 0.4064074
vn 6.2831392 0.0035607 0.0237120
v 1.0830710 1.0367379 0.4375300
vn 6.2831402 0.0035948 0.0236888
v 1.0832469 1.0315390 0.3915601
vn 0.0000000 0.0000000 0.0000000
v 1.0528640 1.2676721 0.4575500
vn 6.2831397 0.0034640 0.0236722
v 1.0828639 1.2676890 0.4576626
vn 0.0000000 0.0000000 0.0000000
v 1.0527260 1.1600699 0.5103240
vn 0.0000000 0.0000000 0.0000000
v 1.0526170 1.1917491 0.5344806
vn 6.2831397 0.0035431 0.0237453
v 1.0827260 1.1600871 0.5104370
vn 6.2831397 0.0034996 0.0237038
v 1.0826169 1.1917660 0.5345950
vn 0.0000000 0.0000000 0.0000000
v 1.0532770 1.2312670 0.3536425
vn 6.2831402 0.0035959 0.0237102
v 1.0832770 1.2312841 0.3537560
vn 0.0000000 0.0000000 0.0000000
v 1.0530809 1.2453249 0.4035125
vn 0.0000000 0.0000000 0.0000000
v 1.0531850 1.2147510 0.3804512
vn 6.2831392 0.0035843 0.0237131
v 1.0830799 1.2453420 0.4036260
vn 6.2831392 0.0035944 0.0237123
v 1.0831850 1.2147679 0.3805637
vn 0.0000000 0.0000000 0.0000000
v 1.0533999 1.2067890 0.3245311
vn 6.2831397 0.0035334 0.0236686
v 1.0834000 1.2068059 0.3246436
vn 0.0000000 0.0000000 0.0000000
v 1.0517659 1.2399669 0.7528138
vn 6.2831392 0.0035365 0.0237116
v 1.0817660 1.2399840 0.7529268
vn 0.0000000 0.0000000 0.0000000
v 1.0522270 1.0288191 0.6623292
vn 6.2831402 0.0035503 0.0236771
v 1.0822270 1.0288360 0.6624417
vn 0.0000000 0.0000000 0.0000000
v 1.0522959 1.0587211 0.6395416
vn 6.2831397 0.0035787 0.0236614
v 1.0822960 1.0587380 0.6396561
vn 0.0000000 0.0000000 0.0000000
v 1.0526260 1.0415850 0.5547209
vn 6.2831392 0.0035107 0.0237077
v 1.0826260 1.0416019 0.5548339
vn 0.0000000 0.0000000 0.0000000
v 1.0620860 0.8714740 0.7234631
vn 6.2831397 0.0035577 0.0236935
v 1.0920850 0.8714910 0.7235756
vn 0.0000000 0.0000000 0.0000000
v 1.0540050 1.0647211 0.1855469
vn 6.2831397 0.0035439 0.0236506
v 1.0840050 1.0647380 0.1856599
vn 0.0000000 0.0000000 0.0000000
v 1.0540490 1.0311661 0.1789498
vn 0.0000000 0.0000000 0.0000000
v 1.0540299 1.0020080 0.1883469
vn 0.0000000 0.0000000 0.0000000
v 1.0541430 1.0049541 0.1579456
vn 6.2831402 0.0035918 0.0236861
v 1.0840490 1.0311830 0.1790643
vn 6.2831397 0.0035170 0.0237149
v 1.0840299 1.0020249 0.1884594
vn 6.2831402 0.0035638 0.0236990
v 1.0841429 1.0049710 0.1580591
vn 0.0000000 0.0000000 0.0000000
v 1.0533099 0.9382170 0.3887215
vn 6.2831392 0.0035441 0.0236780
v 1.0833100 0.9382340 0.3888359
vn 0.0000000 0.0000000 0.0000000
v 1.0531100 1.0930860 0.4185400
vn 6.2831392 0.0035207 0.0237107
v 1.0831100 1.0931020 0.4186525
vn 0.0000000 0.0000000 0.0000000
v 1.0540470 0.9247851 0.1954961
vn 0.0000000 0.0000000 0.0000000
v 1.0541689 0.9399380 0.1608448
vn 0.0000000 0.0000000 0.0000000
v 1.0540780 0.9725170 0.1800518
vn 6.2831392 0.0035439 0.0237411
v 1.0840460 0.9248020 0.1956086
vn 6.2831397 0.0035375 0.0237471
v 1.0841689 0.9399549 0.1609583
vn 6.2831397 0.0035405 0.0237644
v 1.0840780 0.9725340 0.1801653
vn 0.0000000 0.0000000 0.0000000
v 1.0533600 0.8961040 0.3817925
vn 0.0000000 0.0000000 0.0000000
v 1.0534910 0.8554120 0.3531919
vn 6.2831397 0.0035658 0.0236701
v 1.0833600 0.8961210 0.3819060
vn 6.2831392 0.0035653 0.0237099
v 1.0834910 0.8554290 0.3533049
vn 0.0000000 0.0000000 0.0000000
v 1.0536419 0.8198370 0.3184319
vn 0.0000000 0.0000000 0.0000000
v 1.0537180 0.7641300 0.3068147
vn 0.0000000 0.0000000 0.0000000
v 1.0538250 0.7824250 0.2755537
vn 6.2831397 0.0035482 0.0236960
v 1.0836420 0.8198540 0.3185463
vn 6.2831392 0.0035628 0.0236988
v 1.0837179 0.7641470 0.3069282
vn 6.2831402 0.0035409 0.0236699
v 1.0838250 0.7824420 0.2756667
vn 0.0000000 0.0000000 0.0000000
v 1.0533969 0.9705771 0.3608942
vn 6.2831392 0.0035295 0.0236796
v 1.0833969 0.9705940 0.3610067
vn 0.0000000 0.0000000 0.0000000
v 1.0532919 0.7669531 0.4191456
vn 6.2831388 0.0035033 0.0237549
v 1.0832920 0.7669700 0.4192591
vn 0.0000000 0.0000000 0.0000000
v 1.0535840 0.4532030 0.3888631
vn 6.2831397 0.0035512 0.0237320
v 1.0835840 0.4532200 0.3889756
vn 0.0000000 0.0000000 0.0000000
v 1.0531900 0.6737030 0.4602098
vn 0.0000000 0.0000000 0.0000000
v 1.0530590 0.6460930 0.4990978
vn 6.2831397 0.0035099 0.0236977
v 1.0831900 0.6737199 0.4603229
vn 6.2831392 0.0035834 0.0236714
v 1.0830590 0.6461100 0.4992108
vn 0.0000000 0.0000000 0.0000000
v 1.0527129 0.4274850 0.6237698
vn 0.0000000 0.0000000 0.0000000
v 1.0528610 0.4028290 0.5880809
vn 0.0000000 0.0000000 0.0000000
v 1.0528179 0.4302340 0.5955086
vn 6.2831397 0.0035297 0.0236724
v 1.0827130 0.4275020 0.6238828
vn 6.2831402 0.0035074 0.0236999
v 1.0828609 0.4028460 0.5881948
vn 6.2831402 0.0035304 0.0236879
v 1.0828180 0.4302510 0.5956230
vn 0.0000000 0.0000000 0.0000000
v 1.0533990 0.4433660 0.4395533
vn 0.0000000 0.0000000 0.0000000
v 1.0533310 0.4765970 0.4524498
vn 0.0000000 0.0000000 0.0000000
v 1.0532529 0.4507080 0.4769526
vn 6.2831397 0.0035426 0.0236945
v 1.0833980 0.4433830 0.4396658
vn 6.2831402 0.0035308 0.0236742
v 1.0833310 0.4766140 0.4525633
vn 6.2831397 0.0035344 0.0237065
v 1.0832530 0.4507250 0.4770670
vn 0.0000000 0.0000000 0.0000000
v 1.0530829 0.4219140 0.5263829
vn 0.0000000 0.0000000 0.0000000
v 1.0531970 0.4259090 0.4957390
vn 0.0000000 0.0000000 0.0000000
v 1.0531110 0.4482450 0.5149875
vn 6.2831397 0.0035501 0.0236234
v 1.0830829 0.4219310 0.5264959
vn 6.2831402 0.0035900 0.0236867
v 1.0831959 0.4259260 0.4958520
vn 6.2831397 0.0035377 0.0236269
v 1.0831109 0.4482620 0.5151019
vn 0.0000000 0.0000000 0.0000000
v 1.0535949 0.4904810 0.3804369
vn 6.2831392 0.0035407 0.0237301
v 1.0835950 0.4904980 0.3805513
vn 0.0000000 0.0000000 0.0000000
v 1.0542569 0.6631780 0.1790829
vn 6.2831397 0.0035588 0.0237207
v 1.0842559 0.6631950 0.1791959
vn 0.0000000 0.0000000 0.0000000
v 1.0613160 0.9718530 0.9124026
vn 0.0000000 0.0000000 0.0000000
v 1.0611800 0.9996790 0.9442592
vn 6.2831397 0.0036107 0.0237297
v 1.0913160 0.9718700 0.9125161
vn 6.2831402 0.0035591 0.0236889
v 1.0911800 0.9996960 0.9443717
vn 0.0000000 0.0000000 0.0000000
v 1.0509729 0.9504020 1.0065136
vn 0.0000000 0.0000000 0.0000000
v 1.0611320 0.9401730 0.9660387
vn 6.1366534 0.0759786 0.9267946
v 1.0809729 0.9504190 1.0066280
vn 6.2249289 0.0752476 0.5875968
v 1.0911319 0.9401900 0.9661531
vn 0.0000000 0.0000000 0.0000000
v 1.0610679 0.9805409 0.9768305
vn 6.1313334 -0.0145603 0.9588189
v 1.0910680 0.9805580 0.9769440
vn 0.0000000 0.0000000 0.0000000
v 1.0613880 0.7569730 0.9257445
vn 6.2831402 0.0035306 0.0236852
v 1.0913870 0.7569900 0.9258590
vn 0.0000000 0.0000000 0.0000000
v 1.0610709 0.8027750 1.0028925
vn 0.0000000 0.0000000 0.0000000
v 1.0612240 0.7957280 0.9632158
vn 6.1078148 -0.0154988 1.0395782
v 1.0910710 0.8027920 1.0030060
vn 6.2831397 0.0035840 0.0236682
v 1.0912240 0.7957450 0.9633288
vn 0.0000000 0.0000000 0.0000000
v 1.0611680 0.7328920 0.9875174
vn 6.0607667 -0.1660484 1.1599314
v 1.0911679 0.7329090 0.9876289
vn 0.0000000 0.0000000 0.0000000
v 1.0523319 0.4421910 0.7225418
vn 6.2831397 0.0036378 0.0236850
v 1.0823320 0.4422080 0.7226548
vn 0.0000000 0.0000000 0.0000000
v 1.0528749 0.3726870 0.5889673
vn 6.2831397 0.0035473 0.0237241
v 1.0828750 0.3727040 0.5890799
vn 0.0000000 0.0000000 0.0000000
v 1.0529519 0.4773900 0.5529270
vn 0.0000000 0.0000000 0.0000000
v 1.0529749 0.4295610 0.5540347
vn 6.2831392 0.0035313 0.0236780
v 1.0829520 0.4774070 0.5530410
vn 6.2831392 0.0035206 0.0236700
v 1.0829750 0.4295780 0.5541492
vn 0.0000000 0.0000000 0.0000000
v 1.0525019 0.5039009 0.6683321
vn 0.0000000 0.0000000 0.0000000
v 1.0524189 0.5468800 0.6836467
vn 0.0000000 0.0000000 0.0000000
v 1.0523460 0.5139490 0.7080946
vn 6.2831397 0.0035628 0.0236790
v 1.0825009 0.5039170 0.6684451
vn 6.2831392 0.0035610 0.0236996
v 1.0824189 0.5468970 0.6837611
vn 6.2831397 0.0035819 0.0236650
v 1.0823460 0.5139660 0.7082090
vn 0.0000000 0.0000000 0.0000000
v 1.0519320 0.4881300 0.8217278
vn 6.2831392 0.0035612 0.0237465
v 1.0819319 0.4881470 0.8218408
vn 0.0000000 0.0000000 0.0000000
v 1.0616260 0.5670300 0.8910427
vn 5.9885736 -1.1714303 0.1837087
v 1.0916259 0.5670471 0.8911562
vn 0.0000000 0.0000000 0.0000000
v 1.0531939 1.0075040 0.4091191
vn 6.2831402 0.0035327 0.0237129
v 1.0831940 1.0075212 0.4092317
vn 0.0000000 0.0000000 0.0000000
v 1.0536280 1.1354780 0.2747736
vn 0.0000000 0.0000000 0.0000000
v 1.0535500 1.1165130 0.2982931
vn 0.0000000 0.0000000 0.0000000
v 1.0537289 1.1168971 0.2509499
vn 6.2831392 0.0035931 0.0237260
v 1.0836279 1.1354949 0.2748857
vn 6.2831392 0.0035620 0.0236847
v 1.0835500 1.1165299 0.2984056
vn 6.2831402 0.0035589 0.0237106
v 1.0837290 1.1169140 0.2510629
vn 0.0000000 0.0000000 0.0000000
v 1.0527210 1.0792770 0.5238008
vn 6.2831402 0.0035523 0.0236675
v 1.0827210 1.0792940 0.5239139
vn 0.0000000 0.0000000 0.0000000
v 1.0529770 1.2633061 0.4281831
vn 6.2831402 0.0034815 0.0236736
v 1.0829769 1.2633231 0.4282956
vn 0.0000000 0.0000000 0.0000000
v 1.0515950 1.1906140 0.8057175
vn 6.2831397 0.0035624 0.0237487
v 1.0815949 1.1906309 0.8058319
vn 0.0000000 0.0000000 0.0000000
v 1.0513760 1.1351631 0.8720331
vn 6.2300057 0.3179786 -0.4411487
v 1.0813760 1.1351800 0.8721457
vn 0.0000000 0.0000000 0.0000000
v 1.0518960 1.1115100 0.7376370
vn 6.2831392 0.0035512 0.0237572
v 1.0818959 1.1115270 0.7377501
vn 0.0000000 0.0000000 0.0000000
v 1.0539520 0.9587670 0.2155886
vn 0.0000000 0.0000000 0.0000000
v 1.0538970 0.9259511 0.2349567
vn 6.2831388 0.0035470 0.0237206
v 1.0839510 0.9587840 0.2157030
vn 6.2831402 0.0035572 0.0236459
v 1.0838970 0.9259680 0.2350688
vn 0.0000000 0.0000000 0.0000000
v 1.0542340 0.7973890 0.1649551
vn 0.0000000 0.0000000 0.0000000
v 1.0542569 0.7623680 0.1641488
vn 6.2831397 0.0036129 0.0236897
v 1.0842340 0.7974060 0.1650691
vn 6.2831397 0.0035433 0.0236569
v 1.0842570 0.7623850 0.1642618
vn 0.0000000 0.0000000 0.0000000
v 1.0535140 0.8914120 0.3416061
vn 6.2831397 0.0035830 0.0237178
v 1.0835140 0.8914290 0.3417187
vn 0.0000000 0.0000000 0.0000000
v 1.0532659 0.7360080 0.4309039
vn 6.2831392 0.0036234 0.0236935
v 1.0832649 0.7360250 0.4310169
vn 0.0000000 0.0000000 0.0000000
v 1.0540659 0.7350340 0.2188034
vn 6.2831388 0.0035615 0.0237362
v 1.0840659 0.7350510 0.2189169
vn 0.0000000 0.0000000 0.0000000
v 1.0535200 0.8058970 0.3529630
vn 6.2831397 0.0035770 0.0236707
v 1.0835199 0.8059140 0.3530760
vn 0.0000000 0.0000000 0.0000000
v 1.0541120 0.7790620 0.2000270
vn 6.2831392 0.0035845 0.0237617
v 1.0841119 0.7790790 0.2001400
vn 0.0000000 0.0000000 0.0000000
v 1.0534780 0.4722940 0.4142761
vn 6.2831392 0.0035357 0.0237304
v 1.0834770 0.4723110 0.4143887
vn 0.0000000 0.0000000 0.0000000
v 1.0611950 0.9663250 0.9453115
vn 6.2831402 0.0035924 0.0236889
v 1.0911950 0.9663419 0.9454250
vn 0.0000000 0.0000000 0.0000000
v 1.0613110 0.9215870 0.9213324
vn 6.2831397 0.0035383 0.0236933
v 1.0913110 0.9216040 0.9214449
vn 0.0000000 0.0000000 0.0000000
v 1.0613320 0.7842470 0.9363132
vn 6.2831397 0.0035550 0.0236895
v 1.0913320 0.7842640 0.9364271
vn 0.0000000 0.0000000 0.0000000
v 1.0612170 0.7621590 0.9702687
vn 6.2831397 0.0035612 0.0237207
v 1.0912170 0.7621760 0.9703817
vn 0.0000000 0.0000000 0.0000000
v 1.0517139 0.5449679 0.8710933
vn 6.1065941 -1.0015285 -0.2505395
v 1.0817130 0.5449850 0.8712058
vn 0.0000000 0.0000000 0.0000000
v 1.0526010 0.4666880 0.6475563
vn 6.2831392 0.0036254 0.0237105
v 1.0826010 0.4667050 0.6476688
vn 0.0000000 0.0000000 0.0000000
v 1.0524420 0.4637880 0.6900759
vn 0.0000000 0.0000000 0.0000000
v 1.0522979 0.4727300 0.7271028
vn 6.2831392 0.0036024 0.0237137
v 1.0824419 0.4638050 0.6901889
vn 6.2831392 0.0035610 0.0236822
v 1.0822970 0.4727470 0.7272158
vn 0.0000000 0.0000000 0.0000000
v 1.0521539 0.4722740 0.7651920
vn 6.2831397 0.0035614 0.0236874
v 1.0821539 0.4722910 0.7653050
vn 0.0000000 0.0000000 0.0000000
v 1.0526110 0.5956870 0.6256518
vn 0.0000000 0.0000000 0.0000000
v 1.0527409 0.5778950 0.5937119
vn 0.0000000 0.0000000 0.0000000
v 1.0526940 0.6128240 0.6008983
vn 6.2831402 0.0035962 0.0237174
v 1.0826100 0.5957040 0.6257648
vn 6.2831392 0.0035705 0.0237412
v 1.0827410 0.5779120 0.5938249
vn 6.2831392 0.0035601 0.0237422
v 1.0826939 0.6128410 0.6010108
vn 0.0000000 0.0000000 0.0000000
v 1.0531679 0.7191280 0.4593801
vn 6.2831392 0.0036144 0.0236550
v 1.0831680 0.7191450 0.4594927
vn 0.0000000 0.0000000 0.0000000
v 1.0534199 0.5962520 0.4109325
vn 0.0000000 0.0000000 0.0000000
v 1.0535860 0.5457670 0.3745561
vn 0.0000000 0.0000000 0.0000000
v 1.0535380 0.6030590 0.3786077
vn 6.2831392 0.0036148 0.0236858
v 1.0834199 0.5962690 0.4110465
vn 6.2831392 0.0035604 0.0236263
v 1.0835860 0.5457839 0.3746686
vn 6.2831402 0.0035816 0.0236693
v 1.0835379 0.6030760 0.3787208
vn 0.0000000 0.0000000 0.0000000
v 1.0615370 0.6330330 0.9048624
vn 6.2831392 0.0035461 0.0237477
v 1.0915359 0.6330500 0.9049749
vn 0.0000000 0.0000000 0.0000000
v 1.0617430 0.5801030 0.8581882
vn 6.1038203 -0.8975678 -0.4888522
v 1.0917419 0.5801200 0.8583007
vn 0.0000000 0.0000000 0.0000000
v 1.0533170 0.9983740 0.3778586
vn 0.0000000 0.0000000 0.0000000
v 1.0534149 1.0144110 0.3495169
vn 6.2831392 0.0035641 0.0237191
v 1.0833170 0.9983900 0.3779726
vn 6.2831392 0.0035685 0.0237183
v 1.0834150 1.0144281 0.3496304
vn 0.0000000 0.0000000 0.0000000
v 1.0535680 1.0085931 0.3097982
vn 0.0000000 0.0000000 0.0000000
v 1.0535560 1.0402920 0.3083282
vn 6.2831392 0.0035079 0.0236544
v 1.0835680 1.0086100 0.3099108
vn 6.2831392 0.0035481 0.0236703
v 1.0835559 1.0403090 0.3084421
vn 0.0000000 0.0000000 0.0000000
v 1.0518429 1.1660900 0.7436218
vn 0.0000000 0.0000000 0.0000000
v 1.0519789 1.1290681 0.7131758
vn 0.0000000 0.0000000 0.0000000
v 1.0519830 1.1622970 0.7069402
vn 6.2831392 0.0035326 0.0236898
v 1.0818430 1.1661069 0.7437348
vn 6.2831392 0.0035806 0.0236944
v 1.0819780 1.1290851 0.7132888
vn 6.2831392 0.0035067 0.0236774
v 1.0819830 1.1623139 0.7070541
vn 0.0000000 0.0000000 0.0000000
v 1.0537519 0.9261860 0.2734518
vn 0.0000000 0.0000000 0.0000000
v 1.0537750 0.8873780 0.2730579
vn 6.2831402 0.0035450 0.0236727
v 1.0837519 0.9262030 0.2735662
vn 6.2831402 0.0035408 0.0236676
v 1.0837749 0.8873951 0.2731724
vn 0.0000000 0.0000000 0.0000000
v 1.0537430 0.8417490 0.2883825
vn 6.2831397 0.0035693 0.0236867
v 1.0837430 0.8417661 0.2884946
vn 0.0000000 0.0000000 0.0000000
v 1.0536799 0.7296500 0.3219628
vn 0.0000000 0.0000000 0.0000000
v 1.0535870 0.7738420 0.3399997
vn 6.2831392 0.0035477 0.0237306
v 1.0836799 0.7296670 0.3220758
vn 6.2831397 0.0035446 0.0237030
v 1.0835869 0.7738590 0.3401117
vn 0.0000000 0.0000000 0.0000000
v 1.0540030 0.8320020 0.2210360
vn 0.0000000 0.0000000 0.0000000
v 1.0538690 0.8537410 0.2531776
vn 6.2831392 0.0035248 0.0236687
v 1.0840030 0.8320190 0.2211485
vn 6.2831397 0.0036137 0.0237221
v 1.0838690 0.8537580 0.2532911
vn 0.0000000 0.0000000 0.0000000
v 1.0539640 0.7495410 0.2438231
vn 0.0000000 0.0000000 0.0000000
v 1.0538809 0.7337400 0.2680464
vn 6.2831397 0.0036118 0.0237061
v 1.0839629 0.7495580 0.2439361
vn 6.2831392 0.0035725 0.0236588
v 1.0838810 0.7337570 0.2681599
vn 0.0000000 0.0000000 0.0000000
v 1.0540390 0.6032970 0.2456408
vn 6.2831392 0.0035358 0.0236989
v 1.0840390 0.6033140 0.2457542
vn 0.0000000 0.0000000 0.0000000
v 1.0540830 0.7065910 0.2185111
vn 6.2831397 0.0035049 0.0237582
v 1.0840830 0.7066080 0.2186236
vn 0.0000000 0.0000000 0.0000000
v 1.0538679 0.6219880 0.2882805
vn 6.2831402 0.0035229 0.0236845
v 1.0838680 0.6220050 0.2883940
vn 0.0000000 0.0000000 0.0000000
v 1.0617390 0.6487370 0.8488202
vn 0.0000000 0.0000000 0.0000000
v 1.0616540 0.6310170 0.8740759
vn 0.0000000 0.0000000 0.0000000
v 1.0618119 0.6040190 0.8362899
vn 6.2831397 0.0035876 0.0236536
v 1.0917389 0.6487539 0.8489327
vn 6.2831392 0.0035377 0.0237318
v 1.0916539 0.6310340 0.8741889
vn 6.1461306 -0.5222608 -0.7381607
v 1.0918109 0.6040360 0.8364029
vn 0.0000000 0.0000000 0.0000000
v 1.0529170 0.5613781 0.5496254
vn 0.0000000 0.0000000 0.0000000
v 1.0528129 0.5509689 0.5786629
vn 6.2831397 0.0035370 0.0236956
v 1.0829170 0.5613950 0.5497398
vn 6.2831397 0.0035156 0.0237059
v 1.0828130 0.5509861 0.5787759
vn 0.0000000 0.0000000 0.0000000
v 1.0537720 0.5123970 0.3300858
vn 6.2831392 0.0035511 0.0237139
v 1.0837719 0.5124140 0.3301988
vn 0.0000000 0.0000000 0.0000000
v 1.0522469 1.1509321 0.6388550
vn 0.0000000 0.0000000 0.0000000
v 1.0521960 1.1838191 0.6472540
vn 0.0000000 0.0000000 0.0000000
v 1.0521110 1.1618581 0.6731339
vn 6.2831397 0.0035757 0.0237038
v 1.0822459 1.1509490 0.6389675
vn 6.2831392 0.0035451 0.0237312
v 1.0821960 1.1838360 0.6473670
vn 6.2831402 0.0035583 0.0236951
v 1.0821110 1.1618750 0.6732483
vn 0.0000000 0.0000000 0.0000000
v 1.0537610 1.0879250 0.2467570
vn 6.2831402 0.0035537 0.0237010
v 1.0837610 1.0879421 0.2468700
vn 0.0000000 0.0000000 0.0000000
v 1.0539230 0.8874660 0.2339859
vn 6.2831392 0.0035775 0.0236958
v 1.0839220 0.8874831 0.2340989
vn 0.0000000 0.0000000 0.0000000
v 1.0541240 0.8148980 0.1914663
vn 6.2831397 0.0035958 0.0236963
v 1.0841240 0.8149150 0.1915779
vn 0.0000000 0.0000000 0.0000000
v 1.0540030 0.6909730 0.2422838
vn 6.2831402 0.0035335 0.0236372
v 1.0840020 0.6909900 0.2423973
vn 0.0000000 0.0000000 0.0000000
v 1.0533370 0.5115760 0.4455829
vn 6.2831402 0.0035360 0.0236898
v 1.0833369 0.5115930 0.4456959
vn 0.0000000 0.0000000 0.0000000
v 1.0531250 0.5046590 0.5028682
vn 0.0000000 0.0000000 0.0000000
v 1.0531629 0.4740090 0.4975595
vn 6.2831402 0.0035458 0.0236767
v 1.0831250 0.5046760 0.5029798
vn 6.2831402 0.0035243 0.0236898
v 1.0831620 0.4740260 0.4976730
vn 0.0000000 0.0000000 0.0000000
v 1.0533910 0.7347620 0.3978238
vn 0.0000000 0.0000000 0.0000000
v 1.0535370 0.7351860 0.3592138
vn 6.2831402 0.0035600 0.0237046
v 1.0833910 0.7347789 0.3979368
vn 6.2831397 0.0035359 0.0236943
v 1.0835359 0.7352030 0.3593273
vn 0.0000000 0.0000000 0.0000000
v 1.0534129 0.6665920 0.4022651
vn 0.0000000 0.0000000 0.0000000
v 1.0534669 0.6991290 0.3829517
vn 0.0000000 0.0000000 0.0000000
v 1.0533060 0.6958040 0.4263134
vn 6.2831397 0.0035136 0.0237022
v 1.0834130 0.6666090 0.4023776
vn 6.2831402 0.0035758 0.0236556
v 1.0834670 0.6991460 0.3830647
vn 6.2831402 0.0035520 0.0236986
v 1.0833060 0.6958210 0.4264269
vn 0.0000000 0.0000000 0.0000000
v 1.0616380 0.6013820 0.8826547
vn 6.2831392 0.0035403 0.0237055
v 1.0916380 0.6013990 0.8827691
vn 0.0000000 0.0000000 0.0000000
v 1.0530400 0.6069530 0.5100827
vn 6.2831392 0.0035839 0.0237348
v 1.0830400 0.6069700 0.5101957
vn 0.0000000 0.0000000 0.0000000
v 1.0520970 0.5007940 0.7760210
vn 6.2831392 0.0035309 0.0237058
v 1.0820969 0.5008110 0.7761340
vn 0.0000000 0.0000000 0.0000000
v 1.0525730 0.5676439 0.6398478
vn 0.0000000 0.0000000 0.0000000
v 1.0526040 0.5364121 0.6363187
vn 6.2831392 0.0036083 0.0237299
v 1.0825729 0.5676610 0.6399608
vn 6.2831397 0.0035134 0.0237342
v 1.0826039 0.5364290 0.6364322
vn 0.0000000 0.0000000 0.0000000
v 1.0520710 1.1903269 0.6794634
vn 6.2831392 0.0036091 0.0236762
v 1.0820709 1.1903441 0.6795769
vn 0.0000000 0.0000000 0.0000000
v 1.0538059 0.5919690 0.3091869
vn 0.0000000 0.0000000 0.0000000
v 1.0536790 0.6084550 0.3405452
vn 6.2831397 0.0035651 0.0237142
v 1.0838060 0.5919860 0.3092995
vn 6.2831392 0.0035467 0.0237043
v 1.0836780 0.6084720 0.3406577
vn 0.0000000 0.0000000 0.0000000
v 1.0534170 0.6290440 0.4069386
vn 0.0000000 0.0000000 0.0000000
v 1.0535619 0.6430390 0.3662095
vn 6.2831392 0.0035631 0.0237140
v 1.0834160 0.6290610 0.4070530
vn 6.2831397 0.0035381 0.0236748
v 1.0835620 0.6430560 0.3663239
vn 0.0000000 0.0000000 0.0000000
v 1.0528619 0.4540930 0.5801158
vn 6.2831392 0.0035820 0.0237162
v 1.0828620 0.4541100 0.5802288
vn 0.0000000 0.0000000 0.0000000
v 1.0529239 0.6075990 0.5406837
vn 0.0000000 0.0000000 0.0000000
v 1.0528070 0.6024510 0.5726337
vn 6.2831397 0.0035766 0.0236963
v 1.0829240 0.6076160 0.5407972
vn 6.2831392 0.0036135 0.0237088
v 1.0828069 0.6024680 0.5727468
vn 0.0000000 0.0000000 0.0000000
v 1.0541559 0.6435880 0.2088108
vn 0.0000000 0.0000000 0.0000000
v 1.0539900 0.6462840 0.2522140
vn 6.2831392 0.0036266 0.0237356
v 1.0841550 0.6436051 0.2089238
vn 6.2831402 0.0035446 0.0236319
v 1.0839900 0.6463010 0.2523265
vn 0.0000000 0.0000000 0.0000000
v 1.0537350 0.6576210 0.3182440
vn 0.0000000 0.0000000 0.0000000
v 1.0536710 0.6370240 0.3381815
vn 6.2831402 0.0035336 0.0237461
v 1.0837350 0.6576380 0.3183565
vn 6.2831397 0.0035140 0.0237268
v 1.0836710 0.6370410 0.3382950
vn 0.0000000 0.0000000 0.0000000
v 1.0619919 0.6712260 0.7783680
vn 0.0000000 0.0000000 0.0000000
v 1.0618900 0.6673010 0.8060875
vn 6.0640554 -1.1314185 -0.1924405
v 1.0919920 0.6712430 0.7784805
vn 6.2458711 -0.3105597 -0.2974225
v 1.0918890 0.6673180 0.8062019
vn 0.0000000 0.0000000 0.0000000
v 1.0530760 0.5767460 0.5051379
vn 6.2831397 0.0035325 0.0236826
v 1.0830760 0.5767630 0.5052509
vn 0.0000000 0.0000000 0.0000000
v 1.0534600 0.5292560 0.4103508
vn 6.2831392 0.0035165 0.0237304
v 1.0834600 0.5292730 0.4104638
vn 0.0000000 0.0000000 0.0000000
v 1.0519840 0.5120510 0.8043747
vn 6.2831392 0.0035583 0.0237149
v 1.0819839 0.5120680 0.8044868
vn 0.0000000 0.0000000 0.0000000
v 1.0526069 1.1176879 0.5482078
vn 6.2831397 0.0036020 0.0236890
v 1.0826070 1.1177051 0.5483222
vn 0.0000000 0.0000000 0.0000000
v 1.0533130 0.5429890 0.4473009
vn 0.0000000 0.0000000 0.0000000
v 1.0532200 0.5756980 0.4669795
vn 0.0000000 0.0000000 0.0000000
v 1.0532050 0.5334720 0.4772873
vn 6.2831392 0.0035263 0.0237294
v 1.0833130 0.5430060 0.4474139
vn 6.2831402 0.0035345 0.0236880
v 1.0832200 0.5757150 0.4670939
vn 6.2831407 0.0035457 0.0237052
v 1.0832050 0.5334890 0.4773998
vn 0.0000000 0.0000000 0.0000000
v 1.0529870 0.5107450 0.5386386
vn 6.2831402 0.0035737 0.0236688
v 1.0829870 0.5107620 0.5387530
vn 0.0000000 0.0000000 0.0000000
v 1.0520920 0.5323920 0.7726626
vn 0.0000000 0.0000000 0.0000000
v 1.0520359 0.5713980 0.7817574
vn 6.2831392 0.0036101 0.0236730
v 1.0820919 0.5324090 0.7727757
vn 6.2831397 0.0035518 0.0237015
v 1.0820349 0.5714150 0.7818699
vn 0.0000000 0.0000000 0.0000000
v 1.0618680 0.6335840 0.8168387
vn 6.1783686 -0.4351646 -0.6438195
v 1.0918679 0.6336010 0.8169518
vn 0.0000000 0.0000000 0.0000000
v 1.0531430 0.6173220 0.4812841
vn 6.2831397 0.0035852 0.0236973
v 1.0831430 0.6173390 0.4813981
vn 0.0000000 0.0000000 0.0000000
v 1.0536339 0.6961600 0.3391895
vn 6.2831392 0.0035665 0.0237329
v 1.0836340 0.6961770 0.3393030
vn 0.0000000 0.0000000 0.0000000
v 1.0528439 0.4911860 0.5795164
vn 6.2831392 0.0035566 0.0237196
v 1.0828440 0.4912030 0.5796289
vn 0.0000000 0.0000000 0.0000000
v 1.0527240 0.5213600 0.6067476
vn 6.2831397 0.0035405 0.0237109
v 1.0827240 0.5213770 0.6068611
vn 0.0000000 0.0000000 0.0000000
v 1.0527890 1.1217690 0.4993567
vn 6.2831392 0.0035488 0.0237074
v 1.0827889 1.1217859 0.4994702
vn 0.0000000 0.0000000 0.0000000
v 1.0523779 1.1561348 0.6032548
vn 6.2831397 0.0035433 0.0236966
v 1.0823779 1.1561520 0.6033683
vn 0.0000000 0.0000000 0.0000000
v 1.0524130 1.1979980 0.5875831
vn 0.0000000 0.0000000 0.0000000
v 1.0524169 1.2265921 0.5822401
vn 0.0000000 0.0000000 0.0000000
v 1.0523090 1.2370131 0.6093979
vn 6.2831397 0.0035601 0.0236902
v 1.0824130 1.1980150 0.5876956
vn 6.2831402 0.0035619 0.0236603
v 1.0824170 1.2266090 0.5823526
vn 6.2831397 0.0035473 0.0236891
v 1.0823090 1.2370300 0.6095114
vn 0.0000000 0.0000000 0.0000000
v 1.0525140 1.2063611 0.5596800
vn 6.2831397 0.0035727 0.0237191
v 1.0825139 1.2063780 0.5597935
vn 0.0000000 0.0000000 0.0000000
v 1.0523139 1.1847551 0.6159563
vn 6.2831392 0.0035538 0.0237000
v 1.0823140 1.1847720 0.6160688
vn 0.0000000 0.0000000 0.0000000
v 1.0522460 1.2128880 0.6297302
vn 6.2831392 0.0035692 0.0237440
v 1.0822459 1.2129049 0.6298423
vn 0.0000000 0.0000000 0.0000000
v 1.0538070 0.9595850 0.2536850
vn 6.2831397 0.0035982 0.0236750
v 1.0838070 0.9596021 0.2537975
vn 0.0000000 0.0000000 0.0000000
v 1.0536209 0.8638141 0.3175759
vn 6.2831402 0.0035589 0.0237042
v 1.0836210 0.8638310 0.3176889
vn 0.0000000 0.0000000 0.0000000
v 1.0528500 0.5205460 0.5735769
vn 6.2831397 0.0035978 0.0236976
v 1.0828490 0.5205630 0.5736899
vn 0.0000000 0.0000000 0.0000000
v 1.0529610 1.0903790 0.4584961
vn 0.0000000 0.0000000 0.0000000
v 1.0530310 1.1168089 0.4359322
vn 0.0000000 0.0000000 0.0000000
v 1.0529100 1.1196051 0.4676199
vn 6.2831392 0.0035401 0.0236832
v 1.0829610 1.0903959 0.4586086
vn 6.2831392 0.0035483 0.0236947
v 1.0830309 1.1168261 0.4360461
vn 6.2831392 0.0035335 0.0236984
v 1.0829099 1.1196220 0.4677329
vn 0.0000000 0.0000000 0.0000000
v 1.0532900 1.1096401 0.3683639
vn 0.0000000 0.0000000 0.0000000
v 1.0531900 1.1313100 0.3916788
vn 6.2831397 0.0036073 0.0236752
v 1.0832900 1.1096570 0.3684778
vn 6.2831392 0.0035363 0.0236950
v 1.0831900 1.1313272 0.3917918
vn 0.0000000 0.0000000 0.0000000
v 1.0523909 1.2566049 0.5846710
vn 6.2831397 0.0035485 0.0236542
v 1.0823910 1.2566221 0.5847840
vn 0.0000000 0.0000000 0.0000000
v 1.0538670 0.9860800 0.2340603
vn 6.2831392 0.0035176 0.0237255
v 1.0838660 0.9860969 0.2341728
vn 0.0000000 0.0000000 0.0000000
v 1.0535049 0.9568270 0.3343921
vn 6.2831397 0.0035683 0.0236603
v 1.0835040 0.9568440 0.3345046
vn 0.0000000 0.0000000 0.0000000
v 1.0528899 1.1514101 0.4682050
vn 6.2831402 0.0035601 0.0236813
v 1.0828900 1.1514270 0.4683180
vn 0.0000000 0.0000000 0.0000000
v 1.0525180 1.2350061 0.5543938
vn 6.2831392 0.0036152 0.0236983
v 1.0825169 1.2350230 0.5545068
vn 0.0000000 0.0000000 0.0000000
v 1.0536020 0.9685519 0.3069339
vn 6.2831392 0.0035731 0.0236911
v 1.0836010 0.9685690 0.3070469
vn 0.0000000 0.0000000 0.0000000
v 1.0530510 1.2049351 0.4174690
vn 6.2831397 0.0036069 0.0237489
v 1.0830510 1.2049520 0.4175816
vn 0.0000000 0.0000000 0.0000000
v 1.0537930 1.0167739 0.2490559
vn 0.0000000 0.0000000 0.0000000
v 1.0539169 1.0140080 0.2165341
vn 6.2831397 0.0035317 0.0237146
v 1.0837920 1.0167909 0.2491689
vn 6.2831392 0.0035622 0.0237750
v 1.0839170 1.0140250 0.2166467
vn 0.0000000 0.0000000 0.0000000
v 1.0537170 0.9939730 0.2724113
vn 6.2831397 0.0035388 0.0236755
v 1.0837170 0.9939900 0.2725258
vn 0.0000000 0.0000000 0.0000000
v 1.0530390 1.1632481 0.4268651
vn 6.2831392 0.0035654 0.0237305
v 1.0830389 1.1632650 0.4269776
vn 0.0000000 0.0000000 0.0000000
v 1.0533720 1.1298020 0.3437338
vn 6.2831392 0.0035499 0.0236762
v 1.0833709 1.1298192 0.3438473
vn 0.0000000 0.0000000 0.0000000
v 1.0536630 1.0780311 0.2743077
vn 6.2831397 0.0035655 0.0237203
v 1.0836620 1.0780480 0.2744207
vn 0.0000000 0.0000000 0.0000000
v 1.0534920 0.9879430 0.3331089
vn 6.2831397 0.0035010 0.0236526
v 1.0834919 0.9879600 0.3332219
vn 0.0000000 0.0000000 0.0000000
v 1.0534459 1.0947750 0.3293138
vn 6.2831392 0.0036083 0.0236694
v 1.0834460 1.0947919 0.3294268
vn 0.0000000 0.0000000 0.0000000
v 1.0536760 1.0327990 0.2774916
vn 6.2831392 0.0035344 0.0236568
v 1.0836760 1.0328159 0.2776060
vn 0.0000000 0.0000000 0.0000000
v 1.0535460 1.0720401 0.3061829
vn 6.2831397 0.0035749 0.0236334
v 1.0835459 1.0720570 0.3062954
vn 0.0000000 0.0000000 0.0000000
v 1.0519470 0.6017410 0.8006048
vn 0.0000000 0.0000000 0.0000000
v 1.0520620 0.6133050 0.7684956
vn 6.0919828 -0.7476588 -0.6994214
v 1.0819470 0.6017570 0.8007178
vn 6.2548976 -0.2243253 -0.2984340
v 1.0820620 0.6133220 0.7686090
vn 0.0000000 0.0000000 0.0000000
v 1.0517110 1.1885829 0.7751060
vn 6.2831397 0.0036068 0.0236860
v 1.0817109 1.1886001 0.7752190
vn 0.0000000 0.0000000 0.0000000
v 1.0538059 0.6959791 0.2935967
vn 0.0000000 0.0000000 0.0000000
v 1.0539069 0.6801300 0.2692432
vn 6.2831397 0.0035775 0.0237062
v 1.0838060 0.6959960 0.2937102
vn 6.2831397 0.0035609 0.0236404
v 1.0839070 0.6801470 0.2693558
vn 0.0000000 0.0000000 0.0000000
v 1.0536200 0.6668230 0.3472409
vn 6.2831397 0.0035395 0.0237317
v 1.0836200 0.6668400 0.3473539
vn 0.0000000 0.0000000 0.0000000
v 1.0536519 0.5745460 0.3528233
vn 6.2831402 0.0035764 0.0236575
v 1.0836509 0.5745630 0.3529358
vn 0.0000000 0.0000000 0.0000000
v 1.0519090 0.5716439 0.8152080
vn 6.1946650 -0.4675720 -0.5464056
v 1.0819089 0.5716611 0.8153210
vn 0.0000000 0.0000000 0.0000000
v 1.0521890 0.6008130 0.7367358
vn 6.2831397 0.0035240 0.0236971
v 1.0821890 0.6008300 0.7368488
vn 0.0000000 0.0000000 0.0000000
v 1.0533040 0.6514200 0.4335361
vn 6.2831397 0.0035274 0.0237024
v 1.0833030 0.6514370 0.4336486
vn 0.0000000 0.0000000 0.0000000
v 1.0538629 0.6554770 0.2846241
vn 6.2831402 0.0035441 0.0236654
v 1.0838630 0.6554940 0.2847366
vn 0.0000000 0.0000000 0.0000000
v 1.0532809 0.6060660 0.4463248
vn 6.2831397 0.0035795 0.0236728
v 1.0832809 0.6060830 0.4464378
vn 0.0000000 0.0000000 0.0000000
v 1.0541120 0.6741220 0.2158628
vn 6.2831397 0.0035161 0.0237094
v 1.0841110 0.6741390 0.2159762
vn 0.0000000 0.0000000 0.0000000
v 1.0530580 0.5403500 0.5151978
vn 6.2831392 0.0035289 0.0236524
v 1.0830580 0.5403670 0.5153108
vn 0.0000000 0.0000000 0.0000000
v 1.0527489 0.4782570 0.6065369
vn 0.0000000 0.0000000 0.0000000
v 1.0526360 0.5013120 0.6331878
vn 6.2831392 0.0035578 0.0237284
v 1.0827490 0.4782740 0.6066499
vn 6.2831392 0.0035482 0.0237410
v 1.0826349 0.5013290 0.6333008
vn 0.0000000 0.0000000 0.0000000
v 1.0524770 0.5901460 0.6617918
vn 0.0000000 0.0000000 0.0000000
v 1.0523330 0.5828320 0.7010636
vn 6.2831397 0.0035551 0.0236971
v 1.0824770 0.5901630 0.6619048
vn 6.2831402 0.0035284 0.0236260
v 1.0823330 0.5828490 0.7011771
vn 0.0000000 0.0000000 0.0000000
v 1.0533659 0.5688760 0.4294224
vn 6.2831397 0.0035605 0.0237154
v 1.0833659 0.5688930 0.4295359
vn 0.0000000 0.0000000 0.0000000
v 1.0534450 1.0573399 0.3350935
vn 6.2831397 0.0035398 0.0237377
v 1.0834450 1.0573571 0.3352079
vn 0.0000000 0.0000000 0.0000000
v 1.0522350 0.5721231 0.7288299
vn 6.2831402 0.0034972 0.0236842
v 1.0822350 0.5721400 0.7289429
vn 0.0000000 0.0000000 0.0000000
v 1.0522220 0.5434050 0.7366343
vn 6.2831397 0.0035622 0.0236996
v 1.0822210 0.5434220 0.7367468
vn 0.0000000 0.0000000 0.0000000
v 1.0522079 0.5058410 0.7459345
vn 6.2831397 0.0035453 0.0236927
v 1.0822079 0.5058580 0.7460480
vn -0.0035363 6.2772012 -0.0080056
v 1.0224050 1.3508859 0.5667248
vn -0.0055791 6.2540131 0.5390587
v 1.0222420 1.3490391 0.6103048
vn -3.1057720 -0.8047237 -3.1446080
v 1.0315560 1.0360019 0.8392129
vn 1.1688552 -1.9001465 0.1638402
v 1.0215600 1.0738931 0.8324432
vn -0.0075826 6.1832209 1.0821334
v 1.0220820 1.3434010 0.6535578
vn -0.0095391 6.0653901 1.6168854
v 1.0219270 1.3340139 0.6961546
vn 0.0213959 -3.6070147 -5.1373434
v 1.0243920 0.5635770 0.1581564
vn 0.0222727 -3.1455021 -5.4321866
v 1.0244590 0.6003351 0.1346731
vn -0.0114199 5.9013906 2.1393225
v 1.0217769 1.3209510 0.7377729
vn -0.0131964 5.6924567 2.6455717
v 1.0216340 1.3043101 0.7780924
vn -0.0148769 5.4401946 3.1316714
v 1.0215000 1.2842181 0.8168087
vn 0.0106941 5.1373515 -3.6070471
v 1.0235380 1.2600970 0.2800546
vn 0.0088001 5.4322186 -3.1455073
v 1.0233860 1.2835810 0.3168130
vn 0.0047838 5.8959098 -2.1544240
v 1.0230670 1.3205149 0.3957548
vn 0.0027938 6.0612202 -1.6324358
v 1.0229030 1.3336849 0.4373379
vn -0.0014381 6.2526212 -0.5550215
v 1.0225710 1.3489280 0.5231500
vn -0.0238175 1.6324215 6.0611739
v 1.0207909 0.9809120 1.0501580
vn -0.0239830 1.0978587 6.1804008
v 1.0207800 0.9383380 1.0596533
vn 0.0006719 6.1804571 -1.0978390
v 1.0227370 1.3431799 0.4799118
vn -0.0229115 2.6601293 5.6856437
v 1.0208579 1.0627730 1.0202436
vn -0.0233701 2.1544797 5.8958411
v 1.0208169 1.0224960 1.0369878
vn -0.0179172 4.8137341 4.0287685
v 1.0212590 1.2343180 0.8882656
vn -0.0192167 4.4443316 4.4329257
v 1.0211539 1.2048900 0.9204631
vn 3.1352828 -2.4022710 2.0342574
v 1.0216850 1.0491149 0.8029900
vn -0.8838921 1.2167559 0.5561566
v 1.0315720 1.0598090 0.8312659
vn -3.3196146 0.2881131 3.1047482
v 1.0315880 1.0295641 0.8315597
vn -3.1353624 2.4022696 -2.0343206
v 1.0316650 1.0414679 0.8094649
vn -0.0204303 4.0410447 4.8034167
v 1.0210609 1.1727691 0.9499722
vn -0.0213995 3.6070042 5.1373467
v 1.0209800 1.1381972 0.9765701
vn 0.0114215 -5.9069867 -2.1414468
v 1.0224400 0.9383410 0.6195378
vn 0.0114441 -5.9070187 -2.1413581
v 1.0225689 0.9514590 0.5833516
vn 0.0113983 -5.9069963 -2.1414199
v 1.0226979 0.9645770 0.5471668
vn 0.0114084 -5.9069757 -2.1414762
v 1.0228270 0.9776950 0.5109820
vn -3.1294305 -0.5512535 -3.1049728
v 1.0315440 0.9223120 0.8594074
vn -3.1297302 -0.5511978 -3.1050315
v 1.0315480 0.9602091 0.8526773
vn 3.1352954 -2.4022427 2.0342515
v 1.0220599 0.9747791 0.7146297
vn 3.1352406 -2.4022317 2.0342567
v 1.0221850 0.9500009 0.6851759
vn 2.1029801 -4.4289718 -1.5982348
v 1.0223100 0.9252220 0.6557231
vn 0.0055798 -6.2540088 -0.5391517
v 1.0231299 0.3527350 0.5244207
vn 0.0075913 -6.1832223 -1.0821283
v 1.0232899 0.3583730 0.4811692
vn 0.0142657 4.4329672 -4.4442983
v 1.0238210 1.2039900 0.2133608
vn 0.0124965 4.8035455 -4.0409393
v 1.0236830 1.2334991 0.2454839
vn -0.0210012 -2.1393797 5.9013486
v 1.0210090 0.6804760 1.0374241
vn -0.0198869 -2.6456158 5.6924210
v 1.0210949 0.6401550 1.0207829
vn 0.0199651 2.6456039 -5.6924219
v 1.0242770 1.0616190 0.1139431
vn 0.0186569 3.1316919 -5.4401689
v 1.0241790 1.1003351 0.1340346
vn -3.1534832 0.5477259 3.0812325
v 1.0315840 0.9916679 0.8382921
vn 0.0172668 3.5939608 -5.1465063
v 1.0240700 1.1371529 0.1574249
vn -3.1534259 0.5476983 3.0812309
v 1.0315800 0.9537709 0.8450251
vn 0.0218760 1.6169580 -6.0653343
v 1.0244349 0.9796810 0.0842390
vn 0.0209528 2.1393781 -5.9013515
v 1.0243620 1.0212979 0.0973024
vn -3.1026390 -0.3077946 -3.2507918
v 1.0322909 0.7357439 0.6894212
vn -3.1295526 -0.5512658 -3.1049919
v 1.0322950 0.7736410 0.6826887
vn -0.0142627 -4.4329739 4.4442983
v 1.0215510 0.4977840 0.9213648
vn -0.0125251 -4.8035083 4.0409827
v 1.0216880 0.4682750 0.8892426
vn 0.0239898 -0.5550097 -6.2525802
v 1.0245889 0.8066740 0.0693259
vn 0.0236815 -0.0080123 -6.2771659
v 1.0245720 0.8502500 0.0673680
vn 0.0238896 -1.0978806 -6.1804023
v 1.0245919 0.7634360 0.0750737
vn 0.0227896 1.0821754 -6.1831799
v 1.0244939 0.9370840 0.0748525
vn -3.1296589 -0.5512398 -3.1050293
v 1.0322989 0.8115380 0.6759572
vn -0.0240244 1.0989908 6.1862798
v 1.0230770 0.9281380 0.4520760
vn -0.0240350 1.0988675 6.1863017
v 1.0230730 0.8902419 0.4588065
vn -0.0176690 3.5030291 4.1639051
v 1.0230609 0.7765520 0.4790039
vn -0.0114153 5.9069796 2.1414666
v 1.0229319 0.7634330 0.5151892
vn 0.0230340 -2.6600850 -5.6856656
v 1.0245140 0.6390010 0.1144829
vn 0.0234409 -2.1544704 -5.8958497
v 1.0245540 0.6792780 0.0977392
vn -0.0114249 5.9070067 2.1413910
v 1.0228029 0.7503150 0.5513740
vn 0.0237877 -1.6324135 -6.0611815
v 1.0245800 0.7208620 0.0845690
vn 0.0113995 -5.9069839 -2.1414564
v 1.0229560 0.9908140 0.4747968
vn -0.0062890 -2.4040971 2.0224380
v 1.0230850 1.0039320 0.4386120
vn -0.0240245 1.0988643 6.1863027
v 1.0230809 0.9660351 0.4453430
vn -3.1295266 -0.5512772 -3.1050205
v 1.0315520 0.9981050 0.8459444
vn -0.0240434 1.0989105 6.1862941
v 1.0230650 0.8144481 0.4722710
vn -0.0240747 1.0990341 6.1862726
v 1.0230690 0.8523450 0.4655399
vn -0.0222403 3.1454887 5.4321966
v 1.0209119 1.1014380 1.0000534
vn -3.1536932 0.5476236 3.0813992
v 1.0315770 0.9158739 0.8517556
vn -3.1352808 2.4021811 -2.0342751
v 1.0321649 0.9423540 0.6916513
vn -3.1352525 2.4022491 -2.0342402
v 1.0320400 0.9671330 0.7211046
vn -3.1352282 2.4022324 -2.0342472
v 1.0319149 0.9919110 0.7505579
vn -2.9636030 -0.2917147 -3.1284523
v 1.0323060 0.8873311 0.6624928
vn -2.2515230 1.1855078 -2.5904171
v 1.0322900 0.9175760 0.6621990
vn 0.0203896 -4.0410109 -4.8034458
v 1.0243109 0.5290051 0.1847539
vn -0.0238969 0.5549892 6.2525849
v 1.0207820 0.8950990 1.0654006
vn -0.0237910 0.0079995 6.2771583
v 1.0208000 0.8515240 1.0673590
vn -3.1295595 -0.5513220 -3.1050725
v 1.0323030 0.8494350 0.6692247
vn -3.1352336 2.4022384 -2.0342906
v 1.0317900 1.0166891 0.7800107
vn 0.0232419 0.5390632 -6.2539692
v 1.0245399 0.8938300 0.0692139
vn -0.0227590 -1.0821085 6.1831894
v 1.0208770 0.7646900 1.0598741
vn -0.0219330 -1.6169865 6.0653267
v 1.0209370 0.7220930 1.0504875
vn -3.4061928 0.9261047 2.9623861
v 1.0315729 0.8779770 0.8584890
vn 0.0158986 4.0287318 -4.8137689
v 1.0239500 1.1717920 0.1839337
vn 0.1980448 2.7111290 -1.0493881
v 1.0222870 0.6978419 0.6961145
vn -0.0114165 5.9069848 2.1414509
v 1.0224160 0.7109600 0.6599302
vn -0.0114566 5.9069891 2.1414399
v 1.0225450 0.7240790 0.6237445
vn -0.0114235 5.9069977 2.1414151
v 1.0226740 0.7371970 0.5875587
vn 0.0067908 5.6856718 -2.6601391
v 1.0232290 1.3037710 0.3554764
vn 0.0179539 -4.8137779 -4.0287175
v 1.0241129 0.4674560 0.2464609
vn 0.0192206 -4.4443541 -4.4329038
v 1.0242180 0.4968830 0.2142639
vn -0.0047727 -5.8958969 2.1544600
v 1.0223039 0.3812590 0.7389717
vn -0.0027171 -6.0612354 1.6323938
v 1.0224689 0.3680890 0.6973877
vn -0.0068000 -5.6856937 2.6601057
v 1.0221430 0.3980030 0.7792492
vn -0.0087938 -5.4322104 3.1455154
v 1.0219860 0.4181930 0.8179140
vn -0.0006385 -6.1804547 1.0978494
v 1.0226350 0.3585940 0.6548147
vn 0.0014422 -6.2526193 0.5550818
v 1.0228009 0.3528460 0.6115756
vn 0.0114441 -5.9013906 -2.1393242
v 1.0235950 0.3808230 0.3969536
vn 0.0132393 -5.6924510 -2.6455865
v 1.0237370 0.3974640 0.3566341
vn -0.0164935 5.1465521 3.5938845
v 1.0213740 1.2608280 0.8536267
vn 0.0148691 -5.4401941 -3.1316710
v 1.0238720 0.4175560 0.3179178
vn 3.1352739 -2.4022603 2.0342557
v 1.0218099 1.0243361 0.7735357
vn 3.1352911 -2.4022224 2.0342875
v 1.0219350 0.9995580 0.7440829
vn 0.0095422 -6.0653906 -1.6168828
v 1.0234450 0.3677600 0.4385719
vn 0.0035280 -6.2771935 0.0080060
v 1.0229660 0.3508870 0.5680013
vn -6.0298901 0.3749719 -0.1407344
v 1.0315360 0.8465180 0.8728719
vn -3.1295724 -0.5512125 -3.1049840
v 1.0315399 0.8844150 0.8661404
vn -0.0187818 -3.1316385 5.4401927
v 1.0211930 0.6014390 1.0006924
vn -0.0173350 -3.5939403 5.1465149
v 1.0213020 0.5646210 0.9773021
vn 0.0165140 -5.1465478 -3.5938950
v 1.0239969 0.4409460 0.2811003
vn -0.0233525 -0.5391195 6.2539749
v 1.0208310 0.8079440 1.0655117
vn -0.0159408 -4.0288186 4.8137112
v 1.0214210 0.5299820 0.9507918
vn -0.0106839 -5.1373553 3.6070437
v 1.0218340 0.4416770 0.8546720
vn 0.0000000 0.0000000 0.0000000
v 1.0223560 1.3058181 0.5866437
vn -6.2831392 -0.0035573 -0.0237344
v 1.0314050 1.0238731 0.8809662
vn -6.2831392 -0.0036274 -0.0236440
v 1.0313200 1.0038581 0.9066010
vn -6.2631698 -0.1641706 -0.2527192
v 1.0312390 1.0314770 0.9237747
vn -6.1151366 -0.8226291 0.5489967
v 1.0314540 1.0597329 0.8627720
vn 0.0000000 0.0000000 0.0000000
v 1.0225019 1.3150139 0.5465059
vn 0.0000000 0.0000000 0.0000000
v 1.0220490 1.3065751 0.6677756
vn 0.0000000 0.0000000 0.0000000
v 1.0239360 0.5767550 0.2770720
vn 0.0000000 0.0000000 0.0000000
v 1.0240990 0.5460460 0.2385030
vn 0.0000000 0.0000000 0.0000000
v 1.0239509 0.5355960 0.2791929
vn 0.0000000 0.0000000 0.0000000
v 1.0217739 1.2803431 0.7446070
vn 0.0000000 0.0000000 0.0000000
v 1.0216659 1.2550461 0.7770991
vn 0.0000000 0.0000000 0.0000000
v 1.0243039 0.6007610 0.1758490
vn 0.0000000 0.0000000 0.0000000
v 1.0238470 0.4587340 0.3182387
vn 0.0000000 0.0000000 0.0000000
v 1.0237260 0.4798790 0.3472338
vn 0.0000000 0.0000000 0.0000000
v 1.0238490 0.4878920 0.3134289
vn 0.0000000 0.0000000 0.0000000
v 1.0240920 0.5754160 0.2358799
vn 0.0000000 0.0000000 0.0000000
v 1.0233929 1.2346041 0.3222218
vn -6.2831397 -0.0035180 -0.0237374
v 1.0314250 0.9024790 0.8940258
vn -6.2831402 -0.0035586 -0.0236885
v 1.0314289 0.9466290 0.8862662
vn 0.1143137 -0.4024324 -0.7224312
v 1.0209270 0.9121570 1.0245690
vn -6.1951761 -0.3788868 -0.6437844
v 1.0310830 0.9028190 0.9846888
vn -6.0437551 -0.1348492 -1.1316602
v 1.0310040 0.8707950 1.0102863
vn 0.0000000 0.0000000 0.0000000
v 1.0229640 1.2938011 0.4270916
vn -6.1147656 -0.1858181 -0.9641956
v 1.0311810 1.0755429 0.9327917
vn -6.2486715 -0.3157073 0.2749746
v 1.0313259 1.0675349 0.8952894
vn 0.0000000 0.0000000 0.0000000
v 1.0226569 1.3115180 0.5057740
vn -6.2831402 -0.0036027 -0.0236979
v 1.0312979 0.8520020 0.9352279
vn -6.2831397 -0.0035616 -0.0236284
v 1.0312240 0.8798910 0.9507027
vn -6.2831407 -0.0035715 -0.0236789
v 1.0313079 0.8937920 0.9261541
vn 0.0000000 0.0000000 0.0000000
v 1.0228080 1.2953069 0.4682426
vn 0.0000000 0.0000000 0.0000000
v 1.0208610 0.9552971 1.0355005
vn 0.0925124 -0.0390660 -0.7159032
v 1.0208820 0.8722400 1.0425415
vn 0.2153967 0.0875482 -1.1131022
v 1.0209540 0.8313031 1.0294237
vn 0.0000000 0.0000000 0.0000000
v 1.0215240 1.2430401 0.8164883
vn 0.1022491 -0.4367882 -0.6322114
v 1.0209659 1.0386691 0.9952312
vn 0.0000000 0.0000000 0.0000000
v 1.0213209 1.1910610 0.8782759
vn 0.0000000 0.0000000 0.0000000
v 1.0232160 0.8265770 0.4305177
vn 0.0000000 0.0000000 0.0000000
v 1.0233810 0.8189730 0.3877091
vn 0.0000000 0.0000000 0.0000000
v 1.0232960 0.7989580 0.4133449
vn 0.0000000 0.0000000 0.0000000
v 1.0244380 0.7149710 0.1231651
vn 0.0000000 0.0000000 0.0000000
v 1.0242929 0.6988090 0.1641512
vn 0.0000000 0.0000000 0.0000000
v 1.0242760 0.7273210 0.1642218
vn 0.0763362 -0.4976072 -0.4428751
v 1.0211279 1.1357820 0.9376650
vn 0.0000000 0.0000000 0.0000000
v 1.0211719 1.1750419 0.9202099
vn 0.0440167 -0.4810639 0.0499427
v 1.0212630 1.1539161 0.8991241
vn 0.0000000 0.0000000 0.0000000
v 1.0217000 1.0913391 0.7926168
vn 0.0000000 0.0000000 0.0000000
v 1.0214520 1.1582911 0.8483248
vn 0.0000000 0.0000000 0.0000000
v 1.0220460 1.0056410 0.7138162
vn 0.0000000 0.0000000 0.0000000
v 1.0219420 1.0387199 0.7362871
vn -6.2831392 -0.0035654 -0.0237401
v 1.0316809 1.0112231 0.8097587
vn 0.0000000 0.0000000 0.0000000
v 1.0241879 0.6950141 0.1924090
vn 0.0000000 0.0000000 0.0000000
v 1.0219600 1.1960709 0.7079396
vn 0.0000000 0.0000000 0.0000000
v 1.0217760 1.2113101 0.7544022
vn 0.0000000 0.0000000 0.0000000
v 1.0218730 1.2422221 0.7240996
vn 0.0000000 0.0000000 0.0000000
v 1.0224329 0.9815540 0.6147327
vn 0.0000000 0.0000000 0.0000000
v 1.0226990 1.0040281 0.5409989
vn -6.2831397 -0.0035711 -0.0237228
v 1.0317930 0.8387150 0.8060079
vn -6.2831402 -0.0035045 -0.0236908
v 1.0319220 0.8125090 0.7757368
vn -6.2831392 -0.0035353 -0.0237017
v 1.0317860 0.7969620 0.8139658
vn 0.0000000 0.0000000 0.0000000
v 1.0222120 0.9967110 0.6710300
vn -6.2831397 -0.0035950 -0.0236752
v 1.0318060 0.9863250 0.7803268
vn 0.0000000 0.0000000 0.0000000
v 1.0223080 0.9606640 0.6510563
vn -6.2831397 -0.0035657 -0.0236737
v 1.0321920 0.9116279 0.6892347
vn -6.2831402 -0.0035651 -0.0236485
v 1.0320680 0.9415120 0.7175088
vn -6.2831397 -0.0035312 -0.0236979
v 1.0319580 0.9288029 0.7487736
vn -6.2831397 -0.0035793 -0.0236679
v 1.0319250 0.9592370 0.7528973
vn 0.0000000 0.0000000 0.0000000
v 1.0221009 1.0304589 0.6954536
vn 0.1360459 -0.4834057 0.7380800
v 1.0214230 1.1029420 0.8644838
vn -6.2831397 -0.0035096 -0.0236922
v 1.0317860 0.9568390 0.7901754
vn -6.2831392 -0.0034916 -0.0237474
v 1.0318420 0.9276569 0.7794642
vn 0.0000000 0.0000000 0.0000000
v 1.0214100 1.2203391 0.8501482
vn 0.0000000 0.0000000 0.0000000
v 1.0231630 0.3993670 0.5085058
vn 0.0000000 0.0000000 0.0000000
v 1.0228410 1.0099580 0.5022073
vn 0.0000000 0.0000000 0.0000000
v 1.0236820 1.1945131 0.2516828
vn 0.0000000 0.0000000 0.0000000
v 1.0239969 1.0950511 0.1830235
vn 0.0000000 0.0000000 0.0000000
v 1.0239170 1.1332450 0.1984167
vn -6.0075550 0.5106184 -1.1239783
v 1.0312200 0.6798620 0.9817953
vn 0.2440325 0.5704505 -1.0257627
v 1.0212400 0.6412470 0.9821868
vn 0.0997071 0.2824268 -0.6838080
v 1.0211210 0.6683150 1.0097227
vn -6.2831392 -0.0036028 -0.0236862
v 1.0317580 0.8786309 0.8091311
vn -6.2831402 -0.0036105 -0.0236942
v 1.0318819 0.8591940 0.7792711
vn 0.0000000 0.0000000 0.0000000
v 1.0241200 1.0648880 0.1549916
vn 0.0000000 0.0000000 0.0000000
v 1.0242059 1.0278649 0.1376524
vn -6.2831392 -0.0035680 -0.0237709
v 1.0316770 0.9733331 0.8165255
vn 0.0000000 0.0000000 0.0000000
v 1.0238030 1.1647911 0.2240009
vn -6.2831397 -0.0035860 -0.0237105
v 1.0322059 0.8728890 0.6912236
vn -6.2831402 -0.0035326 -0.0236710
v 1.0320569 0.9090320 0.7252727
vn 0.0000000 0.0000000 0.0000000
v 1.0242469 0.9872571 0.1329265
vn 0.0000000 0.0000000 0.0000000
v 1.0243399 0.9508660 0.1136560
vn 0.0000000 0.0000000 0.0000000
v 1.0225470 0.4346820 0.6666203
vn 0.0000000 0.0000000 0.0000000
v 1.0225610 0.3974330 0.6684980
vn 0.0000000 0.0000000 0.0000000
v 1.0224130 0.4167970 0.7048397
vn -6.2831388 -0.0035862 -0.0237204
v 1.0321660 0.7605230 0.7188735
vn 0.0000000 0.0000000 0.0000000
v 1.0217140 0.5155680 0.8754120
vn 0.0000000 0.0000000 0.0000000
v 1.0245000 0.8294130 0.0895100
vn 0.0000000 0.0000000 0.0000000
v 1.0221989 1.3115840 0.6274166
vn 0.0000000 0.0000000 0.0000000
v 1.0244570 0.7941710 0.1063108
vn -6.2831402 -0.0035187 -0.0237169
v 1.0320029 0.6983070 0.7712135
vn -6.2309504 0.3468964 0.3838549
v 1.0321620 0.7226260 0.7256069
vn -6.1191821 0.5936922 0.6031104
v 1.0321530 0.6830210 0.7337761
vn 0.0000000 0.0000000 0.0000000
v 1.0243900 0.7533790 0.1301746
vn 0.0000000 0.0000000 0.0000000
v 1.0243419 0.8043130 0.1351099
vn 0.0000000 0.0000000 0.0000000
v 1.0224390 0.6593030 0.6616740
vn 0.0000000 0.0000000 0.0000000
v 1.0225450 0.6840820 0.6297159
vn 0.0000000 0.0000000 0.0000000
v 1.0235460 1.2191150 0.2840667
vn -6.2831397 -0.0035959 -0.0237473
v 1.0321699 0.7984130 0.7121067
vn 0.0000000 0.0000000 0.0000000
v 1.0223540 1.0224299 0.6295519
vn 0.0000000 0.0000000 0.0000000
v 1.0225170 1.0145099 0.5876141
vn 0.0000000 0.0000000 0.0000000
v 1.0231819 1.1761711 0.3869905
vn 0.0000000 0.0000000 0.0000000
v 1.0233170 1.1930811 0.3487492
vn 0.0000000 0.0000000 0.0000000
v 1.0233030 1.1605389 0.3572202
vn 0.0000000 0.0000000 0.0000000
v 1.0232220 1.0862160 0.3898211
vn 0.0000000 0.0000000 0.0000000
v 1.0233520 1.0836301 0.3557906
vn 0.0000000 0.0000000 0.0000000
v 1.0233150 1.0582781 0.3695087
vn 0.0000000 0.0000000 0.0000000
v 1.0215200 1.2145901 0.8217859
vn 0.0000000 0.0000000 0.0000000
v 1.0216460 1.2200940 0.7877455
vn 0.0000000 0.0000000 0.0000000
v 1.0222470 1.2661550 0.6213307
vn 0.0000000 0.0000000 0.0000000
v 1.0232080 0.9030710 0.4209938
vn 0.0000000 0.0000000 0.0000000
v 1.0220100 1.2486072 0.6867700
vn 0.0000000 0.0000000 0.0000000
v 1.0220840 1.2184739 0.6717806
vn 0.0000000 0.0000000 0.0000000
v 1.0230510 0.7417430 0.4868546
vn 0.0000000 0.0000000 0.0000000
v 1.0227950 1.2472150 0.4789691
vn 0.0000000 0.0000000 0.0000000
v 1.0226589 1.2268269 0.5179968
vn 0.0000000 0.0000000 0.0000000
v 1.0227050 1.2773409 0.4982691
vn 0.0000000 0.0000000 0.0000000
v 1.0231750 0.8665109 0.4352551
vn 0.0000000 0.0000000 0.0000000
v 1.0243700 0.6761000 0.1469097
vn 0.0000000 0.0000000 0.0000000
v 1.0245050 0.7467610 0.1004987
vn 0.0000000 0.0000000 0.0000000
v 1.0220439 1.0996480 0.7001572
vn 0.0000000 0.0000000 0.0000000
v 1.0221590 1.0842090 0.6720009
vn 0.0000000 0.0000000 0.0000000
v 1.0220220 1.0692751 0.7105808
vn 0.0000000 0.0000000 0.0000000
v 1.0218869 1.3076141 0.7107282
vn 0.0000000 0.0000000 0.0000000
v 1.0243620 0.6360800 0.1552601
vn 0.0000000 0.0000000 0.0000000
v 1.0209529 1.0733569 0.9933949
vn 0.1793044 -0.4834203 -0.7983813
v 1.0210570 1.0599990 0.9678135
vn 0.0000000 0.0000000 0.0000000
v 1.0229490 1.0340271 0.4699922
vn 0.0000000 0.0000000 0.0000000
v 1.0228699 1.0749030 0.4848099
vn 0.0000000 0.0000000 0.0000000
v 1.0230579 1.0694759 0.4359946
vn 0.0000000 0.0000000 0.0000000
v 1.0229380 0.7202200 0.5199928
vn 0.0000000 0.0000000 0.0000000
v 1.0240680 0.5064570 0.2525606
vn 0.0000000 0.0000000 0.0000000
v 1.0241979 0.5271120 0.2149301
vn 0.0000000 0.0000000 0.0000000
v 1.0234560 0.7755280 0.3744206
vn 0.0000000 0.0000000 0.0000000
v 1.0231830 0.9423050 0.4217896
vn 0.0000000 0.0000000 0.0000000
v 1.0223600 1.1234970 0.6127696
vn 0.0000000 0.0000000 0.0000000
v 1.0223030 1.0956030 0.6322312
vn 0.0000000 0.0000000 0.0000000
v 1.0221760 1.1231680 0.6616435
vn 0.0000000 0.0000000 0.0000000
v 1.0241020 0.8862659 0.1866632
vn 0.0000000 0.0000000 0.0000000
v 1.0241439 0.8451190 0.1816020
vn 0.0000000 0.0000000 0.0000000
v 1.0240229 0.8635799 0.2108507
vn -6.2831392 -0.0035874 -0.0236715
v 1.0314109 0.8357580 0.9077787
vn -6.2831397 -0.0035868 -0.0237171
v 1.0313010 0.8203610 0.9392486
vn 0.0770475 -0.2309011 -0.6240212
v 1.0210440 1.0946879 0.9659791
vn -6.0383945 -0.7750146 0.0954425
v 1.0312580 1.1120191 0.9068089
vn -6.2831397 -0.0035297 -0.0236794
v 1.0316850 0.9348750 0.8200965
vn 0.0827897 -0.0721084 -0.6883258
v 1.0209240 0.9921340 1.0133581
vn 0.0000000 0.0000000 0.0000000
v 1.0231739 0.7904280 0.4470859
vn -6.2831397 -0.0035756 -0.0236757
v 1.0314350 0.9844120 0.8788958
vn 0.0000000 0.0000000 0.0000000
v 1.0240229 0.8016230 0.2202244
vn 0.0000000 0.0000000 0.0000000
v 1.0239639 0.7781340 0.2394743
vn 0.0000000 0.0000000 0.0000000
v 1.0238590 0.8158600 0.2615519
vn 0.0000000 0.0000000 0.0000000
v 1.0242040 0.5732340 0.2064753
vn -6.2831402 -0.0035420 -0.0236705
v 1.0316529 0.8601900 0.8397999
vn -6.2831407 -0.0035250 -0.0235708
v 1.0316460 0.8985900 0.8359036
vn -6.2831397 -0.0036075 -0.0236998
v 1.0319110 0.7721830 0.7845125
vn -6.2831397 -0.0035539 -0.0236882
v 1.0316610 0.8217400 0.8434186
vn -6.2831397 -0.0035484 -0.0236838
v 1.0315410 0.8119389 0.8768139
vn -6.2831397 -0.0036002 -0.0237483
v 1.0311670 0.8284510 0.9733362
vn -6.2831397 -0.0035501 -0.0236644
v 1.0317609 0.9088699 0.8037601
vn -6.2831392 -0.0035848 -0.0237192
v 1.0321610 0.8368720 0.7085357
vn 0.0000000 0.0000000 0.0000000
v 1.0244280 0.8660210 0.1030831
vn 0.0000000 0.0000000 0.0000000
v 1.0243850 0.8307780 0.1198850
vn 0.0000000 0.0000000 0.0000000
v 1.0242720 0.8643079 0.1448526
vn 0.1015124 0.1153246 -0.7530777
v 1.0209550 0.7898740 1.0354071
vn -6.0934911 0.3324939 -1.0297867
v 1.0311110 0.7743570 0.9965439
vn 0.2810457 0.3593173 -1.2272640
v 1.0210520 0.7521760 1.0153160
vn -6.1505494 0.1315537 -0.8964931
v 1.0310559 0.8417850 1.0007930
vn 0.0000000 0.0000000 0.0000000
v 1.0242519 0.9061009 0.1438050
vn 0.2408628 0.1016960 -1.1893021
v 1.0211010 0.7069240 1.0092931
vn 0.0000000 0.0000000 0.0000000
v 1.0237560 1.0538011 0.2530994
vn 0.0000000 0.0000000 0.0000000
v 1.0238550 1.0686290 0.2246146
vn 0.0000000 0.0000000 0.0000000
v 1.0239360 1.0433221 0.2071028
vn 0.0000000 0.0000000 0.0000000
v 1.0233020 0.8589370 0.4026899
vn 0.0000000 0.0000000 0.0000000
v 1.0234790 0.9290290 0.3452168
vn 0.0000000 0.0000000 0.0000000
v 1.0236360 0.9376050 0.3024135
vn 0.0000000 0.0000000 0.0000000
v 1.0236369 0.9066860 0.3069038
vn 0.1034037 0.4248784 -0.6302834
v 1.0213079 0.5942730 0.9712987
vn -6.2831397 -0.0035331 -0.0236562
v 1.0318769 0.7003930 0.8042994
vn -6.2831392 -0.0035244 -0.0236811
v 1.0317620 0.6818960 0.8377218
vn -6.2831392 -0.0035254 -0.0236616
v 1.0317860 0.7265760 0.8246336
vn -6.2831392 -0.0035716 -0.0236909
v 1.0316460 0.7795160 0.8537917
vn -6.2831397 -0.0035600 -0.0236878
v 1.0314009 0.7236620 0.9271750
vn -6.2831402 -0.0035705 -0.0237271
v 1.0315590 0.7462440 0.8817825
vn -6.2831402 -0.0035587 -0.0236752
v 1.0314970 0.6983760 0.9054604
vn -6.2831392 -0.0035655 -0.0237346
v 1.0320400 0.7854220 0.7483058
vn -6.2831392 -0.0035938 -0.0237267
v 1.0320370 0.7474050 0.7550597
vn 0.0641906 0.5352972 -0.2224377
v 1.0215700 0.5374480 0.9102969
vn -6.1784058 0.6141345 -0.5140598
v 1.0315170 0.5959110 0.9156189
vn 0.1728376 0.7862908 -0.6391738
v 1.0214400 0.5723980 0.9394817
vn -6.0154324 0.7204467 -0.9720307
v 1.0313950 0.6105010 0.9458008
vn -6.2831397 -0.0035870 -0.0237158
v 1.0316809 0.7474260 0.8494167
vn -6.2831397 -0.0036119 -0.0236705
v 1.0317910 0.7623490 0.8179350
vn 0.2403070 0.9373139 0.3521552
v 1.0220599 0.6471249 0.7639318
vn 0.0281712 0.3835335 0.0029370
v 1.0221679 0.6314430 0.7375841
vn -6.0404034 -0.8655336 -0.7118036
v 1.0310910 1.0267079 0.9639530
vn 0.0000000 0.0000000 0.0000000
v 1.0243970 0.9112040 0.1046610
vn -6.2831402 -0.0035700 -0.0236744
v 1.0320040 0.8440900 0.7491703
vn -6.2831397 -0.0035481 -0.0236883
v 1.0320610 0.8149070 0.7384577
vn 0.0000000 0.0000000 0.0000000
v 1.0215460 1.1077349 0.8309507
vn 0.0000000 0.0000000 0.0000000
v 1.0216119 1.1339481 0.8094950
vn 0.0000000 0.0000000 0.0000000
v 1.0217060 1.1584771 0.7809849
vn 0.0000000 0.0000000 0.0000000
v 1.0215629 1.1630120 0.8183198
vn 0.0000000 0.0000000 0.0000000
v 1.0225830 0.9837210 0.5745778
vn 0.0358429 0.1397052 0.4246656
v 1.0223260 0.6686301 0.6900196
vn 0.0000000 0.0000000 0.0000000
v 1.0232639 1.2627139 0.3523130
vn 0.0000000 0.0000000 0.0000000
v 1.0237060 0.4467280 0.3576279
vn 0.0000000 0.0000000 0.0000000
v 1.0230590 0.7080260 0.4898429
vn 0.0000000 0.0000000 0.0000000
v 1.0239609 0.4814710 0.2845817
vn 0.0000000 0.0000000 0.0000000
v 1.0226970 0.6855389 0.5893025
vn 0.0000000 0.0000000 0.0000000
v 1.0235980 1.1654429 0.2783890
vn 0.0000000 0.0000000 0.0000000
v 1.0234530 1.1596751 0.3175979
vn 0.0000000 0.0000000 0.0000000
v 1.0234940 1.1900771 0.3020411
vn 0.0000000 0.0000000 0.0000000
v 1.0227879 0.7180449 0.5601459
vn 0.0000000 0.0000000 0.0000000
v 1.0228560 0.6873490 0.5468769
vn 0.0000000 0.0000000 0.0000000
v 1.0231169 1.2817600 0.3882465
vn 0.0000000 0.0000000 0.0000000
v 1.0226300 0.6399890 0.6137309
vn 0.0000000 0.0000000 0.0000000
v 1.0232310 0.9781640 0.4035902
vn 0.0000000 0.0000000 0.0000000
v 1.0223680 0.6201060 0.6861978
vn 0.0835319 0.5743915 0.4465010
v 1.0222540 0.6487440 0.7122698
vn 0.0000000 0.0000000 0.0000000
v 1.0223249 0.9950510 0.6412878
vn 0.0000000 0.0000000 0.0000000
v 1.0222560 0.4218840 0.7457027
vn 0.0000000 0.0000000 0.0000000
v 1.0227870 1.0419471 0.5119300
vn 0.0000000 0.0000000 0.0000000
v 1.0221050 0.4372650 0.7833509
vn 0.0000000 0.0000000 0.0000000
v 1.0227159 0.3883370 0.6288586
vn 0.0000000 0.0000000 0.0000000
v 1.0217869 1.1246099 0.7646260
vn 0.0000000 0.0000000 0.0000000
v 1.0218630 1.0843310 0.7505169
vn 0.0000000 0.0000000 0.0000000
v 1.0219389 1.2789869 0.7012510
vn 0.0000000 0.0000000 0.0000000
v 1.0235970 0.4214310 0.3901200
vn 0.0000000 0.0000000 0.0000000
v 1.0238650 1.1025159 0.2169547
vn 0.0000000 0.0000000 0.0000000
v 1.0238050 1.1354949 0.2278829
vn 0.0000000 0.0000000 0.0000000
v 1.0230230 0.3867080 0.5476894
vn 0.0000000 0.0000000 0.0000000
v 1.0234649 0.4056850 0.4276166
vn 0.0000000 0.0000000 0.0000000
v 1.0232700 0.3874390 0.4819880
vn 0.0000000 0.0000000 0.0000000
v 1.0233049 0.4134100 0.4689121
vn 0.0000000 0.0000000 0.0000000
v 1.0218019 1.0576470 0.7706618
vn 0.0000000 0.0000000 0.0000000
v 1.0219630 0.4588100 0.8177824
vn -6.2831402 -0.0035259 -0.0237266
v 1.0316499 0.7048570 0.8640680
vn -6.2831397 -0.0035312 -0.0236868
v 1.0316089 0.6703620 0.8798714
vn 0.0000000 0.0000000 0.0000000
v 1.0229430 1.2358489 0.4414468
vn 0.0000000 0.0000000 0.0000000
v 1.0229180 1.1858251 0.4555855
vn 0.0000000 0.0000000 0.0000000
v 1.0227840 1.2015181 0.4886856
vn 0.0000000 0.0000000 0.0000000
v 1.0224390 1.0937440 0.5962887
vn 0.0000000 0.0000000 0.0000000
v 1.0225730 1.0805979 0.5627856
vn 0.0000000 0.0000000 0.0000000
v 1.0224630 1.0577631 0.5954776
vn -6.2831397 -0.0035749 -0.0237003
v 1.0313890 0.8722860 0.9078937
vn 0.0000000 0.0000000 0.0000000
v 1.0241669 0.6076869 0.2110515
vn 0.0000000 0.0000000 0.0000000
v 1.0242590 0.6288890 0.1835117
vn 0.0000000 0.0000000 0.0000000
v 1.0224700 1.1700299 0.5765557
vn 0.0000000 0.0000000 0.0000000
v 1.0225790 1.1563029 0.5498734
vn 0.0000000 0.0000000 0.0000000
v 1.0224810 1.1313970 0.5794578
vn -6.2831392 -0.0035406 -0.0237111
v 1.0315239 0.7784520 0.8862977
vn -6.2831397 -0.0035264 -0.0236528
v 1.0314180 0.7993900 0.9111853
vn -6.2831392 -0.0036008 -0.0237061
v 1.0313400 0.6971230 0.9473391
vn -6.2831402 -0.0035754 -0.0236753
v 1.0314300 0.6634480 0.9285998
vn -6.1705999 0.4351345 -0.6956474
v 1.0313179 0.6602980 0.9587021
vn -6.2831397 -0.0035707 -0.0237216
v 1.0319279 0.8884761 0.7626343
vn 0.0000000 0.0000000 0.0000000
v 1.0218440 0.5171390 0.8407059
vn 0.1082149 0.7362871 0.3485640
v 1.0218190 0.5518540 0.8420773
vn 0.0000000 0.0000000 0.0000000
v 1.0219749 0.5432440 0.8019009
vn 0.0000000 0.0000000 0.0000000
v 1.0225110 0.6247150 0.6477456
vn 0.0000000 0.0000000 0.0000000
v 1.0230169 0.6793440 0.5051746
vn 0.0000000 0.0000000 0.0000000
v 1.0229310 0.6483340 0.5327482
vn 0.0000000 0.0000000 0.0000000
v 1.0237030 0.5394290 0.3444309
vn 0.0000000 0.0000000 0.0000000
v 1.0237830 0.5583470 0.3202906
vn 0.0000000 0.0000000 0.0000000
v 1.0238440 0.5317870 0.3081484
vn 0.0000000 0.0000000 0.0000000
v 1.0227920 0.6647390 0.5671635
vn 0.0000000 0.0000000 0.0000000
v 1.0227900 0.6347950 0.5722737
vn -6.2831397 -0.0035339 -0.0237123
v 1.0319129 0.7362220 0.7896166
vn 0.0000000 0.0000000 0.0000000
v 1.0218260 0.4826590 0.8506589
vn 0.0000000 0.0000000 0.0000000
v 1.0221640 1.2387340 0.6476340
vn 0.0000000 0.0000000 0.0000000
v 1.0221030 1.2680240 0.6592822
vn 0.0000000 0.0000000 0.0000000
v 1.0224650 1.2822421 0.5611067
vn 0.0000000 0.0000000 0.0000000
v 1.0225849 1.2925560 0.5279169
vn 0.0000000 0.0000000 0.0000000
v 1.0225919 1.2635100 0.5304098
vn 0.0000000 0.0000000 0.0000000
v 1.0231760 1.0592921 0.4061818
vn 0.0000000 0.0000000 0.0000000
v 1.0232470 1.0315061 0.3913341
vn 0.0000000 0.0000000 0.0000000
v 1.0230709 1.0367041 0.4373035
vn 0.0000000 0.0000000 0.0000000
v 1.0228640 1.2676549 0.4574356
vn 0.0000000 0.0000000 0.0000000
v 1.0227259 1.1600530 0.5102110
vn 0.0000000 0.0000000 0.0000000
v 1.0226170 1.1917319 0.5343685
vn 0.0000000 0.0000000 0.0000000
v 1.0232769 1.2312500 0.3535290
vn 0.0000000 0.0000000 0.0000000
v 1.0230809 1.2453079 0.4033999
vn 0.0000000 0.0000000 0.0000000
v 1.0231850 1.2147341 0.3803377
vn 0.0000000 0.0000000 0.0000000
v 1.0234010 1.2067721 0.3244181
vn 0.0000000 0.0000000 0.0000000
v 1.0217670 1.2399499 0.7527008
vn 0.0000000 0.0000000 0.0000000
v 1.0222269 1.0288019 0.6622157
vn 0.0000000 0.0000000 0.0000000
v 1.0222960 1.0587039 0.6394291
vn 0.0000000 0.0000000 0.0000000
v 1.0226259 1.0415680 0.5546079
vn -6.2831397 -0.0035782 -0.0236612
v 1.0320860 0.8714569 0.7233500
vn 0.0000000 0.0000000 0.0000000
v 1.0240049 1.0647039 0.1854343
vn 0.0000000 0.0000000 0.0000000
v 1.0240489 1.0311489 0.1788368
vn 0.0000000 0.0000000 0.0000000
v 1.0241430 1.0049369 0.1578331
vn 0.0000000 0.0000000 0.0000000
v 1.0240300 1.0019910 0.1882339
vn 0.0000000 0.0000000 0.0000000
v 1.0233110 0.9382001 0.3886089
vn 0.0000000 0.0000000 0.0000000
v 1.0231100 1.0930691 0.4184270
vn 0.0000000 0.0000000 0.0000000
v 1.0240470 0.9247680 0.1953826
vn 0.0000000 0.0000000 0.0000000
v 1.0240780 0.9725000 0.1799393
vn 0.0000000 0.0000000 0.0000000
v 1.0241690 0.9399211 0.1607323
vn 0.0000000 0.0000000 0.0000000
v 1.0233600 0.8960870 0.3816800
vn 0.0000000 0.0000000 0.0000000
v 1.0234910 0.8553950 0.3530788
vn 0.0000000 0.0000000 0.0000000
v 1.0236430 0.8198200 0.3183193
vn 0.0000000 0.0000000 0.0000000
v 1.0238260 0.7824080 0.2754407
vn 0.0000000 0.0000000 0.0000000
v 1.0237180 0.7641130 0.3067021
vn 0.0000000 0.0000000 0.0000000
v 1.0233970 0.9705600 0.3607807
vn 0.0000000 0.0000000 0.0000000
v 1.0232930 0.7669360 0.4190331
vn 0.0000000 0.0000000 0.0000000
v 1.0235840 0.4531860 0.3887496
vn 0.0000000 0.0000000 0.0000000
v 1.0231910 0.6736860 0.4600973
vn 0.0000000 0.0000000 0.0000000
v 1.0230600 0.6460760 0.4989839
vn 0.0000000 0.0000000 0.0000000
v 1.0227129 0.4274680 0.6236572
vn 0.0000000 0.0000000 0.0000000
v 1.0228180 0.4302170 0.5953960
vn 0.0000000 0.0000000 0.0000000
v 1.0228620 0.4028120 0.5879679
vn 0.0000000 0.0000000 0.0000000
v 1.0233990 0.4433490 0.4394388
vn 0.0000000 0.0000000 0.0000000
v 1.0232539 0.4506910 0.4768400
vn 0.0000000 0.0000000 0.0000000
v 1.0233309 0.4765800 0.4523373
vn 0.0000000 0.0000000 0.0000000
v 1.0230839 0.4218970 0.5262699
vn 0.0000000 0.0000000 0.0000000
v 1.0231119 0.4482280 0.5148764
vn 0.0000000 0.0000000 0.0000000
v 1.0231969 0.4258920 0.4956255
vn 0.0000000 0.0000000 0.0000000
v 1.0235950 0.4904640 0.3803239
vn 0.0000000 0.0000000 0.0000000
v 1.0242569 0.6631610 0.1789699
vn -6.2831402 -0.0035438 -0.0236400
v 1.0313170 0.9718360 0.9122901
vn -6.2831392 -0.0036046 -0.0236737
v 1.0311810 0.9996620 0.9441447
vn 0.1464771 -0.0724295 -0.9031277
v 1.0209739 0.9503850 1.0064011
vn -6.2249451 -0.0752164 -0.5875411
v 1.0311320 0.9401560 0.9659262
vn -6.1313396 0.0146102 -0.9587976
v 1.0310689 0.9805240 0.9767170
vn -6.2831397 -0.0035415 -0.0236671
v 1.0313879 0.7569560 0.9256320
vn -6.1078186 0.0153855 -1.0396600
v 1.0310709 0.8027580 1.0027800
vn -6.2831392 -0.0035866 -0.0237318
v 1.0312250 0.7957110 0.9631033
vn -6.0607810 0.1660205 -1.1599389
v 1.0311680 0.7328750 0.9874029
vn 0.0000000 0.0000000 0.0000000
v 1.0223320 0.4421740 0.7224293
vn 0.0000000 0.0000000 0.0000000
v 1.0228750 0.3726700 0.5888538
vn 0.0000000 0.0000000 0.0000000
v 1.0229750 0.4295440 0.5539231
vn 0.0000000 0.0000000 0.0000000
v 1.0229520 0.4773730 0.5528140
vn 0.0000000 0.0000000 0.0000000
v 1.0225019 0.5038840 0.6682186
vn 0.0000000 0.0000000 0.0000000
v 1.0223460 0.5139320 0.7079821
vn 0.0000000 0.0000000 0.0000000
v 1.0224199 0.5468630 0.6835346
vn 0.0000000 0.0000000 0.0000000
v 1.0219320 0.4881130 0.8216143
vn -5.9886417 1.1713510 -0.1837762
v 1.0316260 0.5670140 0.8909302
vn 0.0000000 0.0000000 0.0000000
v 1.0231940 1.0074871 0.4090052
vn 0.0000000 0.0000000 0.0000000
v 1.0236290 1.1354611 0.2746611
vn 0.0000000 0.0000000 0.0000000
v 1.0237290 1.1168802 0.2508373
vn 0.0000000 0.0000000 0.0000000
v 1.0235510 1.1164961 0.2981796
vn 0.0000000 0.0000000 0.0000000
v 1.0227209 1.0792601 0.5236883
vn 0.0000000 0.0000000 0.0000000
v 1.0229779 1.2632890 0.4280696
vn 0.0000000 0.0000000 0.0000000
v 1.0215950 1.1905971 0.8056049
vn 0.0531436 -0.3144701 0.4648435
v 1.0213760 1.1351461 0.8719187
vn 0.0000000 0.0000000 0.0000000
v 1.0218970 1.1114931 0.7375240
vn 0.0000000 0.0000000 0.0000000
v 1.0238969 0.9259340 0.2348428
vn 0.0000000 0.0000000 0.0000000
v 1.0239520 0.9587499 0.2154760
vn 0.0000000 0.0000000 0.0000000
v 1.0242569 0.7623510 0.1640358
vn 0.0000000 0.0000000 0.0000000
v 1.0242339 0.7973720 0.1648431
vn 0.0000000 0.0000000 0.0000000
v 1.0235150 0.8913950 0.3414927
vn 0.0000000 0.0000000 0.0000000
v 1.0232660 0.7359911 0.4307909
vn 0.0000000 0.0000000 0.0000000
v 1.0240660 0.7350170 0.2186909
vn 0.0000000 0.0000000 0.0000000
v 1.0235200 0.8058800 0.3528485
vn 0.0000000 0.0000000 0.0000000
v 1.0241120 0.7790450 0.1999125
vn 0.0000000 0.0000000 0.0000000
v 1.0234780 0.4722770 0.4141626
vn -6.2831392 -0.0034989 -0.0237198
v 1.0311960 0.9663081 0.9451990
vn -6.2831397 -0.0035251 -0.0237436
v 1.0313109 0.9215700 0.9212189
vn -6.2831397 -0.0035291 -0.0236228
v 1.0313330 0.7842299 0.9362001
vn -6.2831392 -0.0034722 -0.0236952
v 1.0312170 0.7621420 0.9701562
vn 0.1765193 1.0050513 0.2742571
v 1.0217140 0.5449510 0.8709798
vn 0.0000000 0.0000000 0.0000000
v 1.0226010 0.4666710 0.6474419
vn 0.0000000 0.0000000 0.0000000
v 1.0222980 0.4727130 0.7269897
vn 0.0000000 0.0000000 0.0000000
v 1.0224429 0.4637710 0.6899629
vn 0.0000000 0.0000000 0.0000000
v 1.0221540 0.4722570 0.7650790
vn 0.0000000 0.0000000 0.0000000
v 1.0226110 0.5956700 0.6255388
vn 0.0000000 0.0000000 0.0000000
v 1.0226940 0.6128070 0.6007848
vn 0.0000000 0.0000000 0.0000000
v 1.0227410 0.5778780 0.5935979
vn 0.0000000 0.0000000 0.0000000
v 1.0231680 0.7191110 0.4592667
vn 0.0000000 0.0000000 0.0000000
v 1.0234200 0.5962350 0.4108200
vn 0.0000000 0.0000000 0.0000000
v 1.0235380 0.6030419 0.3784947
vn 0.0000000 0.0000000 0.0000000
v 1.0235859 0.5457500 0.3744431
vn -6.2831402 -0.0035574 -0.0236355
v 1.0315369 0.6330160 0.9047489
vn -6.1038008 0.8975612 0.4887729
v 1.0317429 0.5800860 0.8580737
vn 0.0000000 0.0000000 0.0000000
v 1.0234150 1.0143940 0.3494043
vn 0.0000000 0.0000000 0.0000000
v 1.0233170 0.9983570 0.3777461
vn 0.0000000 0.0000000 0.0000000
v 1.0235560 1.0402751 0.3082161
vn 0.0000000 0.0000000 0.0000000
v 1.0235679 1.0085762 0.3096848
vn 0.0000000 0.0000000 0.0000000
v 1.0218430 1.1660731 0.7435088
vn 0.0000000 0.0000000 0.0000000
v 1.0219840 1.1622810 0.7068272
vn 0.0000000 0.0000000 0.0000000
v 1.0219790 1.1290510 0.7130628
vn 0.0000000 0.0000000 0.0000000
v 1.0237520 0.9261690 0.2733393
vn 0.0000000 0.0000000 0.0000000
v 1.0237759 0.8873610 0.2729454
vn 0.0000000 0.0000000 0.0000000
v 1.0237440 0.8417330 0.2882700
vn 0.0000000 0.0000000 0.0000000
v 1.0236800 0.7296330 0.3218498
vn 0.0000000 0.0000000 0.0000000
v 1.0235870 0.7738250 0.3398871
vn 0.0000000 0.0000000 0.0000000
v 1.0238700 0.8537240 0.2530651
vn 0.0000000 0.0000000 0.0000000
v 1.0240030 0.8319850 0.2209225
vn 0.0000000 0.0000000 0.0000000
v 1.0239639 0.7495239 0.2437100
vn 0.0000000 0.0000000 0.0000000
v 1.0238810 0.7337230 0.2679329
vn 0.0000000 0.0000000 0.0000000
v 1.0240400 0.6032800 0.2455282
vn 0.0000000 0.0000000 0.0000000
v 1.0240840 0.7065740 0.2183981
vn 0.0000000 0.0000000 0.0000000
v 1.0238680 0.6219710 0.2881680
vn -6.2831397 -0.0035651 -0.0237013
v 1.0317390 0.6487200 0.8487067
vn -6.1461263 0.5221672 0.7381399
v 1.0318120 0.6040020 0.8361769
vn -6.2831392 -0.0035684 -0.0236914
v 1.0316540 0.6310000 0.8739634
vn 0.0000000 0.0000000 0.0000000
v 1.0229170 0.5613610 0.5495129
vn 0.0000000 0.0000000 0.0000000
v 1.0228130 0.5509530 0.5785499
vn 0.0000000 0.0000000 0.0000000
v 1.0237730 0.5123801 0.3299732
vn 0.0000000 0.0000000 0.0000000
v 1.0222470 1.1509151 0.6387415
vn 0.0000000 0.0000000 0.0000000
v 1.0221109 1.1618412 0.6730208
vn 0.0000000 0.0000000 0.0000000
v 1.0221959 1.1838021 0.6471405
vn 0.0000000 0.0000000 0.0000000
v 1.0237610 1.0879080 0.2466440
vn 0.0000000 0.0000000 0.0000000
v 1.0239229 0.8874490 0.2338729
vn 0.0000000 0.0000000 0.0000000
v 1.0241240 0.8148820 0.1913519
vn 0.0000000 0.0000000 0.0000000
v 1.0240030 0.6909560 0.2421713
vn 0.0000000 0.0000000 0.0000000
v 1.0233380 0.5115589 0.4454699
vn 0.0000000 0.0000000 0.0000000
v 1.0231249 0.5046420 0.5027537
vn 0.0000000 0.0000000 0.0000000
v 1.0231630 0.4739920 0.4974470
vn 0.0000000 0.0000000 0.0000000
v 1.0233910 0.7347450 0.3977108
vn 0.0000000 0.0000000 0.0000000
v 1.0235369 0.7351690 0.3591013
vn 0.0000000 0.0000000 0.0000000
v 1.0234129 0.6665750 0.4021521
vn 0.0000000 0.0000000 0.0000000
v 1.0233060 0.6957870 0.4262009
vn 0.0000000 0.0000000 0.0000000
v 1.0234680 0.6991120 0.3828387
vn -6.2831402 -0.0035451 -0.0236871
v 1.0316380 0.6013650 0.8825421
vn 0.0000000 0.0000000 0.0000000
v 1.0230399 0.6069360 0.5099702
vn 0.0000000 0.0000000 0.0000000
v 1.0220970 0.5007770 0.7759080
vn 0.0000000 0.0000000 0.0000000
v 1.0225730 0.5676270 0.6397343
vn 0.0000000 0.0000000 0.0000000
v 1.0226040 0.5363950 0.6362062
vn 0.0000000 0.0000000 0.0000000
v 1.0220710 1.1903100 0.6793499
vn 0.0000000 0.0000000 0.0000000
v 1.0238060 0.5919520 0.3090749
vn 0.0000000 0.0000000 0.0000000
v 1.0236790 0.6084380 0.3404317
vn 0.0000000 0.0000000 0.0000000
v 1.0234170 0.6290270 0.4068260
vn 0.0000000 0.0000000 0.0000000
v 1.0235620 0.6430220 0.3660970
vn 0.0000000 0.0000000 0.0000000
v 1.0228630 0.4540760 0.5800033
vn 0.0000000 0.0000000 0.0000000
v 1.0228070 0.6024340 0.5725198
vn 0.0000000 0.0000000 0.0000000
v 1.0229250 0.6075820 0.5405712
vn 0.0000000 0.0000000 0.0000000
v 1.0239910 0.6462670 0.2521009
vn 0.0000000 0.0000000 0.0000000
v 1.0241560 0.6435710 0.2086978
vn 0.0000000 0.0000000 0.0000000
v 1.0237349 0.6576051 0.3181300
vn 0.0000000 0.0000000 0.0000000
v 1.0236720 0.6370070 0.3380690
vn -6.0641141 1.1312723 0.1925046
v 1.0319920 0.6712090 0.7782540
vn -6.2458644 0.3105315 0.2974727
v 1.0318899 0.6672840 0.8059750
vn 0.0000000 0.0000000 0.0000000
v 1.0230759 0.5767290 0.5050249
vn 0.0000000 0.0000000 0.0000000
v 1.0234600 0.5292390 0.4102378
vn 0.0000000 0.0000000 0.0000000
v 1.0219840 0.5120340 0.8042622
vn 0.0000000 0.0000000 0.0000000
v 1.0226070 1.1176710 0.5480957
vn 0.0000000 0.0000000 0.0000000
v 1.0233129 0.5429720 0.4471865
vn 0.0000000 0.0000000 0.0000000
v 1.0232060 0.5334550 0.4771738
vn 0.0000000 0.0000000 0.0000000
v 1.0232210 0.5756810 0.4668670
vn 0.0000000 0.0000000 0.0000000
v 1.0229870 0.5107280 0.5385261
vn 0.0000000 0.0000000 0.0000000
v 1.0220920 0.5323750 0.7725501
vn 0.0000000 0.0000000 0.0000000
v 1.0220360 0.5713810 0.7816439
vn -6.1783795 0.4351709 0.6438369
v 1.0318680 0.6335670 0.8167248
vn 0.0000000 0.0000000 0.0000000
v 1.0231429 0.6173050 0.4811707
vn 0.0000000 0.0000000 0.0000000
v 1.0236340 0.6961430 0.3390770
vn 0.0000000 0.0000000 0.0000000
v 1.0228440 0.4911690 0.5794029
vn 0.0000000 0.0000000 0.0000000
v 1.0227240 0.5213430 0.6066351
vn 0.0000000 0.0000000 0.0000000
v 1.0227890 1.1217520 0.4992437
vn 0.0000000 0.0000000 0.0000000
v 1.0223780 1.1561179 0.6031418
vn 0.0000000 0.0000000 0.0000000
v 1.0224140 1.1979809 0.5874686
vn 0.0000000 0.0000000 0.0000000
v 1.0223089 1.2369959 0.6092854
vn 0.0000000 0.0000000 0.0000000
v 1.0224169 1.2265749 0.5821266
vn 0.0000000 0.0000000 0.0000000
v 1.0225140 1.2063439 0.5595670
vn 0.0000000 0.0000000 0.0000000
v 1.0223140 1.1847379 0.6158428
vn 0.0000000 0.0000000 0.0000000
v 1.0222460 1.2128711 0.6296158
vn 0.0000000 0.0000000 0.0000000
v 1.0238080 0.9595680 0.2535715
vn 0.0000000 0.0000000 0.0000000
v 1.0236210 0.8637970 0.3174629
vn 0.0000000 0.0000000 0.0000000
v 1.0228499 0.5205290 0.5734625
vn 0.0000000 0.0000000 0.0000000
v 1.0229610 1.0903621 0.4583826
vn 0.0000000 0.0000000 0.0000000
v 1.0229100 1.1195881 0.4675074
vn 0.0000000 0.0000000 0.0000000
v 1.0230310 1.1167920 0.4358187
vn 0.0000000 0.0000000 0.0000000
v 1.0231900 1.1312931 0.3915663
vn 0.0000000 0.0000000 0.0000000
v 1.0232899 1.1096230 0.3682508
vn 0.0000000 0.0000000 0.0000000
v 1.0223910 1.2565880 0.5845580
vn 0.0000000 0.0000000 0.0000000
v 1.0238670 0.9860629 0.2339458
vn 0.0000000 0.0000000 0.0000000
v 1.0235050 0.9568099 0.3342791
vn 0.0000000 0.0000000 0.0000000
v 1.0228900 1.1513929 0.4680905
vn 0.0000000 0.0000000 0.0000000
v 1.0225179 1.2349892 0.5542808
vn 0.0000000 0.0000000 0.0000000
v 1.0236020 0.9685350 0.3068209
vn 0.0000000 0.0000000 0.0000000
v 1.0230510 1.2049181 0.4173555
vn 0.0000000 0.0000000 0.0000000
v 1.0237930 1.0167570 0.2489429
vn 0.0000000 0.0000000 0.0000000
v 1.0239170 1.0139909 0.2164202
vn 0.0000000 0.0000000 0.0000000
v 1.0237180 0.9939560 0.2722988
vn 0.0000000 0.0000000 0.0000000
v 1.0230390 1.1632311 0.4267521
vn 0.0000000 0.0000000 0.0000000
v 1.0233719 1.1297851 0.3436208
vn 0.0000000 0.0000000 0.0000000
v 1.0236629 1.0780141 0.2741938
vn 0.0000000 0.0000000 0.0000000
v 1.0234920 0.9879259 0.3329964
vn 0.0000000 0.0000000 0.0000000
v 1.0234460 1.0947580 0.3292012
vn 0.0000000 0.0000000 0.0000000
v 1.0236759 1.0327821 0.2773790
vn 0.0000000 0.0000000 0.0000000
v 1.0235460 1.0720229 0.3060699
vn 0.1911451 0.7512214 0.7231874
v 1.0219480 0.6017240 0.8004923
vn 0.0282483 0.2278846 0.3221773
v 1.0220619 0.6132880 0.7683830
vn 0.0000000 0.0000000 0.0000000
v 1.0217119 1.1885660 0.7749925
vn 0.0000000 0.0000000 0.0000000
v 1.0238060 0.6959620 0.2934837
vn 0.0000000 0.0000000 0.0000000
v 1.0239069 0.6801130 0.2691298
vn 0.0000000 0.0000000 0.0000000
v 1.0236210 0.6668060 0.3471265
vn 0.0000000 0.0000000 0.0000000
v 1.0236520 0.5745290 0.3527098
vn 0.0884711 0.4711714 0.5700821
v 1.0219100 0.5716270 0.8150945
vn 0.0000000 0.0000000 0.0000000
v 1.0221890 0.6007960 0.7366228
vn 0.0000000 0.0000000 0.0000000
v 1.0233040 0.6514030 0.4334230
vn 0.0000000 0.0000000 0.0000000
v 1.0238630 0.6554600 0.2845101
vn 0.0000000 0.0000000 0.0000000
v 1.0232810 0.6060490 0.4462123
vn 0.0000000 0.0000000 0.0000000
v 1.0241120 0.6741050 0.2157497
vn 0.0000000 0.0000000 0.0000000
v 1.0230590 0.5403330 0.5150847
vn 0.0000000 0.0000000 0.0000000
v 1.0227489 0.4782400 0.6064243
vn 0.0000000 0.0000000 0.0000000
v 1.0226359 0.5012950 0.6330752
vn 0.0000000 0.0000000 0.0000000
v 1.0223340 0.5828150 0.7009511
vn 0.0000000 0.0000000 0.0000000
v 1.0224780 0.5901290 0.6616774
vn 0.0000000 0.0000000 0.0000000
v 1.0233660 0.5688590 0.4293089
vn 0.0000000 0.0000000 0.0000000
v 1.0234450 1.0573230 0.3349810
vn 0.0000000 0.0000000 0.0000000
v 1.0222349 0.5721059 0.7287169
vn 0.0000000 0.0000000 0.0000000
v 1.0222219 0.5433880 0.7365208
vn 0.0000000 0.0000000 0.0000000
v 1.0222080 0.5058240 0.7458220
vn -3.0571132 3.1252582 0.2580144
v 0.9922420 1.3490219 0.6101918
vn -3.0560684 3.1368229 -0.0155214
v 0.9924050 1.3508689 0.5666118
vn -6.2831402 -0.0035597 -0.0236733
v 0.9923560 1.3058009 0.5865312
vn -6.2831402 -0.0035394 -0.0236882
v 0.9914060 1.0238500 0.8808146
vn -6.2831397 -0.0035346 -0.0237335
v 0.9913200 1.0038359 0.9064503
vn -6.2831397 -0.0035363 -0.0237224
v 0.9912400 1.0314550 0.9236240
vn -6.2831397 -0.0035627 -0.0236535
v 0.9914539 1.0597110 0.8626208
vn -6.2831402 -0.0035219 -0.0236601
v 0.9915600 1.0738759 0.8323288
vn -6.2831392 -0.0035463 -0.0236510
v 0.9915560 1.0359790 0.8390617
vn -6.2831392 -0.0035569 -0.0237374
v 0.9925020 1.3149970 0.5463924
vn -3.0590670 3.0309899 0.7969565
v 0.9919270 1.3339970 0.6960421
vn -3.0580635 3.0898750 0.5295381
v 0.9920820 1.3433840 0.6534452
vn -6.2831402 -0.0035501 -0.0236894
v 0.9920490 1.3065579 0.6676631
vn -6.2831397 -0.0035121 -0.0236987
v 0.9939360 0.5767380 0.2769589
vn -6.2831392 -0.0035269 -0.0236626
v 0.9940990 0.5460290 0.2383885
vn -6.2831392 -0.0035629 -0.0237154
v 0.9939510 0.5355790 0.2790804
vn -3.0609512 2.8445640 1.3112946
v 0.9916350 1.3042929 0.7779789
vn -6.2831397 -0.0035398 -0.0236871
v 0.9917740 1.2803259 0.7444940
vn -6.2831392 -0.0035777 -0.0237174
v 0.9916660 1.2550290 0.7769856
vn -6.2831392 -0.0035681 -0.0237603
v 0.9943040 0.6007440 0.1757360
vn -3.0431359 -1.5745180 -2.7276223
v 0.9944600 0.6003180 0.1345596
vn -3.0436764 -1.8052455 -2.5802131
v 0.9943920 0.5635600 0.1580439
vn -3.0600286 2.9489553 1.0581208
v 0.9917770 1.3209341 0.7376585
vn -6.2831392 -0.0035863 -0.0237300
v 0.9938480 0.4587170 0.3181248
vn -6.2831397 -0.0036028 -0.0237338
v 0.9937260 0.4798620 0.3471208
vn -6.2831392 -0.0036131 -0.0237484
v 0.9938490 0.4878750 0.3133159
vn -6.2831397 -0.0035849 -0.0236596
v 0.9940920 0.5753990 0.2357664
vn -3.0616922 2.7183998 1.5543176
v 0.9915000 1.2842011 0.8166962
vn -3.0498624 2.7143965 -1.5842540
v 0.9933860 1.2835641 0.3166995
vn -3.0489936 2.5669703 -1.8150545
v 0.9935380 1.2600801 0.2799420
vn -6.2831392 -0.0035905 -0.0236943
v 0.9933929 1.2345870 0.3221083
vn -6.2831392 -0.0035528 -0.0236689
v 0.9915439 0.9222890 0.8592582
vn -6.2831402 -0.0035610 -0.0236226
v 0.9914250 0.9024560 0.8938746
vn -6.2831397 -0.0035318 -0.0236460
v 0.9914290 0.9466060 0.8861146
vn -6.2831392 -0.0035555 -0.0236825
v 0.9909270 0.9121400 1.0244560
vn -6.2831397 -0.0035468 -0.0236821
v 0.9910830 0.9027960 0.9845381
vn -6.2831407 -0.0035621 -0.0237046
v 0.9910040 0.8707721 1.0101347
vn -3.0529733 3.0289090 -0.8277263
v 0.9929030 1.3336680 0.4372263
vn -3.0519149 2.9461691 -1.0887511
v 0.9930670 1.3204980 0.3956418
vn -6.2831397 -0.0036075 -0.0237088
v 0.9929640 1.2937839 0.4269791
vn -3.0550227 3.1245828 -0.2890413
v 0.9925710 1.3489110 0.5230365
vn -6.2831392 -0.0035574 -0.0237117
v 0.9911810 1.0755200 0.9326420
vn -6.2831392 -0.0035838 -0.0237017
v 0.9913270 1.0675120 0.8951378
vn -6.2831397 -0.0035434 -0.0236603
v 0.9926580 1.3115010 0.5056605
vn -6.2831402 -0.0035574 -0.0237063
v 0.9912980 0.8519790 0.9350767
vn -6.2831397 -0.0035574 -0.0237126
v 0.9912240 0.8798680 0.9505520
vn -6.2831392 -0.0035458 -0.0237275
v 0.9913090 0.8937699 0.9260025
vn -6.2831392 -0.0035859 -0.0236763
v 0.9928080 1.2952900 0.4681301
vn -6.2831402 -0.0035322 -0.0236486
v 0.9908610 0.9552800 1.0353880
vn -3.0664184 0.5472298 3.0787158
v 0.9907800 0.9383211 1.0595388
vn -3.0663190 0.8144947 3.0191472
v 0.9907920 0.9808950 1.0500436
vn -3.0661325 0.0022887 3.1270688
v 0.9908000 0.8515070 1.0672460
vn -6.2831392 -0.0035152 -0.0236363
v 0.9908820 0.8722240 1.0424290
vn -6.2831392 -0.0035466 -0.0236943
v 0.9909540 0.8312860 1.0293107
vn -3.0539470 3.0884774 -0.5604232
v 0.9927370 1.3431630 0.4797974
vn -6.2831392 -0.0036030 -0.0237232
v 0.9915240 1.2430229 0.8163748
vn -6.2831397 -0.0035922 -0.0236756
v 0.9909660 1.0386519 0.9951181
vn -3.0659256 1.0754706 2.9364436
v 0.9908180 1.0224791 1.0368752
vn -3.0657358 1.3283242 2.8313143
v 0.9908580 1.0627561 1.0201311
vn -3.0632582 2.4051621 2.0029042
v 0.9912590 1.2343011 0.8881526
vn -6.2831392 -0.0035309 -0.0236447
v 0.9913210 1.1910441 0.8781643
vn -3.0639420 2.2204239 2.2049353
v 0.9911540 1.2048740 0.9203486
vn -6.2831392 -0.0035817 -0.0237042
v 0.9932160 0.8265600 0.4304051
vn -6.2831402 -0.0035241 -0.0236940
v 0.9933820 0.8189560 0.3875957
vn -6.2831397 -0.0035157 -0.0236838
v 0.9932960 0.7989410 0.4132309
vn -6.2831397 -0.0035571 -0.0236790
v 0.9944380 0.7149540 0.1230516
vn -6.2831392 -0.0036267 -0.0237622
v 0.9942930 0.6987920 0.1640368
vn -6.2831402 -0.0035738 -0.0236914
v 0.9942760 0.7273040 0.1641088
vn -6.2831397 -0.0035536 -0.0236739
v 0.9911280 1.1357651 0.9375515
vn -6.2831392 -0.0035274 -0.0236803
v 0.9911720 1.1750250 0.9200974
vn -6.2831397 -0.0035470 -0.0237014
v 0.9912630 1.1538990 0.8990097
vn -6.2831402 -0.0035232 -0.0236636
v 0.9917000 1.0913219 0.7925038
vn -6.2831392 -0.0035576 -0.0236773
v 0.9916850 1.0490980 0.8028755
vn -6.2831392 -0.0036038 -0.0237130
v 0.9914520 1.1582739 0.8482122
vn -6.2831392 -0.0034935 -0.0236740
v 0.9920460 1.0056241 0.7137032
vn -6.2831397 -0.0035144 -0.0237133
v 0.9919350 0.9995410 0.7439699
vn -6.2831397 -0.0035490 -0.0237002
v 0.9919430 1.0387030 0.7361727
vn -6.2831392 -0.0035525 -0.0236811
v 0.9916810 1.0112011 0.8096080
vn -3.0650597 1.8017765 2.5571380
v 0.9909800 1.1381800 0.9764566
vn -3.0645409 2.0188205 2.3901961
v 0.9910610 1.1727519 0.9498587
vn -6.2831397 -0.0035536 -0.0236922
v 0.9941880 0.6949970 0.1922960
vn -6.2831392 -0.0035956 -0.0237425
v 0.9919600 1.1960540 0.7078271
vn -6.2831397 -0.0035500 -0.0236587
v 0.9917770 1.2112930 0.7542901
vn -6.2831397 -0.0035618 -0.0236993
v 0.9918730 1.2422049 0.7239871
vn -6.2831402 -0.0035715 -0.0237035
v 0.9924330 0.9815370 0.6146197
vn -3.1358671 -2.9552970 -1.0825548
v 0.9925690 0.9514419 0.5832391
vn -3.1359003 -2.9553256 -1.0825821
v 0.9924400 0.9383240 0.6194248
vn -6.2831402 -0.0035832 -0.0237022
v 0.9926990 1.0040109 0.5408845
vn -3.1358349 -2.9552548 -1.0825881
v 0.9928270 0.9776780 0.5108690
vn -3.1358576 -2.9552643 -1.0825404
v 0.9926980 0.9645600 0.5470538
vn -6.2831392 -0.0035178 -0.0236702
v 0.9915480 0.9601859 0.8525257
vn -6.2831392 -0.0035819 -0.0236722
v 0.9917930 0.8386920 0.8058572
vn -6.2831397 -0.0036007 -0.0236657
v 0.9919220 0.8124860 0.7755857
vn -6.2831397 -0.0035240 -0.0237000
v 0.9917870 0.7969390 0.8138161
vn -6.2831388 -0.0035212 -0.0237730
v 0.9922120 0.9966940 0.6709170
vn -6.2831392 -0.0036065 -0.0236941
v 0.9921860 0.9499840 0.6850629
vn -6.2831392 -0.0036149 -0.0237074
v 0.9920599 0.9747620 0.7145171
vn -6.2831392 -0.0035317 -0.0237196
v 0.9918100 1.0243189 0.7734227
vn -6.2831397 -0.0035951 -0.0236825
v 0.9918060 0.9863020 0.7801771
vn -6.2831402 -0.0036040 -0.0236801
v 0.9923080 0.9606469 0.6509428
vn -6.2831397 -0.0035597 -0.0236909
v 0.9921920 0.9116051 0.6890841
vn -6.2831392 -0.0036046 -0.0237054
v 0.9920689 0.9414890 0.7173591
vn -6.2831397 -0.0035447 -0.0237270
v 0.9919580 0.9287810 0.7486229
vn -6.2831392 -0.0036188 -0.0236859
v 0.9919250 0.9592150 0.7527452
vn -4.1799212 -1.7538478 -2.0977714
v 0.9923110 0.9252051 0.6556101
vn -6.2831402 -0.0035549 -0.0236898
v 0.9921010 1.0304420 0.6953411
vn -6.2831392 -0.0035154 -0.0237260
v 0.9914230 1.1029251 0.8643708
vn -6.2831392 -0.0035884 -0.0237244
v 0.9917860 0.9568170 0.7900248
vn -6.2831392 -0.0035420 -0.0236987
v 0.9918430 0.9276339 0.7793126
vn -6.2831392 -0.0035856 -0.0236940
v 0.9914100 1.2203219 0.8500361
vn -3.0504785 -3.0933652 -0.5525609
v 0.9932899 0.3583560 0.4810548
vn -3.0515618 -3.1287174 -0.2810818
v 0.9931300 0.3527180 0.5243092
vn -6.2831397 -0.0035889 -0.0236394
v 0.9931640 0.3993500 0.5083928
vn -6.2831392 -0.0035527 -0.0237042
v 0.9928420 1.0099411 0.5020938
vn -3.0472269 2.2147663 -2.2336621
v 0.9938210 1.2039731 0.2132487
vn -6.2831397 -0.0035786 -0.0236552
v 0.9936820 1.1944962 0.2515697
vn -3.0480299 2.4000118 -2.0319686
v 0.9936830 1.2334819 0.2453699
vn -6.2831392 -0.0035131 -0.0236988
v 0.9939970 1.0950339 0.1829109
vn -6.2831392 -0.0035664 -0.0237118
v 0.9939180 1.1332281 0.1983042
vn -3.0456481 1.7952368 -2.5847819
v 0.9940700 1.1371360 0.1573119
vn -6.2831397 -0.0035304 -0.0236768
v 0.9912200 0.6798400 0.9816437
vn -6.2831392 -0.0035591 -0.0237061
v 0.9912400 0.6412300 0.9820738
vn -6.2831397 -0.0035061 -0.0236777
v 0.9911210 0.6682981 1.0096102
vn -3.0648961 -1.0714000 2.9391942
v 0.9910100 0.6804590 1.0373106
vn -3.0641472 -1.3245401 2.8346541
v 0.9910949 0.6401380 1.0206709
vn -6.2831392 -0.0035457 -0.0237232
v 0.9917590 0.8786090 0.8089800
vn -6.2831402 -0.0035540 -0.0236324
v 0.9918820 0.8591711 0.7791195
vn -3.0442591 1.3211150 -2.8577681
v 0.9942770 1.0616019 0.1138296
vn -6.2831392 -0.0035405 -0.0237364
v 0.9941200 1.0648711 0.1548777
vn -3.0449958 1.5641220 -2.7316074
v 0.9941790 1.1003180 0.1339221
vn -6.2831397 -0.0035430 -0.0236456
v 0.9915520 0.9980831 0.8457928
vn -6.2831392 -0.0035234 -0.0237089
v 0.9942060 1.0278480 0.1375413
vn -6.2831397 -0.0035574 -0.0237096
v 0.9916770 0.9733099 0.8163748
vn -6.2831402 -0.0035809 -0.0236823
v 0.9938030 1.1647739 0.2238879
vn -6.2831397 -0.0035687 -0.0237058
v 0.9922070 0.8728660 0.6910739
vn -6.2831397 -0.0035267 -0.0237242
v 0.9920580 0.9090100 0.7251220
vn -3.0433283 0.8067355 -3.0441632
v 0.9944350 0.9796640 0.0841260
vn -6.2831397 -0.0036023 -0.0237169
v 0.9942470 0.9872400 0.1328139
vn -3.0438724 1.0679497 -2.9621992
v 0.9943620 1.0212810 0.0971899
vn -6.2831388 -0.0035916 -0.0237189
v 0.9943410 0.9508490 0.1135430
vn -6.2831397 -0.0035423 -0.0236586
v 0.9925470 0.4346650 0.6665068
vn -6.2831397 -0.0035940 -0.0236979
v 0.9925610 0.3974160 0.6683850
vn -6.2831397 -0.0035344 -0.0236630
v 0.9924130 0.4167800 0.7047272
vn -3.1296217 -0.5512326 -3.1049871
v 0.9922910 0.7357220 0.6892700
vn -6.2831397 -0.0035523 -0.0236809
v 0.9921660 0.7605000 0.7187243
vn -3.1296535 -0.5512785 -3.1049855
v 0.9922950 0.7736180 0.6825380
vn -3.0605440 -2.4034963 2.0090024
v 0.9916890 0.4682580 0.8891301
vn -3.0613863 -2.2182305 2.2106376
v 0.9915510 0.4977670 0.9212518
vn -6.2831402 -0.0035818 -0.0236854
v 0.9917140 0.5155510 0.8752999
vn -3.0423317 -0.0057074 -3.1501341
v 0.9945720 0.8502330 0.0672536
vn -3.0422332 -0.2792490 -3.1377754
v 0.9945890 0.8066580 0.0692115
vn -6.2831392 -0.0035668 -0.0236880
v 0.9945000 0.8293959 0.0893965
vn -6.2831388 -0.0035472 -0.0237248
v 0.9921989 1.3115671 0.6273036
vn -3.0424287 -0.5507136 -3.1016791
v 0.9945920 0.7634190 0.0749612
vn -6.2831397 -0.0035754 -0.0236406
v 0.9944569 0.7941540 0.1061988
vn -3.0428474 0.5393932 -3.1031132
v 0.9944950 0.9370670 0.0747385
vn -6.2831392 -0.0034987 -0.0237216
v 0.9920040 0.6982840 0.7710638
vn -6.2831397 -0.0035692 -0.0236725
v 0.9921620 0.7226040 0.7254553
vn -6.2831392 -0.0035506 -0.0237091
v 0.9921540 0.6829980 0.7336254
vn -6.2831392 -0.0035299 -0.0237440
v 0.9943900 0.7533620 0.1300621
vn -6.2831397 -0.0035653 -0.0237083
v 0.9943430 0.8042960 0.1349964
vn -6.2831397 -0.0035417 -0.0236564
v 0.9924390 0.6592860 0.6615601
vn -3.1473126 2.9517019 1.0588866
v 0.9924160 0.7109430 0.6598167
vn -6.2831402 -0.0035483 -0.0236870
v 0.9925449 0.6840650 0.6296034
vn -6.2831402 -0.0035944 -0.0236780
v 0.9935459 1.2190981 0.2839541
vn -6.2831402 -0.0035574 -0.0237093
v 0.9921700 0.7983910 0.7119570
vn -3.1295543 -0.5512094 -3.1049917
v 0.9922990 0.8115150 0.6758056
vn -6.2831397 -0.0035376 -0.0236218
v 0.9923540 1.0224130 0.6294384
vn -6.2831392 -0.0035694 -0.0237373
v 0.9925170 1.0144930 0.5875006
vn -6.2831392 -0.0035696 -0.0236785
v 0.9931819 1.1761541 0.3868780
vn -6.2831392 -0.0035471 -0.0237278
v 0.9933169 1.1930640 0.3486357
vn -6.2831392 -0.0035378 -0.0237111
v 0.9933030 1.1605220 0.3571057
vn -6.2831392 -0.0035639 -0.0236746
v 0.9932220 1.0861990 0.3897080
vn -6.2831392 -0.0035543 -0.0237133
v 0.9933520 1.0836129 0.3556781
vn -6.2831397 -0.0035914 -0.0237043
v 0.9933150 1.0582609 0.3693962
vn -6.2831397 -0.0036220 -0.0237425
v 0.9915210 1.2145729 0.8216734
vn -6.2831402 -0.0035942 -0.0237299
v 0.9916460 1.2200770 0.7876339
vn -6.2831397 -0.0035472 -0.0237182
v 0.9922470 1.2661381 0.6212168
vn -3.1536777 0.5477366 3.0813193
v 0.9930770 0.9281210 0.4519615
vn -6.2831397 -0.0035328 -0.0237231
v 0.9932080 0.9030539 0.4208808
vn -3.1534953 0.5476582 3.0813341
v 0.9930730 0.8902250 0.4586940
vn -6.2831397 -0.0035480 -0.0237136
v 0.9920110 1.2485900 0.6866570
vn -6.2831392 -0.0035385 -0.0236962
v 0.9920840 1.2184570 0.6716681
vn -6.2831402 -0.0035798 -0.0236674
v 0.9930510 0.7417260 0.4867420
vn -3.1473198 2.9516792 1.0589012
v 0.9929320 0.7634160 0.5150757
vn -4.1975493 1.7491565 2.0661199
v 0.9930609 0.7765350 0.4788909
vn -6.2831392 -0.0035292 -0.0237438
v 0.9927950 1.2471981 0.4788570
vn -6.2831402 -0.0035684 -0.0236759
v 0.9926590 1.2268100 0.5178823
vn -6.2831392 -0.0035221 -0.0236764
v 0.9927050 1.2773240 0.4981570
vn -6.2831397 -0.0035861 -0.0236623
v 0.9931750 0.8664951 0.4351416
vn -3.0427015 -1.3317567 -2.8543334
v 0.9945140 0.6389840 0.1143684
vn -6.2831397 -0.0035689 -0.0236907
v 0.9943710 0.6760830 0.1467967
vn -3.0425398 -1.0789601 -2.9594088
v 0.9945540 0.6792610 0.0976257
vn -3.0423992 -0.8178759 -3.0420668
v 0.9945800 0.7208450 0.0844560
vn -6.2831397 -0.0035164 -0.0236553
v 0.9945060 0.7467440 0.1003861
vn -6.2831392 -0.0035403 -0.0236532
v 0.9920440 1.0996311 0.7000437
vn -6.2831392 -0.0035855 -0.0237471
v 0.9921589 1.0841920 0.6718879
vn -6.2831397 -0.0035743 -0.0236488
v 0.9920220 1.0692580 0.7104683
vn -6.2831392 -0.0035593 -0.0237247
v 0.9918870 1.3075972 0.7106137
vn -6.2831397 -0.0035472 -0.0237450
v 0.9943620 0.6360630 0.1551466
vn -6.2831392 -0.0035487 -0.0237036
v 0.9909530 1.0733411 0.9932823
vn -6.2831392 -0.0035410 -0.0237271
v 0.9910570 1.0599821 0.9677010
vn -6.2831397 -0.0035375 -0.0236658
v 0.9929500 1.0340099 0.4698787
vn -6.2831397 -0.0035670 -0.0237194
v 0.9928710 1.0748861 0.4846973
vn -6.2831397 -0.0035557 -0.0236946
v 0.9930580 1.0694590 0.4358826
vn -6.2831397 -0.0035982 -0.0236864
v 0.9929390 0.7202030 0.5198812
vn -3.1473088 2.9517190 1.0588109
v 0.9928030 0.7502980 0.5512605
vn -6.2831397 -0.0035648 -0.0236664
v 0.9940680 0.5064400 0.2524476
vn -6.2831397 -0.0035611 -0.0236882
v 0.9941980 0.5270950 0.2148170
vn -3.0446885 -2.2239349 -2.2279940
v 0.9942180 0.4968660 0.2141509
vn -6.2831392 -0.0035868 -0.0237128
v 0.9934559 0.7755110 0.3743081
vn -3.1359060 -2.9552507 -1.0825608
v 0.9929560 0.9907970 0.4746842
vn -5.2391057 -1.2049737 0.9914688
v 0.9930850 1.0039151 0.4384980
vn -3.1535420 0.5476658 3.0812976
v 0.9930810 0.9660180 0.4452300
vn -6.2831397 -0.0035100 -0.0237283
v 0.9931830 0.9422880 0.4216776
vn -6.2831402 -0.0035507 -0.0237150
v 0.9923600 1.1234798 0.6126556
vn -6.2831397 -0.0036251 -0.0236848
v 0.9923030 1.0955861 0.6321177
vn -6.2831397 -0.0035133 -0.0236930
v 0.9921760 1.1231511 0.6615324
vn -6.2831392 -0.0035487 -0.0237146
v 0.9941020 0.8862490 0.1865501
vn -6.2831397 -0.0035185 -0.0237354
v 0.9941440 0.8451020 0.1814876
vn -6.2831397 -0.0035152 -0.0237045
v 0.9940230 0.8635630 0.2107382
vn -6.2831397 -0.0035777 -0.0236697
v 0.9914110 0.8357360 0.9076290
vn -6.2831397 -0.0035820 -0.0237054
v 0.9913010 0.8203390 0.9390979
vn -6.2831392 -0.0035380 -0.0237357
v 0.9910450 1.0946710 0.9658651
vn -6.2831397 -0.0035815 -0.0237251
v 0.9912580 1.1119969 0.9066582
vn -6.2831392 -0.0035629 -0.0237486
v 0.9916850 0.9348521 0.8199472
vn -6.2831397 -0.0035432 -0.0236756
v 0.9909240 0.9921170 1.0132437
vn -6.2831397 -0.0035507 -0.0237233
v 0.9931740 0.7904109 0.4469728
vn -3.1535828 0.5477126 3.0812571
v 0.9930650 0.8144310 0.4721580
vn -6.2831397 -0.0035233 -0.0236801
v 0.9914359 0.9843901 0.8787446
vn -3.1536636 0.5477183 3.0812879
v 0.9930690 0.8523280 0.4654255
vn -3.0653882 1.5710144 2.7045197
v 0.9909120 1.1014211 0.9999409
vn -6.2831402 -0.0035729 -0.0236384
v 0.9940230 0.8016060 0.2201109
vn -6.2831402 -0.0035782 -0.0236651
v 0.9939640 0.7781170 0.2393608
vn -6.2831397 -0.0035613 -0.0236691
v 0.9938590 0.8158430 0.2614388
vn -3.1295960 -0.5512532 -3.1049979
v 0.9923069 0.8873090 0.6623416
vn -3.0440807 -2.0222278 -2.4132633
v 0.9943110 0.5289879 0.1846409
vn -6.2831397 -0.0035713 -0.0236975
v 0.9942040 0.5732170 0.2063608
vn -6.2831392 -0.0035924 -0.0237512
v 0.9916530 0.8601670 0.8396487
vn -6.2831392 -0.0035742 -0.0237594
v 0.9916460 0.8985670 0.8357544
vn -3.0662048 0.2757704 3.1147945
v 0.9907830 0.8950821 1.0652881
vn -6.2831397 -0.0035474 -0.0237167
v 0.9919119 0.7721600 0.7843618
vn -6.2831392 -0.0035898 -0.0237387
v 0.9916620 0.8217170 0.8432693
vn -6.2831392 -0.0035495 -0.0236936
v 0.9915410 0.8119161 0.8766627
vn -6.2831397 -0.0035922 -0.0236773
v 0.9915360 0.8464960 0.8727221
vn -6.2831397 -0.0035359 -0.0236908
v 0.9911680 0.8284280 0.9731846
vn -6.2831392 -0.0035964 -0.0237351
v 0.9917620 0.9088470 0.8036075
vn -3.1296580 -0.5512524 -3.1049681
v 0.9923030 0.8494120 0.6690741
vn -6.2831392 -0.0035475 -0.0237447
v 0.9921620 0.8368490 0.7083850
vn -3.0426691 0.2678079 -3.1384706
v 0.9945400 0.8938131 0.0691009
vn -6.2831397 -0.0035602 -0.0236750
v 0.9944280 0.8660040 0.1029701
vn -6.2831407 -0.0035987 -0.0236440
v 0.9943849 0.8307610 0.1197705
vn -6.2831402 -0.0035549 -0.0236642
v 0.9942720 0.8642910 0.1447396
vn -6.2831397 -0.0035369 -0.0236662
v 0.9909550 0.7898570 1.0352936
vn -6.2831392 -0.0035547 -0.0237289
v 0.9911110 0.7743340 0.9963927
vn -6.2831392 -0.0035713 -0.0237564
v 0.9910520 0.7521590 1.0152030
vn -6.2831392 -0.0035777 -0.0237886
v 0.9910570 0.8417630 1.0006418
vn -6.2831397 -0.0035535 -0.0236935
v 0.9942520 0.9060840 0.1436920
vn -6.2831392 -0.0035749 -0.0236909
v 0.9911010 0.7069070 1.0091801
vn -6.2831402 -0.0036009 -0.0236607
v 0.9937560 1.0537839 0.2529869
vn -6.2831402 -0.0035985 -0.0237106
v 0.9938550 1.0686121 0.2245021
vn -6.2831402 -0.0035829 -0.0236614
v 0.9939360 1.0433049 0.2069902
vn -6.2831397 -0.0035918 -0.0237475
v 0.9933020 0.8589200 0.4025769
vn -3.0651984 -0.8102621 3.0211611
v 0.9909370 0.7220760 1.0503750
vn -3.0656388 -0.5427663 3.0800724
v 0.9908770 0.7646730 1.0597610
vn -6.2831397 -0.0035939 -0.0236764
v 0.9934800 0.9290120 0.3451037
vn -6.2831402 -0.0035812 -0.0236681
v 0.9936360 0.9375880 0.3022995
vn -6.2831392 -0.0035683 -0.0236776
v 0.9936370 0.9066690 0.3067908
vn -6.2831392 -0.0035520 -0.0236876
v 0.9913080 0.5942560 0.9711862
vn -3.0637960 -1.5675733 2.7085862
v 0.9911930 0.6014220 1.0005779
vn -6.2831392 -0.0035313 -0.0237310
v 0.9918780 0.7003710 0.8041487
vn -6.2831397 -0.0035138 -0.0236793
v 0.9917620 0.6818730 0.8375697
vn -6.2831392 -0.0035738 -0.0237059
v 0.9917860 0.7265530 0.8244829
vn -6.2831392 -0.0035496 -0.0237111
v 0.9916460 0.7794930 0.8536410
vn -6.2831402 -0.0035389 -0.0237041
v 0.9914010 0.7236390 0.9270239
vn -6.2831397 -0.0035929 -0.0237066
v 0.9915600 0.7462210 0.8816319
vn -6.2831392 -0.0035719 -0.0237280
v 0.9914970 0.6983530 0.9053097
vn -6.2831397 -0.0035942 -0.0236859
v 0.9920410 0.7853990 0.7481551
vn -6.2831402 -0.0035529 -0.0236876
v 0.9920370 0.7473820 0.7549086
vn -6.2831402 -0.0036129 -0.0236612
v 0.9915700 0.5374309 0.9101839
vn -6.2831397 -0.0035426 -0.0236505
v 0.9915400 0.8843920 0.8659897
vn -6.2831388 -0.0035100 -0.0237003
v 0.9915169 0.5958880 0.9154677
vn -6.2831397 -0.0035679 -0.0236606
v 0.9914400 0.5723810 0.9393692
vn -6.2831397 -0.0035514 -0.0236888
v 0.9913950 0.6104790 0.9456496
vn -6.2831397 -0.0035873 -0.0236345
v 0.9916810 0.7474030 0.8492670
vn -6.2831397 -0.0035283 -0.0237323
v 0.9917910 0.7623260 0.8177853
vn -6.2831392 -0.0035398 -0.0237036
v 0.9920599 0.6471080 0.7638192
vn -6.2831397 -0.0035071 -0.0236954
v 0.9921679 0.6314260 0.7374706
vn -3.0463719 2.0125957 -2.4183719
v 0.9939499 1.1717751 0.1838207
vn -6.2831397 -0.0035884 -0.0237120
v 0.9910910 1.0266850 0.9638014
vn -6.2831397 -0.0034832 -0.0236946
v 0.9943970 0.9111870 0.1045475
vn -6.2831392 -0.0035767 -0.0237194
v 0.9920040 0.8440670 0.7490182
vn -6.2831392 -0.0035888 -0.0237248
v 0.9920610 0.8148840 0.7383070
vn -6.2831397 -0.0035210 -0.0236704
v 0.9915470 1.1077180 0.8308368
vn -6.2831397 -0.0035778 -0.0236719
v 0.9916130 1.1339309 0.8093820
vn -6.2831397 -0.0035633 -0.0236683
v 0.9917060 1.1584599 0.7808719
vn -6.2831392 -0.0035741 -0.0237065
v 0.9915630 1.1629951 0.8182073
vn -6.2831402 -0.0035667 -0.0237373
v 0.9925840 0.9837040 0.5744648
vn -5.2328339 1.1989807 -1.0309510
v 0.9922870 0.6978250 0.6960020
vn -6.2831397 -0.0035433 -0.0236839
v 0.9923270 0.6686130 0.6899056
vn -6.2831402 -0.0035107 -0.0236700
v 0.9932640 1.2626970 0.3522000
vn -3.1472936 2.9517095 1.0588657
v 0.9925449 0.7240620 0.6236305
vn -6.2831392 -0.0035713 -0.0236911
v 0.9937060 0.4467110 0.3575153
vn -3.0468659 -2.7217929 -1.5773532
v 0.9938720 0.4175390 0.3178048
vn -6.2831402 -0.0036065 -0.0236281
v 0.9930590 0.7080091 0.4897299
vn -6.2831397 -0.0035955 -0.0236738
v 0.9939620 0.4814540 0.2844696
vn -3.0453286 -2.4085908 -2.0258377
v 0.9941130 0.4674390 0.2463474
vn -3.1472092 2.9517126 1.0588841
v 0.9926740 0.7371800 0.5874472
vn -6.2831397 -0.0035383 -0.0237098
v 0.9926970 0.6855220 0.5891900
vn -3.0509908 2.8411276 -1.3415815
v 0.9932290 1.3037541 0.3553653
vn -6.2831397 -0.0035424 -0.0236858
v 0.9935980 1.1654260 0.2782760
vn -6.2831392 -0.0035382 -0.0237241
v 0.9934530 1.1596580 0.3174849
vn -6.2831397 -0.0035480 -0.0237149
v 0.9934950 1.1900599 0.3019290
vn -6.2831392 -0.0035893 -0.0237233
v 0.9927880 0.7180280 0.5600328
vn -6.2831392 -0.0035508 -0.0237356
v 0.9928560 0.6873320 0.5467639
vn -6.2831397 -0.0035717 -0.0237200
v 0.9931180 1.2817430 0.3881340
vn -6.2831402 -0.0035931 -0.0237064
v 0.9926299 0.6399720 0.6136179
vn -6.2831402 -0.0035219 -0.0237007
v 0.9932320 0.9781470 0.4034767
vn -3.0566652 -2.9497299 1.0657257
v 0.9923050 0.3812420 0.7388592
vn -3.0556560 -3.0323632 0.8046901
v 0.9924690 0.3680720 0.6972747
vn -6.2831397 -0.0035472 -0.0237257
v 0.9923680 0.6200890 0.6860852
vn -6.2831402 -0.0034547 -0.0237076
v 0.9922540 0.6487270 0.7121568
vn -6.2831402 -0.0035265 -0.0236539
v 0.9923260 0.9950340 0.6411748
vn -3.0577486 -2.8445361 1.3185288
v 0.9921430 0.3979860 0.7791357
vn -6.2831402 -0.0035245 -0.0237040
v 0.9922560 0.4218670 0.7455897
vn -6.2831388 -0.0035937 -0.0237537
v 0.9927869 1.0419300 0.5118165
vn -3.0586967 -2.7178521 1.5612231
v 0.9919860 0.4181760 0.8178005
vn -6.2831392 -0.0035444 -0.0237134
v 0.9921060 0.4372480 0.7832375
vn -3.0546026 -3.0919778 0.5374107
v 0.9926350 0.3585770 0.6547022
vn -6.2831397 -0.0035874 -0.0237202
v 0.9927160 0.3883200 0.6287460
vn -3.0536091 -3.1279850 0.2660058
v 0.9928010 0.3528290 0.6114631
vn -6.2831392 -0.0035601 -0.0237103
v 0.9917870 1.1245930 0.7645130
vn -6.2831392 -0.0035490 -0.0237320
v 0.9918630 1.0843141 0.7504025
vn -6.2831397 -0.0035650 -0.0237141
v 0.9919389 1.2789700 0.7011375
vn -3.0485978 -2.9524345 -1.0811902
v 0.9935949 0.3808060 0.3968410
vn -6.2831392 -0.0035363 -0.0236870
v 0.9935980 0.4214140 0.3900056
vn -3.0476837 -2.8478940 -1.3342798
v 0.9937370 0.3974470 0.3565207
vn -6.2831392 -0.0035077 -0.0237173
v 0.9938650 1.1024990 0.2168422
vn -6.2831397 -0.0035599 -0.0237327
v 0.9938050 1.1354780 0.2277708
vn -3.0625904 2.5715446 1.7854258
v 0.9913740 1.2608111 0.8535128
vn -6.2831392 -0.0035764 -0.0237057
v 0.9930230 0.3866910 0.5475769
vn -3.0495188 -3.0344028 -0.8199759
v 0.9934450 0.3677430 0.4384575
vn -6.2831392 -0.0035461 -0.0237328
v 0.9934649 0.4056680 0.4275041
vn -6.2831402 -0.0035867 -0.0236119
v 0.9932700 0.3874220 0.4818749
vn -6.2831397 -0.0035326 -0.0237174
v 0.9933050 0.4133930 0.4687982
vn -3.0525022 -3.1403463 -0.0075054
v 0.9929669 0.3508700 0.5678892
vn -6.2831388 -0.0035723 -0.0237404
v 0.9918020 1.0576301 0.7705488
vn -6.2831402 -0.0035865 -0.0237183
v 0.9919630 0.4587930 0.8176689
vn -6.2831402 -0.0035445 -0.0236815
v 0.9916500 0.7048340 0.8639169
vn -6.2831392 -0.0035425 -0.0236787
v 0.9916100 0.6703400 0.8797197
vn -6.2831397 -0.0035227 -0.0236808
v 0.9929430 1.2358320 0.4413342
vn -6.2831397 -0.0035685 -0.0237391
v 0.9929180 1.1858082 0.4554729
vn -6.2831397 -0.0035806 -0.0236819
v 0.9927840 1.2015011 0.4885726
vn -6.2831392 -0.0035768 -0.0236884
v 0.9924390 1.0937271 0.5961757
vn -6.2831397 -0.0035354 -0.0236846
v 0.9925730 1.0805809 0.5626731
vn -6.2831397 -0.0035707 -0.0236643
v 0.9924630 1.0577459 0.5953650
vn -6.2831397 -0.0035377 -0.0236695
v 0.9913900 0.8722630 0.9077430
vn -6.2831392 -0.0035379 -0.0236663
v 0.9941670 0.6076700 0.2109389
vn -6.2831392 -0.0035325 -0.0237426
v 0.9942590 0.6288720 0.1833987
vn -6.2831392 -0.0035487 -0.0237203
v 0.9924710 1.1700130 0.5764418
vn -6.2831402 -0.0035431 -0.0237018
v 0.9925790 1.1562860 0.5497599
vn -6.2831402 -0.0035388 -0.0237547
v 0.9924819 1.1313798 0.5793452
vn -6.2831397 -0.0035777 -0.0236709
v 0.9915240 0.7784300 0.8861470
vn -6.2831392 -0.0035295 -0.0236629
v 0.9914190 0.7993670 0.9110336
vn -3.0629885 -1.7986858 2.5617414
v 0.9913020 0.5646040 0.9771891
vn -6.2831392 -0.0035612 -0.0236707
v 0.9913400 0.6971000 0.9471879
vn -6.2831402 -0.0035778 -0.0237132
v 0.9914300 0.6634250 0.9284487
vn -6.2831397 -0.0035527 -0.0237147
v 0.9913180 0.6602750 0.9585509
vn -6.2831402 -0.0035179 -0.0236832
v 0.9919280 0.8884529 0.7624826
vn -6.2831397 -0.0035395 -0.0236797
v 0.9918440 0.5171220 0.8405929
vn -6.2831397 -0.0035514 -0.0237286
v 0.9918190 0.5518370 0.8419638
vn -6.2831397 -0.0035077 -0.0236449
v 0.9919760 0.5432270 0.8017879
vn -6.2831402 -0.0035625 -0.0236781
v 0.9925110 0.6246980 0.6476316
vn -6.2831397 -0.0035546 -0.0236863
v 0.9930180 0.6793270 0.5050616
vn -6.2831397 -0.0035659 -0.0237209
v 0.9929309 0.6483170 0.5326347
vn -6.2831397 -0.0035649 -0.0237046
v 0.9937029 0.5394120 0.3443179
vn -6.2831397 -0.0035163 -0.0236782
v 0.9937830 0.5583300 0.3201780
vn -6.2831402 -0.0036037 -0.0236831
v 0.9938440 0.5317701 0.3080349
vn -6.2831397 -0.0035281 -0.0237035
v 0.9927920 0.6647220 0.5670509
vn -6.2831397 -0.0035980 -0.0237174
v 0.9927900 0.6347780 0.5721607
vn -6.2831402 -0.0035718 -0.0237378
v 0.9919130 0.7361990 0.7894659
vn -6.2831402 -0.0035532 -0.0236298
v 0.9918260 0.4826420 0.8505459
vn -6.2831402 -0.0035435 -0.0236511
v 0.9921640 1.2387171 0.6475210
vn -6.2831397 -0.0036099 -0.0236589
v 0.9921030 1.2680070 0.6591678
vn -6.2831397 -0.0035550 -0.0236611
v 0.9924650 1.2822249 0.5609946
vn -6.2831392 -0.0035273 -0.0237359
v 0.9925850 1.2925389 0.5278039
vn -6.2831397 -0.0035335 -0.0236919
v 0.9925920 1.2634931 0.5302973
vn -6.2831397 -0.0035639 -0.0236978
v 0.9931760 1.0592749 0.4060688
vn -6.2831397 -0.0035792 -0.0236874
v 0.9932480 1.0314891 0.3912196
vn -6.2831397 -0.0035415 -0.0236539
v 0.9930710 1.0366869 0.4371910
vn -6.2831392 -0.0035893 -0.0237057
v 0.9928650 1.2676380 0.4573231
vn -6.2831397 -0.0035775 -0.0236613
v 0.9927270 1.1600361 0.5100975
vn -6.2831397 -0.0036286 -0.0237096
v 0.9926180 1.1917150 0.5342560
vn -6.2831392 -0.0035596 -0.0237052
v 0.9932770 1.2312331 0.3534164
vn -6.2831397 -0.0034977 -0.0236839
v 0.9930810 1.2452910 0.4032869
vn -6.2831392 -0.0035568 -0.0237240
v 0.9931850 1.2147171 0.3802252
vn -6.2831397 -0.0036045 -0.0237068
v 0.9934010 1.2067552 0.3243051
vn -6.2831397 -0.0036311 -0.0236622
v 0.9917670 1.2399330 0.7525864
vn -6.2831392 -0.0035281 -0.0237467
v 0.9922280 1.0287850 0.6621032
vn -6.2831402 -0.0035544 -0.0236994
v 0.9922970 1.0586870 0.6393156
vn -6.2831392 -0.0035954 -0.0236890
v 0.9926260 1.0415509 0.5544949
vn -6.2831392 -0.0035379 -0.0237896
v 0.9920860 0.8714340 0.7231989
vn -6.2831402 -0.0035811 -0.0237015
v 0.9940050 1.0646870 0.1853199
vn -6.2831402 -0.0035387 -0.0236634
v 0.9940490 1.0311320 0.1787238
vn -6.2831392 -0.0035681 -0.0236893
v 0.9941429 1.0049200 0.1577196
vn -6.2831402 -0.0035602 -0.0236748
v 0.9940300 1.0019741 0.1881208
vn -6.2831392 -0.0035651 -0.0237357
v 0.9933110 0.9381830 0.3884969
vn -6.2831392 -0.0035540 -0.0236588
v 0.9931110 1.0930519 0.4183135
vn -6.2831397 -0.0035788 -0.0236692
v 0.9940470 0.9247510 0.1952701
vn -6.2831392 -0.0035724 -0.0236830
v 0.9940780 0.9724830 0.1798248
vn -6.2831392 -0.0035694 -0.0237215
v 0.9941690 0.9399040 0.1606188
vn -6.2831392 -0.0035272 -0.0237607
v 0.9933610 0.8960701 0.3815670
vn -6.2831392 -0.0035507 -0.0236872
v 0.9934919 0.8553780 0.3529663
vn -6.2831392 -0.0035558 -0.0237146
v 0.9936430 0.8198030 0.3182058
vn -6.2831388 -0.0035719 -0.0237037
v 0.9938260 0.7823910 0.2753282
vn -6.2831397 -0.0035786 -0.0236773
v 0.9937180 0.7640960 0.3065891
vn -6.2831402 -0.0035873 -0.0236484
v 0.9933970 0.9705430 0.3606677
vn -6.2831397 -0.0035874 -0.0236876
v 0.9932930 0.7669190 0.4189196
vn -3.0460522 -2.5750091 -1.8084594
v 0.9939980 0.4409290 0.2809868
vn -6.2831397 -0.0036275 -0.0237053
v 0.9935850 0.4531690 0.3886371
vn -6.2831392 -0.0035640 -0.0236681
v 0.9931909 0.6736690 0.4599838
vn -6.2831392 -0.0035375 -0.0236864
v 0.9930600 0.6460590 0.4988708
vn -6.2831392 -0.0035703 -0.0237163
v 0.9927130 0.4274510 0.6235437
vn -6.2831392 -0.0035537 -0.0237104
v 0.9928180 0.4302000 0.5952840
vn -6.2831397 -0.0036265 -0.0237026
v 0.9928620 0.4027950 0.5878549
vn -6.2831402 -0.0035431 -0.0236983
v 0.9933990 0.4433320 0.4393263
vn -6.2831397 -0.0035351 -0.0237003
v 0.9932539 0.4506740 0.4767265
vn -6.2831392 -0.0035241 -0.0236760
v 0.9933320 0.4765630 0.4522228
vn -6.2831397 -0.0035952 -0.0237252
v 0.9930840 0.4218800 0.5261569
vn -6.2831397 -0.0035690 -0.0237046
v 0.9931120 0.4482110 0.5147619
vn -6.2831392 -0.0035582 -0.0236688
v 0.9931970 0.4258750 0.4955120
vn -6.2831402 -0.0035789 -0.0236725
v 0.9935949 0.4904470 0.3802109
vn -6.2831392 -0.0035551 -0.0237487
v 0.9942570 0.6631441 0.1788559
vn -6.2831392 -0.0035722 -0.0236847
v 0.9913170 0.9718140 0.9121389
vn -6.2831397 -0.0035580 -0.0236930
v 0.9911810 0.9996390 0.9439950
vn -6.2831392 -0.0035597 -0.0237100
v 0.9909739 0.9503680 1.0062876
vn -6.2831397 -0.0035432 -0.0237085
v 0.9911320 0.9401330 0.9657750
vn -6.2831392 -0.0035372 -0.0236984
v 0.9910690 0.9805021 0.9765673
vn -3.0658903 -0.2712862 3.1155498
v 0.9908320 0.8079270 1.0653992
vn -6.2831392 -0.0035371 -0.0237239
v 0.9913880 0.7569340 0.9254808
vn -6.2831392 -0.0035636 -0.0237486
v 0.9910710 0.8027350 1.0026288
vn -6.2831392 -0.0035284 -0.0237110
v 0.9912249 0.7956880 0.9629517
vn -6.2831392 -0.0035855 -0.0237035
v 0.9911690 0.7328530 0.9872532
vn -3.0621753 -2.0161664 2.3953762
v 0.9914220 0.5299650 0.9506798
vn -6.2831397 -0.0035010 -0.0236922
v 0.9923330 0.4421570 0.7223148
vn -6.2831397 -0.0035486 -0.0237241
v 0.9928760 0.3726530 0.5887403
vn -6.2831392 -0.0035756 -0.0237203
v 0.9929750 0.4295270 0.5538087
vn -6.2831402 -0.0035762 -0.0236907
v 0.9929520 0.4773560 0.5527005
vn -6.2831397 -0.0035625 -0.0236855
v 0.9925020 0.5038670 0.6681046
vn -6.2831392 -0.0035540 -0.0237169
v 0.9923460 0.5139150 0.7078686
vn -6.2831397 -0.0035385 -0.0236914
v 0.9924200 0.5468460 0.6834207
vn -6.2831392 -0.0035414 -0.0236799
v 0.9919320 0.4880960 0.8215008
vn -3.0596309 -2.5704098 1.7920172
v 0.9918340 0.4416600 0.8545589
vn -6.2831397 -0.0035495 -0.0237200
v 0.9916260 0.5669910 0.8907785
vn -6.2831392 -0.0035772 -0.0237433
v 0.9931950 1.0074699 0.4088917
vn -6.2831397 -0.0035354 -0.0236809
v 0.9936290 1.1354439 0.2745466
vn -6.2831397 -0.0035225 -0.0236688
v 0.9937290 1.1168630 0.2507229
vn -6.2831397 -0.0035394 -0.0237021
v 0.9935510 1.1164792 0.2980666
vn -6.2831397 -0.0035314 -0.0237486
v 0.9927210 1.0792429 0.5235748
vn -6.2831397 -0.0035637 -0.0236832
v 0.9929780 1.2632720 0.4279571
vn -6.2831402 -0.0035194 -0.0236257
v 0.9915950 1.1905801 0.8054914
vn -6.2831392 -0.0036438 -0.0237253
v 0.9913770 1.1351290 0.8718061
vn -6.2831392 -0.0035458 -0.0237059
v 0.9918970 1.1114759 0.7374105
vn -6.2831397 -0.0035596 -0.0236868
v 0.9938980 0.9259170 0.2347302
vn -6.2831397 -0.0035810 -0.0236554
v 0.9939520 0.9587330 0.2153625
vn -6.2831397 -0.0035605 -0.0237230
v 0.9942570 0.7623340 0.1639228
vn -6.2831402 -0.0035396 -0.0238016
v 0.9942340 0.7973550 0.1647286
vn -6.2831402 -0.0035330 -0.0236698
v 0.9935150 0.8913780 0.3413801
vn -6.2831397 -0.0035413 -0.0237591
v 0.9932660 0.7359740 0.4306779
vn -6.2831397 -0.0035716 -0.0236609
v 0.9940670 0.7350000 0.2185764
vn -6.2831397 -0.0035520 -0.0237257
v 0.9935200 0.8058630 0.3527360
vn -6.2831397 -0.0035989 -0.0236529
v 0.9941120 0.7790280 0.1998000
vn -6.2831397 -0.0035643 -0.0236787
v 0.9934780 0.4722600 0.4140501
vn -6.2831397 -0.0035409 -0.0237410
v 0.9911960 0.9662849 0.9450474
vn -6.2831392 -0.0035547 -0.0237042
v 0.9913120 0.9215470 0.9210682
vn -6.2831392 -0.0035087 -0.0237263
v 0.9913329 0.7842080 0.9360490
vn -6.2831397 -0.0035459 -0.0236513
v 0.9912170 0.7621190 0.9700046
vn -6.2831397 -0.0035904 -0.0237091
v 0.9917140 0.5449340 0.8708668
vn -6.2831397 -0.0035322 -0.0236998
v 0.9926010 0.4666540 0.6473303
vn -6.2831392 -0.0036464 -0.0236810
v 0.9922979 0.4726960 0.7268767
vn -6.2831402 -0.0035630 -0.0236592
v 0.9924430 0.4637540 0.6898499
vn -6.2831392 -0.0035783 -0.0236959
v 0.9921550 0.4722400 0.7649646
vn -6.2831397 -0.0035520 -0.0237322
v 0.9926110 0.5956530 0.6254263
vn -6.2831397 -0.0036166 -0.0237453
v 0.9926950 0.6127900 0.6006718
vn -6.2831397 -0.0035631 -0.0236954
v 0.9927420 0.5778610 0.5934858
vn -6.2831402 -0.0035767 -0.0237113
v 0.9931680 0.7190940 0.4591541
vn -6.2831392 -0.0035526 -0.0237731
v 0.9934210 0.5962180 0.4107070
vn -6.2831392 -0.0035482 -0.0236772
v 0.9935390 0.6030250 0.3783822
vn -6.2831397 -0.0035321 -0.0236918
v 0.9935859 0.5457330 0.3743300
vn -6.2831397 -0.0035437 -0.0236845
v 0.9915370 0.6329940 0.9045982
vn -6.2831397 -0.0035215 -0.0237135
v 0.9917430 0.5800630 0.8579240
vn -6.2831397 -0.0035300 -0.0236741
v 0.9934150 1.0143769 0.3492908
vn -6.2831397 -0.0035349 -0.0235914
v 0.9933180 0.9983400 0.3776340
vn -6.2831392 -0.0035869 -0.0237166
v 0.9935560 1.0402579 0.3081017
vn -6.2831392 -0.0035662 -0.0237651
v 0.9935690 1.0085590 0.3095722
vn -6.2831392 -0.0035454 -0.0236975
v 0.9918430 1.1660559 0.7433963
vn -6.2831392 -0.0035797 -0.0237766
v 0.9919840 1.1622639 0.7067137
vn -6.2831392 -0.0035312 -0.0236794
v 0.9919790 1.1290340 0.7129502
vn -6.2831392 -0.0035875 -0.0237271
v 0.9937520 0.9261519 0.2732258
vn -6.2831392 -0.0035677 -0.0236995
v 0.9937760 0.8873439 0.2728329
vn -6.2831397 -0.0035412 -0.0237067
v 0.9937440 0.8417161 0.2881560
vn -6.2831402 -0.0035838 -0.0237014
v 0.9936810 0.7296160 0.3217354
vn -6.2831392 -0.0035954 -0.0237350
v 0.9935880 0.7738090 0.3397727
vn -6.2831402 -0.0035343 -0.0236520
v 0.9938700 0.8537070 0.2529507
vn -6.2831402 -0.0035518 -0.0236631
v 0.9940030 0.8319680 0.2208099
vn -6.2831397 -0.0036065 -0.0237127
v 0.9939640 0.7495070 0.2435970
vn -6.2831392 -0.0035653 -0.0236865
v 0.9938820 0.7337060 0.2678194
vn -6.2831397 -0.0035318 -0.0236428
v 0.9940400 0.6032630 0.2454138
vn -6.2831397 -0.0035048 -0.0236349
v 0.9940840 0.7065570 0.2182846
vn -6.2831402 -0.0035948 -0.0236972
v 0.9938689 0.6219540 0.2880535
vn -6.2831402 -0.0035463 -0.0236913
v 0.9917390 0.6486970 0.8485560
vn -6.2831397 -0.0035780 -0.0237251
v 0.9918120 0.6039791 0.8360262
vn -6.2831392 -0.0035808 -0.0236457
v 0.9916540 0.6309770 0.8738117
vn -6.2831392 -0.0035511 -0.0236612
v 0.9929170 0.5613440 0.5493999
vn -6.2831397 -0.0035176 -0.0236691
v 0.9928139 0.5509360 0.5784359
vn -6.2831392 -0.0035572 -0.0236842
v 0.9937730 0.5123630 0.3298593
vn -6.2831397 -0.0034989 -0.0236409
v 0.9922470 1.1508980 0.6386290
vn -6.2831397 -0.0035067 -0.0236849
v 0.9921120 1.1618240 0.6729078
vn -6.2831392 -0.0035940 -0.0236260
v 0.9921970 1.1837850 0.6470270
vn -6.2831397 -0.0035305 -0.0236784
v 0.9937610 1.0878909 0.2465305
vn -6.2831392 -0.0035228 -0.0236580
v 0.9939229 0.8874320 0.2337599
vn -6.2831397 -0.0035287 -0.0236910
v 0.9941240 0.8148649 0.1912389
vn -6.2831392 -0.0035131 -0.0237241
v 0.9940030 0.6909390 0.2420578
vn -6.2831397 -0.0035367 -0.0236894
v 0.9933380 0.5115420 0.4453554
vn -6.2831397 -0.0035309 -0.0237595
v 0.9931260 0.5046250 0.5026412
vn -6.2831392 -0.0035366 -0.0237323
v 0.9931630 0.4739750 0.4973326
vn -6.2831402 -0.0035707 -0.0237045
v 0.9933920 0.7347280 0.3975983
vn -6.2831397 -0.0035780 -0.0237208
v 0.9935369 0.7351520 0.3589878
vn -6.2831402 -0.0035569 -0.0237174
v 0.9934130 0.6665580 0.4020391
vn -6.2831397 -0.0035396 -0.0237054
v 0.9933060 0.6957700 0.4260864
vn -6.2831402 -0.0035155 -0.0237284
v 0.9934680 0.6990950 0.3827262
vn -6.2831397 -0.0035408 -0.0237022
v 0.9916390 0.6013420 0.8823905
vn -6.2831397 -0.0034967 -0.0236420
v 0.9930410 0.6069191 0.5098557
vn -6.2831392 -0.0036296 -0.0237044
v 0.9920980 0.5007600 0.7757950
vn -6.2831392 -0.0035210 -0.0237062
v 0.9925730 0.5676100 0.6396208
vn -6.2831402 -0.0035597 -0.0236941
v 0.9926040 0.5363780 0.6360917
vn -6.2831392 -0.0036519 -0.0237549
v 0.9920720 1.1902931 0.6792374
vn -6.2831392 -0.0035099 -0.0237155
v 0.9938070 0.5919350 0.3089609
vn -6.2831402 -0.0035504 -0.0236952
v 0.9936790 0.6084210 0.3403192
vn -6.2831397 -0.0036061 -0.0237479
v 0.9934170 0.6290100 0.4067125
vn -6.2831392 -0.0035858 -0.0237157
v 0.9935630 0.6430050 0.3659840
vn -6.2831397 -0.0035218 -0.0236707
v 0.9928630 0.4540590 0.5798888
vn -6.2831397 -0.0035386 -0.0236674
v 0.9928070 0.6024171 0.5724077
vn -6.2831397 -0.0035374 -0.0237216
v 0.9929250 0.6075650 0.5404577
vn -6.2831407 -0.0035917 -0.0237063
v 0.9939910 0.6462499 0.2519879
vn -6.2831397 -0.0035358 -0.0236650
v 0.9941560 0.6435540 0.2085853
vn -6.2831397 -0.0035637 -0.0236560
v 0.9937350 0.6575879 0.3180170
vn -6.2831397 -0.0035636 -0.0236691
v 0.9936720 0.6369900 0.3379545
vn -6.2831402 -0.0035412 -0.0237188
v 0.9919920 0.6711860 0.7781029
vn -6.2831392 -0.0035629 -0.0236947
v 0.9918900 0.6672620 0.8058238
vn -6.2831397 -0.0035423 -0.0237008
v 0.9930760 0.5767120 0.5049119
vn -6.2831397 -0.0035786 -0.0236324
v 0.9934610 0.5292220 0.4101253
vn -6.2831397 -0.0035307 -0.0237093
v 0.9919840 0.5120170 0.8041477
vn -6.2831397 -0.0035140 -0.0237051
v 0.9926080 1.1176541 0.5479817
vn -6.2831392 -0.0035860 -0.0236850
v 0.9933140 0.5429550 0.4470749
vn -6.2831397 -0.0035760 -0.0237247
v 0.9932060 0.5334380 0.4770613
vn -6.2831397 -0.0036164 -0.0236958
v 0.9932210 0.5756640 0.4667540
vn -6.2831397 -0.0035428 -0.0237264
v 0.9929870 0.5107110 0.5384130
vn -6.2831397 -0.0035520 -0.0236674
v 0.9920920 0.5323580 0.7724366
vn -6.2831402 -0.0035603 -0.0236436
v 0.9920360 0.5713640 0.7815304
vn -6.2831392 -0.0035900 -0.0237416
v 0.9918690 0.6335440 0.8165751
vn -6.2831402 -0.0035391 -0.0236247
v 0.9931430 0.6172880 0.4810576
vn -6.2831402 -0.0035303 -0.0237034
v 0.9936350 0.6961260 0.3389630
vn -6.2831397 -0.0035855 -0.0236544
v 0.9928440 0.4911520 0.5792894
vn -6.2831392 -0.0035588 -0.0237195
v 0.9927240 0.5213260 0.6065207
vn -6.2831397 -0.0035542 -0.0237034
v 0.9927900 1.1217351 0.4991312
vn -6.2831397 -0.0035394 -0.0237554
v 0.9923780 1.1561010 0.6030293
vn -6.2831397 -0.0035599 -0.0237080
v 0.9924140 1.1979640 0.5873561
vn -6.2831397 -0.0035532 -0.0237573
v 0.9923090 1.2369790 0.6091719
vn -6.2831397 -0.0035346 -0.0237184
v 0.9924180 1.2265580 0.5820136
vn -6.2831392 -0.0035962 -0.0236700
v 0.9925140 1.2063270 0.5594540
vn -6.2831402 -0.0035500 -0.0237057
v 0.9923140 1.1847210 0.6157303
vn -6.2831392 -0.0035674 -0.0236785
v 0.9922460 1.2128539 0.6295033
vn -6.2831397 -0.0035534 -0.0237085
v 0.9938080 0.9595510 0.2534590
vn -6.2831402 -0.0035644 -0.0236889
v 0.9936210 0.8637801 0.3173485
vn -6.2831392 -0.0035119 -0.0236942
v 0.9928499 0.5205120 0.5733500
vn -6.2831392 -0.0035708 -0.0236308
v 0.9929610 1.0903449 0.4582696
vn -6.2831397 -0.0035835 -0.0236614
v 0.9929110 1.1195710 0.4673929
vn -6.2831392 -0.0035284 -0.0237019
v 0.9930320 1.1167750 0.4357057
vn -6.2831397 -0.0035732 -0.0236733
v 0.9931900 1.1312761 0.3914518
vn -6.2831392 -0.0035532 -0.0237471
v 0.9932910 1.1096060 0.3681378
vn -6.2831397 -0.0035689 -0.0237069
v 0.9923919 1.2565711 0.5844450
vn -6.2831407 -0.0035682 -0.0236658
v 0.9938670 0.9860460 0.2338333
vn -6.2831392 -0.0036213 -0.0236951
v 0.9935050 0.9567930 0.3341660
vn -6.2831402 -0.0036034 -0.0237023
v 0.9928900 1.1513760 0.4679780
vn -6.2831392 -0.0035272 -0.0236395
v 0.9925179 1.2349730 0.5541682
vn -6.2831397 -0.0035273 -0.0237244
v 0.9936020 0.9685180 0.3067083
vn -6.2831402 -0.0035792 -0.0236624
v 0.9930510 1.2049010 0.4172430
vn -6.2831402 -0.0035727 -0.0236663
v 0.9937930 1.0167401 0.2488298
vn -6.2831397 -0.0035252 -0.0236612
v 0.9939170 1.0139740 0.2163081
vn -6.2831397 -0.0035392 -0.0236754
v 0.9937180 0.9939390 0.2721858
vn -6.2831392 -0.0035874 -0.0236878
v 0.9930400 1.1632140 0.4266386
vn -6.2831392 -0.0035991 -0.0236893
v 0.9933720 1.1297681 0.3435078
vn -6.2831392 -0.0035576 -0.0236697
v 0.9936630 1.0779970 0.2740812
vn -6.2831397 -0.0035452 -0.0237731
v 0.9934919 0.9879090 0.3328829
vn -6.2831392 -0.0035503 -0.0236740
v 0.9934460 1.0947411 0.3290868
vn -6.2831397 -0.0035982 -0.0236680
v 0.9936770 1.0327649 0.2772655
vn -6.2831402 -0.0035707 -0.0236717
v 0.9935459 1.0720060 0.3059568
vn -6.2831397 -0.0035620 -0.0236553
v 0.9919479 0.6017070 0.8003778
vn -6.2831402 -0.0035509 -0.0236640
v 0.9920620 0.6132711 0.7682695
vn -6.2831388 -0.0034916 -0.0237323
v 0.9917120 1.1885490 0.7748785
vn -6.2831397 -0.0034844 -0.0236412
v 0.9938070 0.6959450 0.2933698
vn -6.2831397 -0.0035234 -0.0236934
v 0.9939070 0.6800960 0.2690172
vn -6.2831402 -0.0035344 -0.0236690
v 0.9936210 0.6667890 0.3470140
vn -6.2831402 -0.0035140 -0.0236844
v 0.9936520 0.5745120 0.3525972
vn -6.2831392 -0.0035643 -0.0237152
v 0.9919100 0.5716100 0.8149805
vn -6.2831397 -0.0035726 -0.0237015
v 0.9921890 0.6007790 0.7365103
vn -6.2831402 -0.0035416 -0.0236762
v 0.9933040 0.6513860 0.4333100
vn -6.2831397 -0.0036074 -0.0237093
v 0.9938630 0.6554430 0.2843981
vn -6.2831397 -0.0035782 -0.0237099
v 0.9932809 0.6060320 0.4460979
vn -6.2831397 -0.0035581 -0.0236646
v 0.9941120 0.6740881 0.2156372
vn -6.2831397 -0.0035876 -0.0237323
v 0.9930590 0.5403160 0.5149722
vn -6.2831397 -0.0035717 -0.0236997
v 0.9927500 0.4782230 0.6063099
vn -6.2831392 -0.0035872 -0.0237169
v 0.9926360 0.5012780 0.6329608
vn -6.2831392 -0.0035749 -0.0237262
v 0.9923339 0.5827980 0.7008381
vn -6.2831397 -0.0035478 -0.0236908
v 0.9924780 0.5901120 0.6615648
vn -6.2831402 -0.0035905 -0.0236846
v 0.9933660 0.5688420 0.4291954
vn -6.2831402 -0.0035473 -0.0236631
v 0.9934460 1.0573061 0.3348675
vn -6.2831402 -0.0035553 -0.0237126
v 0.9922349 0.5720890 0.7286043
vn -6.2831397 -0.0035431 -0.0237072
v 0.9922220 0.5433710 0.7364082
vn -6.2831397 -0.0035984 -0.0236564
v 0.9922079 0.5058070 0.7457075
vn 3.1535516 -0.5476902 -3.0813093
v 1.0222909 0.7357390 0.6893830
vn 3.1534755 -0.5477140 -3.0812905
v 1.0222950 0.7736350 0.6826506
vn 3.1535859 -0.5476464 -3.0812697
v 1.0222989 0.8115320 0.6759191
vn 3.1535263 -0.5476580 -3.0812321
v 1.0223069 0.8873261 0.6624546
vn 3.1534824 -0.5476976 -3.0812104
v 1.0223030 0.8494290 0.6691866
vn 6.2831397 0.0035065 0.0236755
v 1.0214050 1.0238671 0.8809280
vn 6.2831392 0.0035323 0.0236777
v 1.0212400 1.0314720 0.9237370
vn 6.2831402 0.0035571 0.0236134
v 1.0213200 1.0038531 0.9065628
vn 6.2831397 0.0035072 0.0236811
v 1.0214540 1.0597279 0.8627338
vn 6.2831402 0.0035288 0.0236973
v 1.0215560 1.0359960 0.8391747
vn 6.2831392 0.0035520 0.0236716
v 1.0215440 0.9223060 0.8593707
vn 6.2831397 0.0035587 0.0236887
v 1.0214289 0.9466230 0.8862281
vn 6.2831397 0.0035844 0.0237238
v 1.0214250 0.9024730 0.8939891
vn 6.2831402 0.0034994 0.0236623
v 1.0210040 0.8707890 1.0102482
vn 6.2831392 0.0035452 0.0236877
v 1.0210830 0.9028130 0.9846506
vn 6.2831402 0.0035422 0.0236875
v 1.0213270 1.0675290 0.8952522
vn 6.2831397 0.0035846 0.0237556
v 1.0211810 1.0755370 0.9327545
vn 6.2831392 0.0035924 0.0236917
v 1.0212979 0.8519960 0.9351897
vn 6.2831392 0.0036205 0.0237284
v 1.0213079 0.8937871 0.9261160
vn 6.2831392 0.0035852 0.0236219
v 1.0212240 0.8798850 0.9506645
vn 6.2831402 0.0035523 0.0236808
v 1.0216810 1.0112181 0.8097205
vn 6.2831392 0.0035557 0.0237165
v 1.0215480 0.9602030 0.8526392
vn 6.2831392 0.0035689 0.0237280
v 1.0217930 0.8387090 0.8059697
vn 6.2831392 0.0035711 0.0237475
v 1.0217860 0.7969560 0.8139281
vn 6.2831397 0.0035836 0.0237120
v 1.0219220 0.8125030 0.7757001
vn 6.2831397 0.0035946 0.0236830
v 1.0218060 0.9863190 0.7802896
vn 6.2831397 0.0035747 0.0237355
v 1.0221920 0.9116220 0.6891971
vn 6.2831397 0.0035631 0.0236583
v 1.0220680 0.9415060 0.7174716
vn 6.2831402 0.0035243 0.0236145
v 1.0219580 0.9287980 0.7487364
vn 6.2831392 0.0035975 0.0236489
v 1.0219250 0.9592320 0.7528591
vn 6.2831392 0.0035838 0.0237189
v 1.0217860 0.9568340 0.7901382
vn 6.2831392 0.0035451 0.0236973
v 1.0218430 0.9276510 0.7794271
vn 6.2831402 0.0035319 0.0236731
v 1.0212200 0.6798560 0.9817581
vn 6.2831397 0.0036107 0.0236937
v 1.0218819 0.8591880 0.7792339
vn 6.2831392 0.0035247 0.0237026
v 1.0217580 0.8786260 0.8090930
vn 6.2831392 0.0035552 0.0237317
v 1.0215520 0.9981000 0.8459067
vn 6.2831392 0.0035604 0.0237082
v 1.0216770 0.9733270 0.8164883
vn 6.2831392 0.0035604 0.0237752
v 1.0222059 0.8728830 0.6911869
vn 6.2831392 0.0035323 0.0236711
v 1.0220569 0.9090269 0.7252345
vn 6.2831402 0.0035526 0.0236808
v 1.0221660 0.7605170 0.7188368
vn 6.2831397 0.0035243 0.0236375
v 1.0220029 0.6983010 0.7711768
vn 6.2831392 0.0035526 0.0237267
v 1.0221530 0.6830150 0.7337389
vn 6.2831397 0.0035057 0.0237165
v 1.0221620 0.7226200 0.7255688
vn 6.2831397 0.0036152 0.0237026
v 1.0221699 0.7984080 0.7120695
vn 6.2831402 0.0035589 0.0236539
v 1.0213010 0.8203560 0.9392109
vn 6.2831397 0.0035273 0.0236776
v 1.0214109 0.8357530 0.9077415
vn 6.2831397 0.0036046 0.0236967
v 1.0212580 1.1120131 0.9067707
vn 6.2831392 0.0035639 0.0237447
v 1.0216850 0.9348690 0.8200598
vn 6.2831397 0.0035755 0.0236758
v 1.0214350 0.9844070 0.8788590
vn 6.2831392 0.0035304 0.0237138
v 1.0216460 0.8985841 0.8358655
vn 6.2831397 0.0035620 0.0237043
v 1.0216529 0.8601840 0.8397632
vn 6.2831397 0.0035816 0.0237550
v 1.0219120 0.7721770 0.7844753
vn 6.2831397 0.0035536 0.0236872
v 1.0216609 0.8217340 0.8433819
vn 6.2831392 0.0035618 0.0236334
v 1.0215360 0.8465130 0.8728347
vn 6.2831392 0.0035503 0.0236759
v 1.0215410 0.8119330 0.8767772
vn 6.2831392 0.0035900 0.0237708
v 1.0211680 0.8284450 0.9732990
vn 6.2831388 0.0035156 0.0237377
v 1.0217620 0.9088640 0.8037219
vn 6.2831392 0.0035849 0.0237195
v 1.0221610 0.8368660 0.7084975
vn 6.2831397 0.0035575 0.0237323
v 1.0211110 0.7743510 0.9965062
vn 6.2831392 0.0035799 0.0237441
v 1.0210559 0.8417800 1.0007548
vn 6.2831397 0.0035407 0.0236650
v 1.0218780 0.7003880 0.8042622
vn 6.2831392 0.0035759 0.0237091
v 1.0217860 0.7265700 0.8245964
vn 6.2831397 0.0035035 0.0237251
v 1.0217620 0.6818900 0.8376842
vn 6.2831397 0.0035760 0.0236895
v 1.0216460 0.7795100 0.8537540
vn 6.2831397 0.0035605 0.0236617
v 1.0214009 0.7236560 0.9271374
vn 6.2831397 0.0035586 0.0236752
v 1.0214970 0.6983700 0.9054232
vn 6.2831392 0.0035704 0.0237267
v 1.0215590 0.7462379 0.8817453
vn 6.2831397 0.0035943 0.0236826
v 1.0220410 0.7854160 0.7482677
vn 6.2831397 0.0035096 0.0236972
v 1.0220370 0.7473990 0.7550220
vn 6.2831392 0.0035390 0.0236504
v 1.0215399 0.8844090 0.8661032
vn 6.2831402 0.0035304 0.0236361
v 1.0215169 0.5959050 0.9155822
vn 6.2831392 0.0035523 0.0236878
v 1.0213950 0.6104960 0.9457626
vn 6.2831392 0.0035869 0.0237158
v 1.0216810 0.7474200 0.8493786
vn 6.2831392 0.0035917 0.0237275
v 1.0217910 0.7623430 0.8178978
vn 6.2831402 0.0035874 0.0237169
v 1.0210910 1.0267019 0.9639158
vn 6.2831397 0.0035703 0.0236739
v 1.0220040 0.8440840 0.7491307
vn 6.2831402 0.0036236 0.0236686
v 1.0220610 0.8149011 0.7384195
vn 6.2831397 0.0035258 0.0237265
v 1.0216500 0.7048510 0.8640299
vn 6.2831392 0.0035311 0.0236867
v 1.0216089 0.6703570 0.8798332
vn 6.2831392 0.0035975 0.0237458
v 1.0213900 0.8722801 0.9078560
vn 6.2831397 0.0035263 0.0236531
v 1.0214180 0.7993840 0.9111481
vn 6.2831397 0.0035405 0.0237109
v 1.0215240 0.7784470 0.8862600
vn 6.2831397 0.0035642 0.0236747
v 1.0213400 0.6971170 0.9473009
vn 6.2831397 0.0035518 0.0237165
v 1.0213180 0.6602920 0.9586639
vn 6.2831402 0.0035753 0.0236755
v 1.0214300 0.6634420 0.9285622
vn 6.2831397 0.0035260 0.0236805
v 1.0219280 0.8884700 0.7625961
vn 6.2831392 0.0035248 0.0237035
v 1.0219129 0.7362159 0.7895789
vn 6.2831402 0.0035778 0.0236619
v 1.0220860 0.8714510 0.7233119
vn 6.2831397 0.0035436 0.0236402
v 1.0213170 0.9718310 0.9122519
vn 6.2831402 0.0035564 0.0236965
v 1.0211810 0.9996560 0.9441075
vn 6.2831392 0.0035305 0.0236614
v 1.0211320 0.9401500 0.9658890
vn 6.2831392 0.0035367 0.0237038
v 1.0210689 0.9805179 0.9766798
vn 6.2831397 0.0035415 0.0236672
v 1.0213879 0.7569510 0.9255953
vn 6.2831392 0.0036079 0.0237498
v 1.0210710 0.8027520 1.0027418
vn 6.2831392 0.0035293 0.0237134
v 1.0212250 0.7957050 0.9630651
vn 6.2831397 0.0035827 0.0236992
v 1.0211689 0.7328700 0.9873657
vn 6.2831397 0.0036005 0.0237029
v 1.0216260 0.5670080 0.8908920
vn 6.2831397 0.0034988 0.0237194
v 1.0211960 0.9663021 0.9451609
vn 6.2831392 0.0035254 0.0237437
v 1.0213109 0.9215640 0.9211807
vn 6.2831397 0.0035296 0.0236233
v 1.0213330 0.7842250 0.9361620
vn 6.2831402 0.0035396 0.0236516
v 1.0212170 0.7621360 0.9701190
vn 6.2831402 0.0035481 0.0236335
v 1.0215369 0.6330110 0.9047108
vn 6.2831397 0.0035946 0.0237627
v 1.0217429 0.5800800 0.8580370
vn 6.2831392 0.0035649 0.0237017
v 1.0217390 0.6487140 0.8486686
vn 6.2831397 0.0035592 0.0236945
v 1.0216540 0.6309940 0.8739252
vn 6.2831397 0.0036135 0.0237268
v 1.0218120 0.6039960 0.8361387
vn 6.2831397 0.0035442 0.0236940
v 1.0216379 0.6013590 0.8825049
vn 6.2831397 0.0036177 0.0236474
v 1.0219920 0.6712030 0.7782164
vn 6.2831392 0.0034938 0.0236949
v 1.0218899 0.6672790 0.8059382
vn 6.2831392 0.0035844 0.0236972
v 1.0218680 0.6335610 0.8166876
vn 0.0000000 0.0000000 0.0000000
v 1.0067090 1.0910809 0.5452471
vn 0.0000000 0.0000000 0.0000000
v 1.0769709 0.9720890 0.7422972
vn 0.0000000 0.0000000 0.0000000
v 1.0766109 0.8877940 0.8468008
vn 0.0000000 0.0000000 0.0000000
v 1.0717610 1.0566120 0.8459287
vn 0.0000000 0.0000000 0.0000000
v 1.0056380 1.1692882 0.8752828
vn 0.0000000 0.0000000 0.0000000
v 1.0374930 0.9554151 0.6053238
vn 0.0000000 0.0000000 0.0000000
v 1.0077909 1.1942921 0.6301980
vn 0.0000000 0.0000000 0.0000000
v 1.0093490 0.5541580 0.1815376
vn 0.0000000 0.0000000 0.0000000
v 1.0093410 0.7895370 0.0838909
vn 0.0000000 0.0000000 0.0000000
v 1.0067509 1.0726140 0.1748376
vn 0.0000000 0.0000000 0.0000000
v 1.0386660 1.0118151 0.2861519
vn 0.0000000 0.0000000 0.0000000
v 1.0701519 0.6788730 0.1960921
vn 0.0000000 0.0000000 0.0000000
v 1.0692149 1.2557991 0.4413033
vn 0.0000000 0.0000000 0.0000000
v 1.0662760 1.3221281 0.6100516
vn 0.0000000 0.0000000 0.0000000
v 1.0385070 1.2245741 0.3315258
vn 0.0000000 0.0000000 0.0000000
v 1.0374010 1.0823779 0.6080561
vn 0.0000000 0.0000000 0.0000000
v 1.0346780 1.1894929 0.7606030
vn 0.0000000 0.0000000 0.0000000
v 1.0661790 1.1878290 0.9163923
vn 0.0000000 0.0000000 0.0000000
v 1.0672480 1.0792670 0.6466427
vn 0.0000000 0.0000000 0.0000000
v 1.0669930 1.0286751 0.5377727
vn 0.0000000 0.0000000 0.0000000
v 1.0752690 0.7416080 0.9168949
vn 0.0000000 0.0000000 0.0000000
v 1.0679220 0.3652260 0.5775728
vn 0.0000000 0.0000000 0.0000000
v 1.0665389 0.4399900 0.8296919
vn 0.0000000 0.0000000 0.0000000
v 1.0084879 0.3854520 0.4212308
vn 0.0000000 0.0000000 0.0000000
v 1.0070369 0.7081090 0.5446749
vn 0.0000000 0.0000000 0.0000000
v 1.0370910 0.7218739 0.4992466
vn 0.0000000 0.0000000 0.0000000
v 1.0075550 0.3751210 0.6734161
vn 0.0000000 0.0000000 0.0000000
v 1.0072800 0.5951170 0.6063700
vn 0.0000000 0.0000000 0.0000000
v 1.0090179 0.4543030 0.7860632
vn 0.0000000 0.0000000 0.0000000
v 1.0464760 0.7575890 0.7971354
vn 0.0000000 0.0000000 0.0000000
v 1.0066019 1.0320680 0.8172011
vn 0.0000000 0.0000000 0.0000000
v 1.0050700 0.9616720 1.0186234
vn 0.0000000 0.0000000 0.0000000
v 1.0074270 1.0732820 0.8742027
vn 0.0000000 0.0000000 0.0000000
v 1.0368479 1.0702169 0.8106127
vn 0.0000000 0.0000000 0.0000000
v 1.0091289 1.1002309 0.1471410
# 2665 vertices, 0 vertices normals

f 3//3 1//1 2//2
f 2//2 4//4 3//3
f 7//7 5//5 6//6
f 8//8 7//7 6//6
f 2//2 9//9 4//4
f 4//4 9//9 11//11
f 11//11 9//9 10//10
f 11//11 10//10 12//12
f 15//15 13//13 14//14
f 14//14 16//16 15//15
f 12//12 10//10 17//17
f 17//17 19//19 12//12
f 19//19 17//17 18//18
f 18//18 20//20 19//19
f 20//20 18//18 21//21
f 20//20 21//21 22//22
f 25//25 23//23 24//24
f 24//24 26//26 25//25
f 29//29 27//27 28//28
f 28//28 30//30 29//29
f 32//32 1//1 3//3
f 32//32 31//31 1//1
f 35//35 33//33 34//34
f 34//34 36//36 35//35
f 37//37 30//30 28//28
f 31//31 32//32 38//38
f 37//37 38//38 30//30
f 38//38 37//37 31//31
f 41//41 39//39 40//40
f 33//33 35//35 42//42
f 42//42 40//40 33//33
f 40//40 42//42 41//41
f 45//45 43//43 44//44
f 44//44 46//46 45//45
f 47//47 8//8 6//6
f 47//47 48//48 8//8
f 51//51 49//49 50//50
f 51//51 50//50 52//52
f 49//49 51//51 54//54
f 52//52 54//54 51//51
f 54//54 53//53 49//49
f 44//44 55//55 46//46
f 46//46 55//55 57//57
f 55//55 56//56 57//57
f 56//56 58//58 57//57
f 61//61 59//59 60//60
f 60//60 62//62 61//61
f 62//62 60//60 63//63
f 63//63 65//65 62//62
f 64//64 65//65 63//63
f 64//64 66//66 65//65
f 67//67 68//68 69//69
f 69//69 68//68 70//70
f 73//73 71//71 72//72
f 72//72 74//74 73//73
f 75//75 74//74 72//72
f 59//59 61//61 76//76
f 76//76 75//75 59//59
f 76//76 74//74 75//75
f 79//79 77//77 78//78
f 78//78 80//80 79//79
f 83//83 81//81 82//82
f 84//84 23//23 25//25
f 23//23 84//84 82//82
f 82//82 84//84 83//83
f 87//87 85//85 86//86
f 86//86 88//88 87//87
f 91//91 89//89 90//90
f 90//90 92//92 91//91
f 52//52 50//50 93//93
f 93//93 94//94 52//52
f 92//92 90//90 95//95
f 95//95 96//96 92//92
f 94//94 93//93 97//97
f 97//97 98//98 94//94
f 100//100 101//101 99//99
f 89//89 91//91 102//102
f 102//102 100//100 89//89
f 100//100 102//102 101//101
f 105//105 103//103 104//104
f 104//104 106//106 105//105
f 109//109 107//107 108//108
f 108//108 110//110 109//109
f 112//112 113//113 111//111
f 113//113 112//112 114//114
f 116//116 111//111 113//113
f 116//116 115//115 111//111
f 99//99 101//101 118//118
f 118//118 117//117 99//99
f 104//104 119//119 106//106
f 106//106 119//119 120//120
f 122//122 123//123 121//121
f 123//123 122//122 124//124
f 126//126 127//127 125//125
f 127//127 126//126 128//128
f 16//16 14//14 129//129
f 129//129 131//131 16//16
f 131//131 129//129 130//130
f 130//130 132//132 131//131
f 133//133 128//128 126//126
f 128//128 133//133 134//134
f 132//132 130//130 135//135
f 136//136 115//115 116//116
f 136//136 135//135 115//115
f 135//135 136//136 132//132
f 66//66 64//64 137//137
f 137//137 139//139 66//66
f 138//138 139//139 137//137
f 140//140 139//139 138//138
f 141//141 140//140 138//138
f 121//121 123//123 142//142
f 142//142 141//141 121//121
f 141//141 142//142 140//140
f 143//143 70//70 68//68
f 144//144 5//5 7//7
f 5//5 144//144 143//143
f 70//70 143//143 144//144
f 125//125 127//127 146//146
f 125//125 146//146 145//145
f 147//147 124//124 122//122
f 145//145 146//146 148//148
f 124//124 147//147 148//148
f 148//148 147//147 145//145
f 56//56 149//149 58//58
f 39//39 41//41 150//150
f 150//150 149//149 39//39
f 149//149 150//150 58//58
f 151//151 98//98 97//97
f 98//98 151//151 152//152
f 154//154 155//155 153//153
f 154//154 156//156 155//155
f 156//156 154//154 157//157
f 158//158 156//156 157//157
f 159//159 160//160 161//161
f 153//153 155//155 162//162
f 153//153 162//162 160//160
f 161//161 160//160 162//162
f 164//164 13//13 15//15
f 163//163 13//13 164//164
f 165//165 36//36 34//34
f 36//36 165//165 167//167
f 166//166 167//167 165//165
f 166//166 168//168 167//167
f 169//169 120//120 119//119
f 159//159 161//161 170//170
f 169//169 170//170 120//120
f 170//170 169//169 159//159
f 171//171 158//158 157//157
f 53//53 54//54 172//172
f 53//53 172//172 171//171
f 171//171 172//172 158//158
f 173//173 114//114 112//112
f 118//118 174//174 117//117
f 114//114 173//173 174//174
f 117//117 174//174 173//173
f 177//177 175//175 176//176
f 85//85 87//87 178//178
f 178//178 176//176 85//85
f 177//177 176//176 178//178
f 152//152 151//151 179//179
f 180//180 152//152 179//179
f 96//96 95//95 181//181
f 81//81 83//83 182//182
f 182//182 181//181 81//81
f 182//182 96//96 181//181
f 105//105 184//184 103//103
f 183//183 103//103 184//184
f 183//183 184//184 186//186
f 186//186 185//185 183//183
f 188//188 185//185 186//186
f 188//188 187//187 185//185
f 189//189 134//134 133//133
f 187//187 188//188 190//190
f 134//134 189//189 190//190
f 190//190 189//189 187//187
f 24//24 191//191 26//26
f 29//29 192//192 27//27
f 26//26 191//191 192//192
f 192//192 191//191 27//27
f 195//195 193//193 194//194
f 163//163 164//164 196//196
f 196//196 194//194 163//163
f 195//195 194//194 196//196
f 198//198 199//199 197//197
f 199//199 198//198 200//200
f 197//197 199//199 202//202
f 202//202 201//201 197//197
f 201//201 202//202 204//204
f 203//203 201//201 204//204
f 200//200 198//198 205//205
f 205//205 207//207 200//200
f 207//207 205//205 206//206
f 207//207 206//206 208//208
f 211//211 209//209 210//210
f 210//210 212//212 211//211
f 22//22 21//21 213//213
f 43//43 45//45 214//214
f 213//213 214//214 22//22
f 43//43 214//214 213//213
f 212//212 210//210 215//215
f 215//215 216//216 212//212
f 48//48 47//47 217//217
f 217//217 219//219 48//48
f 218//218 219//219 217//217
f 71//71 73//73 220//220
f 71//71 220//220 218//218
f 218//218 220//220 219//219
f 80//80 78//78 221//221
f 209//209 211//211 222//222
f 221//221 222//222 80//80
f 209//209 222//222 221//221
f 223//223 208//208 206//206
f 224//224 77//77 79//79
f 224//224 223//223 77//77
f 208//208 223//223 224//224
f 225//225 180//180 179//179
f 180//180 225//225 227//227
f 227//227 225//225 226//226
f 67//67 69//69 228//228
f 228//228 226//226 67//67
f 226//226 228//228 227//227
f 88//88 86//86 229//229
f 229//229 231//231 88//88
f 231//231 229//229 230//230
f 230//230 232//232 231//231
f 216//216 215//215 233//233
f 234//234 193//193 195//195
f 193//193 234//234 233//233
f 233//233 234//234 216//216
f 235//235 168//168 166//166
f 175//175 177//177 236//236
f 235//235 236//236 168//168
f 236//236 235//235 175//175
f 232//232 230//230 237//237
f 238//238 107//107 109//109
f 107//107 238//238 237//237
f 237//237 238//238 232//232
f 110//110 108//108 239//239
f 204//204 240//240 203//203
f 239//239 240//240 110//110
f 203//203 240//240 239//239
f 242//242 3//3 4//4
f 7//7 246//246 144//144
f 246//246 247//247 248//248
f 250//250 7//7 8//8
f 7//7 250//250 246//246
f 3//3 252//252 32//32
f 3//3 242//242 252//252
f 12//12 254//254 11//11
f 258//258 259//259 260//260
f 22//22 263//263 20//20
f 264//264 19//19 20//20
f 20//20 263//263 264//264
f 266//266 15//15 16//16
f 216//216 234//234 270//270
f 271//271 272//272 270//270
f 260//260 274//274 258//258
f 25//25 26//26 276//276
f 70//70 279//279 69//69
f 228//228 69//69 280//280
f 69//69 279//279 280//280
f 167//167 284//284 36//36
f 284//284 285//285 286//286
f 288//288 29//29 30//30
f 247//247 246//246 291//291
f 250//250 291//291 246//246
f 292//292 247//247 291//291
f 294//294 38//38 32//32
f 252//252 294//294 32//32
f 300//300 286//286 285//285
f 299//299 300//300 298//298
f 302//302 30//30 38//38
f 288//288 30//30 302//302
f 302//302 38//38 294//294
f 304//304 35//35 36//36
f 36//36 284//284 304//304
f 307//307 168//168 236//236
f 167//167 168//168 308//308
f 308//308 284//284 167//167
f 284//284 308//308 285//285
f 307//307 308//308 168//168
f 285//285 308//308 307//307
f 310//310 22//22 214//214
f 22//22 310//310 263//263
f 312//312 41//41 42//42
f 314//314 45//45 46//46
f 148//148 146//146 318//318
f 318//318 319//319 320//320
f 324//324 132//132 136//136
f 325//325 326//326 324//324
f 330//330 57//57 58//58
f 57//57 332//332 46//46
f 46//46 332//332 314//314
f 57//57 330//330 332//332
f 331//331 314//314 332//332
f 331//331 332//332 330//330
f 8//8 48//48 334//334
f 314//314 331//331 336//336
f 220//220 73//73 339//339
f 340//340 219//219 220//220
f 340//340 220//220 339//339
f 52//52 342//342 54//54
f 342//342 52//52 94//94
f 342//342 172//172 54//54
f 325//325 344//344 326//326
f 350//350 348//348 349//349
f 62//62 352//352 61//61
f 65//65 66//66 354//354
f 359//359 360//360 358//358
f 362//362 73//73 74//74
f 73//73 362//362 339//339
f 364//364 158//158 172//172
f 172//172 342//342 364//364
f 366//366 76//76 61//61
f 74//74 76//76 366//366
f 61//61 352//352 366//366
f 362//362 74//74 366//366
f 369//369 162//162 155//155
f 162//162 369//369 161//161
f 370//370 155//155 156//156
f 369//369 155//155 370//370
f 156//156 158//158 374//374
f 374//374 158//158 364//364
f 156//156 374//374 370//370
f 374//374 373//373 370//370
f 339//339 376//376 340//340
f 339//339 362//362 376//376
f 8//8 378//378 250//250
f 378//378 291//291 250//250
f 381//381 374//374 364//364
f 373//373 374//374 382//382
f 382//382 374//374 381//381
f 384//384 214//214 45//45
f 214//214 384//384 310//310
f 314//314 384//384 45//45
f 314//314 336//336 384//384
f 386//386 79//79 80//80
f 388//388 66//66 139//139
f 354//354 66//66 388//388
f 83//83 84//84 390//390
f 96//96 393//393 92//92
f 96//96 182//182 394//394
f 394//394 393//393 96//96
f 399//399 87//87 88//88
f 400//400 88//88 231//231
f 399//399 88//88 400//400
f 398//398 399//399 400//400
f 403//403 358//358 360//360
f 404//404 358//358 403//403
f 406//406 91//91 92//92
f 92//92 393//393 406//406
f 408//408 102//102 91//91
f 91//91 406//406 408//408
f 410//410 94//94 98//98
f 410//410 342//342 94//94
f 342//342 410//410 364//364
f 410//410 381//381 364//364
f 412//412 182//182 83//83
f 83//83 390//390 412//412
f 394//394 182//182 412//412
f 415//415 170//170 161//161
f 161//161 369//369 415//415
f 416//416 369//369 370//370
f 370//370 373//373 416//416
f 415//415 369//369 416//416
f 418//418 101//101 102//102
f 102//102 408//408 418//418
f 101//101 420//420 118//118
f 418//418 420//420 101//101
f 200//200 425//425 199//199
f 426//426 200//200 207//207
f 425//425 200//200 426//426
f 426//426 424//424 425//425
f 105//105 106//106 428//428
f 430//430 109//109 110//110
f 114//114 432//432 113//113
f 11//11 434//434 4//4
f 242//242 4//4 434//434
f 434//434 11//11 254//254
f 113//113 436//436 116//116
f 113//113 432//432 436//436
f 184//184 105//105 442//442
f 105//105 428//428 442//442
f 442//442 441//441 184//184
f 442//442 440//440 441//441
f 325//325 324//324 446//446
f 436//436 445//445 446//446
f 186//186 450//450 188//188
f 186//186 449//449 450//450
f 25//25 452//452 84//84
f 452//452 25//25 276//276
f 390//390 84//84 452//452
f 120//120 454//454 106//106
f 454//454 428//428 106//106
f 457//457 352//352 458//458
f 463//463 464//464 462//462
f 469//469 470//470 468//468
f 310//310 384//384 473//473
f 473//473 384//384 336//336
f 474//474 263//263 310//310
f 310//310 473//473 474//474
f 242//242 434//434 476//476
f 124//124 478//478 123//123
f 348//348 481//481 349//349
f 348//348 482//482 481//481
f 128//128 484//484 127//127
f 489//489 302//302 294//294
f 488//488 489//489 490//490
f 492//492 124//124 148//148
f 318//318 492//492 148//148
f 124//124 492//492 478//478
f 494//494 131//131 132//132
f 324//324 494//494 132//132
f 494//494 324//324 326//326
f 116//116 496//496 136//136
f 496//496 324//324 136//136
f 116//116 436//436 496//496
f 324//324 496//496 446//446
f 436//436 446//446 496//496
f 501//501 340//340 376//376
f 376//376 502//502 501//501
f 500//500 501//501 502//502
f 504//504 12//12 19//19
f 254//254 12//12 504//504
f 504//504 19//19 264//264
f 506//506 16//16 131//131
f 16//16 506//506 266//266
f 131//131 494//494 506//506
f 247//247 292//292 509//509
f 510//510 150//150 41//41
f 510//510 41//41 312//312
f 510//510 312//312 509//509
f 139//139 140//140 514//514
f 388//388 139//139 514//514
f 516//516 514//514 515//515
f 134//134 518//518 128//128
f 484//484 128//128 518//518
f 196//196 521//521 195//195
f 259//259 521//521 260//260
f 522//522 196//196 164//164
f 521//521 196//196 522//522
f 522//522 260//260 521//521
f 319//319 524//524 320//320
f 526//526 142//142 123//123
f 123//123 478//478 526//526
f 500//500 502//502 531//531
f 532//532 531//531 502//502
f 531//531 532//532 530//530
f 538//538 536//536 537//537
f 541//541 542//542 298//298
f 544//544 58//58 150//150
f 58//58 544//544 330//330
f 292//292 330//330 544//544
f 292//292 544//544 509//509
f 544//544 150//150 510//510
f 510//510 509//509 544//544
f 546//546 292//292 291//291
f 292//292 546//546 330//330
f 331//331 330//330 546//546
f 291//291 378//378 546//546
f 152//152 548//548 98//98
f 382//382 381//381 548//548
f 548//548 410//410 98//98
f 410//410 548//548 381//381
f 550//550 42//42 35//35
f 35//35 304//304 550//550
f 312//312 42//42 550//550
f 552//552 146//146 127//127
f 146//146 552//552 318//318
f 552//552 319//319 318//318
f 144//144 554//554 70//70
f 554//554 144//144 246//246
f 554//554 246//246 248//248
f 70//70 554//554 279//279
f 559//559 560//560 558//558
f 15//15 562//562 164//164
f 15//15 266//266 562//562
f 562//562 274//274 260//260
f 562//562 522//522 164//164
f 522//522 562//562 260//260
f 565//565 152//152 180//180
f 152//152 565//565 548//548
f 227//227 566//566 180//180
f 566//566 358//358 404//404
f 566//566 565//565 180//180
f 566//566 404//404 565//565
f 568//568 360//360 359//359
f 571//571 359//359 358//358
f 227//227 571//571 566//566
f 358//358 566//566 571//571
f 572//572 227//227 542//542
f 227//227 572//572 571//571
f 574//574 298//298 300//300
f 298//298 574//574 541//541
f 382//382 548//548 576//576
f 404//404 576//576 565//565
f 548//548 565//565 576//576
f 578//578 120//120 170//170
f 578//578 170//170 415//415
f 120//120 578//578 454//454
f 174//174 580//580 114//114
f 114//114 580//580 432//432
f 536//536 538//538 583//583
f 432//432 584//584 436//436
f 584//584 445//445 436//436
f 584//584 538//538 445//445
f 584//584 432//432 580//580
f 583//583 538//538 584//584
f 580//580 583//583 584//584
f 236//236 177//177 588//588
f 236//236 588//588 307//307
f 178//178 589//589 177//177
f 588//588 177//177 589//589
f 588//588 589//589 590//590
f 285//285 592//592 300//300
f 592//592 285//285 307//307
f 300//300 592//592 574//574
f 594//594 536//536 583//583
f 583//583 580//580 594//594
f 596//596 178//178 87//87
f 87//87 399//399 596//596
f 398//398 596//596 399//399
f 589//589 178//178 596//596
f 600//600 601//601 602//602
f 320//320 604//604 318//318
f 318//318 604//604 492//492
f 604//604 478//478 492//492
f 608//608 609//609 610//610
f 612//612 231//231 232//232
f 400//400 231//231 612//612
f 616//616 617//617 618//618
f 571//571 620//620 359//359
f 572//572 620//620 571//571
f 625//625 626//626 624//624
f 629//629 428//428 454//454
f 629//629 360//360 568//568
f 630//630 442//442 428//428
f 630//630 440//440 442//442
f 630//630 428//428 629//629
f 629//629 568//568 630//630
f 109//109 632//632 238//238
f 632//632 109//109 430//430
f 637//637 400//400 612//612
f 238//238 638//638 232//232
f 612//612 232//232 638//638
f 238//238 632//632 638//638
f 637//637 612//612 638//638
f 636//636 637//637 638//638
f 641//641 620//620 626//626
f 568//568 359//359 642//642
f 359//359 620//620 642//642
f 641//641 617//617 642//642
f 641//641 642//642 620//620
f 441//441 645//645 646//646
f 247//247 509//509 648//648
f 509//509 312//312 648//648
f 648//648 312//312 550//550
f 650//650 174//174 118//118
f 118//118 420//420 650//650
f 174//174 650//650 580//580
f 420//420 594//594 650//650
f 580//580 650//650 594//594
f 360//360 653//653 403//403
f 578//578 654//654 454//454
f 654//654 360//360 629//629
f 454//454 654//654 629//629
f 654//654 653//653 360//360
f 578//578 653//653 654//654
f 8//8 334//334 658//658
f 378//378 8//8 658//658
f 334//334 657//657 658//658
f 658//658 657//657 336//336
f 473//473 336//336 662//662
f 336//336 657//657 662//662
f 661//661 662//662 657//657
f 65//65 664//664 62//62
f 62//62 664//664 352//352
f 65//65 354//354 664//664
f 352//352 664//664 458//458
f 354//354 458//458 664//664
f 666//666 186//186 184//184
f 441//441 666//666 184//184
f 449//449 186//186 666//666
f 192//192 668//668 26//26
f 26//26 668//668 276//276
f 670//670 212//212 216//216
f 670//670 216//216 270//270
f 272//272 670//670 270//270
f 484//484 518//518 672//672
f 195//195 674//674 234//234
f 234//234 674//674 270//270
f 674//674 271//271 270//270
f 195//195 521//521 674//674
f 521//521 259//259 674//674
f 188//188 676//676 190//190
f 188//188 450//450 676//676
f 390//390 680//680 412//412
f 681//681 390//390 452//452
f 390//390 681//681 680//680
f 464//464 463//463 682//682
f 681//681 682//682 680//680
f 190//190 686//686 134//134
f 518//518 134//134 686//686
f 686//686 190//190 676//676
f 686//686 685//685 518//518
f 676//676 685//685 686//686
f 192//192 29//29 688//688
f 688//688 29//29 288//288
f 688//688 668//668 192//192
f 449//449 690//690 450//450
f 450//450 690//690 676//676
f 692//692 140//140 142//142
f 142//142 526//526 692//692
f 695//695 449//449 666//666
f 441//441 646//646 696//696
f 441//441 696//696 666//666
f 696//696 646//646 695//695
f 696//696 695//695 666//666
f 352//352 698//698 366//366
f 698//698 362//362 366//366
f 352//352 457//457 698//698
f 700//700 202//202 199//199
f 700//700 199//199 425//425
f 388//388 702//702 354//354
f 514//514 702//702 388//388
f 514//514 516//516 702//702
f 704//704 204//204 202//202
f 202//202 700//700 704//704
f 208//208 706//706 207//207
f 706//706 426//426 207//207
f 709//709 340//340 501//501
f 710//710 657//657 334//334
f 661//661 657//657 710//710
f 710//710 334//334 709//709
f 264//264 349//349 712//712
f 349//349 481//481 712//712
f 254//254 504//504 712//712
f 712//712 504//504 264//264
f 714//714 211//211 212//212
f 212//212 670//670 714//714
f 394//394 412//412 717//717
f 718//718 393//393 394//394
f 602//602 393//393 718//718
f 394//394 717//717 718//718
f 79//79 720//720 224//224
f 79//79 386//386 720//720
f 722//722 222//222 211//211
f 211//211 714//714 722//722
f 725//725 222//222 722//722
f 726//726 80//80 222//222
f 80//80 726//726 386//386
f 222//222 725//725 726//726
f 219//219 728//728 48//48
f 334//334 48//48 728//728
f 340//340 728//728 219//219
f 728//728 709//709 334//334
f 728//728 340//340 709//709
f 204//204 730//730 240//240
f 704//704 730//730 204//204
f 617//617 733//733 618//618
f 625//625 733//733 626//626
f 733//733 617//617 641//641
f 733//733 641//641 626//626
f 733//733 734//734 618//618
f 625//625 734//734 733//733
f 488//488 490//490 739//739
f 738//738 488//488 739//739
f 739//739 740//740 738//738
f 744//744 530//530 532//532
f 457//457 458//458 745//745
f 532//532 745//745 744//744
f 745//745 746//746 744//744
f 748//748 227//227 228//228
f 748//748 228//228 280//280
f 299//299 748//748 280//280
f 748//748 299//299 298//298
f 227//227 748//748 542//542
f 748//748 298//298 542//542
f 266//266 751//751 562//562
f 274//274 562//562 751//751
f 506//506 752//752 266//266
f 266//266 752//752 751//751
f 744//744 757//757 530//530
f 757//757 744//744 746//746
f 757//757 758//758 756//756
f 542//542 541//541 761//761
f 761//761 572//572 542//542
f 572//572 762//762 620//620
f 620//620 762//762 626//626
f 572//572 761//761 762//762
f 624//624 766//766 625//625
f 767//767 398//398 400//400
f 400//400 637//637 767//767
f 766//766 398//398 767//767
f 734//734 625//625 768//768
f 766//766 768//768 625//625
f 637//637 768//768 767//767
f 768//768 766//766 767//767
f 373//373 382//382 770//770
f 403//403 770//770 404//404
f 373//373 770//770 416//416
f 576//576 770//770 382//382
f 576//576 404//404 770//770
f 653//653 770//770 403//403
f 775//775 776//776 774//774
f 449//449 778//778 690//690
f 449//449 695//695 778//778
f 781//781 672//672 518//518
f 518//518 685//685 781//781
f 685//685 782//782 781//781
f 259//259 787//787 674//674
f 271//271 674//674 787//787
f 258//258 788//788 259//259
f 259//259 788//788 787//787
f 787//787 788//788 786//786
f 792//792 685//685 676//676
f 676//676 690//690 792//792
f 792//792 782//782 685//685
f 690//690 791//791 792//792
f 791//791 782//782 792//792
f 616//616 440//440 794//794
f 794//794 617//617 616//616
f 794//794 440//440 630//630
f 794//794 630//630 568//568
f 794//794 568//568 642//642
f 794//794 642//642 617//617
f 796//796 110//110 240//240
f 430//430 110//110 796//796
f 240//240 730//730 796//796
f 774//774 430//430 796//796
f 434//434 254//254 799//799
f 476//476 434//434 799//799
f 712//712 799//799 254//254
f 481//481 799//799 712//712
f 482//482 800//800 481//481
f 799//799 800//800 476//476
f 800//800 799//799 481//481
f 804//804 252//252 242//242
f 490//490 489//489 805//805
f 252//252 806//806 294//294
f 294//294 806//806 489//489
f 252//252 804//804 806//806
f 806//806 805//805 489//489
f 806//806 804//804 805//805
f 469//469 468//468 810//810
f 140//140 811//811 514//514
f 515//515 514//514 811//811
f 810//810 515//515 811//811
f 810//810 812//812 469//469
f 810//810 811//811 812//812
f 814//814 288//288 302//302
f 814//814 302//302 489//489
f 489//489 488//488 814//814
f 738//738 814//814 488//488
f 818//818 739//739 490//490
f 818//818 756//756 758//758
f 818//818 817//817 739//739
f 758//758 817//817 818//818
f 668//668 820//820 276//276
f 668//668 688//688 823//823
f 668//668 823//823 820//820
f 464//464 824//824 462//462
f 824//824 464//464 820//820
f 824//824 820//820 823//823
f 826//826 452//452 276//276
f 452//452 826//826 681//681
f 682//682 826//826 464//464
f 681//681 826//826 682//682
f 276//276 820//820 826//826
f 820//820 464//464 826//826
f 828//828 264//264 263//263
f 264//264 828//828 349//349
f 349//349 828//828 350//350
f 263//263 474//474 828//828
f 474//474 350//350 828//828
f 376//376 362//362 830//830
f 376//376 830//830 502//502
f 830//830 362//362 698//698
f 698//698 457//457 830//830
f 502//502 832//832 532//532
f 745//745 832//832 457//457
f 832//832 745//745 532//532
f 457//457 832//832 830//830
f 832//832 502//502 830//830
f 834//834 458//458 354//354
f 702//702 834//834 354//354
f 745//745 458//458 834//834
f 746//746 745//745 834//834
f 836//836 415//415 416//416
f 578//578 415//415 836//836
f 653//653 578//578 836//836
f 416//416 770//770 836//836
f 836//836 770//770 653//653
f 406//406 393//393 838//838
f 393//393 602//602 838//838
f 602//602 601//601 838//838
f 842//842 408//408 406//406
f 406//406 838//838 842//842
f 601//601 842//842 838//838
f 418//418 408//408 844//844
f 842//842 844//844 408//408
f 843//843 844//844 842//842
f 526//526 478//478 846//846
f 846//846 692//692 526//526
f 848//848 810//810 468//468
f 515//515 810//810 848//848
f 852//852 536//536 594//594
f 418//418 853//853 420//420
f 420//420 853//853 594//594
f 594//594 853//853 852//852
f 854//854 418//418 844//844
f 844//844 843//843 854//854
f 418//418 854//854 853//853
f 853//853 854//854 852//852
f 604//604 857//857 478//478
f 846//846 478//478 857//857
f 846//846 857//857 608//608
f 320//320 858//858 604//604
f 858//858 857//857 604//604
f 559//559 864//864 560//560
f 559//559 862//862 864//864
f 863//863 864//864 862//862
f 846//846 608//608 866//866
f 866//866 692//692 846//846
f 524//524 319//319 868//868
f 868//868 319//319 552//552
f 870//870 714//714 670//670
f 873//873 672//672 781//781
f 782//782 874//874 781//781
f 874//874 873//873 781//781
f 878//878 424//424 426//426
f 706//706 878//878 426//426
f 879//879 878//878 706//706
f 880//880 878//878 879//879
f 714//714 884//884 722//722
f 884//884 725//725 722//722
f 714//714 870//870 884//884
f 886//886 725//725 884//884
f 884//884 885//885 886//886
f 720//720 386//386 890//890
f 386//386 726//726 891//891
f 891//891 726//726 725//725
f 891//891 725//725 886//886
f 891//891 890//890 386//386
f 886//886 892//892 891//891
f 891//891 892//892 890//890
f 670//670 272//272 894//894
f 670//670 894//894 870//870
f 896//896 326//326 344//344
f 326//326 896//896 494//494
f 494//494 896//896 506//506
f 752//752 506//506 896//896
f 554//554 248//248 899//899
f 899//899 279//279 554//554
f 900//900 248//248 247//247
f 900//900 247//247 648//648
f 248//248 900//900 899//899
f 903//903 284//284 286//286
f 903//903 304//304 284//284
f 304//304 903//903 550//550
f 904//904 286//286 300//300
f 299//299 904//904 300//300
f 903//903 286//286 904//904
f 906//906 648//648 550//550
f 900//900 648//648 906//906
f 903//903 906//906 550//550
f 904//904 906//906 903//903
f 624//624 626//626 908//908
f 762//762 908//908 626//626
f 762//762 761//761 908//908
f 307//307 588//588 911//911
f 911//911 588//588 590//590
f 592//592 307//307 911//911
f 592//592 911//911 574//574
f 541//541 574//574 912//912
f 574//574 911//911 912//912
f 912//912 911//911 590//590
f 590//590 589//589 914//914
f 398//398 914//914 596//596
f 589//589 596//596 914//914
f 914//914 398//398 766//766
f 914//914 766//766 624//624
f 700//700 425//425 916//916
f 208//208 224//224 918//918
f 706//706 208//208 918//918
f 720//720 918//918 224//224
f 879//879 706//706 918//918
f 879//879 918//918 720//720
f 922//922 879//879 720//720
f 879//879 922//922 880//880
f 720//720 890//890 922//922
f 922//922 890//890 892//892
f 921//921 922//922 892//892
f 926//926 927//927 928//928
f 730//730 930//930 796//796
f 774//774 796//796 930//930
f 638//638 632//632 932//932
f 638//638 932//932 636//636
f 934//934 140//140 692//692
f 811//811 140//140 934//934
f 811//811 934//934 812//812
f 680//680 938//938 412//412
f 680//680 682//682 938//938
f 938//938 717//717 412//412
f 682//682 939//939 938//938
f 717//717 940//940 718//718
f 717//717 938//938 940//940
f 938//938 939//939 940//940
f 942//942 702//702 516//516
f 942//942 834//834 702//702
f 746//746 834//834 942//942
f 288//288 944//944 688//688
f 814//814 944//944 288//288
f 814//814 738//738 944//944
f 688//688 944//944 823//823
f 738//738 823//823 944//944
f 473//473 946//946 474//474
f 473//473 662//662 946//946
f 661//661 946//946 662//662
f 331//331 948//948 336//336
f 331//331 546//546 948//948
f 948//948 546//546 378//378
f 658//658 336//336 948//948
f 658//658 948//948 378//378
f 501//501 500//500 950//950
f 501//501 950//950 709//709
f 710//710 709//709 950//950
f 953//953 854//854 843//843
f 854//854 953//953 852//852
f 852//852 953//953 954//954
f 957//957 445//445 538//538
f 958//958 325//325 446//446
f 446//446 445//445 958//958
f 957//957 958//958 445//445
f 609//609 608//608 960//960
f 960//960 608//608 857//857
f 960//960 857//857 858//858
f 484//484 962//962 127//127
f 127//127 962//962 552//552
f 962//962 868//868 552//552
f 344//344 325//325 964//964
f 964//964 325//325 958//958
f 320//320 524//524 966//966
f 320//320 966//966 858//858
f 858//858 966//966 862//862
f 560//560 968//968 558//558
f 957//957 968//968 958//958
f 560//560 964//964 968//968
f 964//964 958//958 968//968
f 884//884 870//870 970//970
f 970//970 885//885 884//884
f 894//894 970//970 870//870
f 899//899 900//900 972//972
f 906//906 972//972 900//900
f 904//904 972//972 906//906
f 279//279 974//974 280//280
f 974//974 299//299 280//280
f 974//974 279//279 899//899
f 904//904 299//299 974//974
f 899//899 972//972 974//974
f 904//904 974//974 972//972
f 541//541 976//976 761//761
f 908//908 761//761 976//976
f 912//912 976//976 541//541
f 908//908 978//978 624//624
f 912//912 590//590 978//978
f 590//590 914//914 978//978
f 914//914 624//624 978//978
f 976//976 978//978 908//908
f 976//976 912//912 978//978
f 632//632 430//430 980//980
f 980//980 430//430 774//774
f 776//776 980//980 774//774
f 932//932 632//632 980//980
f 424//424 878//878 982//982
f 424//424 985//985 425//425
f 985//985 916//916 425//425
f 926//926 928//928 985//985
f 982//982 985//985 424//424
f 926//926 985//985 982//982
f 985//985 986//986 916//916
f 928//928 986//986 985//985
f 700//700 988//988 704//704
f 730//730 704//704 988//988
f 988//988 700//700 916//916
f 930//930 730//730 988//988
f 916//916 986//986 988//988
f 690//690 778//778 992//992
f 791//791 690//690 994//994
f 992//992 994//994 690//690
f 993//993 994//994 992//992
f 672//672 996//996 484//484
f 672//672 873//873 996//996
f 996//996 962//962 484//484
f 1001//1001 894//894 786//786
f 1000//1000 1001//1001 1002//1002
f 1004//1004 637//637 636//636
f 637//637 1004//1004 768//768
f 768//768 1004//1004 734//734
f 776//776 1006//1006 980//980
f 980//980 1006//1006 932//932
f 866//866 1009//1009 692//692
f 692//692 1009//1009 934//934
f 934//934 1009//1009 812//812
f 469//469 812//812 1010//1010
f 1010//1010 812//812 1009//1009
f 1010//1010 1009//1009 866//866
f 1010//1010 1013//1013 1014//1014
f 348//348 350//350 1018//1018
f 710//710 1018//1018 661//661
f 950//950 1018//1018 710//710
f 1019//1019 500//500 531//531
f 500//500 1019//1019 950//950
f 1019//1019 1018//1018 950//950
f 1018//1018 1020//1020 348//348
f 1019//1019 1020//1020 1018//1018
f 610//610 609//609 1023//1023
f 1023//1023 609//609 1024//1024
f 954//954 1023//1023 1024//1024
f 559//559 1026//1026 862//862
f 1030//1030 863//863 862//862
f 1030//1030 966//966 524//524
f 1030//1030 862//862 966//966
f 1030//1030 1029//1029 863//863
f 537//537 1033//1033 538//538
f 1033//1033 559//559 558//558
f 559//559 1034//1034 1026//1026
f 1024//1024 1026//1026 1034//1034
f 537//537 1034//1034 1033//1033
f 1033//1033 1034//1034 559//559
f 1037//1037 560//560 864//864
f 560//560 1037//1037 964//964
f 1038//1038 864//864 863//863
f 1038//1038 863//863 1029//1029
f 864//864 1038//1038 1037//1037
f 1038//1038 964//964 1037//1037
f 274//274 1040//1040 258//258
f 274//274 751//751 1040//1040
f 344//344 964//964 1042//1042
f 1042//1042 964//964 1038//1038
f 258//258 1040//1040 1044//1044
f 618//618 734//734 1048//1048
f 734//734 1004//1004 1049//1049
f 1048//1048 734//734 1049//1049
f 1048//1048 1049//1049 1050//1050
f 1054//1054 1053//1053 993//993
f 1056//1056 272//272 271//271
f 1056//1056 271//271 787//787
f 786//786 1056//1056 787//787
f 1056//1056 894//894 272//272
f 894//894 1056//1056 786//786
f 531//531 530//530 1060//1060
f 531//531 1062//1062 1019//1019
f 1062//1062 1020//1020 1019//1019
f 1060//1060 1062//1062 531//531
f 1060//1060 1061//1061 1062//1062
f 600//600 602//602 1064//1064
f 718//718 1064//1064 602//602
f 718//718 940//940 1064//1064
f 536//536 1066//1066 537//537
f 536//536 852//852 1066//1066
f 1066//1066 852//852 954//954
f 954//954 1024//1024 1066//1066
f 537//537 1066//1066 1034//1034
f 1034//1034 1066//1066 1024//1024
f 957//957 538//538 1068//1068
f 1068//1068 558//558 968//968
f 1068//1068 968//968 957//957
f 538//538 1033//1033 1068//1068
f 558//558 1068//1068 1033//1033
f 1038//1038 1070//1070 1042//1042
f 1072//1072 885//885 970//970
f 1075//1075 885//885 1072//1072
f 885//885 1076//1076 886//886
f 892//892 886//886 1076//1076
f 921//921 892//892 1076//1076
f 1075//1075 1076//1076 885//885
f 868//868 1079//1079 524//524
f 1079//1079 868//868 962//962
f 524//524 1080//1080 1030//1030
f 1029//1029 1030//1030 1080//1080
f 1080//1080 524//524 1079//1079
f 1079//1079 1085//1085 1080//1080
f 1086//1086 996//996 873//873
f 1086//1086 962//962 996//996
f 1079//1079 962//962 1086//1086
f 1086//1086 1085//1085 1079//1079
f 1085//1085 1086//1086 1084//1084
f 1088//1088 636//636 932//932
f 636//636 1088//1088 1004//1004
f 1006//1006 1088//1088 932//932
f 1049//1049 1004//1004 1088//1088
f 1050//1050 1088//1088 1006//1006
f 1049//1049 1088//1088 1050//1050
f 782//782 1090//1090 874//874
f 930//930 988//988 1092//1092
f 1095//1095 993//993 992//992
f 927//927 926//926 1096//1096
f 1095//1095 927//927 1096//1096
f 993//993 1095//1095 1096//1096
f 482//482 348//348 1098//1098
f 348//348 1020//1020 1098//1098
f 482//482 1098//1098 1061//1061
f 1062//1062 1098//1098 1020//1020
f 1062//1062 1061//1061 1098//1098
f 788//788 258//258 1101//1101
f 258//258 1044//1044 1101//1101
f 1102//1102 1101//1101 1044//1044
f 1000//1000 1002//1002 1105//1105
f 1102//1102 1106//1106 1002//1002
f 1105//1105 1002//1002 1106//1106
f 1084//1084 1105//1105 1106//1106
f 880//880 922//922 1108//1108
f 922//922 921//921 1108//1108
f 791//791 1111//1111 782//782
f 1090//1090 782//782 1111//1111
f 1112//1112 791//791 994//994
f 994//994 993//993 1112//1112
f 993//993 1053//1053 1112//1112
f 1112//1112 1111//1111 791//791
f 1112//1112 1053//1053 1111//1111
f 751//751 752//752 1115//1115
f 1115//1115 752//752 896//896
f 1115//1115 1040//1040 751//751
f 1040//1040 1116//1116 1044//1044
f 1040//1040 1115//1115 1116//1116
f 1102//1102 1044//1044 1120//1120
f 1102//1102 1120//1120 1106//1106
f 1120//1120 1044//1044 1119//1119
f 1123//1123 441//441 440//440
f 440//440 616//616 1123//1123
f 441//441 1123//1123 645//645
f 618//618 1124//1124 616//616
f 618//618 1048//1048 1124//1124
f 1123//1123 616//616 1124//1124
f 1124//1124 645//645 1123//1123
f 1111//1111 1053//1053 1126//1126
f 1111//1111 1126//1126 1090//1090
f 1128//1128 970//970 894//894
f 894//894 1001//1001 1128//1128
f 1072//1072 970//970 1128//1128
f 1130//1130 775//775 774//774
f 1130//1130 774//774 930//930
f 1092//1092 1130//1130 930//930
f 757//757 746//746 1132//1132
f 1132//1132 758//758 757//757
f 817//817 758//758 1132//1132
f 746//746 942//942 1132//1132
f 1072//1072 1128//1128 1136//1136
f 1075//1075 1072//1072 1138//1138
f 1136//1136 1138//1138 1072//1072
f 1126//1126 1138//1138 1137//1137
f 1136//1136 1137//1137 1138//1138
f 921//921 1076//1076 1140//1140
f 1075//1075 1140//1140 1076//1076
f 1130//1130 1143//1143 775//775
f 1143//1143 1130//1130 1092//1092
f 1144//1144 775//775 1143//1143
f 1146//1146 1048//1048 1050//1050
f 645//645 1124//1124 1146//1146
f 1146//1146 1124//1124 1048//1048
f 1148//1148 873//873 874//874
f 1148//1148 874//874 1090//1090
f 1126//1126 1148//1148 1090//1090
f 1137//1137 1148//1148 1126//1126
f 1029//1029 1080//1080 1150//1150
f 1150//1150 1080//1080 1085//1085
f 1108//1108 921//921 1152//1152
f 1140//1140 1152//1152 921//921
f 1054//1054 993//993 1154//1154
f 1154//1154 993//993 1096//1096
f 1156//1156 942//942 516//516
f 1132//1132 1156//1156 817//817
f 1132//1132 942//942 1156//1156
f 1158//1158 530//530 757//757
f 1158//1158 757//757 756//756
f 530//530 1158//1158 1060//1060
f 800//800 1164//1164 476//476
f 1162//1162 1163//1163 1164//1164
f 490//490 1166//1166 818//818
f 756//756 818//818 1166//1166
f 756//756 1166//1166 1162//1162
f 1163//1163 1162//1162 1166//1166
f 1061//1061 1060//1060 1168//1168
f 756//756 1168//1168 1158//1158
f 1168//1168 1060//1060 1158//1158
f 1162//1162 1168//1168 756//756
f 482//482 1170//1170 800//800
f 482//482 1061//1061 1170//1170
f 1164//1164 800//800 1170//1170
f 1164//1164 1170//1170 1162//1162
f 1168//1168 1170//1170 1061//1061
f 1168//1168 1162//1162 1170//1170
f 953//953 1172//1172 954//954
f 1023//1023 1172//1172 610//610
f 1172//1172 1023//1023 954//954
f 858//858 862//862 1174//1174
f 609//609 960//960 1174//1174
f 1174//1174 960//960 858//858
f 1024//1024 609//609 1174//1174
f 1026//1026 1174//1174 862//862
f 1024//1024 1174//1174 1026//1026
f 1054//1054 1176//1176 1053//1053
f 1053//1053 1176//1176 1140//1140
f 1140//1140 1176//1176 1152//1152
f 1054//1054 1154//1154 1176//1176
f 1176//1176 1154//1154 1152//1152
f 1180//1180 516//516 515//515
f 1180//1180 515//515 848//848
f 848//848 1181//1181 1180//1180
f 1182//1182 1156//1156 516//516
f 1182//1182 516//516 1180//1180
f 1182//1182 1180//1180 1181//1181
f 470//470 1185//1185 468//468
f 462//462 1186//1186 463//463
f 468//468 1186//1186 848//848
f 1181//1181 848//848 1186//1186
f 1186//1186 468//468 1185//1185
f 242//242 476//476 1188//1188
f 1188//1188 804//804 242//242
f 1188//1188 476//476 1164//1164
f 1163//1163 1188//1188 1164//1164
f 1190//1190 953//953 843//843
f 1172//1172 953//953 1190//1190
f 610//610 1192//1192 608//608
f 866//866 608//608 1192//1192
f 739//739 1194//1194 740//740
f 1194//1194 739//739 817//817
f 1194//1194 817//817 1156//1156
f 1194//1194 1156//1156 1182//1182
f 1182//1182 1181//1181 1194//1194
f 805//805 1196//1196 490//490
f 805//805 804//804 1196//1196
f 1166//1166 490//490 1196//1196
f 1163//1163 1166//1166 1196//1196
f 1188//1188 1196//1196 804//804
f 1163//1163 1196//1196 1188//1188
f 610//610 1172//1172 1198//1198
f 610//610 1198//1198 1192//1192
f 740//740 1200//1200 738//738
f 1200//1200 823//823 738//738
f 824//824 1200//1200 462//462
f 824//824 823//823 1200//1200
f 600//600 1203//1203 601//601
f 1204//1204 842//842 601//601
f 842//842 1204//1204 843//843
f 843//843 1204//1204 1190//1190
f 1204//1204 601//601 1203//1203
f 1203//1203 1190//1190 1204//1204
f 1172//1172 1190//1190 1206//1206
f 1013//1013 1198//1198 1206//1206
f 1206//1206 1198//1198 1172//1172
f 1190//1190 1203//1203 1206//1206
f 1208//1208 1186//1186 462//462
f 1181//1181 1186//1186 1208//1208
f 1208//1208 740//740 1194//1194
f 1208//1208 1194//1194 1181//1181
f 1200//1200 1208//1208 462//462
f 740//740 1208//1208 1200//1200
f 463//463 1210//1210 682//682
f 939//939 682//682 1210//1210
f 1210//1210 463//463 1186//1186
f 1210//1210 1186//1186 1185//1185
f 940//940 939//939 1212//1212
f 1064//1064 1212//1212 600//600
f 940//940 1212//1212 1064//1064
f 866//866 1214//1214 1010//1010
f 1010//1010 1214//1214 1013//1013
f 1192//1192 1214//1214 866//866
f 1013//1013 1214//1214 1198//1198
f 1214//1214 1192//1192 1198//1198
f 1185//1185 470//470 1216//1216
f 1210//1210 1216//1216 939//939
f 1216//1216 1210//1210 1185//1185
f 1013//1013 1218//1218 1014//1014
f 1203//1203 600//600 1218//1218
f 1206//1206 1218//1218 1013//1013
f 1203//1203 1218//1218 1206//1206
f 1212//1212 1218//1218 600//600
f 1220//1220 1212//1212 939//939
f 1220//1220 939//939 1216//1216
f 1220//1220 1014//1014 1218//1218
f 1220//1220 1218//1218 1212//1212
f 1223//1223 1146//1146 1050//1050
f 646//646 645//645 1224//1224
f 1146//1146 1224//1224 645//645
f 1223//1223 1144//1144 1224//1224
f 1223//1223 1224//1224 1146//1146
f 474//474 1226//1226 350//350
f 946//946 1226//1226 474//474
f 946//946 661//661 1226//1226
f 1226//1226 1018//1018 350//350
f 661//661 1018//1018 1226//1226
f 1038//1038 1029//1029 1229//1229
f 1029//1029 1150//1150 1229//1229
f 1119//1119 1229//1229 1150//1150
f 1038//1038 1230//1230 1070//1070
f 1116//1116 1070//1070 1230//1230
f 1230//1230 1038//1038 1229//1229
f 1085//1085 1084//1084 1232//1232
f 1232//1232 1084//1084 1106//1106
f 1120//1120 1232//1232 1106//1106
f 1232//1232 1120//1120 1119//1119
f 1085//1085 1232//1232 1150//1150
f 1150//1150 1232//1232 1119//1119
f 1234//1234 786//786 788//788
f 1001//1001 786//786 1234//1234
f 1234//1234 1002//1002 1001//1001
f 1101//1101 1234//1234 788//788
f 1102//1102 1002//1002 1234//1234
f 1234//1234 1101//1101 1102//1102
f 1236//1236 776//776 775//775
f 1236//1236 1006//1006 776//776
f 1236//1236 1050//1050 1006//1006
f 1144//1144 1236//1236 775//775
f 1236//1236 1223//1223 1050//1050
f 1236//1236 1144//1144 1223//1223
f 646//646 1238//1238 695//695
f 1224//1224 1238//1238 646//646
f 1224//1224 1144//1144 1238//1238
f 1086//1086 873//873 1240//1240
f 1240//1240 1084//1084 1086//1086
f 1084//1084 1240//1240 1105//1105
f 873//873 1148//1148 1240//1240
f 1242//1242 1044//1044 1116//1116
f 1119//1119 1044//1044 1242//1242
f 1242//1242 1229//1229 1119//1119
f 1230//1230 1242//1242 1116//1116
f 1242//1242 1230//1230 1229//1229
f 1105//1105 1244//1244 1000//1000
f 1148//1148 1137//1137 1244//1244
f 1105//1105 1240//1240 1244//1244
f 1148//1148 1244//1244 1240//1240
f 1246//1246 896//896 344//344
f 1042//1042 1246//1246 344//344
f 1042//1042 1070//1070 1246//1246
f 1246//1246 1115//1115 896//896
f 1246//1246 1070//1070 1116//1116
f 1116//1116 1115//1115 1246//1246
f 1126//1126 1053//1053 1248//1248
f 1138//1138 1248//1248 1075//1075
f 1248//1248 1138//1138 1126//1126
f 1140//1140 1248//1248 1053//1053
f 1140//1140 1075//1075 1248//1248
f 880//880 1251//1251 878//878
f 1251//1251 982//982 878//878
f 1251//1251 880//880 1108//1108
f 1251//1251 1108//1108 1152//1152
f 1251//1251 1152//1152 1154//1154
f 982//982 1252//1252 926//926
f 926//926 1252//1252 1096//1096
f 1154//1154 1096//1096 1252//1252
f 1251//1251 1252//1252 982//982
f 1251//1251 1154//1154 1252//1252
f 1255//1255 778//778 695//695
f 1255//1255 992//992 778//778
f 927//927 1095//1095 1255//1255
f 1255//1255 1095//1095 992//992
f 1256//1256 695//695 1238//1238
f 1255//1255 695//695 1256//1256
f 1255//1255 1256//1256 927//927
f 1258//1258 1001//1001 1000//1000
f 1128//1128 1001//1001 1258//1258
f 1128//1128 1258//1258 1136//1136
f 1137//1137 1136//1136 1258//1258
f 1000//1000 1244//1244 1258//1258
f 1244//1244 1137//1137 1258//1258
f 1260//1260 470//470 469//469
f 1010//1010 1260//1260 469//469
f 1010//1010 1014//1014 1260//1260
f 1216//1216 470//470 1260//1260
f 1260//1260 1014//1014 1220//1220
f 1216//1216 1260//1260 1220//1220
f 1238//1238 1144//1144 1262//1262
f 1262//1262 927//927 1256//1256
f 1256//1256 1238//1238 1262//1262
f 1264//1264 928//928 927//927
f 1264//1264 1144//1144 1143//1143
f 1262//1262 1264//1264 927//927
f 1264//1264 1262//1262 1144//1144
f 928//928 1266//1266 986//986
f 1266//1266 988//988 986//986
f 1092//1092 988//988 1266//1266
f 1143//1143 1092//1092 1266//1266
f 1264//1264 1266//1266 928//928
f 1143//1143 1266//1266 1264//1264
f 1//1 1267//1267 2//2
f 9//9 2//2 1268//1268
f 1267//1267 1268//1268 2//2
f 1269//1269 6//6 5//5
f 47//47 6//6 1270//1270
f 1270//1270 6//6 1269//1269
f 10//10 9//9 1271//1271
f 1268//1268 1271//1271 9//9
f 17//17 10//10 1272//1272
f 1272//1272 10//10 1271//1271
f 1273//1273 14//14 13//13
f 14//14 1274//1274 129//129
f 1274//1274 14//14 1273//1273
f 18//18 17//17 1275//1275
f 1272//1272 1275//1275 17//17
f 21//21 18//18 1276//1276
f 1275//1275 1276//1276 18//18
f 213//213 21//21 1277//1277
f 1276//1276 1277//1277 21//21
f 24//24 23//23 1278//1278
f 1279//1279 191//191 24//24
f 1278//1278 1279//1279 24//24
f 28//28 27//27 1280//1280
f 1281//1281 37//37 28//28
f 1280//1280 1281//1281 28//28
f 31//31 1282//1282 1//1
f 1//1 1282//1282 1267//1267
f 34//34 33//33 1283//1283
f 34//34 1284//1284 165//165
f 1283//1283 1284//1284 34//34
f 37//37 1285//1285 31//31
f 1285//1285 37//37 1281//1281
f 31//31 1285//1285 1282//1282
f 39//39 1286//1286 40//40
f 33//33 40//40 1287//1287
f 33//33 1287//1287 1283//1283
f 40//40 1286//1286 1287//1287
f 43//43 1288//1288 44//44
f 1289//1289 55//55 44//44
f 1288//1288 1289//1289 44//44
f 217//217 47//47 1290//1290
f 1290//1290 47//47 1270//1270
f 50//50 49//49 1291//1291
f 50//50 1292//1292 93//93
f 1291//1291 1292//1292 50//50
f 49//49 53//53 1293//1293
f 1293//1293 1291//1291 49//49
f 1292//1292 1291//1291 1293//1293
f 56//56 55//55 1294//1294
f 1294//1294 55//55 1289//1289
f 149//149 56//56 1295//1295
f 1294//1294 1295//1295 56//56
f 1296//1296 60//60 59//59
f 63//63 60//60 1297//1297
f 60//60 1296//1296 1297//1297
f 63//63 1298//1298 64//64
f 1297//1297 1298//1298 63//63
f 137//137 64//64 1299//1299
f 1298//1298 1299//1299 64//64
f 68//68 67//67 1300//1300
f 68//68 1301//1301 143//143
f 68//68 1300//1300 1301//1301
f 72//72 71//71 1302//1302
f 72//72 1303//1303 75//75
f 1302//1302 1303//1303 72//72
f 59//59 75//75 1304//1304
f 59//59 1304//1304 1296//1296
f 1303//1303 1304//1304 75//75
f 78//78 77//77 1305//1305
f 78//78 1306//1306 221//221
f 1305//1305 1306//1306 78//78
f 81//81 1307//1307 82//82
f 23//23 82//82 1308//1308
f 1308//1308 1278//1278 23//23
f 1307//1307 1308//1308 82//82
f 86//86 85//85 1309//1309
f 86//86 1310//1310 229//229
f 1309//1309 1310//1310 86//86
f 90//90 89//89 1311//1311
f 1312//1312 95//95 90//90
f 1311//1311 1312//1312 90//90
f 93//93 1313//1313 97//97
f 1292//1292 1313//1313 93//93
f 95//95 1314//1314 181//181
f 1312//1312 1314//1314 95//95
f 151//151 97//97 1315//1315
f 1313//1313 1315//1315 97//97
f 100//100 99//99 1316//1316
f 100//100 1317//1317 89//89
f 1311//1311 89//89 1317//1317
f 1316//1316 1317//1317 100//100
f 103//103 1318//1318 104//104
f 1319//1319 119//119 104//104
f 104//104 1318//1318 1319//1319
f 108//108 107//107 1320//1320
f 239//239 108//108 1321//1321
f 1320//1320 1321//1321 108//108
f 112//112 111//111 1322//1322
f 173//173 112//112 1323//1323
f 1323//1323 112//112 1322//1322
f 111//111 115//115 1324//1324
f 1324//1324 1322//1322 111//111
f 99//99 117//117 1325//1325
f 1325//1325 1316//1316 99//99
f 119//119 1326//1326 169//169
f 119//119 1319//1319 1326//1326
f 122//122 121//121 1327//1327
f 147//147 122//122 1328//1328
f 1328//1328 122//122 1327//1327
f 126//126 125//125 1329//1329
f 126//126 1330//1330 133//133
f 1329//1329 1330//1330 126//126
f 130//130 129//129 1331//1331
f 1331//1331 129//129 1274//1274
f 1332//1332 135//135 130//130
f 1331//1331 1332//1332 130//130
f 133//133 1333//1333 189//189
f 1330//1330 1333//1333 133//133
f 115//115 135//135 1334//1334
f 1334//1334 1324//1324 115//115
f 1332//1332 1334//1334 135//135
f 138//138 137//137 1335//1335
f 1335//1335 137//137 1299//1299
f 1336//1336 141//141 138//138
f 1335//1335 1336//1336 138//138
f 141//141 1337//1337 121//121
f 1337//1337 1327//1327 121//121
f 1336//1336 1337//1337 141//141
f 5//5 143//143 1338//1338
f 1338//1338 1269//1269 5//5
f 1338//1338 143//143 1301//1301
f 125//125 145//145 1339//1339
f 125//125 1339//1339 1329//1329
f 1340//1340 145//145 147//147
f 1328//1328 1340//1340 147//147
f 1340//1340 1339//1339 145//145
f 149//149 1341//1341 39//39
f 1341//1341 1286//1286 39//39
f 1295//1295 1341//1341 149//149
f 179//179 151//151 1342//1342
f 1315//1315 1342//1342 151//151
f 154//154 153//153 1343//1343
f 1344//1344 157//157 154//154
f 1344//1344 154//154 1343//1343
f 171//171 157//157 1345//1345
f 157//157 1344//1344 1345//1345
f 160//160 159//159 1346//1346
f 153//153 160//160 1347//1347
f 153//153 1347//1347 1343//1343
f 1346//1346 1347//1347 160//160
f 13//13 163//163 1348//1348
f 1348//1348 1273//1273 13//13
f 165//165 1349//1349 166//166
f 1284//1284 1349//1349 165//165
f 1350//1350 235//235 166//166
f 1350//1350 166//166 1349//1349
f 1351//1351 159//159 169//169
f 1351//1351 169//169 1326//1326
f 1351//1351 1346//1346 159//159
f 53//53 171//171 1352//1352
f 1352//1352 1293//1293 53//53
f 1345//1345 1352//1352 171//171
f 117//117 173//173 1353//1353
f 1323//1323 1353//1353 173//173
f 1353//1353 1325//1325 117//117
f 175//175 1354//1354 176//176
f 85//85 176//176 1355//1355
f 1309//1309 85//85 1355//1355
f 176//176 1354//1354 1355//1355
f 225//225 179//179 1356//1356
f 1342//1342 1356//1356 179//179
f 81//81 181//181 1357//1357
f 1357//1357 1307//1307 81//81
f 1314//1314 1357//1357 181//181
f 103//103 183//183 1358//1358
f 1358//1358 1318//1318 103//103
f 185//185 1359//1359 183//183
f 1359//1359 1358//1358 183//183
f 185//185 187//187 1360//1360
f 1360//1360 1359//1359 185//185
f 189//189 1361//1361 187//187
f 189//189 1333//1333 1361//1361
f 1361//1361 1360//1360 187//187
f 1362//1362 27//27 191//191
f 1279//1279 1362//1362 191//191
f 1362//1362 1280//1280 27//27
f 194//194 193//193 1363//1363
f 194//194 1364//1364 163//163
f 1364//1364 1348//1348 163//163
f 1364//1364 194//194 1363//1363
f 198//198 197//197 1365//1365
f 198//198 1366//1366 205//205
f 1365//1365 1366//1366 198//198
f 197//197 201//201 1367//1367
f 1367//1367 1365//1365 197//197
f 1368//1368 201//201 203//203
f 1368//1368 1367//1367 201//201
f 206//206 205//205 1369//1369
f 1369//1369 205//205 1366//1366
f 206//206 1370//1370 223//223
f 1370//1370 206//206 1369//1369
f 1371//1371 210//210 209//209
f 215//215 210//210 1372//1372
f 1372//1372 210//210 1371//1371
f 43//43 213//213 1373//1373
f 1277//1277 1373//1373 213//213
f 1373//1373 1288//1288 43//43
f 1374//1374 233//233 215//215
f 1372//1372 1374//1374 215//215
f 217//217 1375//1375 218//218
f 1290//1290 1375//1375 217//217
f 71//71 218//218 1376//1376
f 71//71 1376//1376 1302//1302
f 1376//1376 218//218 1375//1375
f 1377//1377 209//209 221//221
f 1306//1306 1377//1377 221//221
f 1371//1371 209//209 1377//1377
f 77//77 223//223 1378//1378
f 1378//1378 1305//1305 77//77
f 1370//1370 1378//1378 223//223
f 226//226 225//225 1379//1379
f 1356//1356 1379//1379 225//225
f 226//226 1380//1380 67//67
f 1380//1380 1300//1300 67//67
f 1379//1379 1380//1380 226//226
f 230//230 229//229 1381//1381
f 229//229 1310//1310 1381//1381
f 230//230 1382//1382 237//237
f 1381//1381 1382//1382 230//230
f 193//193 233//233 1383//1383
f 1383//1383 1363//1363 193//193
f 1374//1374 1383//1383 233//233
f 235//235 1384//1384 175//175
f 1384//1384 235//235 1350//1350
f 175//175 1384//1384 1354//1354
f 237//237 1385//1385 107//107
f 1320//1320 107//107 1385//1385
f 1382//1382 1385//1385 237//237
f 1386//1386 203//203 239//239
f 1321//1321 1386//1386 239//239
f 1368//1368 203//203 1386//1386
f 1269//1269 1338//1338 1388//1388
f 1390//1390 1388//1388 1389//1389
f 1269//1269 1391//1391 1270//1270
f 1388//1388 1391//1391 1269//1269
f 1300//1300 1380//1380 1405//1405
f 1406//1406 1301//1301 1300//1300
f 1405//1405 1406//1406 1300//1300
f 1408//1408 1409//1409 1407//1407
f 1388//1388 1390//1390 1412//1412
f 1412//1412 1391//1391 1388//1388
f 1412//1412 1390//1390 1411//1411
f 1409//1409 1408//1408 1415//1415
f 1416//1416 1414//1414 1415//1415
f 1407//1407 1409//1409 1419//1419
f 1419//1419 1409//1409 1420//1420
f 1292//1292 1293//1293 1437//1437
f 1437//1437 1313//1313 1292//1292
f 1437//1437 1293//1293 1352//1352
f 1446//1446 1444//1444 1445//1445
f 1448//1448 1352//1352 1345//1345
f 1448//1448 1437//1437 1352//1352
f 1450//1450 1343//1343 1347//1347
f 1347//1347 1346//1346 1450//1450
f 1343//1343 1451//1451 1344//1344
f 1450//1450 1451//1451 1343//1343
f 1453//1453 1345//1345 1344//1344
f 1453//1453 1448//1448 1345//1345
f 1451//1451 1453//1453 1344//1344
f 1453//1453 1451//1451 1452//1452
f 1270//1270 1391//1391 1455//1455
f 1412//1412 1455//1455 1391//1391
f 1448//1448 1453//1453 1456//1456
f 1453//1453 1452//1452 1457//1457
f 1453//1453 1457//1457 1456//1456
f 1465//1465 1466//1466 1464//1464
f 1445//1445 1444//1444 1468//1468
f 1468//1468 1444//1444 1467//1467
f 1471//1471 1315//1315 1313//1313
f 1313//1313 1437//1437 1471//1471
f 1437//1437 1448//1448 1471//1471
f 1471//1471 1448//1448 1456//1456
f 1346//1346 1351//1351 1473//1473
f 1473//1473 1450//1450 1346//1346
f 1450//1450 1474//1474 1451//1451
f 1451//1451 1474//1474 1452//1452
f 1473//1473 1474//1474 1450//1450
f 1319//1319 1318//1318 1480//1480
f 1486//1486 1318//1318 1358//1358
f 1318//1318 1486//1486 1480//1480
f 1486//1486 1358//1358 1487//1487
f 1487//1487 1485//1485 1486//1486
f 1493//1493 1326//1326 1319//1319
f 1480//1480 1493//1493 1319//1319
f 1390//1390 1521//1521 1411//1411
f 1536//1536 1537//1537 1414//1414
f 1430//1430 1411//1411 1538//1538
f 1538//1538 1411//1411 1521//1521
f 1411//1411 1539//1539 1412//1412
f 1430//1430 1539//1539 1411//1411
f 1432//1432 1539//1539 1430//1430
f 1539//1539 1455//1455 1412//1412
f 1540//1540 1342//1342 1315//1315
f 1456//1456 1457//1457 1540//1540
f 1540//1540 1315//1315 1471//1471
f 1471//1471 1456//1456 1540//1540
f 1301//1301 1543//1543 1338//1338
f 1388//1388 1338//1338 1543//1543
f 1388//1388 1543//1543 1389//1389
f 1406//1406 1543//1543 1301//1301
f 1379//1379 1356//1356 1548//1548
f 1444//1444 1548//1548 1467//1467
f 1356//1356 1342//1342 1549//1549
f 1549//1549 1342//1342 1540//1540
f 1548//1548 1356//1356 1549//1549
f 1548//1548 1549//1549 1467//1467
f 1550//1550 1446//1446 1445//1445
f 1446//1446 1551//1551 1444//1444
f 1548//1548 1551//1551 1379//1379
f 1444//1444 1551//1551 1548//1548
f 1379//1379 1552//1552 1536//1536
f 1379//1379 1551//1551 1552//1552
f 1553//1553 1415//1415 1414//1414
f 1553//1553 1414//1414 1537//1537
f 1540//1540 1457//1457 1554//1554
f 1554//1554 1467//1467 1549//1549
f 1554//1554 1549//1549 1540//1540
f 1326//1326 1555//1555 1351//1351
f 1473//1473 1351//1351 1555//1555
f 1493//1493 1555//1555 1326//1326
f 1561//1561 1559//1559 1560//1560
f 1415//1415 1562//1562 1409//1409
f 1420//1420 1409//1409 1562//1562
f 1415//1415 1553//1553 1562//1562
f 1466//1466 1564//1564 1464//1464
f 1575//1575 1573//1573 1574//1574
f 1576//1576 1551//1551 1446//1446
f 1576//1576 1552//1552 1551//1551
f 1577//1577 1578//1578 1579//1579
f 1493//1493 1480//1480 1580//1580
f 1445//1445 1580//1580 1550//1550
f 1480//1480 1486//1486 1581//1581
f 1486//1486 1485//1485 1581//1581
f 1480//1480 1581//1581 1580//1580
f 1550//1550 1580//1580 1581//1581
f 1572//1572 1465//1465 1585//1585
f 1584//1584 1572//1572 1585//1585
f 1584//1584 1585//1585 1583//1583
f 1578//1578 1576//1576 1586//1586
f 1550//1550 1587//1587 1446//1446
f 1587//1587 1576//1576 1446//1446
f 1587//1587 1575//1575 1586//1586
f 1587//1587 1586//1586 1576//1576
f 1589//1589 1588//1588 1487//1487
f 1521//1521 1390//1390 1590//1590
f 1521//1521 1590//1590 1422//1422
f 1590//1590 1541//1541 1422//1422
f 1445//1445 1468//1468 1592//1592
f 1593//1593 1555//1555 1493//1493
f 1580//1580 1445//1445 1593//1593
f 1493//1493 1580//1580 1593//1593
f 1445//1445 1592//1592 1593//1593
f 1593//1593 1592//1592 1555//1555
f 1358//1358 1599//1599 1487//1487
f 1589//1589 1487//1487 1614//1614
f 1614//1614 1487//1487 1599//1599
f 1574//1574 1632//1632 1575//1575
f 1579//1579 1578//1578 1632//1632
f 1575//1575 1632//1632 1586//1586
f 1586//1586 1632//1632 1578//1578
f 1633//1633 1632//1632 1574//1574
f 1632//1632 1633//1633 1579//1579
f 1380//1380 1379//1379 1640//1640
f 1380//1380 1640//1640 1405//1405
f 1416//1416 1405//1405 1640//1640
f 1414//1414 1416//1416 1640//1640
f 1640//1640 1379//1379 1536//1536
f 1640//1640 1536//1536 1414//1414
f 1646//1646 1552//1552 1576//1576
f 1578//1578 1646//1646 1576//1576
f 1647//1647 1537//1537 1536//1536
f 1552//1552 1647//1647 1536//1536
f 1552//1552 1646//1646 1647//1647
f 1648//1648 1577//1577 1579//1579
f 1579//1579 1633//1633 1649//1649
f 1648//1648 1579//1579 1649//1649
f 1650//1650 1465//1465 1464//1464
f 1465//1465 1650//1650 1585//1585
f 1648//1648 1650//1650 1464//1464
f 1649//1649 1585//1585 1650//1650
f 1650//1650 1648//1648 1649//1649
f 1457//1457 1452//1452 1651//1651
f 1651//1651 1468//1468 1467//1467
f 1651//1651 1452//1452 1474//1474
f 1554//1554 1457//1457 1651//1651
f 1651//1651 1467//1467 1554//1554
f 1592//1592 1468//1468 1651//1651
f 1485//1485 1573//1573 1663//1663
f 1575//1575 1663//1663 1573//1573
f 1581//1581 1485//1485 1663//1663
f 1581//1581 1663//1663 1550//1550
f 1663//1663 1587//1587 1550//1550
f 1663//1663 1575//1575 1587//1587
f 1474//1474 1473//1473 1684//1684
f 1555//1555 1684//1684 1473//1473
f 1684//1684 1555//1555 1592//1592
f 1651//1651 1474//1474 1684//1684
f 1651//1651 1684//1684 1592//1592
f 1389//1389 1543//1543 1715//1715
f 1543//1543 1406//1406 1715//1715
f 1389//1389 1716//1716 1390//1390
f 1390//1390 1716//1716 1590//1590
f 1389//1389 1715//1715 1716//1716
f 1408//1408 1407//1407 1717//1717
f 1415//1415 1408//1408 1718//1718
f 1416//1416 1415//1415 1718//1718
f 1717//1717 1718//1718 1408//1408
f 1541//1541 1590//1590 1719//1719
f 1590//1590 1716//1716 1719//1719
f 1541//1541 1719//1719 1717//1717
f 1717//1717 1719//1719 1718//1718
f 1720//1720 1578//1578 1577//1577
f 1578//1578 1720//1720 1646//1646
f 1720//1720 1647//1647 1646//1646
f 1420//1420 1721//1721 1559//1559
f 1560//1560 1559//1559 1721//1721
f 1420//1420 1562//1562 1721//1721
f 1721//1721 1562//1562 1553//1553
f 1537//1537 1722//1722 1553//1553
f 1721//1721 1553//1553 1722//1722
f 1721//1721 1722//1722 1560//1560
f 1723//1723 1561//1561 1560//1560
f 1564//1564 1723//1723 1464//1464
f 1564//1564 1561//1561 1723//1723
f 1648//1648 1464//1464 1723//1723
f 1723//1723 1577//1577 1648//1648
f 1582//1582 1584//1584 1732//1732
f 1584//1584 1583//1583 1732//1732
f 1740//1740 1539//1539 1432//1432
f 1455//1455 1539//1539 1740//1740
f 1752//1752 1716//1716 1715//1715
f 1752//1752 1719//1719 1716//1716
f 1719//1719 1752//1752 1718//1718
f 1405//1405 1753//1753 1406//1406
f 1416//1416 1753//1753 1405//1405
f 1715//1715 1406//1406 1753//1753
f 1416//1416 1718//1718 1753//1753
f 1753//1753 1752//1752 1715//1715
f 1752//1752 1753//1753 1718//1718
f 1647//1647 1754//1754 1537//1537
f 1720//1720 1754//1754 1647//1647
f 1754//1754 1722//1722 1537//1537
f 1577//1577 1755//1755 1720//1720
f 1755//1755 1560//1560 1722//1722
f 1560//1560 1755//1755 1723//1723
f 1755//1755 1577//1577 1723//1723
f 1754//1754 1720//1720 1755//1755
f 1754//1754 1755//1755 1722//1722
f 1756//1756 1582//1582 1732//1732
f 1585//1585 1768//1768 1583//1583
f 1585//1585 1649//1649 1768//1768
f 1768//1768 1649//1649 1633//1633
f 1769//1769 1653//1653 1756//1756
f 1756//1756 1732//1732 1769//1769
f 1789//1789 1633//1633 1574//1574
f 1768//1768 1633//1633 1791//1791
f 1789//1789 1791//1791 1633//1633
f 1789//1789 1790//1790 1791//1791
f 1810//1810 1732//1732 1583//1583
f 1810//1810 1583//1583 1768//1768
f 1769//1769 1732//1732 1810//1810
f 1810//1810 1790//1790 1769//1769
f 1768//1768 1791//1791 1810//1810
f 1810//1810 1791//1791 1790//1790
f 1827//1827 1485//1485 1487//1487
f 1573//1573 1485//1485 1827//1827
f 1827//1827 1487//1487 1588//1588
f 1828//1828 1574//1574 1573//1573
f 1789//1789 1574//1574 1828//1828
f 1827//1827 1828//1828 1573//1573
f 1828//1828 1827//1827 1588//1588
f 1790//1790 1789//1789 1839//1839
f 1588//1588 1839//1839 1828//1828
f 1828//1828 1839//1839 1789//1789
f 1877//1877 1790//1790 1839//1839
f 1588//1588 1878//1878 1839//1839
f 1877//1877 1839//1839 1878//1878
f 1884//1884 1653//1653 1769//1769
f 1884//1884 1769//1769 1790//1790
f 1884//1884 1790//1790 1877//1877
f 1267//1267 1900//1900 1268//1268
f 1901//1901 1267//1267 1282//1282
f 1267//1267 1901//1901 1900//1900
f 1902//1902 1900//1900 1901//1901
f 1905//1905 1903//1903 1904//1904
f 1908//1908 1903//1903 1906//1906
f 1906//1906 1907//1907 1908//1908
f 1901//1901 1909//1909 1902//1902
f 1910//1910 1272//1272 1271//1271
f 1911//1911 1271//1271 1268//1268
f 1911//1911 1268//1268 1900//1900
f 1271//1271 1911//1911 1910//1910
f 1911//1911 1912//1912 1910//1910
f 1913//1913 1914//1914 1915//1915
f 1275//1275 1916//1916 1276//1276
f 1918//1918 1916//1916 1917//1917
f 1273//1273 1920//1920 1274//1274
f 1273//1273 1348//1348 1921//1921
f 1920//1920 1273//1273 1921//1921
f 1921//1921 1919//1919 1920//1920
f 1922//1922 1275//1275 1272//1272
f 1272//1272 1910//1910 1922//1922
f 1275//1275 1922//1922 1916//1916
f 1917//1917 1916//1916 1922//1922
f 1925//1925 1923//1923 1924//1924
f 1913//1913 1926//1926 1914//1914
f 1927//1927 1277//1277 1276//1276
f 1927//1927 1276//1276 1916//1916
f 1916//1916 1918//1918 1927//1927
f 1279//1279 1278//1278 1928//1928
f 1278//1278 1308//1308 1929//1929
f 1928//1928 1278//1278 1929//1929
f 1930//1930 1928//1928 1929//1929
f 1932//1932 1933//1933 1931//1931
f 1936//1936 1934//1934 1935//1935
f 1281//1281 1280//1280 1937//1937
f 1938//1938 1280//1280 1362//1362
f 1280//1280 1938//1938 1937//1937
f 1939//1939 1937//1937 1938//1938
f 1285//1285 1940//1940 1282//1282
f 1282//1282 1940//1940 1901//1901
f 1909//1909 1901//1901 1940//1940
f 1905//1905 1942//1942 1903//1903
f 1942//1942 1906//1906 1903//1903
f 1942//1942 1905//1905 1941//1941
f 1940//1940 1943//1943 1909//1909
f 1945//1945 1936//1936 1935//1935
f 1945//1945 1946//1946 1944//1944
f 1939//1939 1947//1947 1937//1937
f 1949//1949 1284//1284 1283//1283
f 1934//1934 1949//1949 1948//1948
f 1950//1950 1283//1283 1287//1287
f 1949//1949 1283//1283 1950//1950
f 1950//1950 1948//1948 1949//1949
f 1951//1951 1350//1350 1349//1349
f 1936//1936 1952//1952 1934//1934
f 1953//1953 1952//1952 1936//1936
f 1953//1953 1951//1951 1952//1952
f 1954//1954 1285//1285 1281//1281
f 1954//1954 1281//1281 1937//1937
f 1285//1285 1954//1954 1940//1940
f 1943//1943 1940//1940 1954//1954
f 1937//1937 1947//1947 1954//1954
f 1947//1947 1943//1943 1954//1954
f 1927//1927 1918//1918 1955//1955
f 1957//1957 1287//1287 1286//1286
f 1287//1287 1957//1957 1950//1950
f 1286//1286 1341//1341 1958//1958
f 1286//1286 1958//1958 1957//1957
f 1957//1957 1958//1958 1956//1956
f 1959//1959 1288//1288 1373//1373
f 1288//1288 1961//1961 1289//1289
f 1959//1959 1961//1961 1288//1288
f 1961//1961 1959//1959 1960//1960
f 1962//1962 1963//1963 1964//1964
f 1967//1967 1965//1965 1966//1966
f 1960//1960 1969//1969 1961//1961
f 1970//1970 1969//1969 1960//1960
f 1970//1970 1968//1968 1969//1969
f 1972//1972 1908//1908 1907//1907
f 1971//1971 1972//1972 1907//1907
f 1970//1970 1960//1960 1973//1973
f 1975//1975 1976//1976 1974//1974
f 1908//1908 1972//1972 1977//1977
f 1294//1294 1978//1978 1295//1295
f 1979//1979 1294//1294 1289//1289
f 1289//1289 1961//1961 1979//1979
f 1969//1969 1979//1979 1961//1961
f 1979//1979 1969//1969 1968//1968
f 1294//1294 1979//1979 1978//1978
f 1968//1968 1978//1978 1979//1979
f 1966//1966 1980//1980 1967//1967
f 1983//1983 1981//1981 1982//1982
f 1296//1296 1985//1985 1297//1297
f 1304//1304 1986//1986 1296//1296
f 1296//1296 1986//1986 1985//1985
f 1985//1985 1986//1986 1984//1984
f 1988//1988 1299//1299 1298//1298
f 1989//1989 1298//1298 1297//1297
f 1297//1297 1985//1985 1989//1989
f 1988//1988 1298//1298 1989//1989
f 1989//1989 1987//1987 1988//1988
f 1990//1990 1931//1931 1933//1933
f 1993//1993 1991//1991 1992//1992
f 1975//1975 1974//1974 1996//1996
f 1974//1974 1994//1994 1996//1996
f 1995//1995 1996//1996 1994//1994
f 1976//1976 1975//1975 1997//1997
f 1997//1997 1977//1977 1972//1972
f 1998//1998 1997//1997 1975//1975
f 1998//1998 1977//1977 1997//1997
f 1986//1986 1999//1999 1984//1984
f 1995//1995 1994//1994 1999//1999
f 2001//2001 1996//1996 1995//1995
f 1995//1995 2000//2000 2001//2001
f 1996//1996 2003//2003 1975//1975
f 2003//2003 1998//1998 1975//1975
f 2001//2001 2003//2003 1996//1996
f 2002//2002 2003//2003 2001//2001
f 1304//1304 2004//2004 1986//1986
f 1986//1986 2004//2004 1999//1999
f 1995//1995 1999//1999 2004//2004
f 2004//2004 2000//2000 1995//1995
f 2005//2005 1974//1974 1976//1976
f 2005//2005 1994//1994 1974//1974
f 1906//1906 2006//2006 1907//1907
f 1906//1906 1942//1942 2006//2006
f 2003//2003 2007//2007 1998//1998
f 2008//2008 2003//2003 2002//2002
f 2008//2008 2007//2007 2003//2003
f 1960//1960 1959//1959 2009//2009
f 2009//2009 1973//1973 1960//1960
f 2010//2010 1306//1306 1305//1305
f 1378//1378 2011//2011 1305//1305
f 1305//1305 2011//2011 2010//2010
f 2011//2011 2012//2012 2010//2010
f 1987//1987 2013//2013 1988//1988
f 1357//1357 2014//2014 1307//1307
f 2016//2016 1308//1308 1307//1307
f 1929//1929 1308//1308 2016//2016
f 1307//1307 2014//2014 2016//2016
f 2016//2016 2014//2014 2015//2015
f 1312//1312 2019//2019 1314//1314
f 2017//2017 2018//2018 2019//2019
f 2021//2021 2022//2022 2020//2020
f 2023//2023 1309//1309 1355//1355
f 1310//1310 1309//1309 2024//2024
f 2022//2022 2021//2021 2024//2024
f 1309//1309 2023//2023 2024//2024
f 2024//2024 2023//2023 2022//2022
f 2026//2026 1992//1992 1991//1991
f 1991//1991 2025//2025 2026//2026
f 1317//1317 2027//2027 1311//1311
f 2029//2029 1312//1312 1311//1311
f 2029//2029 2019//2019 1312//1312
f 2029//2029 2017//2017 2019//2019
f 2029//2029 1311//1311 2027//2027
f 2028//2028 2017//2017 2029//2029
f 2029//2029 2027//2027 2028//2028
f 1903//1903 1908//1908 2030//2030
f 2030//2030 1908//1908 1977//1977
f 2028//2028 2027//2027 2031//2031
f 1998//1998 2032//2032 1977//1977
f 2032//2032 1998//1998 2007//2007
f 2030//2030 1977//1977 2032//2032
f 1990//1990 2030//2030 2032//2032
f 2033//2033 2015//2015 2014//2014
f 2000//2000 2035//2035 2001//2001
f 2035//2035 2002//2002 2001//2001
f 2034//2034 2035//2035 2000//2000
f 2036//2036 1316//1316 1325//1325
f 1317//1317 1316//1316 2038//2038
f 2027//2027 1317//1317 2038//2038
f 2031//2031 2027//2027 2038//2038
f 2038//2038 1316//1316 2036//2036
f 2031//2031 2038//2038 2037//2037
f 2036//2036 2037//2037 2038//2038
f 2039//2039 2037//2037 2036//2036
f 2040//2040 2041//2041 2042//2042
f 2044//2044 2045//2045 2043//2043
f 1321//1321 1320//1320 2046//2046
f 2047//2047 1320//1320 1385//1385
f 2047//2047 2046//2046 1320//1320
f 2046//2046 2047//2047 2048//2048
f 1322//1322 2049//2049 1323//1323
f 1322//1322 1324//1324 2050//2050
f 1322//1322 2050//2050 2049//2049
f 2051//2051 2049//2049 2050//2050
f 1900//1900 1902//1902 2052//2052
f 1900//1900 2052//2052 1911//1911
f 1911//1911 2052//2052 1912//1912
f 2053//2053 1324//1324 1334//1334
f 2050//2050 1324//1324 2053//2053
f 2050//2050 2054//2054 2051//2051
f 2050//2050 2053//2053 2054//2054
f 2055//2055 1325//1325 1353//1353
f 1325//1325 2055//2055 2036//2036
f 2039//2039 2036//2036 2055//2055
f 2043//2043 2057//2057 2044//2044
f 2056//2056 2057//2057 2058//2058
f 2059//2059 1965//1965 1967//1967
f 2060//2060 2054//2054 2059//2059
f 2062//2062 1359//1359 1360//1360
f 2061//2061 2062//2062 2063//2063
f 1929//1929 2064//2064 1930//1930
f 1929//1929 2016//2016 2064//2064
f 2015//2015 2064//2064 2016//2016
f 2065//2065 2045//2045 2044//2044
f 2065//2065 2066//2066 2045//2045
f 1984//1984 2067//2067 2068//2068
f 2069//2069 2070//2070 2071//2071
f 2072//2072 2073//2073 2074//2074
f 2075//2075 2009//2009 1955//1955
f 2075//2075 1973//1973 2009//2009
f 2076//2076 1955//1955 1918//1918
f 2075//2075 1955//1955 2076//2076
f 2052//2052 1902//1902 2077//2077
f 2078//2078 1327//1327 1337//1337
f 1327//1327 2080//2080 1328//1328
f 1327//1327 2078//2078 2080//2080
f 2080//2080 2078//2078 2079//2079
f 1981//1981 1983//1983 2081//2081
f 1981//1981 2081//2081 2082//2082
f 2084//2084 1330//1330 1329//1329
f 2085//2085 1329//1329 1339//1339
f 2084//2084 1329//1329 2085//2085
f 2085//2085 2083//2083 2084//2084
f 1947//1947 2088//2088 1943//1943
f 2088//2088 2086//2086 2087//2087
f 2079//2079 2089//2089 2080//2080
f 2090//2090 1331//1331 1274//1274
f 1274//1274 1920//1920 2090//2090
f 1966//1966 1965//1965 2091//2091
f 2092//2092 1332//1332 1331//1331
f 2092//2092 1331//1331 2090//2090
f 2092//2092 2091//2091 1965//1965
f 2090//2090 2091//2091 2092//2092
f 2093//2093 1334//1334 1332//1332
f 1334//1334 2093//2093 2053//2053
f 2093//2093 1332//1332 2092//2092
f 2092//2092 1965//1965 2093//2093
f 2094//2094 2054//2054 2053//2053
f 2094//2094 1965//1965 2059//2059
f 2054//2054 2094//2094 2059//2059
f 2094//2094 2093//2093 1965//1965
f 2094//2094 2053//2053 2093//2093
f 2097//2097 2005//2005 1976//1976
f 2005//2005 2097//2097 2096//2096
f 2096//2096 2097//2097 2095//2095
f 1912//1912 2098//2098 1910//1910
f 2098//2098 1922//1922 1910//1910
f 2098//2098 1917//1917 1922//1922
f 1919//1919 2099//2099 1920//1920
f 2090//2090 1920//1920 2099//2099
f 2091//2091 2090//2090 2099//2099
f 1958//1958 2100//2100 1956//1956
f 1905//1905 2101//2101 1941//1941
f 2101//2101 1956//1956 2100//2100
f 2102//2102 2103//2103 2104//2104
f 2083//2083 2105//2105 2084//2084
f 1333//1333 1330//1330 2106//2106
f 2106//2106 1330//1330 2084//2084
f 2084//2084 2105//2105 2106//2106
f 1914//1914 2107//2107 1915//1915
f 2107//2107 1914//1914 2108//2108
f 1363//1363 2109//2109 1364//1364
f 2107//2107 2108//2108 2109//2109
f 2110//2110 1964//1964 1963//1963
f 2111//2111 1335//1335 1299//1299
f 1299//1299 1988//1988 2111//2111
f 2013//2013 2111//2111 1988//1988
f 2102//2102 2111//2111 2013//2013
f 1335//1335 2112//2112 1336//1336
f 2111//2111 2112//2112 1335//1335
f 2112//2112 2111//2111 2102//2102
f 2113//2113 1337//1337 1336//1336
f 2113//2113 2078//2078 1337//1337
f 1336//1336 2112//2112 2113//2113
f 2079//2079 2078//2078 2114//2114
f 2078//2078 2113//2113 2114//2114
f 2095//2095 2117//2117 2096//2096
f 2096//2096 2117//2117 2116//2116
f 2115//2115 2116//2116 2117//2117
f 2120//2120 2118//2118 2119//2119
f 2122//2122 1944//1944 2121//2121
f 1968//1968 1941//1941 2123//2123
f 1968//1968 2123//2123 1978//1978
f 2123//2123 1941//1941 2101//2101
f 2123//2123 2101//2101 2100//2100
f 1941//1941 2124//2124 1942//1942
f 2124//2124 1941//1941 1968//1968
f 1970//1970 2124//2124 1968//1968
f 2124//2124 2006//2006 1942//1942
f 2125//2125 1931//1931 1990//1990
f 2008//2008 2125//2125 2007//2007
f 2125//2125 1990//1990 2032//2032
f 2007//2007 2125//2125 2032//2032
f 2126//2126 1948//1948 1950//1950
f 2126//2126 1950//1950 1957//1957
f 2126//2126 1957//1957 1956//1956
f 1962//1962 1964//1964 2127//2127
f 1339//1339 1340//1340 2128//2128
f 1339//1339 2128//2128 2085//2085
f 1962//1962 2127//2127 2128//2128
f 2127//2127 2085//2085 2128//2128
f 1903//1903 2129//2129 1904//1904
f 1990//1990 1933//1933 2129//2129
f 1903//1903 2030//2030 2129//2129
f 2129//2129 2030//2030 1990//1990
f 2130//2130 1340//1340 1328//1328
f 1328//1328 2080//2080 2130//2130
f 2130//2130 2089//2089 1962//1962
f 2130//2130 2080//2080 2089//2089
f 1340//1340 2130//2130 2128//2128
f 1962//1962 2128//2128 2130//2130
f 1295//1295 2131//2131 1341//1341
f 1341//1341 2131//2131 1958//1958
f 1978//1978 2131//2131 1295//1295
f 1958//1958 2131//2131 2100//2100
f 2131//2131 1978//1978 2123//2123
f 2123//2123 2100//2100 2131//2131
f 2134//2134 2132//2132 2133//2133
f 2004//2004 2135//2135 2000//2000
f 2000//2000 2135//2135 2034//2034
f 2136//2136 1348//1348 1364//1364
f 2136//2136 1921//1921 1348//1348
f 1364//1364 2109//2109 2136//2136
f 2108//2108 2136//2136 2109//2109
f 2137//2137 1919//1919 1921//1921
f 1914//1914 1926//1926 2137//2137
f 2137//2137 2108//2108 1914//1914
f 2136//2136 2137//2137 1921//1921
f 2108//2108 2137//2137 2136//2136
f 2138//2138 2025//2025 1991//1991
f 2139//2139 1931//1931 2125//2125
f 2138//2138 2139//2139 2025//2025
f 1349//1349 1284//1284 2140//2140
f 2140//2140 1284//1284 1949//1949
f 2140//2140 1949//1949 1934//1934
f 1349//1349 2140//2140 1951//1951
f 2140//2140 1934//1934 1952//1952
f 1951//1951 2140//2140 1952//1952
f 2141//2141 1993//1993 1992//1992
f 1993//1993 2142//2142 1991//1991
f 1991//1991 2142//2142 2138//2138
f 2142//2142 2144//2144 2138//2138
f 2144//2144 2143//2143 2121//2121
f 2142//2142 2143//2143 2144//2144
f 1945//1945 1944//1944 2145//2145
f 1944//1944 2122//2122 2145//2145
f 2008//2008 2146//2146 2125//2125
f 2139//2139 2146//2146 2025//2025
f 2139//2139 2125//2125 2146//2146
f 2135//2135 2147//2147 2034//2034
f 2066//2066 2065//2065 2148//2148
f 2034//2034 2147//2147 2148//2148
f 2147//2147 2066//2066 2148//2148
f 2149//2149 1353//1353 1323//1323
f 1323//1323 2049//2049 2149//2149
f 1353//1353 2149//2149 2055//2055
f 2051//2051 2150//2150 2049//2049
f 2150//2150 2149//2149 2049//2049
f 2151//2151 2051//2051 2054//2054
f 2151//2151 2054//2054 2060//2060
f 2119//2119 2151//2151 2060//2060
f 2151//2151 2150//2150 2051//2051
f 2152//2152 2119//2119 2118//2118
f 2151//2151 2119//2119 2152//2152
f 2152//2152 2150//2150 2151//2151
f 2154//2154 2155//2155 2153//2153
f 1936//1936 1945//1945 2156//2156
f 1953//1953 1936//1936 2156//2156
f 2156//2156 1945//1945 2145//2145
f 2118//2118 2157//2157 2152//2152
f 2150//2150 2152//2152 2157//2157
f 2022//2022 2158//2158 2020//2020
f 2023//2023 2158//2158 2022//2022
f 2159//2159 2160//2160 2161//2161
f 2162//2162 1963//1963 1962//1962
f 1962//1962 2089//2089 2162//2162
f 2162//2162 2089//2089 2079//2079
f 2163//2163 1355//1355 1354//1354
f 2023//2023 1355//1355 2163//2163
f 2023//2023 2163//2163 2158//2158
f 2155//2155 2158//2158 2163//2163
f 1384//1384 2164//2164 1354//1354
f 2164//2164 2153//2153 2155//2155
f 1354//1354 2164//2164 2163//2163
f 2163//2163 2164//2164 2155//2155
f 2165//2165 2166//2166 2167//2167
f 2169//2169 1381//1381 1310//1310
f 1310//1310 2024//2024 2169//2169
f 2024//2024 2021//2021 2169//2169
f 2169//2169 2021//2021 2168//2168
f 2172//2172 2170//2170 2171//2171
f 1993//1993 2173//2173 2142//2142
f 2142//2142 2173//2173 2143//2143
f 2174//2174 2175//2175 2176//2176
f 2044//2044 2177//2177 2065//2065
f 1992//1992 2177//2177 2141//2141
f 2044//2044 2057//2057 2178//2178
f 2178//2178 2057//2057 2056//2056
f 2178//2178 2177//2177 2044//2044
f 2141//2141 2177//2177 2178//2178
f 2048//2048 2047//2047 2179//2179
f 2180//2180 1932//1932 1931//1931
f 2180//2180 1931//1931 2139//2139
f 2138//2138 2180//2180 2139//2139
f 2180//2180 2138//2138 2144//2144
f 2168//2168 2021//2021 2183//2183
f 2183//2183 2182//2182 2168//2168
f 2183//2183 2181//2181 2182//2182
f 2173//2173 2184//2184 2175//2175
f 2141//2141 2185//2185 1993//1993
f 2185//2185 2173//2173 1993//1993
f 2184//2184 2185//2185 2172//2172
f 2184//2184 2173//2173 2185//2185
f 2187//2187 2186//2186 2058//2058
f 1314//1314 2188//2188 1357//1357
f 1357//1357 2188//2188 2014//2014
f 2188//2188 1314//1314 2019//2019
f 2019//2019 2018//2018 2188//2188
f 2014//2014 2188//2188 2033//2033
f 2033//2033 2188//2188 2018//2018
f 1905//1905 2189//2189 2101//2101
f 2189//2189 1956//1956 2101//2101
f 1956//1956 2189//2189 2126//2126
f 2055//2055 2190//2190 2039//2039
f 2190//2190 2055//2055 2149//2149
f 2190//2190 2149//2149 2150//2150
f 2157//2157 2039//2039 2190//2190
f 2190//2190 2150//2150 2157//2157
f 2026//2026 2191//2191 1992//1992
f 2148//2148 2065//2065 2192//2192
f 2192//2192 2177//2177 1992//1992
f 2192//2192 2065//2065 2177//2177
f 2191//2191 2192//2192 1992//1992
f 2191//2191 2148//2148 2192//2192
f 1971//1971 1907//1907 2193//2193
f 1907//1907 2006//2006 2193//2193
f 1971//1971 2193//2193 2194//2194
f 1973//1973 2194//2194 2193//2193
f 2196//2196 1973//1973 2075//2075
f 1973//1973 2196//2196 2194//2194
f 2194//2194 2196//2196 2195//2195
f 1984//1984 2197//2197 1985//1985
f 1989//1989 1985//1985 2197//2197
f 1987//1987 1989//1989 2197//2197
f 2197//2197 1984//1984 2068//2068
f 2197//2197 2068//2068 1987//1987
f 2198//2198 1358//1358 1359//1359
f 1358//1358 2198//2198 2043//2043
f 2043//2043 2198//2198 2057//2057
f 2058//2058 2057//2057 2198//2198
f 1359//1359 2062//2062 2198//2198
f 2061//2061 2199//2199 2062//2062
f 2198//2198 2199//2199 2058//2058
f 2198//2198 2062//2062 2199//2199
f 1928//1928 1930//1930 2200//2200
f 2201//2201 1360//1360 1361//1361
f 1360//1360 2201//2201 2062//2062
f 2063//2063 2062//2062 2201//2201
f 2202//2202 1924//1924 1923//1923
f 1372//1372 2203//2203 1374//1374
f 2202//2202 1923//1923 2203//2203
f 2105//2105 2083//2083 2204//2204
f 2205//2205 1923//1923 1925//1925
f 1915//1915 2107//2107 2205//2205
f 2206//2206 1363//1363 1383//1383
f 1363//1363 2206//2206 2109//2109
f 2107//2107 2109//2109 2206//2206
f 2205//2205 2107//2107 2206//2206
f 1333//1333 2207//2207 1361//1361
f 2207//2207 1333//1333 2106//2106
f 2207//2207 2201//2201 1361//1361
f 2201//2201 2208//2208 2063//2063
f 2201//2201 2207//2207 2208//2208
f 1279//1279 2209//2209 1362//1362
f 1279//1279 1928//1928 2209//2209
f 1362//1362 2209//2209 1938//1938
f 2209//2209 1928//1928 2200//2200
f 2210//2210 2015//2015 2033//2033
f 2211//2211 2071//2071 2070//2070
f 2015//2015 2212//2212 2064//2064
f 2210//2210 2212//2212 2015//2015
f 2210//2210 2211//2211 2212//2212
f 2106//2106 2105//2105 2213//2213
f 2106//2106 2213//2213 2207//2207
f 2207//2207 2213//2213 2208//2208
f 2214//2214 2213//2213 2105//2105
f 2214//2214 2208//2208 2213//2213
f 1939//1939 1938//1938 2215//2215
f 2215//2215 1938//1938 2209//2209
f 2215//2215 2209//2209 2200//2200
f 2061//2061 2063//2063 2216//2216
f 2216//2216 2063//2063 2208//2208
f 2217//2217 2113//2113 2112//2112
f 2217//2217 2114//2114 2113//2113
f 2218//2218 1365//1365 1367//1367
f 2219//2219 1366//1366 1365//1365
f 2219//2219 2042//2042 2041//2041
f 1365//1365 2218//2218 2219//2219
f 2042//2042 2219//2219 2218//2218
f 2199//2199 2061//2061 2220//2220
f 2058//2058 2221//2221 2187//2187
f 2058//2058 2199//2199 2221//2221
f 2221//2221 2220//2220 2187//2187
f 2199//2199 2220//2220 2221//2221
f 1984//1984 1999//1999 2222//2222
f 1994//1994 2222//2222 1999//1999
f 1984//1984 2222//2222 2067//2067
f 2223//2223 1367//1367 1368//1368
f 1367//1367 2223//2223 2218//2218
f 2218//2218 2224//2224 2042//2042
f 2224//2224 2218//2218 2223//2223
f 2225//2225 2013//2013 1987//1987
f 2225//2225 2102//2102 2013//2013
f 2103//2103 2102//2102 2225//2225
f 2226//2226 1368//1368 1386//1386
f 1368//1368 2226//2226 2223//2223
f 2224//2224 2223//2223 2227//2227
f 2227//2227 2223//2223 2226//2226
f 1369//1369 1366//1366 2228//2228
f 2219//2219 2228//2228 1366//1366
f 2228//2228 2219//2219 2041//2041
f 2228//2228 2041//2041 2229//2229
f 2230//2230 1370//1370 1369//1369
f 1369//1369 2228//2228 2230//2230
f 2229//2229 2230//2230 2228//2228
f 2194//2194 2231//2231 1971//1971
f 2195//2195 2231//2231 2194//2194
f 2232//2232 2097//2097 1976//1976
f 2231//2231 2232//2232 1971//1971
f 1917//1917 2233//2233 1983//1983
f 2081//2081 1983//1983 2233//2233
f 2233//2233 2098//2098 1912//1912
f 1917//1917 2098//2098 2233//2233
f 1377//1377 2234//2234 1371//1371
f 2236//2236 1372//1372 1371//1371
f 2203//2203 1372//1372 2236//2236
f 2236//2236 2202//2202 2203//2203
f 1371//1371 2234//2234 2236//2236
f 2236//2236 2235//2235 2202//2202
f 2235//2235 2236//2236 2234//2234
f 2017//2017 2237//2237 2018//2018
f 2237//2237 2017//2017 2160//2160
f 2033//2033 2018//2018 2238//2238
f 2238//2238 2018//2018 2237//2237
f 2239//2239 1373//1373 1277//1277
f 1277//1277 1927//1927 2239//2239
f 1927//1927 1955//1955 2239//2239
f 1373//1373 2239//2239 1959//1959
f 2009//2009 2239//2239 1955//1955
f 2239//2239 2009//2009 1959//1959
f 2011//2011 2240//2240 2012//2012
f 2241//2241 1377//1377 1306//1306
f 1306//1306 2010//2010 2241//2241
f 2241//2241 2234//2234 1377//1377
f 2242//2242 2235//2235 2234//2234
f 2242//2242 2234//2234 2241//2241
f 2243//2243 2010//2010 2012//2012
f 2243//2243 2241//2241 2010//2010
f 2244//2244 2242//2242 2241//2241
f 2241//2241 2243//2243 2244//2244
f 2245//2245 1378//1378 1370//1370
f 2245//2245 2011//2011 1378//1378
f 1370//1370 2230//2230 2245//2245
f 2011//2011 2245//2245 2240//2240
f 1971//1971 2246//2246 1972//1972
f 1997//1997 1972//1972 2246//2246
f 1976//1976 1997//1997 2246//2246
f 1971//1971 2232//2232 2246//2246
f 2246//2246 2232//2232 1976//1976
f 2226//2226 2247//2247 2227//2227
f 2171//2171 2248//2248 2172//2172
f 2175//2175 2248//2248 2176//2176
f 2172//2172 2248//2248 2184//2184
f 2175//2175 2184//2184 2248//2248
f 2248//2248 2171//2171 2249//2249
f 2248//2248 2249//2249 2176//2176
f 2252//2252 2087//2087 2086//2086
f 2086//2086 2250//2250 2252//2252
f 2252//2252 2250//2250 2251//2251
f 2115//2115 2253//2253 2116//2116
f 2068//2068 2067//2067 2255//2255
f 2255//2255 2116//2116 2253//2253
f 2253//2253 2254//2254 2255//2255
f 1932//1932 2256//2256 1946//1946
f 1944//1944 1946//1946 2256//2256
f 2121//2121 1944//1944 2256//2256
f 2121//2121 2256//2256 2144//2144
f 2180//2180 2256//2256 1932//1932
f 2144//2144 2256//2256 2180//2180
f 2137//2137 2257//2257 1919//1919
f 2137//2137 1926//1926 2257//2257
f 1919//1919 2258//2258 2099//2099
f 1919//1919 2257//2257 2258//2258
f 2261//2261 2253//2253 2115//2115
f 2261//2261 2254//2254 2253//2253
f 2259//2259 2260//2260 2261//2261
f 2262//2262 2143//2143 2173//2173
f 2262//2262 2173//2173 2175//2175
f 2122//2122 2121//2121 2263//2263
f 2121//2121 2143//2143 2263//2263
f 2263//2263 2143//2143 2262//2262
f 2264//2264 1382//1382 1381//1381
f 1381//1381 2169//2169 2264//2264
f 2168//2168 2264//2264 2169//2169
f 2168//2168 2182//2182 2264//2264
f 2174//2174 2176//2176 2265//2265
f 2249//2249 2266//2266 2176//2176
f 2265//2265 2176//2176 2266//2266
f 2021//2021 2020//2020 2267//2267
f 2183//2183 2021//2021 2267//2267
f 2265//2265 2267//2267 2020//2020
f 2183//2183 2267//2267 2266//2266
f 2266//2266 2267//2267 2265//2265
f 2268//2268 2008//2008 2002//2002
f 2025//2025 2268//2268 2026//2026
f 2035//2035 2268//2268 2002//2002
f 2268//2268 2146//2146 2008//2008
f 2025//2025 2146//2146 2268//2268
f 2191//2191 2026//2026 2268//2268
f 2269//2269 2270//2270 2271//2271
f 2216//2216 2272//2272 2061//2061
f 2061//2061 2272//2272 2220//2220
f 2273//2273 2105//2105 2204//2204
f 2273//2273 2214//2214 2105//2105
f 2274//2274 2214//2214 2273//2273
f 1913//1913 1915//1915 2276//2276
f 2205//2205 2277//2277 1915//1915
f 2277//2277 2205//2205 1925//1925
f 1915//1915 2277//2277 2276//2276
f 2276//2276 2277//2277 2275//2275
f 2278//2278 2208//2208 2214//2214
f 2216//2216 2208//2208 2278//2278
f 2274//2274 2278//2278 2214//2214
f 2278//2278 2279//2279 2216//2216
f 2274//2274 2279//2279 2278//2278
f 2170//2170 2280//2280 2056//2056
f 2172//2172 2280//2280 2170//2170
f 2056//2056 2280//2280 2178//2178
f 2280//2280 2141//2141 2178//2178
f 2185//2185 2141//2141 2280//2280
f 2172//2172 2185//2185 2280//2280
f 2281//2281 2046//2046 2048//2048
f 2048//2048 2269//2269 2281//2281
f 2081//2081 2282//2282 2082//2082
f 2283//2283 1912//1912 2052//2052
f 2052//2052 2077//2077 2283//2283
f 2233//2233 1912//1912 2283//2283
f 2233//2233 2283//2283 2081//2081
f 2282//2282 2283//2283 2077//2077
f 2283//2283 2282//2282 2081//2081
f 1902//1902 1909//1909 2284//2284
f 1943//1943 2285//2285 1909//1909
f 2285//2285 1943//1943 2088//2088
f 2284//2284 1909//1909 2285//2285
f 2088//2088 2087//2087 2286//2286
f 2285//2285 2088//2088 2286//2286
f 2286//2286 2284//2284 2285//2285
f 2072//2072 2074//2074 2287//2287
f 2287//2287 2074//2074 2288//2288
f 2102//2102 2104//2104 2289//2289
f 2289//2289 2112//2112 2102//2102
f 2287//2287 2289//2289 2104//2104
f 2289//2289 2287//2287 2288//2288
f 1939//1939 2290//2290 1947//1947
f 2290//2290 2088//2088 1947//1947
f 2290//2290 2086//2086 2088//2088
f 2086//2086 2290//2290 2250//2250
f 2087//2087 2252//2252 2292//2292
f 2292//2292 2260//2260 2259//2259
f 2292//2292 2252//2252 2291//2291
f 2260//2260 2292//2292 2291//2291
f 2293//2293 2200//2200 1930//1930
f 2200//2200 2294//2294 2215//2215
f 2294//2294 2200//2200 2293//2293
f 2069//2069 2295//2295 2070//2070
f 2070//2070 2295//2295 2293//2293
f 2295//2295 2294//2294 2293//2293
f 2296//2296 1930//1930 2064//2064
f 2211//2211 2070//2070 2296//2296
f 2064//2064 2212//2212 2296//2296
f 2211//2211 2296//2296 2212//2212
f 1930//1930 2296//2296 2293//2293
f 2293//2293 2296//2296 2070//2070
f 1917//1917 2297//2297 1918//1918
f 2297//2297 1917//1917 1983//1983
f 1982//1982 2297//2297 1983//1983
f 2076//2076 1918//1918 2297//2297
f 2076//2076 2297//2297 1982//1982
f 2298//2298 1994//1994 2005//2005
f 2298//2298 2005//2005 2096//2096
f 2298//2298 2222//2222 1994//1994
f 2222//2222 2298//2298 2067//2067
f 2096//2096 2116//2116 2299//2299
f 2299//2299 2255//2255 2067//2067
f 2299//2299 2116//2116 2255//2255
f 2299//2299 2067//2067 2298//2298
f 2298//2298 2096//2096 2299//2299
f 1987//1987 2068//2068 2300//2300
f 1987//1987 2300//2300 2225//2225
f 2068//2068 2255//2255 2300//2300
f 2300//2300 2255//2255 2254//2254
f 2034//2034 2301//2301 2035//2035
f 2301//2301 2034//2034 2148//2148
f 2148//2148 2191//2191 2301//2301
f 2035//2035 2301//2301 2268//2268
f 2301//2301 2191//2191 2268//2268
f 2302//2302 2017//2017 2028//2028
f 2302//2302 2160//2160 2017//2017
f 2160//2160 2302//2302 2161//2161
f 2031//2031 2303//2303 2028//2028
f 2302//2302 2028//2028 2303//2303
f 2303//2303 2161//2161 2302//2302
f 2031//2031 2037//2037 2304//2304
f 2304//2304 2303//2303 2031//2031
f 2305//2305 2303//2303 2304//2304
f 2079//2079 2114//2114 2306//2306
f 2217//2217 2306//2306 2114//2114
f 2287//2287 2307//2307 2072//2072
f 2104//2104 2307//2307 2287//2287
f 2157//2157 2118//2118 2308//2308
f 2309//2309 2304//2304 2037//2037
f 2304//2304 2309//2309 2305//2305
f 2310//2310 2037//2037 2039//2039
f 2157//2157 2310//2310 2039//2039
f 2310//2310 2157//2157 2308//2308
f 2037//2037 2310//2310 2309//2309
f 2310//2310 2308//2308 2309//2309
f 2162//2162 2079//2079 2311//2311
f 2306//2306 2311//2311 2079//2079
f 2306//2306 2165//2165 2311//2311
f 2162//2162 2312//2312 1963//1963
f 2311//2311 2312//2312 2162//2162
f 2134//2134 2133//2133 2314//2314
f 2314//2314 2313//2313 2134//2134
f 2315//2315 2313//2313 2314//2314
f 2306//2306 2316//2316 2165//2165
f 2217//2217 2316//2316 2306//2306
f 2110//2110 2317//2317 1964//1964
f 2127//2127 1964//1964 2317//2317
f 2318//2318 1383//1383 1374//1374
f 1374//1374 2203//2203 2318//2318
f 2318//2318 2203//2203 1923//1923
f 2205//2205 2318//2318 1923//1923
f 1383//1383 2318//2318 2206//2206
f 2205//2205 2206//2206 2318//2318
f 2202//2202 2235//2235 2319//2319
f 2204//2204 2320//2320 2273//2273
f 2274//2274 2273//2273 2321//2321
f 2320//2320 2321//2321 2273//2273
f 2040//2040 2322//2322 2041//2041
f 2322//2322 2229//2229 2041//2041
f 2324//2324 2229//2229 2322//2322
f 2323//2323 2324//2324 2322//2322
f 2242//2242 2325//2325 2235//2235
f 2242//2242 2244//2244 2325//2325
f 2325//2325 2319//2319 2235//2235
f 2325//2325 2244//2244 2326//2326
f 2327//2327 2325//2325 2326//2326
f 2012//2012 2240//2240 2328//2328
f 2243//2243 2012//2012 2330//2330
f 2243//2243 2330//2330 2244//2244
f 2326//2326 2244//2244 2330//2330
f 2328//2328 2330//2330 2012//2012
f 2326//2326 2330//2330 2329//2329
f 2329//2329 2330//2330 2328//2328
f 2202//2202 2331//2331 1924//1924
f 2202//2202 2319//2319 2331//2331
f 1980//1980 1966//1966 2332//2332
f 2091//2091 2332//2332 1966//1966
f 2091//2091 2099//2099 2332//2332
f 2099//2099 2258//2258 2332//2332
f 2129//2129 2333//2333 1904//1904
f 2129//2129 1933//1933 2333//2333
f 1905//1905 1904//1904 2334//2334
f 2334//2334 2189//2189 1905//1905
f 1904//1904 2333//2333 2334//2334
f 2335//2335 1935//1935 1934//1934
f 2335//2335 1934//1934 1948//1948
f 1948//1948 2126//2126 2335//2335
f 1935//1935 2336//2336 1945//1945
f 1945//1945 2336//2336 1946//1946
f 2335//2335 2336//2336 1935//1935
f 2126//2126 2189//2189 2337//2337
f 2337//2337 2189//2189 2334//2334
f 2337//2337 2335//2335 2126//2126
f 2337//2337 2336//2336 2335//2335
f 1384//1384 1350//1350 2338//2338
f 1350//1350 1951//1951 2338//2338
f 1953//1953 2338//2338 1951//1951
f 1953//1953 2153//2153 2338//2338
f 1384//1384 2338//2338 2164//2164
f 2164//2164 2338//2338 2153//2153
f 2175//2175 2174//2174 2339//2339
f 2175//2175 2339//2339 2262//2262
f 2263//2263 2262//2262 2339//2339
f 2340//2340 2153//2153 1953//1953
f 2154//2154 2153//2153 2340//2340
f 2340//2340 1953//1953 2156//2156
f 2156//2156 2145//2145 2340//2340
f 2122//2122 2341//2341 2145//2145
f 2341//2341 2340//2340 2145//2145
f 2341//2341 2154//2154 2340//2340
f 2342//2342 2155//2155 2154//2154
f 2158//2158 2342//2342 2020//2020
f 2158//2158 2155//2155 2342//2342
f 2265//2265 2020//2020 2342//2342
f 2265//2265 2342//2342 2174//2174
f 2343//2343 1385//1385 1382//1382
f 2047//2047 1385//1385 2343//2343
f 2343//2343 2179//2179 2047//2047
f 2182//2182 2179//2179 2343//2343
f 1382//1382 2264//2264 2343//2343
f 2182//2182 2343//2343 2264//2264
f 2224//2224 2344//2344 2042//2042
f 2230//2230 2229//2229 2345//2345
f 2345//2345 2245//2245 2230//2230
f 2240//2240 2245//2245 2345//2345
f 2229//2229 2324//2324 2345//2345
f 2345//2345 2324//2324 2240//2240
f 2346//2346 2240//2240 2324//2324
f 2323//2323 2346//2346 2324//2324
f 2346//2346 2328//2328 2240//2240
f 2328//2328 2346//2346 2329//2329
f 2347//2347 2329//2329 2346//2346
f 2348//2348 2349//2349 2350//2350
f 2281//2281 2351//2351 2247//2247
f 2281//2281 2269//2269 2351//2351
f 1321//1321 2352//2352 1386//1386
f 2046//2046 2352//2352 1321//1321
f 1386//1386 2352//2352 2226//2226
f 2226//2226 2352//2352 2247//2247
f 2352//2352 2046//2046 2281//2281
f 2352//2352 2281//2281 2247//2247
f 2353//2353 2179//2179 2182//2182
f 2181//2181 2353//2353 2182//2182
f 2354//2354 2217//2217 2112//2112
f 2289//2289 2354//2354 2112//2112
f 2354//2354 2289//2289 2288//2288
f 2210//2210 2033//2033 2355//2355
f 2210//2210 2355//2355 2211//2211
f 2033//2033 2238//2238 2355//2355
f 2237//2237 2356//2356 2238//2238
f 2355//2355 2238//2238 2356//2356
f 2357//2357 2211//2211 2355//2355
f 2357//2357 2355//2355 2356//2356
f 2225//2225 2358//2358 2103//2103
f 2300//2300 2358//2358 2225//2225
f 2300//2300 2254//2254 2358//2358
f 1939//1939 2215//2215 2359//2359
f 2290//2290 1939//1939 2359//2359
f 2250//2250 2290//2290 2359//2359
f 2359//2359 2215//2215 2294//2294
f 2250//2250 2359//2359 2294//2294
f 2075//2075 2076//2076 2360//2360
f 2075//2075 2360//2360 2196//2196
f 2195//2195 2196//2196 2360//2360
f 1970//1970 1973//1973 2361//2361
f 2361//2361 2124//2124 1970//1970
f 2006//2006 2124//2124 2361//2361
f 1973//1973 2193//2193 2361//2361
f 2006//2006 2361//2361 2193//2193
f 2095//2095 2097//2097 2362//2362
f 2232//2232 2362//2362 2097//2097
f 2232//2232 2231//2231 2362//2362
f 2309//2309 2364//2364 2305//2305
f 2308//2308 2364//2364 2309//2309
f 2364//2364 2308//2308 2363//2363
f 1967//1967 2365//2365 2059//2059
f 2059//2059 2365//2365 2060//2060
f 2366//2366 2119//2119 2060//2060
f 2365//2365 2366//2366 2060//2060
f 2367//2367 2165//2165 2167//2167
f 2367//2367 2311//2311 2165//2165
f 2312//2312 2311//2311 2367//2367
f 2368//2368 2083//2083 2085//2085
f 2085//2085 2127//2127 2368//2368
f 2317//2317 2368//2368 2127//2127
f 1967//1967 1980//1980 2369//2369
f 1967//1967 2369//2369 2365//2365
f 2110//2110 1963//1963 2370//2370
f 1963//1963 2312//2312 2370//2370
f 2313//2313 2370//2370 2312//2312
f 2371//2371 2133//2133 2132//2132
f 2371//2371 2366//2366 2365//2365
f 2369//2369 2133//2133 2371//2371
f 2365//2365 2369//2369 2371//2371
f 2319//2319 2325//2325 2372//2372
f 2327//2327 2372//2372 2325//2325
f 2319//2319 2372//2372 2331//2331
f 2373//2373 2334//2334 2333//2333
f 2373//2373 2337//2337 2334//2334
f 2337//2337 2373//2373 2336//2336
f 1932//1932 2374//2374 1933//1933
f 1946//1946 2374//2374 1932//1932
f 1933//1933 2374//2374 2333//2333
f 1946//1946 2336//2336 2374//2374
f 2373//2373 2333//2333 2374//2374
f 2374//2374 2336//2336 2373//2373
f 2122//2122 2263//2263 2375//2375
f 2263//2263 2339//2339 2375//2375
f 2375//2375 2341//2341 2122//2122
f 2376//2376 2339//2339 2174//2174
f 2376//2376 2154//2154 2341//2341
f 2154//2154 2376//2376 2342//2342
f 2174//2174 2342//2342 2376//2376
f 2375//2375 2339//2339 2376//2376
f 2376//2376 2341//2341 2375//2375
f 2377//2377 2048//2048 2179//2179
f 2377//2377 2269//2269 2048//2048
f 2270//2270 2269//2269 2377//2377
f 2377//2377 2179//2179 2353//2353
f 2378//2378 2322//2322 2040//2040
f 2042//2042 2380//2380 2040//2040
f 2380//2380 2042//2042 2344//2344
f 2380//2380 2349//2349 2348//2348
f 2380//2380 2378//2378 2040//2040
f 2348//2348 2378//2378 2380//2380
f 2380//2380 2344//2344 2379//2379
f 2380//2380 2379//2379 2349//2349
f 2381//2381 2224//2224 2227//2227
f 2381//2381 2227//2227 2247//2247
f 2381//2381 2344//2344 2224//2224
f 2381//2381 2247//2247 2351//2351
f 2379//2379 2344//2344 2381//2381
f 2272//2272 2216//2216 2382//2382
f 2216//2216 2279//2279 2383//2383
f 2383//2383 2382//2382 2216//2216
f 2384//2384 2382//2382 2383//2383
f 2083//2083 2385//2385 2204//2204
f 2385//2385 2320//2320 2204//2204
f 2368//2368 2385//2385 2083//2083
f 2275//2275 2331//2331 2388//2388
f 2388//2388 2386//2386 2387//2387
f 2183//2183 2389//2389 2181//2181
f 2183//2183 2266//2266 2389//2389
f 2389//2389 2266//2266 2249//2249
f 2390//2390 2270//2270 2377//2377
f 2353//2353 2390//2390 2377//2377
f 2391//2391 2288//2288 2074//2074
f 2392//2392 2316//2316 2217//2217
f 2217//2217 2354//2354 2392//2392
f 2354//2354 2288//2288 2392//2392
f 2288//2288 2391//2391 2392//2392
f 2391//2391 2316//2316 2392//2392
f 2394//2394 2391//2391 2393//2393
f 2395//2395 1982//1982 1981//1981
f 2395//2395 2231//2231 2195//2195
f 2395//2395 2362//2362 2231//2231
f 2396//2396 2395//2395 1981//1981
f 2397//2397 2117//2117 2095//2095
f 2397//2397 2095//2095 2362//2362
f 2395//2395 2397//2397 2362//2362
f 2396//2396 2397//2397 2395//2395
f 2398//2398 2167//2167 2166//2166
f 2399//2399 2167//2167 2398//2398
f 2363//2363 2399//2399 2398//2398
f 2400//2400 2134//2134 2313//2313
f 2315//2315 2402//2402 2313//2313
f 2110//2110 2370//2370 2402//2402
f 2370//2370 2313//2313 2402//2402
f 2402//2402 2315//2315 2401//2401
f 2134//2134 2400//2400 2403//2403
f 2400//2400 2399//2399 2403//2403
f 2404//2404 2120//2120 2119//2119
f 2404//2404 2132//2132 2134//2134
f 2404//2404 2403//2403 2120//2120
f 2134//2134 2403//2403 2404//2404
f 2405//2405 2314//2314 2133//2133
f 2369//2369 2405//2405 2133//2133
f 2406//2406 2315//2315 2314//2314
f 2406//2406 2401//2401 2315//2315
f 2406//2406 2314//2314 2405//2405
f 2406//2406 2405//2405 2369//2369
f 1913//1913 2407//2407 1926//1926
f 2407//2407 2257//2257 1926//1926
f 2408//2408 2369//2369 1980//1980
f 2369//2369 2408//2408 2406//2406
f 2407//2407 1913//1913 2409//2409
f 2410//2410 2249//2249 2171//2171
f 2389//2389 2249//2249 2412//2412
f 2412//2412 2249//2249 2410//2410
f 2410//2410 2411//2411 2412//2412
f 2413//2413 2414//2414 2384//2384
f 1924//1924 2415//2415 1925//1925
f 2415//2415 2277//2277 1925//1925
f 2415//2415 2275//2275 2277//2277
f 1924//1924 2331//2331 2415//2415
f 2415//2415 2331//2331 2275//2275
f 2115//2115 2117//2117 2416//2416
f 2417//2417 2117//2117 2397//2397
f 2396//2396 2417//2417 2397//2397
f 2417//2417 2416//2416 2117//2117
f 2418//2418 2416//2416 2417//2417
f 2159//2159 2419//2419 2160//2160
f 2160//2160 2419//2419 2237//2237
f 2356//2356 2237//2237 2419//2419
f 2420//2420 2118//2118 2120//2120
f 2308//2308 2118//2118 2420//2420
f 2420//2420 2363//2363 2308//2308
f 2363//2363 2420//2420 2399//2399
f 2120//2120 2403//2403 2420//2420
f 2420//2420 2403//2403 2399//2399
f 2119//2119 2366//2366 2421//2421
f 2421//2421 2371//2371 2132//2132
f 2421//2421 2366//2366 2371//2371
f 2404//2404 2119//2119 2421//2421
f 2404//2404 2421//2421 2132//2132
f 2422//2422 2406//2406 2408//2408
f 2327//2327 2423//2423 2372//2372
f 2327//2327 2424//2424 2423//2423
f 2327//2327 2326//2326 2425//2425
f 2329//2329 2425//2425 2326//2326
f 2329//2329 2347//2347 2425//2425
f 2327//2327 2425//2425 2424//2424
f 2426//2426 2317//2317 2110//2110
f 2426//2426 2368//2368 2317//2317
f 2402//2402 2427//2427 2110//2110
f 2427//2427 2402//2402 2401//2401
f 2110//2110 2427//2427 2426//2426
f 2385//2385 2429//2429 2320//2320
f 2368//2368 2429//2429 2385//2385
f 2429//2429 2368//2368 2426//2426
f 2426//2426 2427//2427 2430//2430
f 2429//2429 2426//2426 2430//2430
f 2430//2430 2428//2428 2429//2429
f 2181//2181 2431//2431 2353//2353
f 2389//2389 2431//2431 2181//2181
f 2390//2390 2353//2353 2431//2431
f 2431//2431 2411//2411 2390//2390
f 2412//2412 2431//2431 2389//2389
f 2431//2431 2412//2412 2411//2411
f 2321//2321 2432//2432 2274//2274
f 2433//2433 2381//2381 2351//2351
f 2434//2434 2382//2382 2384//2384
f 2350//2350 2435//2435 2348//2348
f 2350//2350 2434//2434 2435//2435
f 2384//2384 2435//2435 2434//2434
f 2082//2082 2436//2436 1981//1981
f 1981//1981 2436//2436 2396//2396
f 2436//2436 2417//2417 2396//2396
f 2418//2418 2436//2436 2082//2082
f 2418//2418 2417//2417 2436//2436
f 1913//1913 2276//2276 2437//2437
f 2437//2437 2409//2409 1913//1913
f 2409//2409 2437//2437 2438//2438
f 2439//2439 2387//2387 2386//2386
f 2440//2440 2438//2438 2387//2387
f 2439//2439 2440//2440 2387//2387
f 2439//2439 2428//2428 2440//2440
f 2441//2441 2346//2346 2323//2323
f 2347//2347 2346//2346 2441//2441
f 2383//2383 2279//2279 2442//2442
f 2442//2442 2384//2384 2383//2383
f 2413//2413 2384//2384 2442//2442
f 2279//2279 2274//2274 2443//2443
f 2274//2274 2432//2432 2443//2443
f 2443//2443 2442//2442 2279//2279
f 2413//2413 2442//2442 2443//2443
f 2444//2444 2407//2407 2409//2409
f 2257//2257 2445//2445 2258//2258
f 2332//2332 2258//2258 2445//2445
f 2407//2407 2445//2445 2257//2257
f 2444//2444 2445//2445 2407//2407
f 2409//2409 2438//2438 2447//2447
f 2447//2447 2438//2438 2440//2440
f 2447//2447 2446//2446 2409//2409
f 2058//2058 2448//2448 2056//2056
f 2448//2448 2170//2170 2056//2056
f 2448//2448 2058//2058 2186//2186
f 2170//2170 2449//2449 2171//2171
f 2410//2410 2171//2171 2449//2449
f 2448//2448 2449//2449 2170//2170
f 2449//2449 2448//2448 2186//2186
f 2413//2413 2443//2443 2450//2450
f 2450//2450 2443//2443 2432//2432
f 2372//2372 2451//2451 2331//2331
f 2451//2451 2388//2388 2331//2331
f 2372//2372 2423//2423 2451//2451
f 2271//2271 2452//2452 2269//2269
f 2351//2351 2269//2269 2452//2452
f 2452//2452 2433//2433 2351//2351
f 2453//2453 2254//2254 2261//2261
f 2260//2260 2453//2453 2261//2261
f 2260//2260 2291//2291 2453//2453
f 2453//2453 2358//2358 2254//2254
f 2454//2454 2451//2451 2423//2423
f 2423//2423 2424//2424 2455//2455
f 2423//2423 2455//2455 2454//2454
f 2450//2450 2456//2456 2455//2455
f 2456//2456 2454//2454 2455//2455
f 2425//2425 2347//2347 2457//2457
f 2457//2457 2424//2424 2425//2425
f 2458//2458 2452//2452 2271//2271
f 2452//2452 2458//2458 2433//2433
f 2271//2271 2459//2459 2458//2458
f 2410//2410 2460//2460 2411//2411
f 2186//2186 2460//2460 2449//2449
f 2460//2460 2410//2410 2449//2449
f 2321//2321 2320//2320 2461//2461
f 2461//2461 2432//2432 2321//2321
f 2450//2450 2432//2432 2461//2461
f 2461//2461 2456//2456 2450//2450
f 2427//2427 2401//2401 2462//2462
f 2430//2430 2427//2427 2462//2462
f 2441//2441 2463//2463 2347//2347
f 2347//2347 2463//2463 2457//2457
f 2384//2384 2414//2414 2464//2464
f 2435//2435 2384//2384 2464//2464
f 2465//2465 2103//2103 2358//2358
f 2291//2291 2465//2465 2453//2453
f 2453//2453 2465//2465 2358//2358
f 2115//2115 2466//2466 2261//2261
f 2259//2259 2261//2261 2466//2466
f 2416//2416 2466//2466 2115//2115
f 2282//2282 2077//2077 2468//2468
f 2468//2468 2469//2469 2467//2467
f 2087//2087 2292//2292 2470//2470
f 2292//2292 2259//2259 2470//2470
f 2467//2467 2470//2470 2259//2259
f 2469//2469 2470//2470 2467//2467
f 2418//2418 2471//2471 2416//2416
f 2466//2466 2471//2471 2259//2259
f 2466//2466 2416//2416 2471//2471
f 2467//2467 2259//2259 2471//2471
f 2472//2472 2082//2082 2282//2282
f 2082//2082 2472//2472 2418//2418
f 2468//2468 2472//2472 2282//2282
f 2467//2467 2472//2472 2468//2468
f 2418//2418 2472//2472 2471//2471
f 2467//2467 2471//2471 2472//2472
f 2473//2473 2364//2364 2363//2363
f 2398//2398 2166//2166 2473//2473
f 2363//2363 2398//2398 2473//2473
f 2313//2313 2312//2312 2474//2474
f 2367//2367 2167//2167 2474//2474
f 2367//2367 2474//2474 2312//2312
f 2399//2399 2474//2474 2167//2167
f 2313//2313 2474//2474 2400//2400
f 2474//2474 2399//2399 2400//2400
f 2413//2413 2475//2475 2414//2414
f 2413//2413 2457//2457 2475//2475
f 2475//2475 2457//2457 2463//2463
f 2475//2475 2464//2464 2414//2414
f 2464//2464 2475//2475 2463//2463
f 2104//2104 2103//2103 2476//2476
f 2307//2307 2104//2104 2476//2476
f 2103//2103 2465//2465 2477//2477
f 2476//2476 2103//2103 2477//2477
f 2478//2478 2307//2307 2476//2476
f 2476//2476 2477//2477 2478//2478
f 2069//2069 2071//2071 2479//2479
f 2307//2307 2479//2479 2072//2072
f 2478//2478 2479//2479 2307//2307
f 2072//2072 2480//2480 2073//2073
f 2072//2072 2479//2479 2480//2480
f 2077//2077 1902//1902 2481//2481
f 2284//2284 2481//2481 1902//1902
f 2468//2468 2077//2077 2481//2481
f 2468//2468 2481//2481 2469//2469
f 2364//2364 2482//2482 2305//2305
f 2364//2364 2473//2473 2482//2482
f 2166//2166 2165//2165 2483//2483
f 2165//2165 2316//2316 2483//2483
f 2252//2252 2251//2251 2484//2484
f 2484//2484 2291//2291 2252//2252
f 2465//2465 2291//2291 2484//2484
f 2465//2465 2484//2484 2477//2477
f 2478//2478 2477//2477 2484//2484
f 2286//2286 2087//2087 2485//2485
f 2284//2284 2286//2286 2485//2485
f 2087//2087 2470//2470 2485//2485
f 2469//2469 2485//2485 2470//2470
f 2485//2485 2481//2481 2284//2284
f 2481//2481 2485//2485 2469//2469
f 2486//2486 2473//2473 2166//2166
f 2486//2486 2166//2166 2483//2483
f 2251//2251 2250//2250 2487//2487
f 2250//2250 2294//2294 2487//2487
f 2487//2487 2295//2295 2069//2069
f 2294//2294 2295//2295 2487//2487
f 2159//2159 2161//2161 2488//2488
f 2489//2489 2161//2161 2303//2303
f 2489//2489 2303//2303 2305//2305
f 2482//2482 2489//2489 2305//2305
f 2488//2488 2161//2161 2489//2489
f 2489//2489 2482//2482 2488//2488
f 2490//2490 2482//2482 2473//2473
f 2486//2486 2394//2394 2490//2490
f 2473//2473 2486//2486 2490//2490
f 2482//2482 2490//2490 2488//2488
f 2479//2479 2491//2491 2069//2069
f 2491//2491 2479//2479 2478//2478
f 2484//2484 2251//2251 2491//2491
f 2484//2484 2491//2491 2478//2478
f 2487//2487 2069//2069 2491//2491
f 2491//2491 2251//2251 2487//2487
f 2071//2071 2211//2211 2492//2492
f 2357//2357 2492//2492 2211//2211
f 2492//2492 2479//2479 2071//2071
f 2480//2480 2479//2479 2492//2492
f 2357//2357 2356//2356 2493//2493
f 2493//2493 2419//2419 2159//2159
f 2493//2493 2356//2356 2419//2419
f 2494//2494 2316//2316 2391//2391
f 2391//2391 2394//2394 2494//2494
f 2316//2316 2494//2494 2483//2483
f 2486//2486 2494//2494 2394//2394
f 2483//2483 2494//2494 2486//2486
f 2073//2073 2480//2480 2495//2495
f 2495//2495 2492//2492 2357//2357
f 2495//2495 2480//2480 2492//2492
f 2496//2496 2394//2394 2393//2393
f 2496//2496 2159//2159 2488//2488
f 2496//2496 2490//2490 2394//2394
f 2490//2490 2496//2496 2488//2488
f 2493//2493 2159//2159 2496//2496
f 2493//2493 2497//2497 2357//2357
f 2495//2495 2357//2357 2497//2497
f 2497//2497 2496//2496 2393//2393
f 2496//2496 2497//2497 2493//2493
f 2411//2411 2460//2460 2498//2498
f 2186//2186 2187//2187 2499//2499
f 2499//2499 2460//2460 2186//2186
f 2499//2499 2459//2459 2498//2498
f 2499//2499 2498//2498 2460//2460
f 2500//2500 2076//2076 1982//1982
f 2500//2500 2360//2360 2076//2076
f 2360//2360 2500//2500 2195//2195
f 2395//2395 2500//2500 1982//1982
f 2395//2395 2195//2195 2500//2500
f 2406//2406 2501//2501 2401//2401
f 2462//2462 2401//2401 2501//2501
f 2501//2501 2446//2446 2462//2462
f 2502//2502 2406//2406 2422//2422
f 2502//2502 2422//2422 2444//2444
f 2502//2502 2501//2501 2406//2406
f 2428//2428 2430//2430 2503//2503
f 2503//2503 2440//2440 2428//2428
f 2440//2440 2503//2503 2447//2447
f 2446//2446 2447//2447 2503//2503
f 2503//2503 2430//2430 2462//2462
f 2446//2446 2503//2503 2462//2462
f 2275//2275 2504//2504 2276//2276
f 2504//2504 2275//2275 2388//2388
f 2504//2504 2388//2388 2387//2387
f 2437//2437 2276//2276 2504//2504
f 2387//2387 2438//2438 2504//2504
f 2438//2438 2437//2437 2504//2504
f 2270//2270 2505//2505 2271//2271
f 2390//2390 2505//2505 2270//2270
f 2390//2390 2411//2411 2505//2505
f 2505//2505 2459//2459 2271//2271
f 2505//2505 2411//2411 2498//2498
f 2498//2498 2459//2459 2505//2505
f 2187//2187 2220//2220 2506//2506
f 2499//2499 2187//2187 2506//2506
f 2499//2499 2506//2506 2459//2459
f 2429//2429 2507//2507 2320//2320
f 2429//2429 2428//2428 2507//2507
f 2428//2428 2439//2439 2507//2507
f 2461//2461 2320//2320 2507//2507
f 2409//2409 2508//2508 2444//2444
f 2409//2409 2446//2446 2508//2508
f 2508//2508 2446//2446 2501//2501
f 2508//2508 2502//2502 2444//2444
f 2508//2508 2501//2501 2502//2502
f 2439//2439 2386//2386 2509//2509
f 2456//2456 2461//2461 2509//2509
f 2439//2439 2509//2509 2507//2507
f 2461//2461 2507//2507 2509//2509
f 2332//2332 2510//2510 1980//1980
f 2510//2510 2408//2408 1980//1980
f 2510//2510 2422//2422 2408//2408
f 2422//2422 2510//2510 2444//2444
f 2510//2510 2332//2332 2445//2445
f 2445//2445 2444//2444 2510//2510
f 2413//2413 2450//2450 2511//2511
f 2511//2511 2455//2455 2424//2424
f 2450//2450 2455//2455 2511//2511
f 2511//2511 2457//2457 2413//2413
f 2511//2511 2424//2424 2457//2457
f 2322//2322 2512//2512 2323//2323
f 2378//2378 2512//2512 2322//2322
f 2323//2323 2512//2512 2441//2441
f 2441//2441 2512//2512 2463//2463
f 2464//2464 2463//2463 2512//2512
f 2513//2513 2378//2378 2348//2348
f 2513//2513 2348//2348 2435//2435
f 2464//2464 2513//2513 2435//2435
f 2512//2512 2378//2378 2513//2513
f 2464//2464 2512//2512 2513//2513
f 2514//2514 2506//2506 2220//2220
f 2272//2272 2515//2515 2220//2220
f 2515//2515 2272//2272 2382//2382
f 2434//2434 2350//2350 2515//2515
f 2382//2382 2434//2434 2515//2515
f 2514//2514 2220//2220 2515//2515
f 2514//2514 2515//2515 2350//2350
f 2388//2388 2516//2516 2386//2386
f 2388//2388 2451//2451 2516//2516
f 2451//2451 2454//2454 2516//2516
f 2454//2454 2456//2456 2516//2516
f 2386//2386 2516//2516 2509//2509
f 2509//2509 2516//2516 2456//2456
f 2073//2073 2517//2517 2074//2074
f 2391//2391 2074//2074 2517//2517
f 2517//2517 2393//2393 2391//2391
f 2073//2073 2495//2495 2517//2517
f 2393//2393 2517//2517 2497//2497
f 2497//2497 2517//2517 2495//2495
f 2506//2506 2518//2518 2459//2459
f 2350//2350 2518//2518 2514//2514
f 2518//2518 2506//2506 2514//2514
f 2519//2519 2350//2350 2349//2349
f 2459//2459 2519//2519 2458//2458
f 2518//2518 2350//2350 2519//2519
f 2459//2459 2518//2518 2519//2519
f 2520//2520 2349//2349 2379//2379
f 2379//2379 2381//2381 2520//2520
f 2520//2520 2381//2381 2433//2433
f 2520//2520 2433//2433 2458//2458
f 2520//2520 2519//2519 2349//2349
f 2520//2520 2458//2458 2519//2519
f 2043//2043 2521//2521 1358//1358
f 2521//2521 2043//2043 2045//2045
f 2522//2522 2045//2045 2066//2066
f 2045//2045 2522//2522 2521//2521
f 2066//2066 2147//2147 2523//2523
f 2066//2066 2523//2523 2522//2522
f 2004//2004 1304//1304 2524//2524
f 2524//2524 2135//2135 2004//2004
f 2147//2147 2135//2135 2525//2525
f 2147//2147 2525//2525 2523//2523
f 2135//2135 2524//2524 2525//2525
f 2526//2526 2527//2527 2528//2528
f 2529//2529 1270//1270 1455//1455
f 2530//2530 1290//1290 1270//1270
f 1270//1270 2529//2529 2530//2530
f 2529//2529 2526//2526 2530//2530
f 2532//2532 2533//2533 2531//2531
f 1419//1419 2534//2534 1407//1407
f 2534//2534 1419//1419 1420//1420
f 1407//1407 2535//2535 1717//1717
f 2534//2534 2535//2535 1407//1407
f 2527//2527 2526//2526 2536//2536
f 2536//2536 2529//2529 1455//1455
f 2536//2536 2526//2526 2529//2529
f 2537//2537 1430//1430 1538//1538
f 2537//2537 1538//1538 1521//1521
f 1521//1521 2527//2527 2537//2537
f 2536//2536 2537//2537 2527//2527
f 2534//2534 2540//2540 2535//2535
f 2538//2538 2539//2539 2540//2540
f 2541//2541 1375//1375 1290//1290
f 2541//2541 1290//1290 2530//2530
f 2542//2542 2532//2532 2531//2531
f 2543//2543 2544//2544 2545//2545
f 1375//1375 2546//2546 1376//1376
f 2541//2541 2546//2546 1375//1375
f 2547//2547 1304//1304 1303//1303
f 2547//2547 2524//2524 1304//1304
f 1302//1302 2548//2548 1303//1303
f 1303//1303 2548//2548 2547//2547
f 2550//2550 1302//1302 1376//1376
f 2546//2546 2550//2550 1376//1376
f 1302//1302 2550//2550 2548//2548
f 2548//2548 2550//2550 2549//2549
f 2550//2550 2546//2546 2551//2551
f 2549//2549 2550//2550 2552//2552
f 2551//2551 2552//2552 2550//2550
f 1465//1465 2553//2553 1466//1466
f 2553//2553 1564//1564 1466//1466
f 2543//2543 2545//2545 2554//2554
f 2554//2554 2555//2555 2543//2543
f 2556//2556 2530//2530 2526//2526
f 2541//2541 2530//2530 2556//2556
f 2546//2546 2541//2541 2557//2557
f 2546//2546 2557//2557 2551//2551
f 2556//2556 2557//2557 2541//2541
f 2557//2557 2556//2556 2542//2542
f 2558//2558 2525//2525 2524//2524
f 2524//2524 2547//2547 2558//2558
f 2548//2548 2559//2559 2547//2547
f 2548//2548 2549//2549 2559//2559
f 2559//2559 2558//2558 2547//2547
f 2560//2560 2521//2521 2522//2522
f 1589//1589 2562//2562 1588//1588
f 2562//2562 1599//1599 1358//1358
f 1614//1614 2562//2562 1589//1589
f 2562//2562 1614//1614 1599//1599
f 2563//2563 1358//1358 2521//2521
f 2560//2560 2563//2563 2521//2521
f 2563//2563 2562//2562 1358//1358
f 2561//2561 2562//2562 2563//2563
f 2523//2523 2564//2564 2522//2522
f 2564//2564 2560//2560 2522//2522
f 2566//2566 2538//2538 2565//2565
f 1432//1432 1430//1430 2567//2567
f 1740//1740 1432//1432 2567//2567
f 1455//1455 1740//1740 2567//2567
f 1455//1455 2567//2567 2536//2536
f 2567//2567 1430//1430 2537//2537
f 2536//2536 2567//2567 2537//2537
f 2568//2568 2542//2542 2531//2531
f 2552//2552 2551//2551 2568//2568
f 2542//2542 2568//2568 2557//2557
f 2557//2557 2568//2568 2551//2551
f 2569//2569 2526//2526 2528//2528
f 2569//2569 2532//2532 2542//2542
f 2556//2556 2526//2526 2569//2569
f 2569//2569 2542//2542 2556//2556
f 2568//2568 2531//2531 2570//2570
f 2543//2543 2555//2555 2571//2571
f 2570//2570 2571//2571 2555//2555
f 2572//2572 2545//2545 2544//2544
f 2543//2543 2573//2573 2544//2544
f 2543//2543 2571//2571 2573//2573
f 2571//2571 2574//2574 2573//2573
f 2575//2575 2574//2574 2566//2566
f 2573//2573 2574//2574 2575//2575
f 2540//2540 2576//2576 2538//2538
f 2576//2576 2565//2565 2538//2538
f 2552//2552 2568//2568 2577//2577
f 2555//2555 2577//2577 2570//2570
f 2577//2577 2568//2568 2570//2570
f 2578//2578 2523//2523 2525//2525
f 2525//2525 2558//2558 2578//2578
f 2564//2564 2523//2523 2578//2578
f 2579//2579 1559//1559 1561//1561
f 2534//2534 1420//1420 2580//2580
f 2580//2580 2540//2540 2534//2534
f 2576//2576 2540//2540 2580//2580
f 2581//2581 2582//2582 2583//2583
f 2573//2573 2584//2584 2544//2544
f 2575//2575 2584//2584 2573//2573
f 2585//2585 2586//2586 2587//2587
f 2588//2588 2560//2560 2564//2564
f 2588//2588 2545//2545 2572//2572
f 2589//2589 2563//2563 2560//2560
f 2589//2589 2561//2561 2563//2563
f 2588//2588 2589//2589 2560//2560
f 2589//2589 2588//2588 2572//2572
f 2533//2533 2590//2590 2531//2531
f 2570//2570 2531//2531 2590//2590
f 2570//2570 2590//2590 2571//2571
f 2574//2574 2571//2571 2590//2590
f 1465//1465 1572//1572 2592//2592
f 1584//1584 2592//2592 1572//1572
f 2591//2591 2592//2592 1584//1584
f 2593//2593 2584//2584 2587//2587
f 2572//2572 2544//2544 2594//2594
f 2544//2544 2584//2584 2594//2594
f 2594//2594 2593//2593 2582//2582
f 2594//2594 2584//2584 2593//2593
f 1422//1422 2595//2595 1521//1521
f 2595//2595 1422//1422 1541//1541
f 2595//2595 2527//2527 1521//1521
f 2545//2545 2596//2596 2554//2554
f 2597//2597 2564//2564 2578//2578
f 2545//2545 2588//2588 2597//2597
f 2564//2564 2597//2597 2588//2588
f 2597//2597 2596//2596 2545//2545
f 2597//2597 2578//2578 2596//2596
f 2582//2582 2598//2598 2583//2583
f 2587//2587 2586//2586 2598//2598
f 2598//2598 2582//2582 2593//2593
f 2587//2587 2598//2598 2593//2593
f 2583//2583 2598//2598 2599//2599
f 2586//2586 2599//2599 2598//2598
f 2600//2600 2533//2533 2539//2539
f 2538//2538 2600//2600 2539//2539
f 2566//2566 2600//2600 2538//2538
f 2574//2574 2600//2600 2566//2566
f 2590//2590 2533//2533 2600//2600
f 2574//2574 2590//2590 2600//2600
f 2601//2601 2566//2566 2565//2565
f 2566//2566 2601//2601 2575//2575
f 2575//2575 2602//2602 2584//2584
f 2584//2584 2602//2602 2587//2587
f 2575//2575 2601//2601 2602//2602
f 2585//2585 2603//2603 2586//2586
f 2604//2604 2553//2553 1465//1465
f 2604//2604 1465//1465 2592//2592
f 2553//2553 2604//2604 2603//2603
f 2599//2599 2586//2586 2605//2605
f 2603//2603 2605//2605 2586//2586
f 2592//2592 2605//2605 2604//2604
f 2604//2604 2605//2605 2603//2603
f 2606//2606 2549//2549 2552//2552
f 2554//2554 2606//2606 2555//2555
f 2549//2549 2606//2606 2559//2559
f 2577//2577 2606//2606 2552//2552
f 2555//2555 2606//2606 2577//2577
f 2554//2554 2596//2596 2606//2606
f 2581//2581 2561//2561 2607//2607
f 2581//2581 2607//2607 2582//2582
f 2561//2561 2589//2589 2607//2607
f 2572//2572 2607//2607 2589//2589
f 2594//2594 2607//2607 2572//2572
f 2582//2582 2607//2607 2594//2594
f 2608//2608 2558//2558 2559//2559
f 2608//2608 2578//2578 2558//2558
f 2578//2578 2608//2608 2596//2596
f 2559//2559 2606//2606 2608//2608
f 2608//2608 2606//2606 2596//2596
f 2609//2609 2569//2569 2528//2528
f 2569//2569 2609//2609 2532//2532
f 2527//2527 2610//2610 2528//2528
f 2595//2595 2610//2610 2527//2527
f 2610//2610 2609//2609 2528//2528
f 2611//2611 1717//1717 2535//2535
f 2535//2535 2540//2540 2611//2611
f 2611//2611 2540//2540 2539//2539
f 1541//1541 1717//1717 2612//2612
f 2595//2595 1541//1541 2612//2612
f 2595//2595 2612//2612 2610//2610
f 2612//2612 1717//1717 2611//2611
f 2613//2613 2585//2585 2587//2587
f 2602//2602 2613//2613 2587//2587
f 2601//2601 2613//2613 2602//2602
f 2614//2614 1420//1420 1559//1559
f 1559//1559 2579//2579 2614//2614
f 2614//2614 2580//2580 1420//1420
f 2576//2576 2580//2580 2614//2614
f 2576//2576 2615//2615 2565//2565
f 2614//2614 2615//2615 2576//2576
f 2615//2615 2614//2614 2579//2579
f 1561//1561 1564//1564 2616//2616
f 1564//1564 2553//2553 2616//2616
f 2616//2616 2579//2579 1561//1561
f 2553//2553 2603//2603 2616//2616
f 2616//2616 2603//2603 2585//2585
f 1584//1584 1582//1582 2617//2617
f 2617//2617 1582//1582 1756//1756
f 1584//1584 2617//2617 2591//2591
f 2609//2609 2610//2610 2618//2618
f 2612//2612 2618//2618 2610//2610
f 2618//2618 2612//2612 2611//2611
f 2619//2619 2533//2533 2532//2532
f 2619//2619 2539//2539 2533//2533
f 2532//2532 2609//2609 2619//2619
f 2611//2611 2539//2539 2619//2619
f 2619//2619 2609//2609 2618//2618
f 2619//2619 2618//2618 2611//2611
f 2565//2565 2620//2620 2601//2601
f 2620//2620 2613//2613 2601//2601
f 2615//2615 2620//2620 2565//2565
f 2613//2613 2621//2621 2585//2585
f 2579//2579 2621//2621 2615//2615
f 2621//2621 2579//2579 2616//2616
f 2621//2621 2616//2616 2585//2585
f 2620//2620 2621//2621 2613//2613
f 2620//2620 2615//2615 2621//2621
f 2592//2592 2591//2591 2622//2622
f 2622//2622 2605//2605 2592//2592
f 2622//2622 2599//2599 2605//2605
f 1756//1756 1653//1653 2623//2623
f 1653//1653 1884//1884 2623//2623
f 2617//2617 1756//1756 2623//2623
f 2583//2583 2599//2599 2624//2624
f 2625//2625 2599//2599 2622//2622
f 2599//2599 2625//2625 2624//2624
f 2626//2626 1884//1884 1877//1877
f 2626//2626 2623//2623 1884//1884
f 2626//2626 2624//2624 2625//2625
f 2617//2617 2627//2627 2591//2591
f 2627//2627 2622//2622 2591//2591
f 2617//2617 2623//2623 2627//2627
f 2622//2622 2627//2627 2625//2625
f 2623//2623 2626//2626 2627//2627
f 2627//2627 2626//2626 2625//2625
f 1588//1588 2562//2562 2628//2628
f 2628//2628 2562//2562 2561//2561
f 2581//2581 2628//2628 2561//2561
f 2581//2581 2583//2583 2629//2629
f 2624//2624 2629//2629 2583//2583
f 2629//2629 1588//1588 2628//2628
f 2581//2581 2629//2629 2628//2628
f 2630//2630 1878//1878 1588//1588
f 2630//2630 1877//1877 1878//1878
f 2630//2630 2626//2626 1877//1877
f 2624//2624 2626//2626 2630//2630
f 2629//2629 2630//2630 1588//1588
f 2630//2630 2629//2629 2624//2624
# 3464 faces, 0 coords texture

# End of File
