v 0.65797984600067005 0.060307379812002002 0
v 0.74118095636367998 0.034074172377585997 0
v 0.65797984600067005 0.060307379812002002 0.029999999329448
v 0.74118095636367998 0.034074172377585997 0.029999999329448
v 0.29289323091507002 0.29289323091507002 0
v 0.35721239447594 0.23395556211471999 0
v 0.29289323091507002 0.29289323091507002 0.029999999329448
v 0.35721239447594 0.23395556211471999 0.029999999329448
v 1 0 0
v 1.0871556997298999 0.0038053018506615998 0
v 1 0 0.029999999329448
v 1.0871556997298999 0.0038053018506615998 0.029999999329448
v 0 1 0
v 0.0038053018506615998 0.91284424066544001 0
v 0 1 0.029999999329448
v 0.0038053018506615998 0.91284424066544001 0.029999999329448
v 0.093692213296889995 1.4226182699203 0
v 0.060307379812002002 1.3420201539993 0
v 0.093692213296889995 1.4226182699203 0.029999999329448
v 0.060307379812002002 1.3420201539993 0.029999999329448
v 0.18084795773029 1.5735764503478999 0
v 0.13397459685801999 1.5 0
v 0.18084795773029 1.5735764503478999 0.029999999329448
v 0.13397459685801999 1.5 0.029999999329448
v 0.29289323091507002 1.7071068286896001 0
v 0.23395556211471999 1.6427875757217001 0
v 0.29289323091507002 1.7071068286896001 0.029999999329448
v 0.23395556211471999 1.6427875757217001 0.029999999329448
v 0.65797984600067005 1.9396926164627 0
v 0.57738173007964999 1.9063078165053999 0
v 0.65797984600067005 1.9396926164627 0.029999999329448
v 0.57738173007964999 1.9063078165053999 0.029999999329448
v 1.9659258127213 1.2588191032410001 0
v 1.9396926164627 1.3420201539993 0
v 1.9659258127213 1.2588191032410001 0.029999999329448
v 1.9396926164627 1.3420201539993 0.029999999329448
v 1.7071068286896001 0.29289323091507002 0
v 1.7660444974898999 0.35721239447594 0
v 1.7071068286896001 0.29289323091507002 0.029999999329448
v 1.7660444974898999 0.35721239447594 0.029999999329448
v 1.8660254478455001 0.5 0
v 1.9063078165053999 0.57738173007964999 0
v 1.8660254478455001 0.5 0.029999999329448
v 1.9063078165053999 0.57738173007964999 0.029999999329448
v 1.9961947202682 0.91284424066544001 0
v 2 1 0
v 1.9961947202682 0.91284424066544001 0.029999999329448
v 2 1 0.029999999329448
v 0.82635182142258001 0.015192246995866 0
v 0.91284424066544001 0.0038053018506615998 0
v 0.82635182142258001 0.015192246995866 0.029999999329448
v 0.91284424066544001 0.0038053018506615998 0.029999999329448
v 1.9063078165053999 1.4226182699203 0
v 1.8660254478455001 1.5 0
v 1.9063078165053999 1.4226182699203 0.029999999329448
v 1.8660254478455001 1.5 0.029999999329448
v 1.0871556997298999 1.9961947202682 0
v 1 2 0
v 1.0871556997298999 1.9961947202682 0.029999999329448
v 1 2 0.029999999329448
v 1.3420201539993 1.9396926164627 0
v 1.2588191032410001 1.9659258127213 0
v 1.3420201539993 1.9396926164627 0.029999999329448
v 1.2588191032410001 1.9659258127213 0.029999999329448
v 1.6427875757217001 1.7660444974898999 0
v 1.5735764503478999 1.8191519975662001 0
v 1.6427875757217001 1.7660444974898999 0.029999999329448
v 1.5735764503478999 1.8191519975662001 0.029999999329448
v 0.015192246995866 0.82635182142258001 0
v 0.034074172377585997 0.74118095636367998 0
v 0.015192246995866 0.82635182142258001 0.029999999329448
v 0.034074172377585997 0.74118095636367998 0.029999999329448
v 0.015192246995866 1.1736481189728001 0
v 0.0038053018506615998 1.0871556997298999 0
v 0.015192246995866 1.1736481189728001 0.029999999329448
v 0.0038053018506615998 1.0871556997298999 0.029999999329448
v 1.2588191032410001 0.034074172377585997 0
v 1.3420201539993 0.060307379812002002 0
v 1.2588191032410001 0.034074172377585997 0.029999999329448
v 1.3420201539993 0.060307379812002002 0.029999999329448
v 0.4264235496521 1.8191519975662001 0
v 0.35721239447594 1.7660444974898999 0
v 0.4264235496521 1.8191519975662001 0.029999999329448
v 0.35721239447594 1.7660444974898999 0.029999999329448
v 0.060307379812002002 0.65797984600067005 0
v 0.093692213296889995 0.57738173007964999 0
v 0.060307379812002002 0.65797984600067005 0.029999999329448
v 0.093692213296889995 0.57738173007964999 0.029999999329448
v 0.13397459685801999 0.5 0
v 0.13397459685801999 0.5 0.029999999329448
v 0.18084795773029 0.4264235496521 0
v 0.23395556211471999 0.35721239447594 0
v 0.18084795773029 0.4264235496521 0.029999999329448
v 0.23395556211471999 0.35721239447594 0.029999999329448
v 1.9659258127213 0.74118095636367998 0
v 1.9848077297211 0.82635182142258001 0
v 1.9659258127213 0.74118095636367998 0.029999999329448
v 1.9848077297211 0.82635182142258001 0.029999999329448
v 1.4226182699203 0.093692213296889995 0
v 1.5 0.13397459685801999 0
v 1.4226182699203 0.093692213296889995 0.029999999329448
v 1.5 0.13397459685801999 0.029999999329448
v 1.8191519975662001 1.5735764503478999 0
v 1.7660444974898999 1.6427875757217001 0
v 1.8191519975662001 1.5735764503478999 0.029999999329448
v 1.7660444974898999 1.6427875757217001 0.029999999329448
v 1.5 1.8660254478455001 0
v 1.4226182699203 1.9063078165053999 0
v 1.5 1.8660254478455001 0.029999999329448
v 1.4226182699203 1.9063078165053999 0.029999999329448
v 0.91284424066544001 1.9961947202682 0
v 0.82635182142258001 1.9848077297211 0
v 0.91284424066544001 1.9961947202682 0.029999999329448
v 0.82635182142258001 1.9848077297211 0.029999999329448
v 0.4264235496521 0.18084795773029 0
v 0.5 0.13397459685801999 0
v 0.4264235496521 0.18084795773029 0.029999999329448
v 0.5 0.13397459685801999 0.029999999329448
v 1.9961947202682 1.0871556997298999 0
v 1.9848077297211 1.1736481189728001 0
v 1.9961947202682 1.0871556997298999 0.029999999329448
v 1.9848077297211 1.1736481189728001 0.029999999329448
v 1.5735764503478999 0.18084795773029 0
v 1.6427875757217001 0.23395556211471999 0
v 1.5735764503478999 0.18084795773029 0.029999999329448
v 1.6427875757217001 0.23395556211471999 0.029999999329448
v 1.1736481189728001 1.9848077297211 0
v 1.1736481189728001 1.9848077297211 0.029999999329448
v 1.1736481189728001 0.015192246995866 0
v 1.1736481189728001 0.015192246995866 0.029999999329448
v 1.8191519975662001 0.4264235496521 0
v 1.8191519975662001 0.4264235496521 0.029999999329448
v 1.9396926164627 0.65797984600067005 0
v 1.9396926164627 0.65797984600067005 0.029999999329448
v 0.57738173007964999 0.093692213296889995 0
v 0.57738173007964999 0.093692213296889995 0.029999999329448
v 1.7071068286896001 1.7071068286896001 0
v 1.7071068286896001 1.7071068286896001 0.029999999329448
v 0.74118095636367998 1.9659258127213 0
v 0.74118095636367998 1.9659258127213 0.029999999329448
v 0.5 1.8660254478455001 0
v 0.5 1.8660254478455001 0.029999999329448
v 0.034074172377585997 1.2588191032410001 0
v 0.034074172377585997 1.2588191032410001 0.029999999329448
v 0.81631672382355003 0.75929290056229004 0
v 0.74906778335571 0.76604944467545 0
v 0.75424826145171997 0.69174641370773005 0
v 0.81631672382355003 0.75929290056229004 0.029999999329448
v 0.74906778335571 0.76604944467545 0.029999999329448
v 0.75424826145171997 0.69174641370773005 0.029999999329448
v 1.01034116745 1.1638045310973999 0
v 1.0739853382111 1.1281464099884 0
v 1.0579007863998 1.177267074585 0
v 1.01034116745 1.1638045310973999 0.029999999329448
v 1.0739853382111 1.1281464099884 0.029999999329448
v 1.0579007863998 1.177267074585 0.029999999329448
v 1.1912341117859 1.1002870798111 0
v 1.2009550333023 1.1569324731827 0
v 1.1231999397278001 1.1364084482193 0
v 1.1912341117859 1.1002870798111 0.029999999329448
v 1.2009550333023 1.1569324731827 0.029999999329448
v 1.1231999397278001 1.1364084482193 0.029999999329448
v 0.88113886117935003 0.74015736579894997 0
v 0.91753178834914995 0.67283487319946 0
v 0.95202928781509 0.71132487058640004 0
v 0.88113886117935003 0.74015736579894997 0.029999999329448
v 0.91753178834914995 0.67283487319946 0.029999999329448
v 0.95202928781509 0.71132487058640004 0.029999999329448
v 0.86946427822113004 0.61111176013946999 0
v 0.82725292444229004 0.67697852849960005 0
v 0.81963640451430997 0.62563818693161 0
v 0.86946427822113004 0.61111176013946999 0.029999999329448
v 0.82725292444229004 0.67697852849960005 0.029999999329448
v 0.81963640451430997 0.62563818693161 0.029999999329448
v 1.2824681997298999 0.98075497150420998 0
v 1.28375685215 1.0471314191818 0
v 1.2000000476837001 1 0
v 1.2824681997298999 0.98075497150420998 0.029999999329448
v 1.28375685215 1.0471314191818 0.029999999329448
v 1.2000000476837001 1 0.029999999329448
v 0.64441412687302002 0.14153970777988001 0
v 0.70962965488434004 0.079063005745411002 0
v 0.64441412687302002 0.14153970777988001 0.029999999329448
v 0.70962965488434004 0.079063005745411002 0.029999999329448
v 1.2488988637923999 1.0935580730437999 0
v 1.2528827190398999 1.1815643310546999 0
v 1.2488988637923999 1.0935580730437999 0.029999999329448
v 1.2528827190398999 1.1815643310546999 0.029999999329448
v 0.56297302246094005 0.18014545738696999 0
v 0.62554949522018 0.20694892108439999 0
v 0.57614046335220004 0.23585277795792001 0
v 0.56297302246094005 0.18014545738696999 0.029999999329448
v 0.62554949522018 0.20694892108439999 0.029999999329448
v 0.57614046335220004 0.23585277795792001 0.029999999329448
v 1.3500117063521999 1.0429162979126001 0
v 1.3500117063521999 1.0429162979126001 0.029999999329448
v 1.2054262161255 1.434520483017 0
v 1.261946439743 1.3867530822754 0
v 1.2636767625809 1.4801619052887001 0
v 1.2054262161255 1.434520483017 0.029999999329448
v 1.261946439743 1.3867530822754 0.029999999329448
v 1.2636767625809 1.4801619052887001 0.029999999329448
v 0.23032762110232999 0.51412791013717996 0
v 0.18591812252998 0.48137265443802002 0
v 0.24026496708393 0.41703480482101002 0
v 0.23032762110232999 0.51412791013717996 0.029999999329448
v 0.18591812252998 0.48137265443802002 0.029999999329448
v 0.24026496708393 0.41703480482101002 0.029999999329448
v 0.95946854352951005 1.1471825838089 0
v 0.98218542337418002 1.2044297456741 0
v 0.92217218875884999 1.2138097286224001 0
v 0.95946854352951005 1.1471825838089 0.029999999329448
v 0.98218542337418002 1.2044297456741 0.029999999329448
v 0.92217218875884999 1.2138097286224001 0.029999999329448
v 0.57255798578261996 0.62542051076889005 0
v 0.56111454963684004 0.72627305984497004 0
v 0.51367336511612005 0.68282103538512995 0
v 0.57255798578261996 0.62542051076889005 0.029999999329448
v 0.56111454963684004 0.72627305984497004 0.029999999329448
v 0.51367336511612005 0.68282103538512995 0.029999999329448
v 0.6719776391983 0.74830412864685003 0
v 0.70477545261383001 0.82029086351394997 0
v 0.61491739749908003 0.78541237115859996 0
v 0.6719776391983 0.74830412864685003 0.029999999329448
v 0.70477545261383001 0.82029086351394997 0.029999999329448
v 0.61491739749908003 0.78541237115859996 0.029999999329448
v 0.39476063847541998 0.33949714899062999 0
v 0.35367777943611001 0.29466307163238997 0
v 0.42724621295928999 0.26848983764647999 0
v 0.39476063847541998 0.33949714899062999 0.029999999329448
v 0.35367777943611001 0.29466307163238997 0.029999999329448
v 0.42724621295928999 0.26848983764647999 0.029999999329448
v 1.1000000238419001 1.0577350854873999 0
v 1.0255348682404 1.0442277193069001 0
v 1.0888888835907 1 0
v 1.1000000238419001 1.0577350854873999 0.029999999329448
v 1.0255348682404 1.0442277193069001 0.029999999329448
v 1.0888888835907 1 0.029999999329448
v 0.76821577548981002 0.61858439445496005 0
v 0.76821577548981002 0.61858439445496005 0.029999999329448
v 1.0045213699341 1 0
v 1.0045213699341 1 0.029999999329448
v 0.55543035268784002 0.78293913602829002 0
v 0.55543035268784002 0.78293913602829002 0.029999999329448
v 1.1000000238419001 0.94226497411728005 0
v 1.0255348682404 0.95577234029769997 0
v 1.0666667222977 0.92301994562149003 0
v 1.1000000238419001 0.94226497411728005 0.029999999329448
v 1.0255348682404 0.95577234029769997 0.029999999329448
v 1.0666667222977 0.92301994562149003 0.029999999329448
v 0.86666667461394997 0.96151000261306996 0
v 0.79280185699463002 0.94904243946074995 0
v 0.80905449390410999 0.90021276473999001 0
v 0.86666667461394997 0.96151000261306996 0.029999999329448
v 0.79280185699463002 0.94904243946074995 0.029999999329448
v 0.80905449390410999 0.90021276473999001 0.029999999329448
v 0.7988862991333 0.092834800481796001 0
v 0.72615337371826005 0.13146954774857 0
v 0.7988862991333 0.092834800481796001 0.029999999329448
v 0.72615337371826005 0.13146954774857 0.029999999329448
v 0.97301584482193004 1.0467379093169999 0
v 0.95555555820464999 1 0
v 0.97301584482193004 1.0467379093169999 0.029999999329448
v 0.95555555820464999 1 0.029999999329448
v 0.99633926153182995 0.58603948354721003 0
v 1 0.65358984470366999 0
v 0.94758415222168002 0.61529666185378995 0
v 0.99633926153182995 0.58603948354721003 0.029999999329448
v 1 0.65358984470366999 0.029999999329448
v 0.94758415222168002 0.61529666185378995 0.029999999329448
v 1.1222221851348999 0.86528491973876998 0
v 1.1269841194153001 0.78005701303482 0
v 1.1539682149887001 0.82679492235184004 0
v 1.1222221851348999 0.86528491973876998 0.029999999329448
v 1.1269841194153001 0.78005701303482 0.029999999329448
v 1.1539682149887001 0.82679492235184004 0.029999999329448
v 1.0777777433394999 0.78830492496490001 0
v 1.0730159282684 0.87353277206420998 0
v 1.0460317134857 0.82679492235184004 0
v 1.0777777433394999 0.78830492496490001 0.029999999329448
v 1.0730159282684 0.87353277206420998 0.029999999329448
v 1.0460317134857 0.82679492235184004 0.029999999329448
v 1.0421200990677 0.035289805382489998 0
v 1.0421200990677 0.035289805382489998 0.029999999329448
v 1 0.69207984209061002 0
v 1 0.69207984209061002 0.029999999329448
v 1.1212837696075 0.078758627176284998 0
v 1.2014259099960001 0.091426357626915006 0
v 1.1212837696075 0.078758627176284998 0.029999999329448
v 1.2014259099960001 0.091426357626915006 0.029999999329448
v 1 0.73056989908217995 0
v 1 0.73056989908217995 0.029999999329448
v 1.0666667222977 0.69207984209061002 0
v 1.0666667222977 0.69207984209061002 0.029999999329448
v 1.0333333015441999 0.67283487319946 0
v 1.0333333015441999 0.67283487319946 0.029999999329448
v 1.0406520366669001 0.62166851758956998 0
v 1.0406520366669001 0.62166851758956998 0.029999999329448
v 1 0.84603995084762995 0
v 1.0333333015441999 0.90377497673035001 0
v 1 0.84603995084762995 0.029999999329448
v 1.0333333015441999 0.90377497673035001 0.029999999329448
v 0.93333333730697998 0.92301994562149003 0
v 0.97301584482193004 0.95326215028762995 0
v 0.89999997615813998 0.94226497411728005 0
v 0.93333333730697998 0.92301994562149003 0.029999999329448
v 0.97301584482193004 0.95326215028762995 0.029999999329448
v 0.89999997615813998 0.94226497411728005 0.029999999329448
v 0.94062483310698997 0.78830492496490001 0
v 0.94062483310698997 0.78830492496490001 0.029999999329448
v 0.89268130064010998 0.89109861850739003 0
v 0.96666663885116999 0.90377497673035001 0
v 0.89268130064010998 0.89109861850739003 0.029999999329448
v 0.96666663885116999 0.90377497673035001 0.029999999329448
v 0.90634918212891002 1.0082478523253999 0
v 0.93333333730697998 1.0769799947739001 0
v 0.89999997615813998 1.0577350854873999 0
v 0.90634918212891002 1.0082478523253999 0.029999999329448
v 0.93333333730697998 1.0769799947739001 0.029999999329448
v 0.89999997615813998 1.0577350854873999 0.029999999329448
v 0.90876591205597002 0.84197789430617997 0
v 0.90876591205597002 0.84197789430617997 0.029999999329448
v 1.0460317134857 0.74981486797332997 0
v 1 0.76905989646911999 0
v 1.0460317134857 0.74981486797332997 0.029999999329448
v 1 0.76905989646911999 0.029999999329448
v 1 0.88452994823455999 0
v 1 0.88452994823455999 0.029999999329448
v 1 0.80754989385605003 0
v 1 0.80754989385605003 0.029999999329448
v 1.0333333015441999 1.0962250232696999 0
v 1.0333333015441999 1.0962250232696999 0.029999999329448
v 0.95946925878525002 0.071693658828735005 0
v 0.95946925878525002 0.071693658828735005 0.029999999329448
v 1.1666666269302 0.74981486797332997 0
v 1.1666666269302 0.74981486797332997 0.029999999329448
v 0.83333331346511996 0.98075497150420998 0
v 0.80000001192092995 1 0
v 0.83333331346511996 0.98075497150420998 0.029999999329448
v 0.80000001192092995 1 0.029999999329448
v 0.64059764146804998 0.95394384860991999 0
v 0.69630628824233998 0.88980495929717995 0
v 0.72544437646866 0.94966763257980003 0
v 0.64059764146804998 0.95394384860991999 0.029999999329448
v 0.69630628824233998 0.88980495929717995 0.029999999329448
v 0.72544437646866 0.94966763257980003 0.029999999329448
v 0.067647814750670998 0.95929265022277999 0
v 0.067647814750670998 0.95929265022277999 0.029999999329448
v 0.61070466041564997 0.69827002286911 0
v 0.61070466041564997 0.69827002286911 0.029999999329448
v 0.84573203325271995 0.84853124618529996 0
v 0.84573203325271995 0.84853124618529996 0.029999999329448
v 0.14219227433205001 1.2125742435455 0
v 0.10347243398427999 1.2673151493073 0
v 0.092834800481796001 1.2011137008667001 0
v 0.14219227433205001 1.2125742435455 0.029999999329448
v 0.10347243398427999 1.2673151493073 0.029999999329448
v 0.092834800481796001 1.2011137008667001 0.029999999329448
v 0.042631834745407 1.1260398626328001 0
v 0.042631834745407 1.1260398626328001 0.029999999329448
v 0.10787489265203 1.3695303201675 0
v 0.10787489265203 1.3695303201675 0.029999999329448
v 0.83333331346511996 1.0192450284957999 0
v 0.79268133640288996 1.0511662960052 0
v 0.83333331346511996 1.0192450284957999 0.029999999329448
v 0.79268133640288996 1.0511662960052 0.029999999329448
v 0.43515774607657998 1.6523592472076001 0
v 0.44561344385147 1.7224905490875 0
v 0.37224784493446 1.6850712299346999 0
v 0.43515774607657998 1.6523592472076001 0.029999999329448
v 0.44561344385147 1.7224905490875 0.029999999329448
v 0.37224784493446 1.6850712299346999 0.029999999329448
v 0.46079969406128002 1.5644983053207 0
v 0.37015202641486999 1.577149271965 0
v 0.40867239236831998 1.5220752954482999 0
v 0.46079969406128002 1.5644983053207 0.029999999329448
v 0.37015202641486999 1.577149271965 0.029999999329448
v 0.40867239236831998 1.5220752954482999 0.029999999329448
v 0.26186990737915 1.5663871765137001 0
v 0.31194299459456998 1.630488038063 0
v 0.26186990737915 1.5663871765137001 0.029999999329448
v 0.31194299459456998 1.630488038063 0.029999999329448
v 1.3555859327316 0.14153970777988001 0
v 1.3666850328444999 0.19001170992850999 0
v 1.2868067026137999 0.18722099065781 0
v 1.3555859327316 0.14153970777988001 0.029999999329448
v 1.3666850328444999 0.19001170992850999 0.029999999329448
v 1.2868067026137999 0.18722099065781 0.029999999329448
v 0.75830686092376998 1.1759959459305001 0
v 0.80876588821411 1.1002870798111 0
v 0.84595823287964 1.1515992879868 0
v 0.75830686092376998 1.1759959459305001 0.029999999329448
v 0.80876588821411 1.1002870798111 0.029999999329448
v 0.84595823287964 1.1515992879868 0.029999999329448
v 1.3323574066162001 0.86777055263518998 0
v 1.4174091815948 0.87398082017899004 0
v 1.4023622274398999 0.92393195629119995 0
v 1.3323574066162001 0.86777055263518998 0.029999999329448
v 1.4174091815948 0.87398082017899004 0.029999999329448
v 1.4023622274398999 0.92393195629119995 0.029999999329448
v 0.86967521905899003 1.2379844188689999 0
v 0.83319753408431996 1.2015510797500999 0
v 0.90905445814133001 1.1575223207473999 0
v 0.86967521905899003 1.2379844188689999 0.029999999329448
v 0.83319753408431996 1.2015510797500999 0.029999999329448
v 0.90905445814133001 1.1575223207473999 0.029999999329448
v 0.21191594004631001 1.5020649433136 0
v 0.21191594004631001 1.5020649433136 0.029999999329448
v 0.86666667461394997 1.0384900569916 0
v 0.85934799909591997 1.0896563529968 0
v 0.86666667461394997 1.0384900569916 0.029999999329448
v 0.85934799909591997 1.0896563529968 0.029999999329448
v 0.50609219074249001 1.0122328996658001 0
v 0.45330390334129 0.98786741495132002 0
v 0.51426237821579002 0.96007829904555997 0
v 0.50609219074249001 1.0122328996658001 0.029999999329448
v 0.45330390334129 0.98786741495132002 0.029999999329448
v 0.51426237821579002 0.96007829904555997 0.029999999329448
v 1.2000000476837001 0.80754989385605003 0
v 1.2000000476837001 0.84603995084762995 0
v 1.2000000476837001 0.80754989385605003 0.029999999329448
v 1.2000000476837001 0.84603995084762995 0.029999999329448
v 0.733742415905 1.063653588295 0
v 0.733742415905 1.063653588295 0.029999999329448
v 0.96666663885116999 1.0962250232696999 0
v 1 1.1154700517653999 0
v 0.96666663885116999 1.0962250232696999 0.029999999329448
v 1 1.1154700517653999 0.029999999329448
v 0.55507957935332997 1.8229610919952 0
v 0.47466200590134 1.8246154785155999 0
v 0.50074619054794001 1.7836714982985999 0
v 0.55507957935332997 1.8229610919952 0.029999999329448
v 0.47466200590134 1.8246154785155999 0.029999999329448
v 0.50074619054794001 1.7836714982985999 0.029999999329448
v 1.1000000238419001 0.71132487058640004 0
v 1.1000000238419001 0.71132487058640004 0.029999999329448
v 0.54375100135803001 1.7568743228912 0
v 0.54375100135803001 1.7568743228912 0.029999999329448
v 0.63046967983246005 1.8921251296996999 0
v 0.63046967983246005 1.8921251296996999 0.029999999329448
v 1.3525255918503001 1.7876198291779 0
v 1.2837333679198999 1.7272487878799001 0
v 1.3750005960464 1.7203695774078001 0
v 1.3525255918503001 1.7876198291779 0.029999999329448
v 1.2837333679198999 1.7272487878799001 0.029999999329448
v 1.3750005960464 1.7203695774078001 0.029999999329448
v 0.87855070829391002 1.5518079996109 0
v 0.87680572271347001 1.6063067913055 0
v 0.82314717769623003 1.5796399116516 0
v 0.87855070829391002 1.5518079996109 0.029999999329448
v 0.87680572271347001 1.6063067913055 0.029999999329448
v 0.82314717769623003 1.5796399116516 0.029999999329448
v 1.0666667222977 1.0769799947739001 0
v 1.0666667222977 1.0769799947739001 0.029999999329448
v 1.2000000476837001 0.76905989646911999 0
v 1.2824681997298999 0.78830492496490001 0
v 1.2448741197586 0.82679492235184004 0
v 1.2000000476837001 0.76905989646911999 0.029999999329448
v 1.2824681997298999 0.78830492496490001 0.029999999329448
v 1.2448741197586 0.82679492235184004 0.029999999329448
v 0.41216215491295 1.7660851478577 0
v 0.41216215491295 1.7660851478577 0.029999999329448
v 1.078307390213 0.47642371058464 0
v 1.1191804409027 0.51600229740143 0
v 1.0464403629303001 0.52355712652205999 0
v 1.078307390213 0.47642371058464 0.029999999329448
v 1.1191804409027 0.51600229740143 0.029999999329448
v 1.0464403629303001 0.52355712652205999 0.029999999329448
v 1.5252224206924001 0.17556585371493999 0
v 1.4903657436371001 0.20949247479439001 0
v 1.5252224206924001 0.17556585371493999 0.029999999329448
v 1.4903657436371001 0.20949247479439001 0.029999999329448
v 1.1073186397552 0.66015851497650002 0
v 1.1073186397552 0.66015851497650002 0.029999999329448
v 1.2479707002639999 0.94226497411728005 0
v 1.2479707002639999 0.94226497411728005 0.029999999329448
v 1.1333333253860001 0.73056989908217995 0
v 1.1333333253860001 0.73056989908217995 0.029999999329448
v 1.1739853620528999 0.69864851236342995 0
v 1.1739853620528999 0.69864851236342995 0.029999999329448
v 1.0912340879439999 0.61103779077529996 0
v 1.0912340879439999 0.61103779077529996 0.029999999329448
v 1.2000000476837001 0.92301994562149003 0
v 1.1333333253860001 0.96151000261306996 0
v 1.1539682149887001 0.90377497673035001 0
v 1.2000000476837001 0.92301994562149003 0.029999999329448
v 1.1333333253860001 0.96151000261306996 0.029999999329448
v 1.1539682149887001 0.90377497673035001 0.029999999329448
v 1.2000000476837001 0.88452994823455999 0
v 1.2000000476837001 0.88452994823455999 0.029999999329448
v 1.2749171257019001 0.86528491973876998 0
v 1.2749171257019001 0.86528491973876998 0.029999999329448
v 1.2902499437332 0.55047374963759999 0
v 1.2437753677368 0.59435367584229004 0
v 1.2296224832535001 0.53281271457671997 0
v 1.2902499437332 0.55047374963759999 0.029999999329448
v 1.2437753677368 0.59435367584229004 0.029999999329448
v 1.2296224832535001 0.53281271457671997 0.029999999329448
v 1.4189329147339 0.50506335496902 0
v 1.3850243091583001 0.56073588132857999 0
v 1.3402035236359 0.53190392255783003 0
v 1.4189329147339 0.50506335496902 0.029999999329448
v 1.3850243091583001 0.56073588132857999 0.029999999329448
v 1.3402035236359 0.53190392255783003 0.029999999329448
v 1.9209369421005 1.2903703451157 0
v 1.9209369421005 1.2903703451157 0.029999999329448
v 1.3104835748671999 0.92094099521636996 0
v 1.3104835748671999 0.92094099521636996 0.029999999329448
v 1.3488880395889 0.65900605916976995 0
v 1.2867914438248 0.67378520965576005 0
v 1.3050343990326001 0.61259263753891002 0
v 1.3488880395889 0.65900605916976995 0.029999999329448
v 1.2867914438248 0.67378520965576005 0.029999999329448
v 1.3050343990326001 0.61259263753891002 0.029999999329448
v 1.7119365930557 0.34763032197951999 0
v 1.7119365930557 0.34763032197951999 0.029999999329448
v 1.156533241272 0.65189647674561002 0
v 1.1814848184586 0.60867899656295998 0
v 1.156533241272 0.65189647674561002 0.029999999329448
v 1.1814848184586 0.60867899656295998 0.029999999329448
v 1.2502498626709 0.74004811048508001 0
v 1.3221060037612999 0.72695744037627996 0
v 1.2502498626709 0.74004811048508001 0.029999999329448
v 1.3221060037612999 0.72695744037627996 0.029999999329448
v 1.2245674133301001 0.68801784515381004 0
v 1.2245674133301001 0.68801784515381004 0.029999999329448
v 1.4286935329437001 0.58618324995041005 0
v 1.4286935329437001 0.58618324995041005 0.029999999329448
v 1.8565236330032 0.55412203073501998 0
v 1.8565236330032 0.55412203073501998 0.029999999329448
v 1.3450886011123999 0.78528606891632002 0
v 1.3824648857116999 0.71149337291717996 0
v 1.4046801328659 0.78212016820908004 0
v 1.3450886011123999 0.78528606891632002 0.029999999329448
v 1.3824648857116999 0.71149337291717996 0.029999999329448
v 1.4046801328659 0.78212016820908004 0.029999999329448
v 0.54811763763428001 0.88752681016921997 0
v 0.56654363870621005 0.96739411354064997 0
v 0.54811763763428001 0.88752681016921997 0.029999999329448
v 0.56654363870621005 0.96739411354064997 0.029999999329448
v 1.5651735067368 0.76004230976105003 0
v 1.5654344558716 0.80840671062469005 0
v 1.4882220029830999 0.77992868423462003 0
v 1.5651735067368 0.76004230976105003 0.029999999329448
v 1.5654344558716 0.80840671062469005 0.029999999329448
v 1.4882220029830999 0.77992868423462003 0.029999999329448
v 1.4498332738876001 0.95809519290923995 0
v 1.4246325492859 1.0108734369278001 0
v 1.3669010400771999 0.97933846712112005 0
v 1.4498332738876001 0.95809519290923995 0.029999999329448
v 1.4246325492859 1.0108734369278001 0.029999999329448
v 1.3669010400771999 0.97933846712112005 0.029999999329448
v 1.9647102355957 0.95787984132767001 0
v 1.9647102355957 0.95787984132767001 0.029999999329448
v 1.4927184581757 0.72737330198287997 0
v 1.4927184581757 0.72737330198287997 0.029999999329448
v 0.87818765640259 0.074743576347827995 0
v 0.87818765640259 0.074743576347827995 0.029999999329448
v 1.3580784797668 0.48169755935669001 0
v 1.3580784797668 0.48169755935669001 0.029999999329448
v 1.1333333253860001 1.0384900569916 0
v 1.1333333253860001 1.0384900569916 0.029999999329448
v 1.1666666269302 0.98075497150420998 0
v 1.1666666269302 0.98075497150420998 0.029999999329448
v 1.1666666269302 1.0192450284957999 0
v 1.1666666269302 1.0192450284957999 0.029999999329448
v 1.2000000476837001 0.96151000261306996 0
v 1.2000000476837001 0.96151000261306996 0.029999999329448
v 1.2073186635971001 1.0511662960052 0
v 1.2073186635971001 1.0511662960052 0.029999999329448
v 1.1406520605087 1.0896563529968 0
v 1.1406520605087 1.0896563529968 0.029999999329448
v 1.4205050468445 1.8077825307846001 0
v 1.3555859327316 1.8584603071212999 0
v 1.4205050468445 1.8077825307846001 0.029999999329448
v 1.3555859327316 1.8584603071212999 0.029999999329448
v 0.96854919195175004 1.9285283088684 0
v 0.95738261938095004 1.9760978221893 0
v 0.96854919195175004 1.9285283088684 0.029999999329448
v 0.95738261938095004 1.9760978221893 0.029999999329448
v 1.4585367441177 1.0773603916168 0
v 1.4906947612762 1.0100115537643 0
v 1.4585367441177 1.0773603916168 0.029999999329448
v 1.4906947612762 1.0100115537643 0.029999999329448
v 1.8485836982727 1.441744685173 0
v 1.8548241853714 1.3639088869095 0
v 1.8485836982727 1.441744685173 0.029999999329448
v 1.8548241853714 1.3639088869095 0.029999999329448
v 1.7589836120605 1.5823886394501001 0
v 1.7884037494659 1.4915013313293 0
v 1.8240169286728001 1.5249565839767001 0
v 1.7589836120605 1.5823886394501001 0.029999999329448
v 1.7884037494659 1.4915013313293 0.029999999329448
v 1.8240169286728001 1.5249565839767001 0.029999999329448
v 1.7291945219039999 1.3737691640854 0
v 1.7447217702866 1.4488310813904 0
v 1.6849448680878001 1.4363579750061 0
v 1.7291945219039999 1.3737691640854 0.029999999329448
v 1.7447217702866 1.4488310813904 0.029999999329448
v 1.6849448680878001 1.4363579750061 0.029999999329448
v 1.1122577190398999 1.9222538471221999 0
v 1.0417296886444001 1.9557673931121999 0
v 1.1122577190398999 1.9222538471221999 0.029999999329448
v 1.0417296886444001 1.9557673931121999 0.029999999329448
v 1.2806308269501001 1.8900471925735001 0
v 1.2806308269501001 1.8900471925735001 0.029999999329448
v 0.87225562334061002 0.79722595214844005 0
v 0.87225562334061002 0.79722595214844005 0.029999999329448
v 1.4984236955643 1.7290407419205001 0
v 1.5681207180023 1.7403893470764 0
v 1.4998996257782 1.7846851348877 0
v 1.4984236955643 1.7290407419205001 0.029999999329448
v 1.5681207180023 1.7403893470764 0.029999999329448
v 1.4998996257782 1.7846851348877 0.029999999329448
v 1.4046287536621 1.0629621744155999 0
v 1.4046287536621 1.0629621744155999 0.029999999329448
v 1.7051208019257 1.4891414642334 0
v 1.6478809118271001 1.5466660261153999 0
v 1.6378856897353999 1.4845936298369999 0
v 1.7051208019257 1.4891414642334 0.029999999329448
v 1.6478809118271001 1.5466660261153999 0.029999999329448
v 1.6378856897353999 1.4845936298369999 0.029999999329448
v 0.70247280597687001 1.0121566057205 0
v 0.70247280597687001 1.0121566057205 0.029999999329448
v 0.057260010391473999 0.79099959135055997 0
v 0.057260010391473999 0.79099959135055997 0.029999999329448
v 1.0285621881485001 1.2449573278427 0
v 1.0285621881485001 1.2449573278427 0.029999999329448
v 0.81517839431762995 0.80913531780242998 0
v 0.77306151390075994 0.83581364154815996 0
v 0.81517839431762995 0.80913531780242998 0.029999999329448
v 0.77306151390075994 0.83581364154815996 0.029999999329448
v 0.045438721776009001 1.2116211652755999 0
v 0.045438721776009001 1.2116211652755999 0.029999999329448
v 0.75357633829116999 1.1181734800339 0
v 0.75357633829116999 1.1181734800339 0.029999999329448
v 0.95735168457030995 0.023193027824163 0
v 0.95735168457030995 0.023193027824163 0.029999999329448
v 1.0867908000946001 0.55810451507568004 0
v 1.0867908000946001 0.55810451507568004 0.029999999329448
v 1.2749851942062 0.48998245596885998 0
v 1.2749851942062 0.48998245596885998 0.029999999329448
v 1.5325081348419001 1.2023447751998999 0
v 1.5713150501251001 1.2314808368682999 0
v 1.4987258911132999 1.2368085384369001 0
v 1.5325081348419001 1.2023447751998999 0.029999999329448
v 1.5713150501251001 1.2314808368682999 0.029999999329448
v 1.4987258911132999 1.2368085384369001 0.029999999329448
v 1.3045217990875 1.1101893186569001 0
v 1.3861864805221999 1.1156238317489999 0
v 1.3432723283768 1.1441903114319001 0
v 1.3045217990875 1.1101893186569001 0.029999999329448
v 1.3861864805221999 1.1156238317489999 0.029999999329448
v 1.3432723283768 1.1441903114319001 0.029999999329448
v 0.69547820091248003 1.1101893186569001 0
v 0.69547820091248003 1.1101893186569001 0.029999999329448
v 1.9545612335205 1.2116211652755999 0
v 1.9071651697159 1.2011137008667001 0
v 1.9545612335205 1.2116211652755999 0.029999999329448
v 1.9071651697159 1.2011137008667001 0.029999999329448
v 1.1439641714096001 1.3310478925705 0
v 1.1015121936798 1.2363724708557 0
v 1.1529754400253001 1.2311301231384 0
v 1.1439641714096001 1.3310478925705 0.029999999329448
v 1.1015121936798 1.2363724708557 0.029999999329448
v 1.1529754400253001 1.2311301231384 0.029999999329448
v 1.0409036874771 1.8183854818344001 0
v 0.98366177082062001 1.8693635463714999 0
v 0.96457529067992998 1.8113585710525999 0
v 1.0409036874771 1.8183854818344001 0.029999999329448
v 0.98366177082062001 1.8693635463714999 0.029999999329448
v 0.96457529067992998 1.8113585710525999 0.029999999329448
v 0.75310653448105003 0.47218787670134998 0
v 0.80285763740539995 0.42492887377739003 0
v 0.80903947353363004 0.51193815469741999 0
v 0.75310653448105003 0.47218787670134998 0.029999999329448
v 0.80285763740539995 0.42492887377739003 0.029999999329448
v 0.80903947353363004 0.51193815469741999 0.029999999329448
v 1.2903703451157 0.079063005745411002 0
v 1.2903703451157 0.079063005745411002 0.029999999329448
v 0.44037437438964999 0.42425516247749001 0
v 0.45369970798491999 0.32352685928344999 0
v 0.50560563802719005 0.35569268465041998 0
v 0.44037437438964999 0.42425516247749001 0.029999999329448
v 0.45369970798491999 0.32352685928344999 0.029999999329448
v 0.50560563802719005 0.35569268465041998 0.029999999329448
v 1.8713783025741999 0.85638064146042003 0
v 1.9111188650130999 0.79800981283187999 0
v 1.9224330186844001 0.87855941057205 0
v 1.8713783025741999 0.85638064146042003 0.029999999329448
v 1.9111188650130999 0.79800981283187999 0.029999999329448
v 1.9224330186844001 0.87855941057205 0.029999999329448
v 1.4898738861084 0.91546446084975996 0
v 1.4898738861084 0.91546446084975996 0.029999999329448
v 1.5611834526062001 0.88713526725768999 0
v 1.6080250740051001 0.83132433891295998 0
v 1.6248170137405 0.88787913322448997 0
v 1.5611834526062001 0.88713526725768999 0.029999999329448
v 1.6080250740051001 0.83132433891295998 0.029999999329448
v 1.6248170137405 0.88787913322448997 0.029999999329448
v 0.92895138263702004 1.8552232980728001 0
v 0.89927244186401001 1.7947220802307 0
v 0.92895138263702004 1.8552232980728001 0.029999999329448
v 0.89927244186401001 1.7947220802307 0.029999999329448
v 0.88306581974029996 1.8882032632828001 0
v 0.87512850761413996 1.9484933614730999 0
v 0.80778974294661998 1.9089605808257999 0
v 0.88306581974029996 1.8882032632828001 0.029999999329448
v 0.87512850761413996 1.9484933614730999 0.029999999329448
v 0.80778974294661998 1.9089605808257999 0.029999999329448
v 0.75322020053864003 0.88916087150573997 0
v 0.75322020053864003 0.88916087150573997 0.029999999329448
v 0.53559821844100997 0.49142131209373002 0
v 0.62218028306961004 0.49490866065025002 0
v 0.55383998155594005 0.55848658084868996 0
v 0.53559821844100997 0.49142131209373002 0.029999999329448
v 0.62218028306961004 0.49490866065025002 0.029999999329448
v 0.55383998155594005 0.55848658084868996 0.029999999329448
v 1.3808040618896 0.83681118488312001 0
v 1.3808040618896 0.83681118488312001 0.029999999329448
v 1.4528646469116 0.83571296930312999 0
v 1.4528646469116 0.83571296930312999 0.029999999329448
v 0.60090440511703003 0.90042960643768 0
v 0.64189553260803001 0.84790295362473 0
v 0.60090440511703003 0.90042960643768 0.029999999329448
v 0.64189553260803001 0.84790295362473 0.029999999329448
v 0.44128027558326999 0.67644989490509 0
v 0.41153734922409002 0.59993362426758001 0
v 0.49036517739295998 0.62285870313643998 0
v 0.44128027558326999 0.67644989490509 0.029999999329448
v 0.41153734922409002 0.59993362426758001 0.029999999329448
v 0.49036517739295998 0.62285870313643998 0.029999999329448
v 0.63426142930983997 1.1238348484039 0
v 0.65590566396713001 1.0649687051773 0
v 0.63426142930983997 1.1238348484039 0.029999999329448
v 0.65590566396713001 1.0649687051773 0.029999999329448
v 0.49729692935943998 0.83299183845519997 0
v 0.47249478101730003 0.78618633747100997 0
v 0.49729692935943998 0.83299183845519997 0.029999999329448
v 0.47249478101730003 0.78618633747100997 0.029999999329448
v 0.50803333520889005 0.74690645933151001 0
v 0.50803333520889005 0.74690645933151001 0.029999999329448
v 0.57372421026230003 0.83959740400313998 0
v 0.57372421026230003 0.83959740400313998 0.029999999329448
v 0.67158174514770996 0.68625372648239003 0
v 0.67158174514770996 0.68625372648239003 0.029999999329448
v 0.11962045729159999 0.91444259881973 0
v 0.077567033469676999 0.87855941057205 0
v 0.11962045729159999 0.91444259881973 0.029999999329448
v 0.077567033469676999 0.87855941057205 0.029999999329448
v 0.62373238801955999 1.0142166614532 0
v 0.56198042631149003 1.0244115591048999 0
v 0.62373238801955999 1.0142166614532 0.029999999329448
v 0.56198042631149003 1.0244115591048999 0.029999999329448
v 0.28798851370811002 0.45365437865257002 0
v 0.35862231254577998 0.47192615270615001 0
v 0.29867547750473 0.51351177692412997 0
v 0.28798851370811002 0.45365437865257002 0.029999999329448
v 0.35862231254577998 0.47192615270615001 0.029999999329448
v 0.29867547750473 0.51351177692412997 0.029999999329448
v 0.45142057538032998 1.0613137483596999 0
v 0.45142057538032998 1.0613137483596999 0.029999999329448
v 0.13572070002556 0.60959613323212003 0
v 0.13572070002556 0.60959613323212003 0.029999999329448
v 0.59605669975280995 1.0703530311584 0
v 0.59605669975280995 1.0703530311584 0.029999999329448
v 0.45056059956550998 0.87208813428878995 0
v 0.40814292430878002 0.80459797382355003 0
v 0.45056059956550998 0.87208813428878995 0.029999999329448
v 0.40814292430878002 0.80459797382355003 0.029999999329448
v 0.16382266581058999 0.56471365690231001 0
v 0.16382266581058999 0.56471365690231001 0.029999999329448
v 0.40522316098213002 0.22487175464629999 0
v 0.48597735166549999 0.19314604997634999 0
v 0.40522316098213002 0.22487175464629999 0.029999999329448
v 0.48597735166549999 0.19314604997634999 0.029999999329448
v 0.35099890828133001 0.54448562860489003 0
v 0.35099890828133001 0.54448562860489003 0.029999999329448
v 0.43177968263625999 0.75230151414871005 0
v 0.43177968263625999 0.75230151414871005 0.029999999329448
v 0.49850392341614003 0.90969455242157005 0
v 0.49850392341614003 0.90969455242157005 0.029999999329448
v 0.37354478240013 0.70277959108353005 0
v 0.37354478240013 0.70277959108353005 0.029999999329448
v 0.16277752816676999 0.79657799005508001 0
v 0.10701850801706 0.71844398975372004 0
v 0.16093790531158 0.71511447429657005 0
v 0.16277752816676999 0.79657799005508001 0.029999999329448
v 0.10701850801706 0.71844398975372004 0.029999999329448
v 0.16093790531158 0.71511447429657005 0.029999999329448
v 0.41052198410034002 0.51405912637711004 0
v 0.41052198410034002 0.51405912637711004 0.029999999329448
v 0.62255674600600996 0.64565163850784002 0
v 0.62255674600600996 0.64565163850784002 0.029999999329448
v 0.32995298504829002 0.62823575735091997 0
v 0.36309978365897999 0.59204590320587003 0
v 0.38237184286117998 0.64759993553161999 0
v 0.32995298504829002 0.62823575735091997 0.029999999329448
v 0.36309978365897999 0.59204590320587003 0.029999999329448
v 0.38237184286117998 0.64759993553161999 0.029999999329448
v 0.3891433775425 0.91438406705856001 0
v 0.44340357184410001 0.93057638406753995 0
v 0.3891433775425 0.91438406705856001 0.029999999329448
v 0.44340357184410001 0.93057638406753995 0.029999999329448
v 0.50748926401137995 0.57626301050186002 0
v 0.50748926401137995 0.57626301050186002 0.029999999329448
v 1.1707130670546999 0.54863929748535001 0
v 1.1707130670546999 0.54863929748535001 0.029999999329448
v 1.7371765375137 0.43434453010558999 0
v 1.6695420742035001 0.45563542842865001 0
v 1.6714233160019001 0.38475385308266002 0
v 1.7371765375137 0.43434453010558999 0.029999999329448
v 1.6695420742035001 0.45563542842865001 0.029999999329448
v 1.6714233160019001 0.38475385308266002 0.029999999329448
v 1.4467318058014 0.63339745998383001 0
v 1.4404332637787001 0.73434066772461004 0
v 1.4467318058014 0.63339745998383001 0.029999999329448
v 1.4404332637787001 0.73434066772461004 0.029999999329448
v 1.4385104179382 0.31167644262313998 0
v 1.3818545341491999 0.27120682597160001 0
v 1.4489871263503999 0.25274357199669001 0
v 1.4385104179382 0.31167644262313998 0.029999999329448
v 1.3818545341491999 0.27120682597160001 0.029999999329448
v 1.4489871263503999 0.25274357199669001 0.029999999329448
v 1.7848882675171001 0.49997106194495999 0
v 1.7848882675171001 0.49997106194495999 0.029999999329448
v 1.5249283313751001 0.83483469486237005 0
v 1.5249283313751001 0.83483469486237005 0.029999999329448
v 1.8077825307846001 0.57949501276016002 0
v 1.8584603071212999 0.64441412687302002 0
v 1.7876198291779 0.64747440814972002 0
v 1.8077825307846001 0.57949501276016002 0.029999999329448
v 1.8584603071212999 0.64441412687302002 0.029999999329448
v 1.7876198291779 0.64747440814972002 0.029999999329448
v 1.5291273593903001 0.68920677900313998 0
v 1.5291273593903001 0.68920677900313998 0.029999999329448
v 1.5097124576569001 0.34574738144875 0
v 1.5278483629227 0.41398382186889998 0
v 1.4532935619353999 0.38455951213836997 0
v 1.5097124576569001 0.34574738144875 0.029999999329448
v 1.5278483629227 0.41398382186889998 0.029999999329448
v 1.4532935619353999 0.38455951213836997 0.029999999329448
v 1.4723273515701001 0.56067532300948997 0
v 1.4723273515701001 0.56067532300948997 0.029999999329448
v 1.8875608444214 0.72015315294266002 0
v 1.8875608444214 0.72015315294266002 0.029999999329448
v 1.0936254262923999 0.20089502632618 0
v 1.0459939241409 0.28278496861458002 0
v 1.0354247093200999 0.18864136934280001 0
v 1.0936254262923999 0.20089502632618 0.029999999329448
v 1.0459939241409 0.28278496861458002 0.029999999329448
v 1.0354247093200999 0.18864136934280001 0.029999999329448
v 1.4422048330307 0.15053232014178999 0
v 1.4422048330307 0.15053232014178999 0.029999999329448
v 1.5826447010039999 0.70656251907348999 0
v 1.5826447010039999 0.70656251907348999 0.029999999329448
v 1.1862705945969001 0.48689743876456998 0
v 1.2294360399246 0.43996137380599998 0
v 1.1862705945969001 0.48689743876456998 0.029999999329448
v 1.2294360399246 0.43996137380599998 0.029999999329448
v 1.0885138511657999 0.14163841307163 0
v 1.0885138511657999 0.14163841307163 0.029999999329448
v 1.4144444465637001 0.20385955274105 0
v 1.4144444465637001 0.20385955274105 0.029999999329448
v 1.2924337387085001 0.43008458614348999 0
v 1.2924337387085001 0.43008458614348999 0.029999999329448
v 1.3830369710921999 0.32944443821906999 0
v 1.3186339139937999 0.28864952921866999 0
v 1.3830369710921999 0.32944443821906999 0.029999999329448
v 1.3186339139937999 0.28864952921866999 0.029999999329448
v 1.6277521848679 0.31492874026299 0
v 1.6277521848679 0.31492874026299 0.029999999329448
v 0.95193177461624001 0.55052870512009 0
v 0.95193177461624001 0.55052870512009 0.029999999329448
v 0.82829368114471003 0.56748747825623003 0
v 0.87881487607955999 0.53741991519928001 0
v 0.82829368114471003 0.56748747825623003 0.029999999329448
v 0.87881487607955999 0.53741991519928001 0.029999999329448
v 0.99336630105972001 0.51665031909943004 0
v 0.99336630105972001 0.51665031909943004 0.029999999329448
v 0.71985572576523005 0.64726620912552002 0
v 0.71985572576523005 0.64726620912552002 0.029999999329448
v 1.7946442365646 1.4136656522751001 0
v 1.7946442365646 1.4136656522751001 0.029999999329448
v 1.1481515169144001 1.1796258687973 0
v 1.1481515169144001 1.1796258687973 0.029999999329448
v 1.4458780288696 1.8565236330032 0
v 1.4458780288696 1.8565236330032 0.029999999329448
v 1.0390771627426001 1.8950148820877 0
v 1.0390771627426001 1.8950148820877 0.029999999329448
v 1.039723277092 0.090187281370163006 0
v 1.039723277092 0.090187281370163006 0.029999999329448
v 0.89923584461212003 0.46180561184883001 0
v 0.89923584461212003 0.46180561184883001 0.029999999329448
v 0.77451461553573997 1.6844053268432999 0
v 0.76823693513869995 1.6036236286162999 0
v 0.83808165788651001 1.6446943283080999 0
v 0.77451461553573997 1.6844053268432999 0.029999999329448
v 0.76823693513869995 1.6036236286162999 0.029999999329448
v 0.83808165788651001 1.6446943283080999 0.029999999329448
v 0.67033898830413996 0.62063109874724998 0
v 0.67033898830413996 0.62063109874724998 0.029999999329448
v 0.071693658828735005 1.0405306816101001 0
v 0.097111508250236997 1.1188675165176001 0
v 0.071693658828735005 1.0405306816101001 0.029999999329448
v 0.097111508250236997 1.1188675165176001 0.029999999329448
v 0.51781064271927002 1.0927821397780999 0
v 0.51781064271927002 1.0927821397780999 0.029999999329448
v 0.68054658174515004 1.1873413324355999 0
v 0.68054658174515004 1.1873413324355999 0.029999999329448
v 0.38539054989815003 1.1582978963852 0
v 0.46076145768165999 1.1940232515335001 0
v 0.41719168424606001 1.2192944288254 0
v 0.38539054989815003 1.1582978963852 0.029999999329448
v 0.46076145768165999 1.1940232515335001 0.029999999329448
v 0.41719168424606001 1.2192944288254 0.029999999329448
v 0.13930858671665 1.0618838071823 0
v 0.13930858671665 1.0618838071823 0.029999999329448
v 0.67192500829696999 0.56585985422134 0
v 0.61941534280777 0.58151680231094005 0
v 0.67192500829696999 0.56585985422134 0.029999999329448
v 0.61941534280777 0.58151680231094005 0.029999999329448
v 0.35451659560204002 0.78415703773499001 0
v 0.35451659560204002 0.78415703773499001 0.029999999329448
v 0.19481630623341001 1.1060044765471999 0
v 0.21956720948219 1.0178884267807 0
v 0.19481630623341001 1.1060044765471999 0.029999999329448
v 0.21956720948219 1.0178884267807 0.029999999329448
v 0.73764401674270996 0.36699771881103999 0
v 0.73079913854598999 0.31200703978539002 0
v 0.78570055961608998 0.33940422534942999 0
v 0.73764401674270996 0.36699771881103999 0.029999999329448
v 0.73079913854598999 0.31200703978539002 0.029999999329448
v 0.78570055961608998 0.33940422534942999 0.029999999329448
v 0.19597989320754999 0.75622946023940996 0
v 0.25885114073753002 0.78441363573073997 0
v 0.20711916685104001 0.82422256469726995 0
v 0.19597989320754999 0.75622946023940996 0.029999999329448
v 0.25885114073753002 0.78441363573073997 0.029999999329448
v 0.20711916685104001 0.82422256469726995 0.029999999329448
v 0.31345748901366999 0.68789976835250999 0
v 0.31345748901366999 0.68789976835250999 0.029999999329448
v 0.30676513910294001 0.37977716326714001 0
v 0.27931186556816001 0.33961099386214999 0
v 0.30676513910294001 0.37977716326714001 0.029999999329448
v 0.27931186556816001 0.33961099386214999 0.029999999329448
v 0.31138521432876998 0.7456693649292 0
v 0.31138521432876998 0.7456693649292 0.029999999329448
v 0.29015898704528997 0.57371634244919001 0
v 0.25803938508034002 0.65444570779800004 0
v 0.29015898704528997 0.57371634244919001 0.029999999329448
v 0.25803938508034002 0.65444570779800004 0.029999999329448
v 1.9283063411713 1.0405306816101001 0
v 1.9098126888275 0.96027672290802002 0
v 1.9283063411713 1.0405306816101001 0.029999999329448
v 1.9098126888275 0.96027672290802002 0.029999999329448
v 1.543939948082 0.97516506910323997 0
v 1.543939948082 0.97516506910323997 0.029999999329448
v 1.9252563714980999 1.1218123435973999 0
v 1.9252563714980999 1.1218123435973999 0.029999999329448
v 1.5082703828812001 1.0669946670532 0
v 1.5280874967575 1.1137723922728999 0
v 1.5082703828812001 1.0669946670532 0.029999999329448
v 1.5280874967575 1.1137723922728999 0.029999999329448
v 1.4595104455948 1.1519865989685001 0
v 1.4595104455948 1.1519865989685001 0.029999999329448
v 1.4854410886764999 1.4790371656418 0
v 1.5243079662323 1.4072567224503001 0
v 1.5655337572098 1.4632812738419001 0
v 1.4854410886764999 1.4790371656418 0.029999999329448
v 1.5243079662323 1.4072567224503001 0.029999999329448
v 1.5655337572098 1.4632812738419001 0.029999999329448
v 1.5503149032593 1.0384792089462 0
v 1.5503149032593 1.0384792089462 0.029999999329448
v 1.5768681764603001 0.63318473100661998 0
v 1.6473814249039 0.60739821195601995 0
v 1.6327871084212999 0.68104648590088002 0
v 1.5768681764603001 0.63318473100661998 0.029999999329448
v 1.6473814249039 0.60739821195601995 0.029999999329448
v 1.6327871084212999 0.68104648590088002 0.029999999329448
v 1.2372232675552 0.30910637974739003 0
v 1.1892434358596999 0.33560883998870999 0
v 1.1827433109283001 0.28118279576302002 0
v 1.2372232675552 0.30910637974739003 0.029999999329448
v 1.1892434358596999 0.33560883998870999 0.029999999329448
v 1.1827433109283001 0.28118279576302002 0.029999999329448
v 1.5829952955246001 0.24022571742535001 0
v 1.5829952955246001 0.24022571742535001 0.029999999329448
v 1.3459240198135001 0.42960426211357 0
v 1.3459240198135001 0.42960426211357 0.029999999329448
v 0.76095438003539995 0.5546680688858 0
v 0.76095438003539995 0.5546680688858 0.029999999329448
v 0.75578731298446999 0.22545632719993999 0
v 0.78959882259368996 0.16313044726848999 0
v 0.84686261415482 0.23453003168106001 0
v 0.75578731298446999 0.22545632719993999 0.029999999329448
v 0.78959882259368996 0.16313044726848999 0.029999999329448
v 0.84686261415482 0.23453003168106001 0.029999999329448
v 0.78837883472443004 0.045438721776009001 0
v 0.78837883472443004 0.045438721776009001 0.029999999329448
v 1.5084378719330001 1.1591496467589999 0
v 1.5787775516510001 1.1556389331818 0
v 1.5084378719330001 1.1591496467589999 0.029999999329448
v 1.5787775516510001 1.1556389331818 0.029999999329448
v 1.8628097772598 1.0133658647537001 0
v 1.7790220975876001 1.0501989126205 0
v 1.768577337265 0.99733644723892001 0
v 1.8628097772598 1.0133658647537001 0.029999999329448
v 1.7790220975876001 1.0501989126205 0.029999999329448
v 1.768577337265 0.99733644723892001 0.029999999329448
v 1.8685305118561 1.2738466262817001 0
v 1.8053689002991 1.3103083372116 0
v 1.8685305118561 1.2738466262817001 0.029999999329448
v 1.8053689002991 1.3103083372116 0.029999999329448
v 1.7203404903412001 1.6600704193114999 0
v 1.6910778284073 1.6209392547607 0
v 1.7203404903412001 1.6600704193114999 0.029999999329448
v 1.6910778284073 1.6209392547607 0.029999999329448
v 1.5936220884323 1.6216217279434 0
v 1.6421985626221001 1.5996688604355001 0
v 1.6426589488983001 1.6654082536696999 0
v 1.5936220884323 1.6216217279434 0.029999999329448
v 1.6421985626221001 1.5996688604355001 0.029999999329448
v 1.6426589488983001 1.6654082536696999 0.029999999329448
v 1.7107394933700999 1.5453696250916 0
v 1.7107394933700999 1.5453696250916 0.029999999329448
v 1.3741639852523999 1.9033117294312001 0
v 1.3741639852523999 1.9033117294312001 0.029999999329448
v 1.4438637495041 1.7400722503662001 0
v 1.4438637495041 1.7400722503662001 0.029999999329448
v 1.2013738155364999 1.9083385467528999 0
v 1.2013738155364999 1.9083385467528999 0.029999999329448
v 1.0077087879180999 1.7608942985535001 0
v 1.0077087879180999 1.7608942985535001 0.029999999329448
v 1.1275277137755999 1.9686691761016999 0
v 1.1275277137755999 1.9686691761016999 0.029999999329448
v 0.78853249549866 1.9538682699203 0
v 0.78853249549866 1.9538682699203 0.029999999329448
v 0.75206613540649003 1.8264948129653999 0
v 0.79934722185134999 1.8546057939528999 0
v 0.73869258165358997 1.8955911397934 0
v 0.75206613540649003 1.8264948129653999 0.029999999329448
v 0.79934722185134999 1.8546057939528999 0.029999999329448
v 0.73869258165358997 1.8955911397934 0.029999999329448
v 1.1276203393936 0.030627118423580998 0
v 1.1276203393936 0.030627118423580998 0.029999999329448
v 0.98663413524627996 0.1371902525425 0
v 0.98663413524627996 0.1371902525425 0.029999999329448
v 0.94980114698410001 0.22097791731357999 0
v 0.90236705541610995 0.25840437412262002 0
v 0.88849288225173995 0.15301950275897999 0
v 0.94980114698410001 0.22097791731357999 0.029999999329448
v 0.90236705541610995 0.25840437412262002 0.029999999329448
v 0.88849288225173995 0.15301950275897999 0.029999999329448
v 0.33945009112357999 1.720863699913 0
v 0.33945009112357999 1.720863699913 0.029999999329448
v 0.51606130599975997 1.7144386768341 0
v 0.51606130599975997 1.7144386768341 0.029999999329448
v 0.17394840717316001 1.4631687402725 0
v 0.17394840717316001 1.4631687402725 0.029999999329448
v 0.20448404550551999 1.1572791337967001 0
v 0.15261922776699 1.1629881858825999 0
v 0.20448404550551999 1.1572791337967001 0.029999999329448
v 0.15261922776699 1.1629881858825999 0.029999999329448
v 0.61607593297957997 1.6109172105789 0
v 0.55806642770767001 1.6723312139511 0
v 0.57421642541884999 1.5789828300476001 0
v 0.61607593297957997 1.6109172105789 0.029999999329448
v 0.55806642770767001 1.6723312139511 0.029999999329448
v 0.57421642541884999 1.5789828300476001 0.029999999329448
v 0.85051387548446999 1.8344143629073999 0
v 0.85051387548446999 1.8344143629073999 0.029999999329448
v 0.023193027824163 1.0426483154296999 0
v 0.023193027824163 1.0426483154296999 0.029999999329448
v 0.22513228654861001 0.90849876403809005 0
v 0.14920023083687001 0.86774003505706998 0
v 0.22513228654861001 0.90849876403809005 0.029999999329448
v 0.14920023083687001 0.86774003505706998 0.029999999329448
v 0.40141874551772999 1.0284245014191 0
v 0.40141874551772999 1.0284245014191 0.029999999329448
v 0.31558704376220997 1.5760334730148 0
v 0.31558704376220997 1.5760334730148 0.029999999329448
v 0.62940001487732 1.1759980916977 0
v 0.57455158233643 1.1430293321609 0
v 0.62940001487732 1.1759980916977 0.029999999329448
v 0.57455158233643 1.1430293321609 0.029999999329448
v 0.38204652070999001 1.0850512981414999 0
v 0.45273953676223999 1.1442979574203 0
v 0.38204652070999001 1.0850512981414999 0.029999999329448
v 0.45273953676223999 1.1442979574203 0.029999999329448
v 0.47093823552132003 0.54267108440399003 0
v 0.47093823552132003 0.54267108440399003 0.029999999329448
v 0.71290034055710005 0.41658174991607999 0
v 0.67744815349579002 0.46722072362900002 0
v 0.64780098199844005 0.40873539447784002 0
v 0.71290034055710005 0.41658174991607999 0.029999999329448
v 0.67744815349579002 0.46722072362900002 0.029999999329448
v 0.64780098199844005 0.40873539447784002 0.029999999329448
v 0.46287748217583002 0.48159930109978 0
v 0.46287748217583002 0.48159930109978 0.029999999329448
v 0.54885876178741 0.13336578011513001 0
v 0.54885876178741 0.13336578011513001 0.029999999329448
v 0.62583601474761996 0.096688278019428003 0
v 0.62583601474761996 0.096688278019428003 0.029999999329448
v 0.15494425594806999 0.65893799066544001 0
v 0.15494425594806999 0.65893799066544001 0.029999999329448
v 0.11090725660324 0.80289286375045998 0
v 0.11090725660324 0.80289286375045998 0.029999999329448
v 0.70530271530151001 0.52240478992462003 0
v 0.70530271530151001 0.52240478992462003 0.029999999329448
v 0.58011192083358998 0.46280938386916998 0
v 0.51060903072357 0.42576515674590998 0
v 0.58224153518677002 0.40993618965148998 0
v 0.58011192083358998 0.46280938386916998 0.029999999329448
v 0.51060903072357 0.42576515674590998 0.029999999329448
v 0.58224153518677002 0.40993618965148998 0.029999999329448
v 0.39097216725348999 0.85935914516448997 0
v 0.39097216725348999 0.85935914516448997 0.029999999329448
v 0.39843153953552002 0.96865022182464999 0
v 0.39843153953552002 0.96865022182464999 0.029999999329448
v 0.50627565383911 1.2155966758728001 0
v 0.51361501216887995 1.1543370485305999 0
v 0.50627565383911 1.2155966758728001 0.029999999329448
v 0.51361501216887995 1.1543370485305999 0.029999999329448
v 0.33632117509842002 1.4414409399032999 0
v 0.39788186550139998 1.4422348737716999 0
v 0.34438517689705 1.5024763345718 0
v 0.33632117509842002 1.4414409399032999 0.029999999329448
v 0.39788186550139998 1.4422348737716999 0.029999999329448
v 0.34438517689705 1.5024763345718 0.029999999329448
v 0.34342250227928001 0.83597236871719005 0
v 0.34342250227928001 0.83597236871719005 0.029999999329448
v 0.24405887722969 0.86039024591446001 0
v 0.29574009776115001 0.85908728837966997 0
v 0.24405887722969 0.86039024591446001 0.029999999329448
v 0.29574009776115001 0.85908728837966997 0.029999999329448
v 0.22703588008881001 0.59762036800384999 0
v 0.22703588008881001 0.59762036800384999 0.029999999329448
v 0.37116292119026001 0.40420296788215998 0
v 0.37116292119026001 0.40420296788215998 0.029999999329448
v 1.7756913900375 0.40479108691215998 0
v 1.7756913900375 0.40479108691215998 0.029999999329448
v 1.4594247341155999 0.43636596202849998 0
v 1.5340138673782 0.46907633543014998 0
v 1.4594247341155999 0.43636596202849998 0.029999999329448
v 1.5340138673782 0.46907633543014998 0.029999999329448
v 1.4077235460280999 0.44332903623580999 0
v 1.4077235460280999 0.44332903623580999 0.029999999329448
v 1.6385636329651001 0.75442427396774003 0
v 1.6385636329651001 0.75442427396774003 0.029999999329448
v 1.6738283634186 0.94774854183196999 0
v 1.5968623161316 0.93983060121536 0
v 1.6738283634186 0.94774854183196999 0.029999999329448
v 1.5968623161316 0.93983060121536 0.029999999329448
v 1.7828686237335001 0.89240974187850997 0
v 1.7287044525146 0.89733517169952004 0
v 1.7500705718994001 0.82209724187850997 0
v 1.7828686237335001 0.89240974187850997 0.029999999329448
v 1.7287044525146 0.89733517169952004 0.029999999329448
v 1.7500705718994001 0.82209724187850997 0.029999999329448
v 1.6666694879532 0.81009948253632003 0
v 1.6812658309937001 0.87073457241058005 0
v 1.6666694879532 0.81009948253632003 0.029999999329448
v 1.6812658309937001 0.87073457241058005 0.029999999329448
v 1.9768069982529 1.0426483154296999 0
v 1.9768069982529 1.0426483154296999 0.029999999329448
v 1.8583180904387999 0.91049081087112005 0
v 1.8583180904387999 0.91049081087112005 0.029999999329448
v 1.6063072681427 1.0959362983704 0
v 1.6063072681427 1.0959362983704 0.029999999329448
v 1.6721028089523 1.3803423643112001 0
v 1.6721028089523 1.3803423643112001 0.029999999329448
v 1.450795173645 1.2311836481094001 0
v 1.450795173645 1.2311836481094001 0.029999999329448
v 1.9033117294312001 0.62583601474761996 0
v 1.9033117294312001 0.62583601474761996 0.029999999329448
v 1.7399791479111 0.55595755577087003 0
v 1.7399791479111 0.55595755577087003 0.029999999329448
v 1.5117882490157999 0.62607777118682995 0
v 1.5117882490157999 0.62607777118682995 0.029999999329448
v 1.7140421867371001 0.71156615018845004 0
v 1.7140421867371001 0.71156615018845004 0.029999999329448
v 1.3741639852523999 0.096688278019428003 0
v 1.3741639852523999 0.096688278019428003 0.029999999329448
v 1.2706167697905999 0.26977959275246 0
v 1.3305335044861 0.22415539622307001 0
v 1.2706167697905999 0.26977959275246 0.029999999329448
v 1.3305335044861 0.22415539622307001 0.029999999329448
v 1.2738466262817001 0.13146954774857 0
v 1.2738466262817001 0.13146954774857 0.029999999329448
v 1.6605498790741 0.27913624048232999 0
v 1.6605498790741 0.27913624048232999 0.029999999329448
v 1.6006475687027 0.38045027852058 0
v 1.6006475687027 0.38045027852058 0.029999999329448
v 1.3084995746613 0.35344448685646002 0
v 1.3084995746613 0.35344448685646002 0.029999999329448
v 1.3789865970612001 0.38755303621291998 0
v 1.3789865970612001 0.38755303621291998 0.029999999329448
v 0.69234192371367997 0.19379542768002 0
v 0.69234192371367997 0.19379542768002 0.029999999329448
v 0.51865071058273005 0.24443297088145999 0
v 0.51865071058273005 0.24443297088145999 0.029999999329448
v 1.9026559591293 1.3738923072814999 0
v 1.9026559591293 1.3738923072814999 0.029999999329448
v 1.836869597435 1.2104011774062999 0
v 1.836869597435 1.2104011774062999 0.029999999329448
v 1.7745436429977 1.2442126274109 0
v 1.7347605228423999 1.3030023574828999 0
v 1.7206196784973 1.2505776882171999 0
v 1.7745436429977 1.2442126274109 0.029999999329448
v 1.7347605228423999 1.3030023574828999 0.029999999329448
v 1.7206196784973 1.2505776882171999 0.029999999329448
v 1.7823765277863 1.3601576089859 0
v 1.7823765277863 1.3601576089859 0.029999999329448
v 1.5840538740157999 1.6816889047623 0
v 1.6558270454407 1.71570956707 0
v 1.5840538740157999 1.6816889047623 0.029999999329448
v 1.6558270454407 1.71570956707 0.029999999329448
v 1.5874565839767001 1.5292942523955999 0
v 1.5874565839767001 1.5292942523955999 0.029999999329448
v 1.5215438604355001 1.6196881532669001 0
v 1.5200582742691 1.6777530908585001 0
v 1.5215438604355001 1.6196881532669001 0.029999999329448
v 1.5200582742691 1.6777530908585001 0.029999999329448
v 1.2568897008896001 1.8147499561310001 0
v 1.3114298582077 1.8248815536498999 0
v 1.2568897008896001 1.8147499561310001 0.029999999329448
v 1.3114298582077 1.8248815536498999 0.029999999329448
v 1.0599787235260001 1.76904296875 0
v 1.0952004194260001 1.8107155561446999 0
v 1.0599787235260001 1.76904296875 0.029999999329448
v 1.0952004194260001 1.8107155561446999 0.029999999329448
v 1.2328182458878001 1.8637310266495 0
v 1.2328182458878001 1.8637310266495 0.029999999329448
v 0.65149807929992998 1.8413581848145 0
v 0.68921071290970004 1.7503117322921999 0
v 0.70462387800216997 1.8531548976898 0
v 0.65149807929992998 1.8413581848145 0.029999999329448
v 0.68921071290970004 1.7503117322921999 0.029999999329448
v 0.70462387800216997 1.8531548976898 0.029999999329448
v 0.83534604310989002 1.7733994722366 0
v 0.83534604310989002 1.7733994722366 0.029999999329448
v 1.1664197444916 0.16476687788962999 0
v 1.2191371917725 0.14490476250647999 0
v 1.1858658790587999 0.22004336118698001 0
v 1.1664197444916 0.16476687788962999 0.029999999329448
v 1.2191371917725 0.14490476250647999 0.029999999329448
v 1.1858658790587999 0.22004336118698001 0.029999999329448
v 0.93364137411117998 0.12078749388456 0
v 0.93364137411117998 0.12078749388456 0.029999999329448
v 0.83654057979583996 0.13357105851173001 0
v 0.83654057979583996 0.13357105851173001 0.029999999329448
v 0.50560563802719005 1.6443073749542001 0
v 0.50560563802719005 1.6443073749542001 0.029999999329448
v 0.38401943445205999 1.6308614015578999 0
v 0.38401943445205999 1.6308614015578999 0.029999999329448
v 0.20488980412482999 1.4184800386429 0
v 0.20488980412482999 1.4184800386429 0.029999999329448
v 0.29869472980499001 1.3789212703705001 0
v 0.24968823790549999 1.3107893466949001 0
v 0.32826551795005998 1.3059605360030999 0
v 0.29869472980499001 1.3789212703705001 0.029999999329448
v 0.24968823790549999 1.3107893466949001 0.029999999329448
v 0.32826551795005998 1.3059605360030999 0.029999999329448
v 0.14652402698993999 0.96273642778396995 0
v 0.11834962666035 1.0105222463607999 0
v 0.14652402698993999 0.96273642778396995 0.029999999329448
v 0.11834962666035 1.0105222463607999 0.029999999329448
v 0.25720325112343001 1.4115316867828001 0
v 0.21686117351055001 1.3602967262268 0
v 0.25720325112343001 1.4115316867828001 0.029999999329448
v 0.21686117351055001 1.3602967262268 0.029999999329448
v 0.72999715805054 1.2541180849075 0
v 0.72999715805054 1.2541180849075 0.029999999329448
v 0.50469946861267001 0.29919180274009999 0
v 0.50469946861267001 0.29919180274009999 0.029999999329448
v 0.58924412727356001 0.29157513380050998 0
v 0.61370861530303999 0.35241019725799999 0
v 0.55984735488892001 0.36031708121299999 0
v 0.58924412727356001 0.29157513380050998 0.029999999329448
v 0.61370861530303999 0.35241019725799999 0.029999999329448
v 0.55984735488892001 0.36031708121299999 0.029999999329448
v 0.28643262386321999 1.2669727802277 0
v 0.30073139071464999 1.1791205406189 0
v 0.32755684852599998 1.2272381782532 0
v 0.28643262386321999 1.2669727802277 0.029999999329448
v 0.30073139071464999 1.1791205406189 0.029999999329448
v 0.32755684852599998 1.2272381782532 0.029999999329448
v 0.30094417929648998 1.0457557439803999 0
v 0.25846678018570002 1.1205519437789999 0
v 0.24870596826076999 1.0655490159987999 0
v 0.30094417929648998 1.0457557439803999 0.029999999329448
v 0.25846678018570002 1.1205519437789999 0.029999999329448
v 0.24870596826076999 1.0655490159987999 0.029999999329448
v 0.33513504266739003 0.92507004737854004 0
v 0.33513504266739003 0.92507004737854004 0.029999999329448
v 0.34500476717949002 1.0012819766998 0
v 0.34500476717949002 1.0012819766998 0.029999999329448
v 0.20787189900875 0.68836402893065995 0
v 0.26002132892608998 0.71914821863174005 0
v 0.20787189900875 0.68836402893065995 0.029999999329448
v 0.26002132892608998 0.71914821863174005 0.029999999329448
v 1.6296648979187001 0.52731186151505005 0
v 1.6849640607834 0.54108768701553001 0
v 1.6296648979187001 0.52731186151505005 0.029999999329448
v 1.6849640607834 0.54108768701553001 0.029999999329448
v 1.598766207695 0.45133185386657998 0
v 1.598766207695 0.45133185386657998 0.029999999329448
v 1.5463964939117001 0.28792223334312 0
v 1.5463964939117001 0.28792223334312 0.029999999329448
v 1.4806319475173999 0.48402884602547003 0
v 1.4806319475173999 0.48402884602547003 0.029999999329448
v 1.5108058452605999 0.52607131004332996 0
v 1.5108058452605999 0.52607131004332996 0.029999999329448
v 1.4904069900513 0.29050457477570002 0
v 1.4904069900513 0.29050457477570002 0.029999999329448
v 1.8253492116928001 0.69939756393432995 0
v 1.8253492116928001 0.69939756393432995 0.029999999329448
v 1.8113585710525999 0.96457529067992998 0
v 1.8113585710525999 0.96457529067992998 0.029999999329448
v 1.6310569047928001 0.98547470569610995 0
v 1.6310569047928001 0.98547470569610995 0.029999999329448
v 1.7661329507828001 1.1543594598769999 0
v 1.7661329507828001 1.1543594598769999 0.029999999329448
v 1.6072028875351001 1.4075856208801001 0
v 1.6072028875351001 1.4075856208801001 0.029999999329448
v 1.4350566864014001 1.5432593822478999 0
v 1.4681808948516999 1.5967503786087001 0
v 1.3939046859741 1.5951226949691999 0
v 1.4350566864014001 1.5432593822478999 0.029999999329448
v 1.4681808948516999 1.5967503786087001 0.029999999329448
v 1.3939046859741 1.5951226949691999 0.029999999329448
v 1.7863692045212001 0.75038844347 0
v 1.8643984794616999 0.76965415477752996 0
v 1.7863692045212001 0.75038844347 0.029999999329448
v 1.8643984794616999 0.76965415477752996 0.029999999329448
v 1.5522534847260001 0.55705714225768999 0
v 1.5522534847260001 0.55705714225768999 0.029999999329448
v 1.7203695774078001 0.62499934434891002 0
v 1.6848292350769001 0.66591632366179998 0
v 1.7203695774078001 0.62499934434891002 0.029999999329448
v 1.6848292350769001 0.66591632366179998 0.029999999329448
v 1.5988639593124001 0.58402955532073997 0
v 1.5988639593124001 0.58402955532073997 0.029999999329448
v 1.7941987514496001 0.84431886672973999 0
v 1.7941987514496001 0.84431886672973999 0.029999999329448
v 1.5765348672866999 0.50464546680449995 0
v 1.5765348672866999 0.50464546680449995 0.029999999329448
v 0.66977679729462003 0.31841346621513 0
v 0.69922882318497004 0.25939446687697998 0
v 0.66977679729462003 0.31841346621513 0.029999999329448
v 0.69922882318497004 0.25939446687697998 0.029999999329448
v 0.79678171873092996 0.27559491991996998 0
v 0.79678171873092996 0.27559491991996998 0.029999999329448
v 0.64075058698653997 0.26357111334800998 0
v 0.64075058698653997 0.26357111334800998 0.029999999329448
v 0.85937011241912997 0.30085417628288003 0
v 0.82717734575271995 0.37556684017181002 0
v 0.85937011241912997 0.30085417628288003 0.029999999329448
v 0.82717734575271995 0.37556684017181002 0.029999999329448
v 0.68432348966598999 0.36978712677955999 0
v 0.68432348966598999 0.36978712677955999 0.029999999329448
v 0.91902667284011996 0.40789410471915999 0
v 0.84244793653488004 0.46584030985831998 0
v 0.88113021850586004 0.36474338173866 0
v 0.91902667284011996 0.40789410471915999 0.029999999329448
v 0.84244793653488004 0.46584030985831998 0.029999999329448
v 0.88113021850586004 0.36474338173866 0.029999999329448
v 1.8664289712905999 1.1634594202041999 0
v 1.8664289712905999 1.1634594202041999 0.029999999329448
v 1.8469804525375 1.1115070581436 0
v 1.8792124986648999 1.0663586854935001 0
v 1.8469804525375 1.1115070581436 0.029999999329448
v 1.8792124986648999 1.0663586854935001 0.029999999329448
v 1.6527862548828001 1.3262170553207 0
v 1.6527862548828001 1.3262170553207 0.029999999329448
v 1.4190073013305999 1.6967548131943 0
v 1.4190073013305999 1.6967548131943 0.029999999329448
v 1.432745218277 1.6487389802932999 0
v 1.432745218277 1.6487389802932999 0.029999999329448
v 1.5127266645432 1.5523188114166 0
v 1.5318455696105999 1.5034795999527 0
v 1.5127266645432 1.5523188114166 0.029999999329448
v 1.5318455696105999 1.5034795999527 0.029999999329448
v 1.5659832954407 1.3499796390533001 0
v 1.5029792785645 1.3479374647141 0
v 1.5659832954407 1.3499796390533001 0.029999999329448
v 1.5029792785645 1.3479374647141 0.029999999329448
v 1.1583249568939 1.6913285255432 0
v 1.1797126531601001 1.7657952308655001 0
v 1.1057918071746999 1.7425909042358001 0
v 1.1583249568939 1.6913285255432 0.029999999329448
v 1.1797126531601001 1.7657952308655001 0.029999999329448
v 1.1057918071746999 1.7425909042358001 0.029999999329448
v 1.3690619468689 1.6564915180205999 0
v 1.3193196058273 1.6006426811218 0
v 1.3690619468689 1.6564915180205999 0.029999999329448
v 1.3193196058273 1.6006426811218 0.029999999329448
v 1.0918434858321999 1.8651758432387999 0
v 1.0918434858321999 1.8651758432387999 0.029999999329448
v 0.95176750421524003 1.7251491546630999 0
v 0.95176750421524003 1.7251491546630999 0.029999999329448
v 1.1524432897568 1.8872940540314 0
v 1.1984242200851001 1.8190150260925 0
v 1.1524432897568 1.8872940540314 0.029999999329448
v 1.1984242200851001 1.8190150260925 0.029999999329448
v 0.66266787052154996 1.6989201307296999 0
v 0.59322547912598 1.7678186893462999 0
v 0.61689293384552002 1.6635608673096001 0
v 0.66266787052154996 1.6989201307296999 0.029999999329448
v 0.59322547912598 1.7678186893462999 0.029999999329448
v 0.61689293384552002 1.6635608673096001 0.029999999329448
v 0.87847971916198997 1.7128953933716 0
v 0.87847971916198997 1.7128953933716 0.029999999329448
v 0.69892233610152998 1.6496449708939001 0
v 0.72039717435837003 1.7025185823441 0
v 0.69892233610152998 1.6496449708939001 0.029999999329448
v 0.72039717435837003 1.7025185823441 0.029999999329448
v 0.82126718759536999 1.7177354097366 0
v 0.76016432046890003 1.753989815712 0
v 0.82126718759536999 1.7177354097366 0.029999999329448
v 0.76016432046890003 1.753989815712 0.029999999329448
v 1.2610088586807 1.3092117309569999 0
v 1.2882907390594001 1.2385278940201001 0
v 1.3337101936339999 1.2878803014755 0
v 1.2610088586807 1.3092117309569999 0.029999999329448
v 1.2882907390594001 1.2385278940201001 0.029999999329448
v 1.3337101936339999 1.2878803014755 0.029999999329448
v 1.0152586698532 1.6874319314957 0
v 1.0152586698532 1.6874319314957 0.029999999329448
v 1.2442126274109 0.22545632719993999 0
v 1.2442126274109 0.22545632719993999 0.029999999329448
v 1.1566174030303999 0.11506347358227 0
v 1.1566174030303999 0.11506347358227 0.029999999329448
v 1.1078379154205 0.38275957107544001 0
v 1.1112616062164 0.32643601298331998 0
v 1.1642419099807999 0.38438758254050998 0
v 1.1078379154205 0.38275957107544001 0.029999999329448
v 1.1112616062164 0.32643601298331998 0.029999999329448
v 1.1642419099807999 0.38438758254050998 0.029999999329448
v 1.1330516338348 0.24542641639709001 0
v 1.0958523750305 0.27885586023330999 0
v 1.1330516338348 0.24542641639709001 0.029999999329448
v 1.0958523750305 0.27885586023330999 0.029999999329448
v 0.97609293460846003 0.41434159874915999 0
v 1.0139273405075 0.46723562479018999 0
v 0.97609293460846003 0.41434159874915999 0.029999999329448
v 1.0139273405075 0.46723562479018999 0.029999999329448
v 1.0057654380798 0.23963619768620001 0
v 1.0057654380798 0.23963619768620001 0.029999999329448
v 1.0430587530136 0.35371619462967002 0
v 1.0430587530136 0.35371619462967002 0.029999999329448
v 0.91299480199813998 1.6470928192139001 0
v 0.91299480199813998 1.6470928192139001 0.029999999329448
v 0.60608923435211004 1.8174827098846 0
v 0.60608923435211004 1.8174827098846 0.029999999329448
v 0.52645385265349998 1.5301821231842001 0
v 0.51681619882583996 1.5873883962630999 0
v 0.52645385265349998 1.5301821231842001 0.029999999329448
v 0.51681619882583996 1.5873883962630999 0.029999999329448
v 0.46086704730987998 1.5111783742905001 0
v 0.46086704730987998 1.5111783742905001 0.029999999329448
v 0.65651261806488004 1.2568376064300999 0
v 0.65651261806488004 1.2568376064300999 0.029999999329448
v 0.26481389999389998 1.5125420093535999 0
v 0.26481389999389998 1.5125420093535999 0.029999999329448
v 0.27767407894134999 1.4601724147796999 0
v 0.27767407894134999 1.4601724147796999 0.029999999329448
v 0.32323104143143 1.128834605217 0
v 0.32323104143143 1.128834605217 0.029999999329448
v 0.24641673266888001 1.1883307695389 0
v 0.24641673266888001 1.1883307695389 0.029999999329448
v 0.14341542124748 1.2995105981827 0
v 0.14341542124748 1.2995105981827 0.029999999329448
v 0.19406332075596 1.2082742452621 0
v 0.16943718492984999 1.2552968263626001 0
v 0.19406332075596 1.2082742452621 0.029999999329448
v 0.16943718492984999 1.2552968263626001 0.029999999329448
v 0.15864185988903001 1.3485019207001001 0
v 0.15864185988903001 1.3485019207001001 0.029999999329448
v 0.22939610481261999 1.2464932203293 0
v 0.22939610481261999 1.2464932203293 0.029999999329448
v 0.27721953392028997 0.97131538391113004 0
v 0.27721953392028997 0.97131538391113004 0.029999999329448
v 0.65764564275741999 1.3486164808273 0
v 0.62813210487366 1.4377685785294001 0
v 0.58506190776824996 1.3933027982712001 0
v 0.65764564275741999 1.3486164808273 0.029999999329448
v 0.62813210487366 1.4377685785294001 0.029999999329448
v 0.58506190776824996 1.3933027982712001 0.029999999329448
v 0.59543591737747004 1.2158863544464 0
v 0.59543591737747004 1.2158863544464 0.029999999329448
v 0.79184448719025002 1.2323397397995 0
v 0.76310276985168002 1.2912744283676001 0
v 0.79184448719025002 1.2323397397995 0.029999999329448
v 0.76310276985168002 1.2912744283676001 0.029999999329448
v 0.38996484875678999 1.2803131341934 0
v 0.38996484875678999 1.2803131341934 0.029999999329448
v 0.28028669953346003 0.91576850414276001 0
v 0.28028669953346003 0.91576850414276001 0.029999999329448
v 0.22304971516131999 0.96322917938232 0
v 0.22304971516131999 0.96322917938232 0.029999999329448
v 1.7192895412445 0.49559554457664001 0
v 1.7192895412445 0.49559554457664001 0.029999999329448
v 1.5768461227417001 0.33223724365233998 0
v 1.5768461227417001 0.33223724365233998 0.029999999329448
v 1.6664563417435001 1.0338662862778001 0
v 1.7073332071303999 0.99399107694625999 0
v 1.6664563417435001 1.0338662862778001 0.029999999329448
v 1.7073332071303999 0.99399107694625999 0.029999999329448
v 1.7611552476882999 1.1008657217026001 0
v 1.7611552476882999 1.1008657217026001 0.029999999329448
v 1.6832519769669001 1.1186512708664 0
v 1.6526426076889 1.0806587934494001 0
v 1.6832519769669001 1.1186512708664 0.029999999329448
v 1.6526426076889 1.0806587934494001 0.029999999329448
v 1.6084516048430999 1.0378355979919001 0
v 1.6084516048430999 1.0378355979919001 0.029999999329448
v 1.6138018369675 1.2080339193344001 0
v 1.6138018369675 1.2080339193344001 0.029999999329448
v 1.5108758211136 1.2835136651993 0
v 1.5756762027739999 1.2798117399216 0
v 1.5108758211136 1.2835136651993 0.029999999329448
v 1.5756762027739999 1.2798117399216 0.029999999329448
v 1.4010912179946999 1.1776777505875 0
v 1.4010912179946999 1.1776777505875 0.029999999329448
v 1.3398492336273 1.1956290006638 0
v 1.3398492336273 1.1956290006638 0.029999999329448
v 1.8340389728546 0.81509798765181996 0
v 1.8340389728546 0.81509798765181996 0.029999999329448
v 1.767533659935 0.69869494438170998 0
v 1.767533659935 0.69869494438170998 0.029999999329448
v 1.7146407365798999 0.77250844240188998 0
v 1.7146407365798999 0.77250844240188998 0.029999999329448
v 1.2438873052596999 0.3778532743454 0
v 1.2438873052596999 0.3778532743454 0.029999999329448
v 0.95906299352645996 0.31471410393714999 0
v 0.95906299352645996 0.31471410393714999 0.029999999329448
v 1.7095494270325 1.1716532707214 0
v 1.7095494270325 1.1716532707214 0.029999999329448
v 1.7190432548523 1.0675050020218 0
v 1.7190432548523 1.0675050020218 0.029999999329448
v 1.5613681077957 1.5774060487746999 0
v 1.5613681077957 1.5774060487746999 0.029999999329448
v 1.4230620861053001 1.3546630144119001 0
v 1.4356235265732 1.4056497812271 0
v 1.4230620861053001 1.3546630144119001 0.029999999329448
v 1.4356235265732 1.4056497812271 0.029999999329448
v 1.3507460355759 1.5186194181442001 0
v 1.3507460355759 1.5186194181442001 0.029999999329448
v 1.4795494079589999 1.4294341802596999 0
v 1.4795494079589999 1.4294341802596999 0.029999999329448
v 1.3849371671677 1.2360082864760999 0
v 1.3849371671677 1.2360082864760999 0.029999999329448
v 1.6528961658478001 1.1667374372482 0
v 1.6528961658478001 1.1667374372482 0.029999999329448
v 1.4520070552826001 1.3108495473862001 0
v 1.4520070552826001 1.3108495473862001 0.029999999329448
v 1.4133621454239 1.4743640422821001 0
v 1.4133621454239 1.4743640422821001 0.029999999329448
v 1.3785564899445 1.4251248836517001 0
v 1.3706308603287001 1.3517652750014999 0
v 1.3785564899445 1.4251248836517001 0.029999999329448
v 1.3706308603287001 1.3517652750014999 0.029999999329448
v 1.3935271501541 1.2959218025207999 0
v 1.3935271501541 1.2959218025207999 0.029999999329448
v 1.3037631511687999 1.6645743846893 0
v 1.3037631511687999 1.6645743846893 0.029999999329448
v 1.0791519880295 1.6844391822814999 0
v 1.0791519880295 1.6844391822814999 0.029999999329448
v 1.2712825536728001 1.6196510791779 0
v 1.2326422929764 1.6539412736893 0
v 1.2712825536728001 1.6196510791779 0.029999999329448
v 1.2326422929764 1.6539412736893 0.029999999329448
v 1.1075239181519001 1.6383489370346001 0
v 1.1013721227646001 1.5515120029449001 0
v 1.1576478481293 1.6179314851761 0
v 1.1075239181519001 1.6383489370346001 0.029999999329448
v 1.1013721227646001 1.5515120029449001 0.029999999329448
v 1.1576478481293 1.6179314851761 0.029999999329448
v 1.2499952316284 1.5725793838501001 0
v 1.3008767366409 1.5465444326401001 0
v 1.2499952316284 1.5725793838501001 0.029999999329448
v 1.3008767366409 1.5465444326401001 0.029999999329448
v 1.2052587270737001 1.3605189323425 0
v 1.2052587270737001 1.3605189323425 0.029999999329448
v 0.59856438636779996 1.5073792934418 0
v 0.65524339675902998 1.5757330656052 0
v 0.59856438636779996 1.5073792934418 0.029999999329448
v 0.65524339675902998 1.5757330656052 0.029999999329448
v 0.71131080389023005 1.5914177894592001 0
v 0.72530800104141002 1.5349054336548 0
v 0.71131080389023005 1.5914177894592001 0.029999999329448
v 0.72530800104141002 1.5349054336548 0.029999999329448
v 0.97853356599807995 1.4768251180648999 0
v 0.93213671445847002 1.5191096067429 0
v 0.92173683643340998 1.4151588678360001 0
v 0.97853356599807995 1.4768251180648999 0.029999999329448
v 0.93213671445847002 1.5191096067429 0.029999999329448
v 0.92173683643340998 1.4151588678360001 0.029999999329448
v 1.0000864267348999 1.6305780410766999 0
v 0.96261096000670998 1.6711050271987999 0
v 1.0000864267348999 1.6305780410766999 0.029999999329448
v 0.96261096000670998 1.6711050271987999 0.029999999329448
v 0.97553050518036 1.5811426639557 0
v 1.0376304388046 1.5628410577773999 0
v 0.97553050518036 1.5811426639557 0.029999999329448
v 1.0376304388046 1.5628410577773999 0.029999999329448
v 1.1442257165909 1.8346676826477 0
v 1.1442257165909 1.8346676826477 0.029999999329448
v 1.0550222396850999 1.6252018213271999 0
v 1.0550222396850999 1.6252018213271999 0.029999999329448
v 1.1562962532043 1.5620263814926001 0
v 1.1562962532043 1.5620263814926001 0.029999999329448
v 1.0569025278091 1.4862911701202 0
v 1.0569025278091 1.4862911701202 0.029999999329448
v 1.1991502046585001 1.2544504404068 0
v 1.207646727562 1.3071712255478001 0
v 1.1991502046585001 1.2544504404068 0.029999999329448
v 1.207646727562 1.3071712255478001 0.029999999329448
v 1.2093112468719001 1.6064336299896 0
v 1.2093112468719001 1.6064336299896 0.029999999329448
v 1.2425689697266 1.7624884843826001 0
v 1.2167259454727 1.7148598432541 0
v 1.2425689697266 1.7624884843826001 0.029999999329448
v 1.2167259454727 1.7148598432541 0.029999999329448
v 1.1342828273773 0.44444739818572998 0
v 1.1342828273773 0.44444739818572998 0.029999999329448
v 0.45677030086517001 1.2815870046616 0
v 0.45677030086517001 1.2815870046616 0.029999999329448
v 1.0467878580093 1.3978787660598999 0
v 1.0220745801925999 1.4454908370971999 0
v 0.98264354467392001 1.3948041200637999 0
v 1.0467878580093 1.3978787660598999 0.029999999329448
v 1.0220745801925999 1.4454908370971999 0.029999999329448
v 0.98264354467392001 1.3948041200637999 0.029999999329448
v 1.7433835268021001 0.94970440864562999 0
v 1.7433835268021001 0.94970440864562999 0.029999999329448
v 1.3096379041671999 1.3464138507843 0
v 1.3096379041671999 1.3464138507843 0.029999999329448
v 1.1303824186325 1.3976894617080999 0
v 1.1303824186325 1.3976894617080999 0.029999999329448
v 1.3211930990219001 1.4065408706664999 0
v 1.3211930990219001 1.4065408706664999 0.029999999329448
v 0.90750283002853005 0.32011085748672002 0
v 0.90750283002853005 0.32011085748672002 0.029999999329448
v 1.0091533660889001 0.31678685545920998 0
v 1.0091533660889001 0.31678685545920998 0.029999999329448
v 1.3218225240707 1.4663103818893 0
v 1.3218225240707 1.4663103818893 0.029999999329448
v 1.1884022951126001 1.5162397623062001 0
v 1.1884022951126001 1.5162397623062001 0.029999999329448
v 1.2382199764252 1.5236147642136 0
v 1.2382199764252 1.5236147642136 0.029999999329448
v 1.1067531108855999 1.5000722408295 0
v 1.1067531108855999 1.5000722408295 0.029999999329448
v 1.1442019939423 1.4643989801407 0
v 1.1442019939423 1.4643989801407 0.029999999329448
v 1.0702074766159 1.2845985889435001 0
v 1.0702074766159 1.2845985889435001 0.029999999329448
v 0.97739565372466997 1.3456126451492001 0
v 0.97739565372466997 1.3456126451492001 0.029999999329448
v 0.80419719219207997 1.5227957963943 0
v 0.76021248102187999 1.4992740154266 0
v 0.83861833810805997 1.4261093139648 0
v 0.80419719219207997 1.5227957963943 0.029999999329448
v 0.76021248102187999 1.4992740154266 0.029999999329448
v 0.83861833810805997 1.4261093139648 0.029999999329448
v 0.95641517639160001 1.2603689432144001 0
v 1.0184688568114999 1.3180384635925 0
v 0.95641517639160001 1.2603689432144001 0.029999999329448
v 1.0184688568114999 1.3180384635925 0.029999999329448
v 0.99404984712600997 1.5294737815857 0
v 0.99404984712600997 1.5294737815857 0.029999999329448
v 0.87398397922516002 1.4840664863585999 0
v 0.87398397922516002 1.4840664863585999 0.029999999329448
v 1.0918059349060001 1.4404671192169001 0
v 1.0918059349060001 1.4404671192169001 0.029999999329448
v 0.81264299154282005 1.2960011959076001 0
v 0.87754124403 1.2999862432480001 0
v 0.81264299154282005 1.2960011959076001 0.029999999329448
v 0.87754124403 1.2999862432480001 0.029999999329448
v 0.75264453887938998 1.4499722719193 0
v 0.79558122158051003 1.3755469322205001 0
v 0.75264453887938998 1.4499722719193 0.029999999329448
v 0.79558122158051003 1.3755469322205001 0.029999999329448
v 0.53054481744766002 1.2795479297637999 0
v 0.53054481744766002 1.2795479297637999 0.029999999329448
v 0.56044143438339 1.4501013755798 0
v 0.56044143438339 1.4501013755798 0.029999999329448
v 0.45015245676040999 1.4421929121017001 0
v 0.46450084447861001 1.391930103302 0
v 0.52468746900558005 1.4008675813675 0
v 0.45015245676040999 1.4421929121017001 0.029999999329448
v 0.46450084447861001 1.391930103302 0.029999999329448
v 0.52468746900558005 1.4008675813675 0.029999999329448
v 0.38638478517531999 1.3624931573868 0
v 0.38638478517531999 1.3624931573868 0.029999999329448
v 0.66748982667922996 1.4955708980560001 0
v 0.66748982667922996 1.4955708980560001 0.029999999329448
v 0.49452349543571 1.4698230028152 0
v 0.49452349543571 1.4698230028152 0.029999999329448
v 0.69103854894637995 1.4372360706328999 0
v 0.69103854894637995 1.4372360706328999 0.029999999329448
v 0.34664922952652 1.3926428556442001 0
v 0.34664922952652 1.3926428556442001 0.029999999329448
v 0.69494771957396995 1.3012183904648 0
v 0.69494771957396995 1.3012183904648 0.029999999329448
v 1.0794750452041999 1.3413423299789 0
v 1.0794750452041999 1.3413423299789 0.029999999329448
v 0.92896968126296997 1.3354997634888 0
v 0.92896968126296997 1.3354997634888 0.029999999329448
v 0.86391407251357999 1.3609813451767001 0
v 0.86391407251357999 1.3609813451767001 0.029999999329448
v 0.73197358846663996 1.3945949077605999 0
v 0.73197358846663996 1.3945949077605999 0.029999999329448
v 1.0661913156509 0.42083355784415999 0
v 1.0661913156509 0.42083355784415999 0.029999999329448
v 0.50311398506164995 1.3390247821807999 0
v 0.50311398506164995 1.3390247821807999 0.029999999329448
v 0.59888935089110995 1.2767578363419001 0
v 0.59888935089110995 1.2767578363419001 0.029999999329448
v 0.57396590709686002 1.3324003219603999 0
v 0.57396590709686002 1.3324003219603999 0.029999999329448
v 0.74199354648589999 1.3363407850266 0
v 0.74199354648589999 1.3363407850266 0.029999999329448
v 0.44014605879784002 1.3381940126419001 0
v 0.44014605879784002 1.3381940126419001 0.029999999329448
v 1.6358629465103001 1.2670698165894001 0
v 1.6358629465103001 1.2670698165894001 0.029999999329448
v 1.6756501197814999 1.2201466560364 0
v 1.6756501197814999 1.2201466560364 0.029999999329448
v 0.65797984600067005 0.060307379812002002 -0.029999999329448
v 0.74118095636367998 0.034074172377585997 -0.029999999329448
v 0.29289323091507002 0.29289323091507002 -0.029999999329448
v 0.35721239447594 0.23395556211471999 -0.029999999329448
v 1 0 -0.029999999329448
v 1.0871556997298999 0.0038053018506615998 -0.029999999329448
v 0 1 -0.029999999329448
v 0.0038053018506615998 0.91284424066544001 -0.029999999329448
v 0.093692213296889995 1.4226182699203 -0.029999999329448
v 0.060307379812002002 1.3420201539993 -0.029999999329448
v 0.18084795773029 1.5735764503478999 -0.029999999329448
v 0.13397459685801999 1.5 -0.029999999329448
v 0.29289323091507002 1.7071068286896001 -0.029999999329448
v 0.23395556211471999 1.6427875757217001 -0.029999999329448
v 0.65797984600067005 1.9396926164627 -0.029999999329448
v 0.57738173007964999 1.9063078165053999 -0.029999999329448
v 1.9659258127213 1.2588191032410001 -0.029999999329448
v 1.9396926164627 1.3420201539993 -0.029999999329448
v 1.7071068286896001 0.29289323091507002 -0.029999999329448
v 1.7660444974898999 0.35721239447594 -0.029999999329448
v 1.8660254478455001 0.5 -0.029999999329448
v 1.9063078165053999 0.57738173007964999 -0.029999999329448
v 1.9961947202682 0.91284424066544001 -0.029999999329448
v 2 1 -0.029999999329448
v 0.82635182142258001 0.015192246995866 -0.029999999329448
v 0.91284424066544001 0.0038053018506615998 -0.029999999329448
v 1.9063078165053999 1.4226182699203 -0.029999999329448
v 1.8660254478455001 1.5 -0.029999999329448
v 1.0871556997298999 1.9961947202682 -0.029999999329448
v 1 2 -0.029999999329448
v 1.3420201539993 1.9396926164627 -0.029999999329448
v 1.2588191032410001 1.9659258127213 -0.029999999329448
v 1.6427875757217001 1.7660444974898999 -0.029999999329448
v 1.5735764503478999 1.8191519975662001 -0.029999999329448
v 0.015192246995866 0.82635182142258001 -0.029999999329448
v 0.034074172377585997 0.74118095636367998 -0.029999999329448
v 0.015192246995866 1.1736481189728001 -0.029999999329448
v 0.0038053018506615998 1.0871556997298999 -0.029999999329448
v 1.2588191032410001 0.034074172377585997 -0.029999999329448
v 1.3420201539993 0.060307379812002002 -0.029999999329448
v 0.4264235496521 1.8191519975662001 -0.029999999329448
v 0.35721239447594 1.7660444974898999 -0.029999999329448
v 0.060307379812002002 0.65797984600067005 -0.029999999329448
v 0.093692213296889995 0.57738173007964999 -0.029999999329448
v 0.13397459685801999 0.5 -0.029999999329448
v 0.18084795773029 0.4264235496521 -0.029999999329448
v 0.23395556211471999 0.35721239447594 -0.029999999329448
v 1.9659258127213 0.74118095636367998 -0.029999999329448
v 1.9848077297211 0.82635182142258001 -0.029999999329448
v 1.4226182699203 0.093692213296889995 -0.029999999329448
v 1.5 0.13397459685801999 -0.029999999329448
v 1.8191519975662001 1.5735764503478999 -0.029999999329448
v 1.7660444974898999 1.6427875757217001 -0.029999999329448
v 1.5 1.8660254478455001 -0.029999999329448
v 1.4226182699203 1.9063078165053999 -0.029999999329448
v 0.91284424066544001 1.9961947202682 -0.029999999329448
v 0.82635182142258001 1.9848077297211 -0.029999999329448
v 0.4264235496521 0.18084795773029 -0.029999999329448
v 0.5 0.13397459685801999 -0.029999999329448
v 1.9961947202682 1.0871556997298999 -0.029999999329448
v 1.9848077297211 1.1736481189728001 -0.029999999329448
v 1.5735764503478999 0.18084795773029 -0.029999999329448
v 1.6427875757217001 0.23395556211471999 -0.029999999329448
v 1.1736481189728001 1.9848077297211 -0.029999999329448
v 1.1736481189728001 0.015192246995866 -0.029999999329448
v 1.8191519975662001 0.4264235496521 -0.029999999329448
v 1.9396926164627 0.65797984600067005 -0.029999999329448
v 0.57738173007964999 0.093692213296889995 -0.029999999329448
v 1.7071068286896001 1.7071068286896001 -0.029999999329448
v 0.74118095636367998 1.9659258127213 -0.029999999329448
v 0.5 1.8660254478455001 -0.029999999329448
v 0.034074172377585997 1.2588191032410001 -0.029999999329448
v 0.81631672382355003 0.75929290056229004 -0.029999999329448
v 0.75424826145171997 0.69174641370773005 -0.029999999329448
v 0.74906778335571 0.76604944467545 -0.029999999329448
v 1.01034116745 1.1638045310973999 -0.029999999329448
v 1.0579007863998 1.177267074585 -0.029999999329448
v 1.0739853382111 1.1281464099884 -0.029999999329448
v 1.1912341117859 1.1002870798111 -0.029999999329448
v 1.1231999397278001 1.1364084482193 -0.029999999329448
v 1.2009550333023 1.1569324731827 -0.029999999329448
v 0.88113886117935003 0.74015736579894997 -0.029999999329448
v 0.95202928781509 0.71132487058640004 -0.029999999329448
v 0.91753178834914995 0.67283487319946 -0.029999999329448
v 0.86946427822113004 0.61111176013946999 -0.029999999329448
v 0.81963640451430997 0.62563818693161 -0.029999999329448
v 0.82725292444229004 0.67697852849960005 -0.029999999329448
v 1.2824681997298999 0.98075497150420998 -0.029999999329448
v 1.2000000476837001 1 -0.029999999329448
v 1.28375685215 1.0471314191818 -0.029999999329448
v 0.64441412687302002 0.14153970777988001 -0.029999999329448
v 0.70962965488434004 0.079063005745411002 -0.029999999329448
v 1.2528827190398999 1.1815643310546999 -0.029999999329448
v 1.2488988637923999 1.0935580730437999 -0.029999999329448
v 0.56297302246094005 0.18014545738696999 -0.029999999329448
v 0.57614046335220004 0.23585277795792001 -0.029999999329448
v 0.62554949522018 0.20694892108439999 -0.029999999329448
v 1.3500117063521999 1.0429162979126001 -0.029999999329448
v 1.2054262161255 1.434520483017 -0.029999999329448
v 1.2636767625809 1.4801619052887001 -0.029999999329448
v 1.261946439743 1.3867530822754 -0.029999999329448
v 0.23032762110232999 0.51412791013717996 -0.029999999329448
v 0.24026496708393 0.41703480482101002 -0.029999999329448
v 0.18591812252998 0.48137265443802002 -0.029999999329448
v 0.95946854352951005 1.1471825838089 -0.029999999329448
v 0.92217218875884999 1.2138097286224001 -0.029999999329448
v 0.98218542337418002 1.2044297456741 -0.029999999329448
v 0.57255798578261996 0.62542051076889005 -0.029999999329448
v 0.51367336511612005 0.68282103538512995 -0.029999999329448
v 0.56111454963684004 0.72627305984497004 -0.029999999329448
v 0.6719776391983 0.74830412864685003 -0.029999999329448
v 0.61491739749908003 0.78541237115859996 -0.029999999329448
v 0.70477545261383001 0.82029086351394997 -0.029999999329448
v 0.39476063847541998 0.33949714899062999 -0.029999999329448
v 0.42724621295928999 0.26848983764647999 -0.029999999329448
v 0.35367777943611001 0.29466307163238997 -0.029999999329448
v 1.1000000238419001 1.0577350854873999 -0.029999999329448
v 1.0888888835907 1 -0.029999999329448
v 1.0255348682404 1.0442277193069001 -0.029999999329448
v 0.76821577548981002 0.61858439445496005 -0.029999999329448
v 1.0045213699341 1 -0.029999999329448
v 0.55543035268784002 0.78293913602829002 -0.029999999329448
v 1.1000000238419001 0.94226497411728005 -0.029999999329448
v 1.0666667222977 0.92301994562149003 -0.029999999329448
v 1.0255348682404 0.95577234029769997 -0.029999999329448
v 0.86666667461394997 0.96151000261306996 -0.029999999329448
v 0.80905449390410999 0.90021276473999001 -0.029999999329448
v 0.79280185699463002 0.94904243946074995 -0.029999999329448
v 0.72615337371826005 0.13146954774857 -0.029999999329448
v 0.7988862991333 0.092834800481796001 -0.029999999329448
v 0.95555555820464999 1 -0.029999999329448
v 0.97301584482193004 1.0467379093169999 -0.029999999329448
v 0.99633926153182995 0.58603948354721003 -0.029999999329448
v 0.94758415222168002 0.61529666185378995 -0.029999999329448
v 1 0.65358984470366999 -0.029999999329448
v 1.1222221851348999 0.86528491973876998 -0.029999999329448
v 1.1539682149887001 0.82679492235184004 -0.029999999329448
v 1.1269841194153001 0.78005701303482 -0.029999999329448
v 1.0777777433394999 0.78830492496490001 -0.029999999329448
v 1.0460317134857 0.82679492235184004 -0.029999999329448
v 1.0730159282684 0.87353277206420998 -0.029999999329448
v 1.0421200990677 0.035289805382489998 -0.029999999329448
v 1 0.69207984209061002 -0.029999999329448
v 1.1212837696075 0.078758627176284998 -0.029999999329448
v 1.2014259099960001 0.091426357626915006 -0.029999999329448
v 1 0.73056989908217995 -0.029999999329448
v 1.0666667222977 0.69207984209061002 -0.029999999329448
v 1.0333333015441999 0.67283487319946 -0.029999999329448
v 1.0406520366669001 0.62166851758956998 -0.029999999329448
v 1 0.84603995084762995 -0.029999999329448
v 1.0333333015441999 0.90377497673035001 -0.029999999329448
v 0.93333333730697998 0.92301994562149003 -0.029999999329448
v 0.89999997615813998 0.94226497411728005 -0.029999999329448
v 0.97301584482193004 0.95326215028762995 -0.029999999329448
v 0.94062483310698997 0.78830492496490001 -0.029999999329448
v 0.89268130064010998 0.89109861850739003 -0.029999999329448
v 0.96666663885116999 0.90377497673035001 -0.029999999329448
v 0.90634918212891002 1.0082478523253999 -0.029999999329448
v 0.89999997615813998 1.0577350854873999 -0.029999999329448
v 0.93333333730697998 1.0769799947739001 -0.029999999329448
v 0.90876591205597002 0.84197789430617997 -0.029999999329448
v 1 0.76905989646911999 -0.029999999329448
v 1.0460317134857 0.74981486797332997 -0.029999999329448
v 1 0.88452994823455999 -0.029999999329448
v 1 0.80754989385605003 -0.029999999329448
v 1.0333333015441999 1.0962250232696999 -0.029999999329448
v 0.95946925878525002 0.071693658828735005 -0.029999999329448
v 1.1666666269302 0.74981486797332997 -0.029999999329448
v 0.83333331346511996 0.98075497150420998 -0.029999999329448
v 0.80000001192092995 1 -0.029999999329448
v 0.64059764146804998 0.95394384860991999 -0.029999999329448
v 0.72544437646866 0.94966763257980003 -0.029999999329448
v 0.69630628824233998 0.88980495929717995 -0.029999999329448
v 0.067647814750670998 0.95929265022277999 -0.029999999329448
v 0.61070466041564997 0.69827002286911 -0.029999999329448
v 0.84573203325271995 0.84853124618529996 -0.029999999329448
v 0.14219227433205001 1.2125742435455 -0.029999999329448
v 0.092834800481796001 1.2011137008667001 -0.029999999329448
v 0.10347243398427999 1.2673151493073 -0.029999999329448
v 0.042631834745407 1.1260398626328001 -0.029999999329448
v 0.10787489265203 1.3695303201675 -0.029999999329448
v 0.83333331346511996 1.0192450284957999 -0.029999999329448
v 0.79268133640288996 1.0511662960052 -0.029999999329448
v 0.43515774607657998 1.6523592472076001 -0.029999999329448
v 0.37224784493446 1.6850712299346999 -0.029999999329448
v 0.44561344385147 1.7224905490875 -0.029999999329448
v 0.46079969406128002 1.5644983053207 -0.029999999329448
v 0.40867239236831998 1.5220752954482999 -0.029999999329448
v 0.37015202641486999 1.577149271965 -0.029999999329448
v 0.26186990737915 1.5663871765137001 -0.029999999329448
v 0.31194299459456998 1.630488038063 -0.029999999329448
v 1.3555859327316 0.14153970777988001 -0.029999999329448
v 1.2868067026137999 0.18722099065781 -0.029999999329448
v 1.3666850328444999 0.19001170992850999 -0.029999999329448
v 0.75830686092376998 1.1759959459305001 -0.029999999329448
v 0.84595823287964 1.1515992879868 -0.029999999329448
v 0.80876588821411 1.1002870798111 -0.029999999329448
v 1.3323574066162001 0.86777055263518998 -0.029999999329448
v 1.4023622274398999 0.92393195629119995 -0.029999999329448
v 1.4174091815948 0.87398082017899004 -0.029999999329448
v 0.86967521905899003 1.2379844188689999 -0.029999999329448
v 0.90905445814133001 1.1575223207473999 -0.029999999329448
v 0.83319753408431996 1.2015510797500999 -0.029999999329448
v 0.21191594004631001 1.5020649433136 -0.029999999329448
v 0.86666667461394997 1.0384900569916 -0.029999999329448
v 0.85934799909591997 1.0896563529968 -0.029999999329448
v 0.50609219074249001 1.0122328996658001 -0.029999999329448
v 0.51426237821579002 0.96007829904555997 -0.029999999329448
v 0.45330390334129 0.98786741495132002 -0.029999999329448
v 1.2000000476837001 0.80754989385605003 -0.029999999329448
v 1.2000000476837001 0.84603995084762995 -0.029999999329448
v 0.733742415905 1.063653588295 -0.029999999329448
v 1 1.1154700517653999 -0.029999999329448
v 0.96666663885116999 1.0962250232696999 -0.029999999329448
v 0.55507957935332997 1.8229610919952 -0.029999999329448
v 0.50074619054794001 1.7836714982985999 -0.029999999329448
v 0.47466200590134 1.8246154785155999 -0.029999999329448
v 1.1000000238419001 0.71132487058640004 -0.029999999329448
v 0.54375100135803001 1.7568743228912 -0.029999999329448
v 0.63046967983246005 1.8921251296996999 -0.029999999329448
v 1.3525255918503001 1.7876198291779 -0.029999999329448
v 1.3750005960464 1.7203695774078001 -0.029999999329448
v 1.2837333679198999 1.7272487878799001 -0.029999999329448
v 0.87855070829391002 1.5518079996109 -0.029999999329448
v 0.82314717769623003 1.5796399116516 -0.029999999329448
v 0.87680572271347001 1.6063067913055 -0.029999999329448
v 1.0666667222977 1.0769799947739001 -0.029999999329448
v 1.2000000476837001 0.76905989646911999 -0.029999999329448
v 1.2448741197586 0.82679492235184004 -0.029999999329448
v 1.2824681997298999 0.78830492496490001 -0.029999999329448
v 0.41216215491295 1.7660851478577 -0.029999999329448
v 1.078307390213 0.47642371058464 -0.029999999329448
v 1.0464403629303001 0.52355712652205999 -0.029999999329448
v 1.1191804409027 0.51600229740143 -0.029999999329448
v 1.4903657436371001 0.20949247479439001 -0.029999999329448
v 1.5252224206924001 0.17556585371493999 -0.029999999329448
v 1.1073186397552 0.66015851497650002 -0.029999999329448
v 1.2479707002639999 0.94226497411728005 -0.029999999329448
v 1.1333333253860001 0.73056989908217995 -0.029999999329448
v 1.1739853620528999 0.69864851236342995 -0.029999999329448
v 1.0912340879439999 0.61103779077529996 -0.029999999329448
v 1.2000000476837001 0.92301994562149003 -0.029999999329448
v 1.1539682149887001 0.90377497673035001 -0.029999999329448
v 1.1333333253860001 0.96151000261306996 -0.029999999329448
v 1.2000000476837001 0.88452994823455999 -0.029999999329448
v 1.2749171257019001 0.86528491973876998 -0.029999999329448
v 1.2902499437332 0.55047374963759999 -0.029999999329448
v 1.2296224832535001 0.53281271457671997 -0.029999999329448
v 1.2437753677368 0.59435367584229004 -0.029999999329448
v 1.4189329147339 0.50506335496902 -0.029999999329448
v 1.3402035236359 0.53190392255783003 -0.029999999329448
v 1.3850243091583001 0.56073588132857999 -0.029999999329448
v 1.9209369421005 1.2903703451157 -0.029999999329448
v 1.3104835748671999 0.92094099521636996 -0.029999999329448
v 1.3488880395889 0.65900605916976995 -0.029999999329448
v 1.3050343990326001 0.61259263753891002 -0.029999999329448
v 1.2867914438248 0.67378520965576005 -0.029999999329448
v 1.7119365930557 0.34763032197951999 -0.029999999329448
v 1.156533241272 0.65189647674561002 -0.029999999329448
v 1.1814848184586 0.60867899656295998 -0.029999999329448
v 1.2502498626709 0.74004811048508001 -0.029999999329448
v 1.3221060037612999 0.72695744037627996 -0.029999999329448
v 1.2245674133301001 0.68801784515381004 -0.029999999329448
v 1.4286935329437001 0.58618324995041005 -0.029999999329448
v 1.8565236330032 0.55412203073501998 -0.029999999329448
v 1.3450886011123999 0.78528606891632002 -0.029999999329448
v 1.4046801328659 0.78212016820908004 -0.029999999329448
v 1.3824648857116999 0.71149337291717996 -0.029999999329448
v 0.56654363870621005 0.96739411354064997 -0.029999999329448
v 0.54811763763428001 0.88752681016921997 -0.029999999329448
v 1.5651735067368 0.76004230976105003 -0.029999999329448
v 1.4882220029830999 0.77992868423462003 -0.029999999329448
v 1.5654344558716 0.80840671062469005 -0.029999999329448
v 1.4498332738876001 0.95809519290923995 -0.029999999329448
v 1.3669010400771999 0.97933846712112005 -0.029999999329448
v 1.4246325492859 1.0108734369278001 -0.029999999329448
v 1.9647102355957 0.95787984132767001 -0.029999999329448
v 1.4927184581757 0.72737330198287997 -0.029999999329448
v 0.87818765640259 0.074743576347827995 -0.029999999329448
v 1.3580784797668 0.48169755935669001 -0.029999999329448
v 1.1333333253860001 1.0384900569916 -0.029999999329448
v 1.1666666269302 0.98075497150420998 -0.029999999329448
v 1.1666666269302 1.0192450284957999 -0.029999999329448
v 1.2000000476837001 0.96151000261306996 -0.029999999329448
v 1.2073186635971001 1.0511662960052 -0.029999999329448
v 1.1406520605087 1.0896563529968 -0.029999999329448
v 1.4205050468445 1.8077825307846001 -0.029999999329448
v 1.3555859327316 1.8584603071212999 -0.029999999329448
v 0.96854919195175004 1.9285283088684 -0.029999999329448
v 0.95738261938095004 1.9760978221893 -0.029999999329448
v 1.4585367441177 1.0773603916168 -0.029999999329448
v 1.4906947612762 1.0100115537643 -0.029999999329448
v 1.8548241853714 1.3639088869095 -0.029999999329448
v 1.8485836982727 1.441744685173 -0.029999999329448
v 1.7589836120605 1.5823886394501001 -0.029999999329448
v 1.8240169286728001 1.5249565839767001 -0.029999999329448
v 1.7884037494659 1.4915013313293 -0.029999999329448
v 1.7291945219039999 1.3737691640854 -0.029999999329448
v 1.6849448680878001 1.4363579750061 -0.029999999329448
v 1.7447217702866 1.4488310813904 -0.029999999329448
v 1.1122577190398999 1.9222538471221999 -0.029999999329448
v 1.0417296886444001 1.9557673931121999 -0.029999999329448
v 1.2806308269501001 1.8900471925735001 -0.029999999329448
v 0.87225562334061002 0.79722595214844005 -0.029999999329448
v 1.4984236955643 1.7290407419205001 -0.029999999329448
v 1.4998996257782 1.7846851348877 -0.029999999329448
v 1.5681207180023 1.7403893470764 -0.029999999329448
v 1.4046287536621 1.0629621744155999 -0.029999999329448
v 1.7051208019257 1.4891414642334 -0.029999999329448
v 1.6378856897353999 1.4845936298369999 -0.029999999329448
v 1.6478809118271001 1.5466660261153999 -0.029999999329448
v 0.70247280597687001 1.0121566057205 -0.029999999329448
v 0.057260010391473999 0.79099959135055997 -0.029999999329448
v 1.0285621881485001 1.2449573278427 -0.029999999329448
v 0.77306151390075994 0.83581364154815996 -0.029999999329448
v 0.81517839431762995 0.80913531780242998 -0.029999999329448
v 0.045438721776009001 1.2116211652755999 -0.029999999329448
v 0.75357633829116999 1.1181734800339 -0.029999999329448
v 0.95735168457030995 0.023193027824163 -0.029999999329448
v 1.0867908000946001 0.55810451507568004 -0.029999999329448
v 1.2749851942062 0.48998245596885998 -0.029999999329448
v 1.5325081348419001 1.2023447751998999 -0.029999999329448
v 1.4987258911132999 1.2368085384369001 -0.029999999329448
v 1.5713150501251001 1.2314808368682999 -0.029999999329448
v 1.3045217990875 1.1101893186569001 -0.029999999329448
v 1.3432723283768 1.1441903114319001 -0.029999999329448
v 1.3861864805221999 1.1156238317489999 -0.029999999329448
v 0.69547820091248003 1.1101893186569001 -0.029999999329448
v 1.9071651697159 1.2011137008667001 -0.029999999329448
v 1.9545612335205 1.2116211652755999 -0.029999999329448
v 1.1439641714096001 1.3310478925705 -0.029999999329448
v 1.1529754400253001 1.2311301231384 -0.029999999329448
v 1.1015121936798 1.2363724708557 -0.029999999329448
v 1.0409036874771 1.8183854818344001 -0.029999999329448
v 0.96457529067992998 1.8113585710525999 -0.029999999329448
v 0.98366177082062001 1.8693635463714999 -0.029999999329448
v 0.75310653448105003 0.47218787670134998 -0.029999999329448
v 0.80903947353363004 0.51193815469741999 -0.029999999329448
v 0.80285763740539995 0.42492887377739003 -0.029999999329448
v 1.2903703451157 0.079063005745411002 -0.029999999329448
v 0.44037437438964999 0.42425516247749001 -0.029999999329448
v 0.50560563802719005 0.35569268465041998 -0.029999999329448
v 0.45369970798491999 0.32352685928344999 -0.029999999329448
v 1.8713783025741999 0.85638064146042003 -0.029999999329448
v 1.9224330186844001 0.87855941057205 -0.029999999329448
v 1.9111188650130999 0.79800981283187999 -0.029999999329448
v 1.4898738861084 0.91546446084975996 -0.029999999329448
v 1.5611834526062001 0.88713526725768999 -0.029999999329448
v 1.6248170137405 0.88787913322448997 -0.029999999329448
v 1.6080250740051001 0.83132433891295998 -0.029999999329448
v 0.92895138263702004 1.8552232980728001 -0.029999999329448
v 0.89927244186401001 1.7947220802307 -0.029999999329448
v 0.88306581974029996 1.8882032632828001 -0.029999999329448
v 0.80778974294661998 1.9089605808257999 -0.029999999329448
v 0.87512850761413996 1.9484933614730999 -0.029999999329448
v 0.75322020053864003 0.88916087150573997 -0.029999999329448
v 0.53559821844100997 0.49142131209373002 -0.029999999329448
v 0.55383998155594005 0.55848658084868996 -0.029999999329448
v 0.62218028306961004 0.49490866065025002 -0.029999999329448
v 1.3808040618896 0.83681118488312001 -0.029999999329448
v 1.4528646469116 0.83571296930312999 -0.029999999329448
v 0.64189553260803001 0.84790295362473 -0.029999999329448
v 0.60090440511703003 0.90042960643768 -0.029999999329448
v 0.44128027558326999 0.67644989490509 -0.029999999329448
v 0.49036517739295998 0.62285870313643998 -0.029999999329448
v 0.41153734922409002 0.59993362426758001 -0.029999999329448
v 0.65590566396713001 1.0649687051773 -0.029999999329448
v 0.63426142930983997 1.1238348484039 -0.029999999329448
v 0.49729692935943998 0.83299183845519997 -0.029999999329448
v 0.47249478101730003 0.78618633747100997 -0.029999999329448
v 0.50803333520889005 0.74690645933151001 -0.029999999329448
v 0.57372421026230003 0.83959740400313998 -0.029999999329448
v 0.67158174514770996 0.68625372648239003 -0.029999999329448
v 0.11962045729159999 0.91444259881973 -0.029999999329448
v 0.077567033469676999 0.87855941057205 -0.029999999329448
v 0.56198042631149003 1.0244115591048999 -0.029999999329448
v 0.62373238801955999 1.0142166614532 -0.029999999329448
v 0.28798851370811002 0.45365437865257002 -0.029999999329448
v 0.29867547750473 0.51351177692412997 -0.029999999329448
v 0.35862231254577998 0.47192615270615001 -0.029999999329448
v 0.45142057538032998 1.0613137483596999 -0.029999999329448
v 0.13572070002556 0.60959613323212003 -0.029999999329448
v 0.59605669975280995 1.0703530311584 -0.029999999329448
v 0.40814292430878002 0.80459797382355003 -0.029999999329448
v 0.45056059956550998 0.87208813428878995 -0.029999999329448
v 0.16382266581058999 0.56471365690231001 -0.029999999329448
v 0.40522316098213002 0.22487175464629999 -0.029999999329448
v 0.48597735166549999 0.19314604997634999 -0.029999999329448
v 0.35099890828133001 0.54448562860489003 -0.029999999329448
v 0.43177968263625999 0.75230151414871005 -0.029999999329448
v 0.49850392341614003 0.90969455242157005 -0.029999999329448
v 0.37354478240013 0.70277959108353005 -0.029999999329448
v 0.16277752816676999 0.79657799005508001 -0.029999999329448
v 0.16093790531158 0.71511447429657005 -0.029999999329448
v 0.10701850801706 0.71844398975372004 -0.029999999329448
v 0.41052198410034002 0.51405912637711004 -0.029999999329448
v 0.62255674600600996 0.64565163850784002 -0.029999999329448
v 0.32995298504829002 0.62823575735091997 -0.029999999329448
v 0.38237184286117998 0.64759993553161999 -0.029999999329448
v 0.36309978365897999 0.59204590320587003 -0.029999999329448
v 0.3891433775425 0.91438406705856001 -0.029999999329448
v 0.44340357184410001 0.93057638406753995 -0.029999999329448
v 0.50748926401137995 0.57626301050186002 -0.029999999329448
v 1.1707130670546999 0.54863929748535001 -0.029999999329448
v 1.7371765375137 0.43434453010558999 -0.029999999329448
v 1.6714233160019001 0.38475385308266002 -0.029999999329448
v 1.6695420742035001 0.45563542842865001 -0.029999999329448
v 1.4467318058014 0.63339745998383001 -0.029999999329448
v 1.4404332637787001 0.73434066772461004 -0.029999999329448
v 1.4385104179382 0.31167644262313998 -0.029999999329448
v 1.4489871263503999 0.25274357199669001 -0.029999999329448
v 1.3818545341491999 0.27120682597160001 -0.029999999329448
v 1.7848882675171001 0.49997106194495999 -0.029999999329448
v 1.5249283313751001 0.83483469486237005 -0.029999999329448
v 1.8077825307846001 0.57949501276016002 -0.029999999329448
v 1.7876198291779 0.64747440814972002 -0.029999999329448
v 1.8584603071212999 0.64441412687302002 -0.029999999329448
v 1.5291273593903001 0.68920677900313998 -0.029999999329448
v 1.5097124576569001 0.34574738144875 -0.029999999329448
v 1.4532935619353999 0.38455951213836997 -0.029999999329448
v 1.5278483629227 0.41398382186889998 -0.029999999329448
v 1.4723273515701001 0.56067532300948997 -0.029999999329448
v 1.8875608444214 0.72015315294266002 -0.029999999329448
v 1.0936254262923999 0.20089502632618 -0.029999999329448
v 1.0354247093200999 0.18864136934280001 -0.029999999329448
v 1.0459939241409 0.28278496861458002 -0.029999999329448
v 1.4422048330307 0.15053232014178999 -0.029999999329448
v 1.5826447010039999 0.70656251907348999 -0.029999999329448
v 1.1862705945969001 0.48689743876456998 -0.029999999329448
v 1.2294360399246 0.43996137380599998 -0.029999999329448
v 1.0885138511657999 0.14163841307163 -0.029999999329448
v 1.4144444465637001 0.20385955274105 -0.029999999329448
v 1.2924337387085001 0.43008458614348999 -0.029999999329448
v 1.3830369710921999 0.32944443821906999 -0.029999999329448
v 1.3186339139937999 0.28864952921866999 -0.029999999329448
v 1.6277521848679 0.31492874026299 -0.029999999329448
v 0.95193177461624001 0.55052870512009 -0.029999999329448
v 0.82829368114471003 0.56748747825623003 -0.029999999329448
v 0.87881487607955999 0.53741991519928001 -0.029999999329448
v 0.99336630105972001 0.51665031909943004 -0.029999999329448
v 0.71985572576523005 0.64726620912552002 -0.029999999329448
v 1.7946442365646 1.4136656522751001 -0.029999999329448
v 1.1481515169144001 1.1796258687973 -0.029999999329448
v 1.4458780288696 1.8565236330032 -0.029999999329448
v 1.0390771627426001 1.8950148820877 -0.029999999329448
v 1.039723277092 0.090187281370163006 -0.029999999329448
v 0.89923584461212003 0.46180561184883001 -0.029999999329448
v 0.77451461553573997 1.6844053268432999 -0.029999999329448
v 0.83808165788651001 1.6446943283080999 -0.029999999329448
v 0.76823693513869995 1.6036236286162999 -0.029999999329448
v 0.67033898830413996 0.62063109874724998 -0.029999999329448
v 0.071693658828735005 1.0405306816101001 -0.029999999329448
v 0.097111508250236997 1.1188675165176001 -0.029999999329448
v 0.51781064271927002 1.0927821397780999 -0.029999999329448
v 0.68054658174515004 1.1873413324355999 -0.029999999329448
v 0.38539054989815003 1.1582978963852 -0.029999999329448
v 0.41719168424606001 1.2192944288254 -0.029999999329448
v 0.46076145768165999 1.1940232515335001 -0.029999999329448
v 0.13930858671665 1.0618838071823 -0.029999999329448
v 0.67192500829696999 0.56585985422134 -0.029999999329448
v 0.61941534280777 0.58151680231094005 -0.029999999329448
v 0.35451659560204002 0.78415703773499001 -0.029999999329448
v 0.19481630623341001 1.1060044765471999 -0.029999999329448
v 0.21956720948219 1.0178884267807 -0.029999999329448
v 0.73764401674270996 0.36699771881103999 -0.029999999329448
v 0.78570055961608998 0.33940422534942999 -0.029999999329448
v 0.73079913854598999 0.31200703978539002 -0.029999999329448
v 0.19597989320754999 0.75622946023940996 -0.029999999329448
v 0.20711916685104001 0.82422256469726995 -0.029999999329448
v 0.25885114073753002 0.78441363573073997 -0.029999999329448
v 0.31345748901366999 0.68789976835250999 -0.029999999329448
v 0.30676513910294001 0.37977716326714001 -0.029999999329448
v 0.27931186556816001 0.33961099386214999 -0.029999999329448
v 0.31138521432876998 0.7456693649292 -0.029999999329448
v 0.29015898704528997 0.57371634244919001 -0.029999999329448
v 0.25803938508034002 0.65444570779800004 -0.029999999329448
v 1.9283063411713 1.0405306816101001 -0.029999999329448
v 1.9098126888275 0.96027672290802002 -0.029999999329448
v 1.543939948082 0.97516506910323997 -0.029999999329448
v 1.9252563714980999 1.1218123435973999 -0.029999999329448
v 1.5082703828812001 1.0669946670532 -0.029999999329448
v 1.5280874967575 1.1137723922728999 -0.029999999329448
v 1.4595104455948 1.1519865989685001 -0.029999999329448
v 1.4854410886764999 1.4790371656418 -0.029999999329448
v 1.5655337572098 1.4632812738419001 -0.029999999329448
v 1.5243079662323 1.4072567224503001 -0.029999999329448
v 1.5503149032593 1.0384792089462 -0.029999999329448
v 1.5768681764603001 0.63318473100661998 -0.029999999329448
v 1.6327871084212999 0.68104648590088002 -0.029999999329448
v 1.6473814249039 0.60739821195601995 -0.029999999329448
v 1.2372232675552 0.30910637974739003 -0.029999999329448
v 1.1827433109283001 0.28118279576302002 -0.029999999329448
v 1.1892434358596999 0.33560883998870999 -0.029999999329448
v 1.5829952955246001 0.24022571742535001 -0.029999999329448
v 1.3459240198135001 0.42960426211357 -0.029999999329448
v 0.76095438003539995 0.5546680688858 -0.029999999329448
v 0.75578731298446999 0.22545632719993999 -0.029999999329448
v 0.84686261415482 0.23453003168106001 -0.029999999329448
v 0.78959882259368996 0.16313044726848999 -0.029999999329448
v 0.78837883472443004 0.045438721776009001 -0.029999999329448
v 1.5084378719330001 1.1591496467589999 -0.029999999329448
v 1.5787775516510001 1.1556389331818 -0.029999999329448
v 1.8628097772598 1.0133658647537001 -0.029999999329448
v 1.768577337265 0.99733644723892001 -0.029999999329448
v 1.7790220975876001 1.0501989126205 -0.029999999329448
v 1.8685305118561 1.2738466262817001 -0.029999999329448
v 1.8053689002991 1.3103083372116 -0.029999999329448
v 1.7203404903412001 1.6600704193114999 -0.029999999329448
v 1.6910778284073 1.6209392547607 -0.029999999329448
v 1.5936220884323 1.6216217279434 -0.029999999329448
v 1.6426589488983001 1.6654082536696999 -0.029999999329448
v 1.6421985626221001 1.5996688604355001 -0.029999999329448
v 1.7107394933700999 1.5453696250916 -0.029999999329448
v 1.3741639852523999 1.9033117294312001 -0.029999999329448
v 1.4438637495041 1.7400722503662001 -0.029999999329448
v 1.2013738155364999 1.9083385467528999 -0.029999999329448
v 1.0077087879180999 1.7608942985535001 -0.029999999329448
v 1.1275277137755999 1.9686691761016999 -0.029999999329448
v 0.78853249549866 1.9538682699203 -0.029999999329448
v 0.75206613540649003 1.8264948129653999 -0.029999999329448
v 0.73869258165358997 1.8955911397934 -0.029999999329448
v 0.79934722185134999 1.8546057939528999 -0.029999999329448
v 1.1276203393936 0.030627118423580998 -0.029999999329448
v 0.98663413524627996 0.1371902525425 -0.029999999329448
v 0.94980114698410001 0.22097791731357999 -0.029999999329448
v 0.88849288225173995 0.15301950275897999 -0.029999999329448
v 0.90236705541610995 0.25840437412262002 -0.029999999329448
v 0.33945009112357999 1.720863699913 -0.029999999329448
v 0.51606130599975997 1.7144386768341 -0.029999999329448
v 0.17394840717316001 1.4631687402725 -0.029999999329448
v 0.15261922776699 1.1629881858825999 -0.029999999329448
v 0.20448404550551999 1.1572791337967001 -0.029999999329448
v 0.61607593297957997 1.6109172105789 -0.029999999329448
v 0.57421642541884999 1.5789828300476001 -0.029999999329448
v 0.55806642770767001 1.6723312139511 -0.029999999329448
v 0.85051387548446999 1.8344143629073999 -0.029999999329448
v 0.023193027824163 1.0426483154296999 -0.029999999329448
v 0.22513228654861001 0.90849876403809005 -0.029999999329448
v 0.14920023083687001 0.86774003505706998 -0.029999999329448
v 0.40141874551772999 1.0284245014191 -0.029999999329448
v 0.31558704376220997 1.5760334730148 -0.029999999329448
v 0.57455158233643 1.1430293321609 -0.029999999329448
v 0.62940001487732 1.1759980916977 -0.029999999329448
v 0.45273953676223999 1.1442979574203 -0.029999999329448
v 0.38204652070999001 1.0850512981414999 -0.029999999329448
v 0.47093823552132003 0.54267108440399003 -0.029999999329448
v 0.71290034055710005 0.41658174991607999 -0.029999999329448
v 0.64780098199844005 0.40873539447784002 -0.029999999329448
v 0.67744815349579002 0.46722072362900002 -0.029999999329448
v 0.46287748217583002 0.48159930109978 -0.029999999329448
v 0.54885876178741 0.13336578011513001 -0.029999999329448
v 0.62583601474761996 0.096688278019428003 -0.029999999329448
v 0.15494425594806999 0.65893799066544001 -0.029999999329448
v 0.11090725660324 0.80289286375045998 -0.029999999329448
v 0.70530271530151001 0.52240478992462003 -0.029999999329448
v 0.58011192083358998 0.46280938386916998 -0.029999999329448
v 0.58224153518677002 0.40993618965148998 -0.029999999329448
v 0.51060903072357 0.42576515674590998 -0.029999999329448
v 0.39097216725348999 0.85935914516448997 -0.029999999329448
v 0.39843153953552002 0.96865022182464999 -0.029999999329448
v 0.50627565383911 1.2155966758728001 -0.029999999329448
v 0.51361501216887995 1.1543370485305999 -0.029999999329448
v 0.33632117509842002 1.4414409399032999 -0.029999999329448
v 0.34438517689705 1.5024763345718 -0.029999999329448
v 0.39788186550139998 1.4422348737716999 -0.029999999329448
v 0.34342250227928001 0.83597236871719005 -0.029999999329448
v 0.24405887722969 0.86039024591446001 -0.029999999329448
v 0.29574009776115001 0.85908728837966997 -0.029999999329448
v 0.22703588008881001 0.59762036800384999 -0.029999999329448
v 0.37116292119026001 0.40420296788215998 -0.029999999329448
v 1.7756913900375 0.40479108691215998 -0.029999999329448
v 1.4594247341155999 0.43636596202849998 -0.029999999329448
v 1.5340138673782 0.46907633543014998 -0.029999999329448
v 1.4077235460280999 0.44332903623580999 -0.029999999329448
v 1.6385636329651001 0.75442427396774003 -0.029999999329448
v 1.5968623161316 0.93983060121536 -0.029999999329448
v 1.6738283634186 0.94774854183196999 -0.029999999329448
v 1.7828686237335001 0.89240974187850997 -0.029999999329448
v 1.7500705718994001 0.82209724187850997 -0.029999999329448
v 1.7287044525146 0.89733517169952004 -0.029999999329448
v 1.6666694879532 0.81009948253632003 -0.029999999329448
v 1.6812658309937001 0.87073457241058005 -0.029999999329448
v 1.9768069982529 1.0426483154296999 -0.029999999329448
v 1.8583180904387999 0.91049081087112005 -0.029999999329448
v 1.6063072681427 1.0959362983704 -0.029999999329448
v 1.6721028089523 1.3803423643112001 -0.029999999329448
v 1.450795173645 1.2311836481094001 -0.029999999329448
v 1.9033117294312001 0.62583601474761996 -0.029999999329448
v 1.7399791479111 0.55595755577087003 -0.029999999329448
v 1.5117882490157999 0.62607777118682995 -0.029999999329448
v 1.7140421867371001 0.71156615018845004 -0.029999999329448
v 1.3741639852523999 0.096688278019428003 -0.029999999329448
v 1.2706167697905999 0.26977959275246 -0.029999999329448
v 1.3305335044861 0.22415539622307001 -0.029999999329448
v 1.2738466262817001 0.13146954774857 -0.029999999329448
v 1.6605498790741 0.27913624048232999 -0.029999999329448
v 1.6006475687027 0.38045027852058 -0.029999999329448
v 1.3084995746613 0.35344448685646002 -0.029999999329448
v 1.3789865970612001 0.38755303621291998 -0.029999999329448
v 0.69234192371367997 0.19379542768002 -0.029999999329448
v 0.51865071058273005 0.24443297088145999 -0.029999999329448
v 1.9026559591293 1.3738923072814999 -0.029999999329448
v 1.836869597435 1.2104011774062999 -0.029999999329448
v 1.7745436429977 1.2442126274109 -0.029999999329448
v 1.7206196784973 1.2505776882171999 -0.029999999329448
v 1.7347605228423999 1.3030023574828999 -0.029999999329448
v 1.7823765277863 1.3601576089859 -0.029999999329448
v 1.5840538740157999 1.6816889047623 -0.029999999329448
v 1.6558270454407 1.71570956707 -0.029999999329448
v 1.5874565839767001 1.5292942523955999 -0.029999999329448
v 1.5215438604355001 1.6196881532669001 -0.029999999329448
v 1.5200582742691 1.6777530908585001 -0.029999999329448
v 1.3114298582077 1.8248815536498999 -0.029999999329448
v 1.2568897008896001 1.8147499561310001 -0.029999999329448
v 1.0599787235260001 1.76904296875 -0.029999999329448
v 1.0952004194260001 1.8107155561446999 -0.029999999329448
v 1.2328182458878001 1.8637310266495 -0.029999999329448
v 0.65149807929992998 1.8413581848145 -0.029999999329448
v 0.70462387800216997 1.8531548976898 -0.029999999329448
v 0.68921071290970004 1.7503117322921999 -0.029999999329448
v 0.83534604310989002 1.7733994722366 -0.029999999329448
v 1.1664197444916 0.16476687788962999 -0.029999999329448
v 1.1858658790587999 0.22004336118698001 -0.029999999329448
v 1.2191371917725 0.14490476250647999 -0.029999999329448
v 0.93364137411117998 0.12078749388456 -0.029999999329448
v 0.83654057979583996 0.13357105851173001 -0.029999999329448
v 0.50560563802719005 1.6443073749542001 -0.029999999329448
v 0.38401943445205999 1.6308614015578999 -0.029999999329448
v 0.20488980412482999 1.4184800386429 -0.029999999329448
v 0.29869472980499001 1.3789212703705001 -0.029999999329448
v 0.32826551795005998 1.3059605360030999 -0.029999999329448
v 0.24968823790549999 1.3107893466949001 -0.029999999329448
v 0.11834962666035 1.0105222463607999 -0.029999999329448
v 0.14652402698993999 0.96273642778396995 -0.029999999329448
v 0.25720325112343001 1.4115316867828001 -0.029999999329448
v 0.21686117351055001 1.3602967262268 -0.029999999329448
v 0.72999715805054 1.2541180849075 -0.029999999329448
v 0.50469946861267001 0.29919180274009999 -0.029999999329448
v 0.58924412727356001 0.29157513380050998 -0.029999999329448
v 0.55984735488892001 0.36031708121299999 -0.029999999329448
v 0.61370861530303999 0.35241019725799999 -0.029999999329448
v 0.28643262386321999 1.2669727802277 -0.029999999329448
v 0.32755684852599998 1.2272381782532 -0.029999999329448
v 0.30073139071464999 1.1791205406189 -0.029999999329448
v 0.30094417929648998 1.0457557439803999 -0.029999999329448
v 0.24870596826076999 1.0655490159987999 -0.029999999329448
v 0.25846678018570002 1.1205519437789999 -0.029999999329448
v 0.33513504266739003 0.92507004737854004 -0.029999999329448
v 0.34500476717949002 1.0012819766998 -0.029999999329448
v 0.26002132892608998 0.71914821863174005 -0.029999999329448
v 0.20787189900875 0.68836402893065995 -0.029999999329448
v 1.6849640607834 0.54108768701553001 -0.029999999329448
v 1.6296648979187001 0.52731186151505005 -0.029999999329448
v 1.598766207695 0.45133185386657998 -0.029999999329448
v 1.5463964939117001 0.28792223334312 -0.029999999329448
v 1.4806319475173999 0.48402884602547003 -0.029999999329448
v 1.5108058452605999 0.52607131004332996 -0.029999999329448
v 1.4904069900513 0.29050457477570002 -0.029999999329448
v 1.8253492116928001 0.69939756393432995 -0.029999999329448
v 1.8113585710525999 0.96457529067992998 -0.029999999329448
v 1.6310569047928001 0.98547470569610995 -0.029999999329448
v 1.7661329507828001 1.1543594598769999 -0.029999999329448
v 1.6072028875351001 1.4075856208801001 -0.029999999329448
v 1.4350566864014001 1.5432593822478999 -0.029999999329448
v 1.3939046859741 1.5951226949691999 -0.029999999329448
v 1.4681808948516999 1.5967503786087001 -0.029999999329448
v 1.7863692045212001 0.75038844347 -0.029999999329448
v 1.8643984794616999 0.76965415477752996 -0.029999999329448
v 1.5522534847260001 0.55705714225768999 -0.029999999329448
v 1.6848292350769001 0.66591632366179998 -0.029999999329448
v 1.7203695774078001 0.62499934434891002 -0.029999999329448
v 1.5988639593124001 0.58402955532073997 -0.029999999329448
v 1.7941987514496001 0.84431886672973999 -0.029999999329448
v 1.5765348672866999 0.50464546680449995 -0.029999999329448
v 0.69922882318497004 0.25939446687697998 -0.029999999329448
v 0.66977679729462003 0.31841346621513 -0.029999999329448
v 0.79678171873092996 0.27559491991996998 -0.029999999329448
v 0.64075058698653997 0.26357111334800998 -0.029999999329448
v 0.82717734575271995 0.37556684017181002 -0.029999999329448
v 0.85937011241912997 0.30085417628288003 -0.029999999329448
v 0.68432348966598999 0.36978712677955999 -0.029999999329448
v 0.91902667284011996 0.40789410471915999 -0.029999999329448
v 0.88113021850586004 0.36474338173866 -0.029999999329448
v 0.84244793653488004 0.46584030985831998 -0.029999999329448
v 1.8664289712905999 1.1634594202041999 -0.029999999329448
v 1.8792124986648999 1.0663586854935001 -0.029999999329448
v 1.8469804525375 1.1115070581436 -0.029999999329448
v 1.6527862548828001 1.3262170553207 -0.029999999329448
v 1.4190073013305999 1.6967548131943 -0.029999999329448
v 1.432745218277 1.6487389802932999 -0.029999999329448
v 1.5127266645432 1.5523188114166 -0.029999999329448
v 1.5318455696105999 1.5034795999527 -0.029999999329448
v 1.5659832954407 1.3499796390533001 -0.029999999329448
v 1.5029792785645 1.3479374647141 -0.029999999329448
v 1.1583249568939 1.6913285255432 -0.029999999329448
v 1.1057918071746999 1.7425909042358001 -0.029999999329448
v 1.1797126531601001 1.7657952308655001 -0.029999999329448
v 1.3193196058273 1.6006426811218 -0.029999999329448
v 1.3690619468689 1.6564915180205999 -0.029999999329448
v 1.0918434858321999 1.8651758432387999 -0.029999999329448
v 0.95176750421524003 1.7251491546630999 -0.029999999329448
v 1.1984242200851001 1.8190150260925 -0.029999999329448
v 1.1524432897568 1.8872940540314 -0.029999999329448
v 0.66266787052154996 1.6989201307296999 -0.029999999329448
v 0.61689293384552002 1.6635608673096001 -0.029999999329448
v 0.59322547912598 1.7678186893462999 -0.029999999329448
v 0.87847971916198997 1.7128953933716 -0.029999999329448
v 0.69892233610152998 1.6496449708939001 -0.029999999329448
v 0.72039717435837003 1.7025185823441 -0.029999999329448
v 0.76016432046890003 1.753989815712 -0.029999999329448
v 0.82126718759536999 1.7177354097366 -0.029999999329448
v 1.2610088586807 1.3092117309569999 -0.029999999329448
v 1.3337101936339999 1.2878803014755 -0.029999999329448
v 1.2882907390594001 1.2385278940201001 -0.029999999329448
v 1.0152586698532 1.6874319314957 -0.029999999329448
v 1.2442126274109 0.22545632719993999 -0.029999999329448
v 1.1566174030303999 0.11506347358227 -0.029999999329448
v 1.1078379154205 0.38275957107544001 -0.029999999329448
v 1.1642419099807999 0.38438758254050998 -0.029999999329448
v 1.1112616062164 0.32643601298331998 -0.029999999329448
v 1.0958523750305 0.27885586023330999 -0.029999999329448
v 1.1330516338348 0.24542641639709001 -0.029999999329448
v 0.97609293460846003 0.41434159874915999 -0.029999999329448
v 1.0139273405075 0.46723562479018999 -0.029999999329448
v 1.0057654380798 0.23963619768620001 -0.029999999329448
v 1.0430587530136 0.35371619462967002 -0.029999999329448
v 0.91299480199813998 1.6470928192139001 -0.029999999329448
v 0.60608923435211004 1.8174827098846 -0.029999999329448
v 0.51681619882583996 1.5873883962630999 -0.029999999329448
v 0.52645385265349998 1.5301821231842001 -0.029999999329448
v 0.46086704730987998 1.5111783742905001 -0.029999999329448
v 0.65651261806488004 1.2568376064300999 -0.029999999329448
v 0.26481389999389998 1.5125420093535999 -0.029999999329448
v 0.27767407894134999 1.4601724147796999 -0.029999999329448
v 0.32323104143143 1.128834605217 -0.029999999329448
v 0.24641673266888001 1.1883307695389 -0.029999999329448
v 0.14341542124748 1.2995105981827 -0.029999999329448
v 0.16943718492984999 1.2552968263626001 -0.029999999329448
v 0.19406332075596 1.2082742452621 -0.029999999329448
v 0.15864185988903001 1.3485019207001001 -0.029999999329448
v 0.22939610481261999 1.2464932203293 -0.029999999329448
v 0.27721953392028997 0.97131538391113004 -0.029999999329448
v 0.65764564275741999 1.3486164808273 -0.029999999329448
v 0.58506190776824996 1.3933027982712001 -0.029999999329448
v 0.62813210487366 1.4377685785294001 -0.029999999329448
v 0.59543591737747004 1.2158863544464 -0.029999999329448
v 0.79184448719025002 1.2323397397995 -0.029999999329448
v 0.76310276985168002 1.2912744283676001 -0.029999999329448
v 0.38996484875678999 1.2803131341934 -0.029999999329448
v 0.28028669953346003 0.91576850414276001 -0.029999999329448
v 0.22304971516131999 0.96322917938232 -0.029999999329448
v 1.7192895412445 0.49559554457664001 -0.029999999329448
v 1.5768461227417001 0.33223724365233998 -0.029999999329448
v 1.6664563417435001 1.0338662862778001 -0.029999999329448
v 1.7073332071303999 0.99399107694625999 -0.029999999329448
v 1.7611552476882999 1.1008657217026001 -0.029999999329448
v 1.6832519769669001 1.1186512708664 -0.029999999329448
v 1.6526426076889 1.0806587934494001 -0.029999999329448
v 1.6084516048430999 1.0378355979919001 -0.029999999329448
v 1.6138018369675 1.2080339193344001 -0.029999999329448
v 1.5756762027739999 1.2798117399216 -0.029999999329448
v 1.5108758211136 1.2835136651993 -0.029999999329448
v 1.4010912179946999 1.1776777505875 -0.029999999329448
v 1.3398492336273 1.1956290006638 -0.029999999329448
v 1.8340389728546 0.81509798765181996 -0.029999999329448
v 1.767533659935 0.69869494438170998 -0.029999999329448
v 1.7146407365798999 0.77250844240188998 -0.029999999329448
v 1.2438873052596999 0.3778532743454 -0.029999999329448
v 0.95906299352645996 0.31471410393714999 -0.029999999329448
v 1.7095494270325 1.1716532707214 -0.029999999329448
v 1.7190432548523 1.0675050020218 -0.029999999329448
v 1.5613681077957 1.5774060487746999 -0.029999999329448
v 1.4230620861053001 1.3546630144119001 -0.029999999329448
v 1.4356235265732 1.4056497812271 -0.029999999329448
v 1.3507460355759 1.5186194181442001 -0.029999999329448
v 1.4795494079589999 1.4294341802596999 -0.029999999329448
v 1.3849371671677 1.2360082864760999 -0.029999999329448
v 1.6528961658478001 1.1667374372482 -0.029999999329448
v 1.4520070552826001 1.3108495473862001 -0.029999999329448
v 1.4133621454239 1.4743640422821001 -0.029999999329448
v 1.3785564899445 1.4251248836517001 -0.029999999329448
v 1.3706308603287001 1.3517652750014999 -0.029999999329448
v 1.3935271501541 1.2959218025207999 -0.029999999329448
v 1.3037631511687999 1.6645743846893 -0.029999999329448
v 1.0791519880295 1.6844391822814999 -0.029999999329448
v 1.2712825536728001 1.6196510791779 -0.029999999329448
v 1.2326422929764 1.6539412736893 -0.029999999329448
v 1.1075239181519001 1.6383489370346001 -0.029999999329448
v 1.1576478481293 1.6179314851761 -0.029999999329448
v 1.1013721227646001 1.5515120029449001 -0.029999999329448
v 1.3008767366409 1.5465444326401001 -0.029999999329448
v 1.2499952316284 1.5725793838501001 -0.029999999329448
v 1.2052587270737001 1.3605189323425 -0.029999999329448
v 0.65524339675902998 1.5757330656052 -0.029999999329448
v 0.59856438636779996 1.5073792934418 -0.029999999329448
v 0.71131080389023005 1.5914177894592001 -0.029999999329448
v 0.72530800104141002 1.5349054336548 -0.029999999329448
v 0.97853356599807995 1.4768251180648999 -0.029999999329448
v 0.92173683643340998 1.4151588678360001 -0.029999999329448
v 0.93213671445847002 1.5191096067429 -0.029999999329448
v 1.0000864267348999 1.6305780410766999 -0.029999999329448
v 0.96261096000670998 1.6711050271987999 -0.029999999329448
v 1.0376304388046 1.5628410577773999 -0.029999999329448
v 0.97553050518036 1.5811426639557 -0.029999999329448
v 1.1442257165909 1.8346676826477 -0.029999999329448
v 1.0550222396850999 1.6252018213271999 -0.029999999329448
v 1.1562962532043 1.5620263814926001 -0.029999999329448
v 1.0569025278091 1.4862911701202 -0.029999999329448
v 1.1991502046585001 1.2544504404068 -0.029999999329448
v 1.207646727562 1.3071712255478001 -0.029999999329448
v 1.2093112468719001 1.6064336299896 -0.029999999329448
v 1.2425689697266 1.7624884843826001 -0.029999999329448
v 1.2167259454727 1.7148598432541 -0.029999999329448
v 1.1342828273773 0.44444739818572998 -0.029999999329448
v 0.45677030086517001 1.2815870046616 -0.029999999329448
v 1.0467878580093 1.3978787660598999 -0.029999999329448
v 0.98264354467392001 1.3948041200637999 -0.029999999329448
v 1.0220745801925999 1.4454908370971999 -0.029999999329448
v 1.7433835268021001 0.94970440864562999 -0.029999999329448
v 1.3096379041671999 1.3464138507843 -0.029999999329448
v 1.1303824186325 1.3976894617080999 -0.029999999329448
v 1.3211930990219001 1.4065408706664999 -0.029999999329448
v 0.90750283002853005 0.32011085748672002 -0.029999999329448
v 1.0091533660889001 0.31678685545920998 -0.029999999329448
v 1.3218225240707 1.4663103818893 -0.029999999329448
v 1.1884022951126001 1.5162397623062001 -0.029999999329448
v 1.2382199764252 1.5236147642136 -0.029999999329448
v 1.1067531108855999 1.5000722408295 -0.029999999329448
v 1.1442019939423 1.4643989801407 -0.029999999329448
v 1.0702074766159 1.2845985889435001 -0.029999999329448
v 0.97739565372466997 1.3456126451492001 -0.029999999329448
v 0.80419719219207997 1.5227957963943 -0.029999999329448
v 0.83861833810805997 1.4261093139648 -0.029999999329448
v 0.76021248102187999 1.4992740154266 -0.029999999329448
v 1.0184688568114999 1.3180384635925 -0.029999999329448
v 0.95641517639160001 1.2603689432144001 -0.029999999329448
v 0.99404984712600997 1.5294737815857 -0.029999999329448
v 0.87398397922516002 1.4840664863585999 -0.029999999329448
v 1.0918059349060001 1.4404671192169001 -0.029999999329448
v 0.81264299154282005 1.2960011959076001 -0.029999999329448
v 0.87754124403 1.2999862432480001 -0.029999999329448
v 0.79558122158051003 1.3755469322205001 -0.029999999329448
v 0.75264453887938998 1.4499722719193 -0.029999999329448
v 0.53054481744766002 1.2795479297637999 -0.029999999329448
v 0.56044143438339 1.4501013755798 -0.029999999329448
v 0.45015245676040999 1.4421929121017001 -0.029999999329448
v 0.52468746900558005 1.4008675813675 -0.029999999329448
v 0.46450084447861001 1.391930103302 -0.029999999329448
v 0.38638478517531999 1.3624931573868 -0.029999999329448
v 0.66748982667922996 1.4955708980560001 -0.029999999329448
v 0.49452349543571 1.4698230028152 -0.029999999329448
v 0.69103854894637995 1.4372360706328999 -0.029999999329448
v 0.34664922952652 1.3926428556442001 -0.029999999329448
v 0.69494771957396995 1.3012183904648 -0.029999999329448
v 1.0794750452041999 1.3413423299789 -0.029999999329448
v 0.92896968126296997 1.3354997634888 -0.029999999329448
v 0.86391407251357999 1.3609813451767001 -0.029999999329448
v 0.73197358846663996 1.3945949077605999 -0.029999999329448
v 1.0661913156509 0.42083355784415999 -0.029999999329448
v 0.50311398506164995 1.3390247821807999 -0.029999999329448
v 0.59888935089110995 1.2767578363419001 -0.029999999329448
v 0.57396590709686002 1.3324003219603999 -0.029999999329448
v 0.74199354648589999 1.3363407850266 -0.029999999329448
v 0.44014605879784002 1.3381940126419001 -0.029999999329448
v 1.6358629465103001 1.2670698165894001 -0.029999999329448
v 1.6756501197814999 1.2201466560364 -0.029999999329448
v 0.21514449849504 0.48353664073593999 -0.014433108812089
v 0.21514449849490999 0.48353664073586999 0.014433108814289001
v 0.97681284239074995 1.0146000771251 0.015006803863958
v 1.9684315919876001 1.2146961291631 0.014999999664724
v 1.2767503297185001 0.95115633598997995 0.015008138224062001
v 1.0700342731901999 0.75557390921383005 0.016097623648802
v 0.49281831892110001 0.57978924409810995 0.015087126167688
v 0.65290687966685002 0.21734378570926 -0.016280163392172999
v 0.7485391179234 0.58434785463619998 -0.014956401161974
v 0.43921640322189998 0.77846570564801998 -0.015891549408230999
v 0.11375302437489 1.2219227680013001 0.015316109577159001
v 0.40077094671218 1.7808391034566999 0.015047663427094
v 0.71440299227834003 1.9357483536005 -0.0093749997904523999
v 0.32985190550485999 1.7313383420307999 -0.014999999664724
v 0.19830693574656999 1.2350470153758 -0.0155589900156
v 0.25002081351114003 1.4275364434254001 0.013807080843984999
v 0.77250150761826997 1.787640939718 0.015523820511408999
v 0.83756078453371996 1.1102968270503 0.01535836116412
v 0.56280630826949996 1.1020548343658001 0.014999999664724
v 0.25546839778128999 1.4935986215114001 0.01319243071403
v 0.49281831892139999 0.57978924409791999 -0.01508712616558
v 0.38611604876047001 0.61050832952839995 -0.014672732601398
v 0.92754518423026999 0.092916328581554006 -0.013790319586224
v 0.81688360163984997 0.30266169195391002 0.015277873220915001
v 0.65315061609852998 0.64776345294712001 0.015183509872589001
v 1.1993150842353999 0.70934234004396002 0.015951370215079998
v 1.0499630557363 1.7039058764381001 0.015004958018693001
v 1.1853120868200999 1.3953257368861001 0.0078053260031397996
v 1.4867989619573001 1.2505019505818999 0.014999999664724
v 1.4612926709915 1.3835407818912999 0.0044999998994171998
v 1.2256319636626001 1.3906791620048999 -0.015137162059699999
v 1.1365683751068001 1.2175327759735 -0.014964492943931
v 1.8043362373256 1.3811374879250999 -0.015430105285135
v 1.8793666189735001 1.0962218700379001 -0.015226891412912001
v 1.8730828579067 0.54556456075632997 -0.015047663424989
v 1.6190122365952 0.64054314295450998 0.014999999664724
v 1.9512738063931001 0.78910767287016004 -0.0093749997904523999
v 1.8730314846005001 0.54546587352733999 0.014952335905079
v 1.6346417268160001 1.0188849854791 0.015225963364302
v 1.4432472068783999 0.69876771261772996 0.0068311530157088999
v 1.1993150842353 0.70934234004395003 -0.015951370212317
v 1.0802764181152 0.62707123295735001 -0.013876645125586
v 1.3628818486401999 0.35677620027844997 -0.015409745696703
v 1.4495927677692999 0.22491922230712 -0.016144638628539001
v 0.41198152543967997 0.59940152216783005 0.014999999664724
v 0.41198152544187 0.59940152216730003 -0.014999999664724
f 1242 1422 1042 2615
f 44 42 43 2636
f 1754 1753 42 2633
f 43 42 41 2636
f 42 1753 41 2633
f 84 82 83 2610
f 81 83 82 2610
f 1829 2332 2410 2606
f 980 979 978 2634
f 976 977 975 2634
f 33 657 120 2602
f 122 659 35 2602
f 1055 25 82 2612
f 1430 1231 1570 2625
f 1569 1229 1429 2625
f 1359 1354 934 2622
f 1745 2260 1774 2612
f 2332 1355 2410 2606
f 1355 2332 1199 2606
f 1353 1357 931 2622
f 1852 2192 2228 2607
f 1355 1199 190 2606
f 2331 2330 2166 2641
f 657 1749 1793 2062
f 11 637 52 638
f 1758 637 9 2051
f 4 51 999 1000
f 2284 135 1 1103
f 2232 2 49 999
f 136 3 1103 1104
f 1046 129 10 1045
f 1787 1027 61 2246
f 61 108 1028 1027
f 1175 44 133 1176
f 133 2320 1754 1175
f 1165 1792 1756 2315
f 46 1166 119 1165
f 1073 74 13 1074
f 74 2269 1073 13
f 1045 1797 1738 2255
f 1141 132 1142 40
f 1798 1752 1141 2303
f 27 1055 84 1056
f 867 1195 1197 2641
f 1967 2143 2164 2642
f 1831 2525 1833 2629
f 1835 203 1834 2599
f 203 1835 205 2599
f 203 205 208 2600
f 206 203 208 2600
f 1852 239 2192 2607
f 2192 239 919 2607
f 556 817 818 2638
f 480 458 526 2624
f 1995 1960 1972 2639
f 208 207 206 2600
f 1835 1834 1836 2599
f 1388 1547 1548 2628
f 1042 1241 1242 2615
f 1039 1241 1042 2615
f 2025 2174 2339 2631
f 2253 1747 1041 2611
f 746 902 794 2623
f 325 280 436 2604
f 793 901 745 2623
f 1960 1995 455 2639
f 526 458 455 2624
f 29 1041 1747 2611
f 586 1213 883 2631
f 1467 1465 407 2618
f 29 1802 139 2611
f 190 1199 1829 2606
f 470 2164 863 2642
f 1092 732 2605 2643
f 2278 2619 2097 2644
f 729 2619 1091 2644
f 729 1091 2605 2643
f 557 1899 2011 2621
f 1747 1802 29 2611
f 1753 1754 1997 2633
f 41 42 529 2636
f 83 462 84 2610
f 2418 2212 2419 2632
f 525 455 1995 2639
f 525 526 455 2624
f 43 530 44 2636
f 42 41 529 2633
f 81 82 461 2610
f 455 525 479 2639
f 525 455 479 2624
f 821 470 863 2642
f 1092 732 806 2605
f 2135 2097 2278 2619
f 1084 1086 908 2617
f 729 805 1091 2619
f 805 729 1091 2605
f 765 907 766 2617
f 766 907 908 2617
f 959 1372 1371 2632
f 1899 557 333 2621
f 1749 657 1793 33
f 1793 33 657 120
f 9 1758 2051 1737
f 637 11 52 9
f 637 1758 9 50
f 52 637 9 50
f 1734 2232 49 1757
f 51 49 4 999
f 135 2284 1 1800
f 136 1 135 1103
f 2 2232 49 1734
f 49 2 4 999
f 3 1 136 1103
f 1 1800 2284 1733
f 12 129 10 1046
f 129 1045 1738 10
f 61 1787 2246 1763
f 110 61 1028 63
f 1027 1787 61 108
f 110 61 108 1028
f 119 48 121 1166
f 1792 1165 1756 119
f 133 1754 42 1175
f 44 1175 133 42
f 1166 46 119 48
f 1756 119 1165 46
f 2320 133 1754 1799
f 133 44 134 1176
f 76 13 74 1074
f 74 2269 13 1770
f 12 129 1046 130
f 1797 1045 1738 129
f 2269 1739 13 1770
f 76 15 13 1074
f 1141 131 38 1752
f 40 1141 131 38
f 1141 132 40 131
f 1141 131 1752 1798
f 84 1055 25 82
f 1055 27 84 25
f 1231 1430 1229 2625
f 1429 1229 1430 2625
f 959 1371 2212 2632
f 907 1084 908 2617
f 2357 2011 1899 2621
f 817 556 555 2638
f 817 555 815 2638
f 1269 1467 1257 2614
f 901 902 745 2623
f 586 883 2174 2631
f 2332 1829 1199 2606
f 1521 1173 645 2627
f 2260 1917 82 1055
f 1175 1754 830 2320
f 44 1175 833 1176
f 119 1166 953 1165
f 84 1055 369 1056
f 1165 2209 1792 2315
f 74 1073 903 1074
f 2269 903 74 1073
f 1046 10 287 1045
f 2255 1876 1738 1045
f 334 637 11 638
f 2062 657 1749 2061
f 35 659 660 657
f 1141 1752 809 2303
f 40 1141 812 1142
f 2051 9 1899 637
f 369 1055 27 1056
f 2260 1745 1917 1055
f 2246 1787 1027 2020
f 1028 108 574 1027
f 1758 2051 1899 637
f 52 637 334 638
f 1027 61 2246 2020
f 1028 574 61 1027
f 4 999 257 1000
f 999 2 257 2232
f 999 51 257 1000
f 257 2232 49 999
f 1798 1141 809 2303
f 812 1141 132 1142
f 903 1073 13 1074
f 2269 13 903 1073
f 657 660 120 659
f 2320 1175 133 830
f 833 1175 133 1176
f 2315 1165 2209 1756
f 657 1793 2061 2062
f 953 1166 46 1165
f 287 129 1046 1045
f 1876 2255 1797 1045
f 314 327 302 328
f 327 1889 300 1896
f 1967 2164 470 2642
f 435 277 323 2604
f 1642 1586 1641 2626
f 1641 1586 1585 2626
f 2330 2331 1197 2641
f 197 200 1642 2626
f 197 1642 1641 2626
f 1371 2419 2212 2632
f 1943 1977 420 1961
f 460 422 490 420
f 297 473 481 2640
f 135 181 1103 2284
f 136 1103 181 1104
f 2284 1 181 1103
f 1103 3 181 1104
f 358 357 356 2609
f 1602 1453 2534 1601
f 1602 1604 1454 1603
f 357 353 356 2609
f 978 976 975 2634
f 1882 327 300 1896
f 301 302 327 328
f 1195 2330 1197 2641
f 273 490 422 420
f 1977 420 273 1943
f 286 295 294 296
f 293 285 1880 295
f 568 483 563 567
f 567 2014 2016 1974
f 428 425 426 331
f 426 1898 1946 1945
f 979 976 978 2634
f 793 746 794 2623
f 296 294 297 295
f 293 1880 297 295
f 2102 768 2116 2608
f 1322 1509 1507 2637
f 2251 112 139 1037
f 114 140 1037 1038
f 2078 1781 688 2635
f 143 73 2049 633
f 633 144 73 634
f 430 142 81 433
f 81 1949 1803 430
f 1357 1353 1354 2622
f 688 95 2078 2635
f 477 436 480 478
f 479 1971 435 477
f 1015 137 104 2240
f 137 104 1017 1015
f 2166 2330 1195 2641
f 245 250 249 247
f 1855 247 246 1856
f 1509 1322 1518 2637
f 2534 1401 1453 1602
f 1602 1402 1454 1604
f 353 354 355 2609
f 2173 2183 2192 901
f 901 921 882 902
f 306 303 308 307
f 303 305 304 1884
f 327 301 328 314
f 1882 1889 327 1896
f 980 978 975 2634
f 1781 1780 96 2635
f 96 1780 95 2635
f 2166 1195 867 2641
f 1084 765 1086 2617
f 1481 2471 1475 2613
f 2116 2122 2102 2608
f 976 979 977 2634
f 745 902 746 2623
f 648 1174 1523 2627
f 1476 2473 1481 2613
f 2025 586 2174 2631
f 1831 197 2525 2629
f 768 2102 738 2608
f 1890 317 1892 1891
f 320 316 315 317
f 1359 1357 1354 2622
f 1507 1517 1321 2637
f 73 143 2049 1804
f 144 633 73 143
f 2049 1769 73 1804
f 73 144 75 634
f 1949 81 1803 1773
f 142 81 433 83
f 81 1803 141 430
f 142 430 81 141
f 977 979 980 2634
f 1468 408 1466 2618
f 2473 2470 2471 2613
f 95 1780 2078 2635
f 2328 124 37 1191
f 39 1191 126 1192
f 1184 99 78 1183
f 2324 78 99 1183
f 1086 765 766 2617
f 980 975 977 2634
f 1468 1271 1258 2614
f 1586 200 1585 2626
f 469 102 125 471
f 1794 1783 469 1968
f 1789 139 2251 112
f 114 139 112 1037
f 114 139 1037 140
f 139 1789 2251 1802
f 478 436 275 477
f 435 1971 272 477
f 2205 92 5 944
f 94 7 944 946
f 1892 317 410 1891
f 320 316 317 410
f 2473 2471 1481 2613
f 2240 137 104 1785
f 137 106 1017 104
f 106 137 1017 138
f 137 2240 1801 1785
f 312 1884 1888 303
f 306 313 303 314
f 1203 55 1204 36
f 1750 1203 1759 2334
f 245 278 250 247
f 1873 247 1855 1856
f 285 293 286 295
f 564 568 483 563
f 483 563 567 2014
f 1880 285 291 1875
f 1795 37 2328 124
f 1191 37 126 124
f 1191 39 126 37
f 37 1795 2328 1751
f 78 80 99 1184
f 78 2324 99 1772
f 2324 1782 99 1772
f 80 101 99 1184
f 794 901 793 2623
f 1946 426 425 331
f 428 427 425 332
f 1517 1507 1509 2637
f 2028 54 103 591
f 594 103 56 591
f 2119 6 115 773
f 8 117 773 775
f 111 2022 58 578
f 578 60 113 580
f 2143 821 863 2642
f 442 1625 1225 1623
f 1225 442 1623 2544
f 354 353 357 2609
f 102 123 469 125
f 123 1783 469 1794
f 102 123 100 469
f 123 1783 100 469
f 94 5 92 944
f 92 2205 5 1779
f 2205 5 1779 1735
f 94 7 5 944
f 902 901 794 2623
f 1570 1231 1569 2625
f 198 197 1831 2629
f 616 653 583 615
f 615 2023 2040 2059
f 2132 2131 796 2620
f 1881 1973 1969 2640
f 460 457 420 489
f 457 420 489 1961
f 793 745 746 2623
f 53 1750 34 1203
f 53 36 1203 34
f 1203 55 36 53
f 53 1750 1203 1759
f 967 1384 969 1382
f 2217 2216 1382 2424
f 1545 1547 1386 2628
f 103 594 56 105
f 103 1760 2028 1784
f 54 56 103 591
f 54 2028 103 1760
f 6 2119 115 1736
f 6 8 115 773
f 115 1736 2119 1790
f 8 117 115 773
f 58 60 111 578
f 1762 111 2022 58
f 111 1762 2022 1788
f 113 111 60 578
f 476 178 508 2603
f 475 507 175 2603
f 642 859 498 495
f 641 1980 857 495
f 1297 1079 1087 1080
f 1297 2272 1087 1079
f 1839 210 1808 2046
f 154 210 213 627
f 568 177 475 567
f 567 177 475 2016
f 1229 1569 1231 2625
f 1583 1654 1652 1653
f 1653 1651 1581 2559
f 2131 797 796 2620
f 1977 489 420 1961
f 420 490 460 489
f 2164 2143 863 2642
f 1960 479 1972 2639
f 458 480 479 2624
f 557 2011 1249 2621
f 428 426 151 331
f 426 1945 1808 1898
f 1844 1845 2094 724
f 724 226 225 726
f 1475 1476 1481 2613
f 961 962 963 973
f 961 973 2213 2214
f 1905 2094 724 723
f 723 724 342 726
f 2025 2339 1213 2631
f 977 2402 1181 1340
f 1340 1182 977 1342
f 1547 1388 1386 2628
f 1476 2473 1260 1481
f 1478 1481 1263 1482
f 1588 1591 1415 1593
f 1591 1415 2528 1588
f 2185 2195 2263 1062
f 904 1064 927 1062
f 1253 2261 368 1057
f 1254 1057 371 1058
f 2148 831 2403 829
f 832 831 1339 834
f 210 211 1839 1837
f 212 210 211 213
f 962 963 583 961
f 2213 2023 961 2214
f 1880 293 297 1879
f 294 297 295 293
f 293 286 295 294
f 1875 1879 291 1880
f 293 285 291 1880
f 564 568 486 483
f 2014 567 483 1974
f 393 394 412 2616
f 573 1030 446 1029
f 573 1029 443 2247
f 832 1339 1177 1178
f 2321 2403 1177 2147
f 263 261 241 2601
f 1707 2464 1485 2586
f 1708 1463 1485 1707
f 1833 198 1831 2629
f 1322 1507 1321 2637
f 273 489 490 420
f 489 420 273 1977
f 2489 1514 1169 2490
f 1516 1513 1514 1169
f 2250 1761 57 1796
f 128 59 57 1036
f 2250 57 127 1796
f 128 1035 57 127
f 298 296 294 297
f 297 1881 1880 1879
f 118 135 1102 136
f 1800 1101 1791 135
f 1791 135 1101 116
f 135 118 1102 116
f 1971 479 435 1972
f 480 477 479 435
f 247 249 245 246
f 246 1857 1855 1856
f 273 1977 1943 1869
f 490 276 273 422
f 2173 901 919 881
f 882 919 901 881
f 1014 1011 1210 1012
f 1012 2239 2238 2336
f 779 768 738 2608
f 425 428 332 331
f 1898 426 1946 331
f 1603 1454 1602 1601
f 2459 2534 1601 2533
f 197 1641 1657 2561
f 197 1642 1658 1657
f 511 501 493 1979
f 493 504 511 496
f 2407 1355 2332 1350
f 1350 1200 1352 1356
f 1122 2274 2478 1084
f 1124 1086 1084 1492
f 1127 1082 1465 1130
f 1465 2296 1081 1127
f 569 561 2015 565
f 561 569 566 565
f 1055 1917 82 369
f 1056 369 84 372
f 2209 1165 1792 953
f 121 953 1166 955
f 1754 2320 2149 830
f 833 1175 44 830
f 76 903 905 1074
f 903 2269 74 2184
f 657 660 35 658
f 657 658 1749 2061
f 1056 27 369 372
f 1055 1745 1917 369
f 637 334 11 333
f 1876 287 10 1045
f 40 1141 809 812
f 2303 1752 809 2137
f 637 9 1899 333
f 287 12 1046 289
f 50 637 333 334
f 1899 1758 637 333
f 110 576 1028 574
f 4 257 259 1000
f 1862 2232 257 1734
f 574 1027 108 2020
f 61 1027 574 2020
f 574 1028 61 576
f 51 259 257 1000
f 2232 257 49 1862
f 660 657 120 658
f 658 657 120 2061
f 1141 812 132 809
f 809 1798 2303 2137
f 2209 1165 953 1756
f 905 903 15 1074
f 2184 2269 1739 903
f 1175 833 133 830
f 2149 2320 133 830
f 955 1166 46 953
f 130 289 287 1046
f 1797 287 1876 1045
f 2465 1081 2296 2273
f 1466 1465 1082 1130
f 1081 2465 2296 1465
f 1082 1127 1465 1081
f 1035 128 57 1036
f 1035 57 127 2250
f 907 765 2274 1084
f 844 1179 1337 843
f 843 2401 2154 2322
f 1338 1179 844 1180
f 1337 1179 2322 843
f 843 2401 2322 1337
f 844 1179 1338 1337
f 2182 2528 2529 1591
f 1592 1593 896 1591
f 1591 2529 1588 2528
f 1592 1591 1588 1593
f 1692 1698 1126 1697
f 1697 2297 2580 2581
f 2297 1697 2580 1126
f 1129 1698 1126 1695
f 1697 2580 1126 1692
f 1698 1692 1126 1695
f 615 196 551 616
f 615 1830 2040 2008
f 492 490 476 489
f 1977 1970 489 1978
f 2459 2534 1453 1601
f 1454 1453 1602 1601
f 1481 1472 1286 1482
f 1283 2473 2468 1481
f 1725 2480 2572 1494
f 1726 1494 1681 1496
f 2542 661 2541 1618
f 1620 1617 664 1618
f 1101 1800 1791 2283
f 1101 116 135 1102
f 245 247 246 1855
f 250 245 249 248
f 436 477 480 435
f 1972 435 1971 1950
f 615 2059 2040 1830
f 196 653 616 615
f 455 479 1960 2639
f 458 479 455 2624
f 564 484 566 565
f 2015 565 1976 2014
f 563 484 565 2014
f 564 484 565 563
f 82 1774 1917 2260
f 1055 82 84 369
f 1166 119 953 121
f 1165 953 119 1792
f 42 44 1175 830
f 1754 1175 830 42
f 2184 2269 74 1770
f 903 76 74 1074
f 10 1046 287 12
f 1738 1876 10 1045
f 1055 25 1745 369
f 27 25 1055 369
f 38 40 1141 809
f 1752 1141 809 38
f 637 11 9 333
f 9 2051 1899 1737
f 657 35 33 658
f 33 657 658 1749
f 637 1758 50 333
f 637 50 52 334
f 1763 2246 61 2020
f 576 61 63 1028
f 108 1028 574 110
f 1787 108 1027 2020
f 1141 1798 809 131
f 809 132 1141 131
f 2232 2 257 1734
f 999 4 257 2
f 51 257 49 999
f 49 2232 1862 1757
f 13 2269 903 1739
f 903 13 15 1074
f 657 1793 120 2061
f 659 120 122 660
f 1799 2320 133 2149
f 833 133 134 1176
f 46 48 1166 955
f 1165 46 953 1756
f 129 130 287 1046
f 129 287 1797 1045
f 1381 1384 967 1382
f 1382 2216 2423 2424
f 1294 1290 1292 1291
f 2378 1289 1290 1291
f 1380 1328 1223 1331
f 2343 1328 1379 2398
f 964 1170 974 962
f 962 1169 973 2214
f 962 1170 974 973
f 2219 1169 2214 973
f 1461 1462 378 1694
f 1691 2463 375 1461
f 1200 190 193 1356
f 2384 2484 1503 2139
f 813 1306 1504 1503
f 1654 199 1652 1653
f 199 2559 1651 1653
f 304 305 303 307
f 304 1884 1885 1886
f 190 181 189 1829
f 183 190 192 193
f 1915 1944 1902 364
f 366 338 424 364
f 445 1625 1227 1225
f 442 1225 2346 2544
f 1352 993 1350 933
f 930 2407 2229 1350
f 1402 1602 1454 1401
f 1401 2534 1453 2433
f 1260 2368 2472 1270
f 1260 1270 1479 1272
f 1381 1383 1330 967
f 1327 1381 967 2423
f 242 263 241 2601
f 300 302 312 327
f 300 1889 1883 1896
f 1593 1415 896 1591
f 1415 2528 2182 1591
f 2206 923 936 947
f 948 936 923 947
f 476 507 475 2603
f 965 583 653 581
f 2215 581 2059 2023
f 650 965 653 581
f 581 650 965 2215
f 583 653 966 965
f 2215 581 650 2059
f 491 492 476 489
f 476 475 491 489
f 475 489 1970 1978
f 489 475 491 1978
f 2212 2418 959 2632
f 315 320 318 319
f 317 1890 1892 315
f 308 303 305 307
f 1884 305 304 1885
f 252 251 1901 337
f 252 251 337 339
f 267 169 1866 2169
f 267 270 172 874
f 146 221 147 149
f 1843 146 147 1807
f 765 2274 2115 907
f 354 357 358 2609
f 1553 2445 2509 2496
f 1554 1527 1428 1553
f 1181 2402 2403 1340
f 1342 1182 1341 1340
f 410 391 390 2616
f 1099 2073 791 2282
f 1100 791 1099 684
f 1275 1277 1279 1282
f 1279 2372 2371 1275
f 889 1400 670 1399
f 1399 2177 2432 2066
f 2249 2347 1033 2447
f 1429 1034 1229 1033
f 316 1946 209 425
f 425 209 319 427
f 1170 962 1169 973
f 1169 2219 2214 2317
f 254 253 311 313
f 1858 311 1859 1888
f 254 256 253 313
f 251 253 311 254
f 251 1859 311 253
f 1859 251 311 1858
f 1103 136 181 135
f 135 181 2284 1800
f 3 1103 181 1
f 2284 1 1733 181
f 729 2605 732 2643
f 729 2097 2619 2644
f 1092 2605 1091 2643
f 2278 1091 2619 2644
f 2186 2115 2274 907
f 2216 1327 967 2423
f 970 1330 1383 967
f 197 2553 1831 2525
f 2553 197 1641 2525
f 1401 1453 1602 1454
f 1453 2433 2534 2459
f 1729 2598 2337 1731
f 1732 1729 1209 1731
f 1390 1394 1232 1391
f 2348 2429 1391 2428
f 164 163 173 166
f 163 1814 1816 1819
f 1880 291 293 1879
f 277 282 281 279
f 1873 1871 279 1872
f 1376 1171 1326 1172
f 2420 1171 2318 2395
f 1171 2030 2420 2318
f 595 1376 1172 1171
f 1652 1657 197 1658
f 2558 197 1657 2561
f 455 419 1961 1942
f 419 458 460 421
f 2470 2473 1476 2613
f 570 179 180 569
f 569 176 177 2017
f 168 165 163 310
f 163 309 165 1815
f 874 172 876 878
f 2171 873 169 876
f 165 285 266 1875
f 286 165 285 266
f 795 2130 2207 950
f 951 952 798 795
f 2370 2371 2372 1275
f 1275 1276 1280 1282
f 1277 1279 2371 1275
f 1277 1275 1280 1282
f 843 2389 2401 1313
f 1314 844 1338 1313
f 1520 1002 644 1519
f 644 1519 2234 2492
f 389 2050 1929 635
f 636 389 390 635
f 273 421 335 419
f 419 335 273 1942
f 263 425 427 332
f 425 261 1946 331
f 1401 1414 704 1413
f 2439 2433 2084 1413
f 389 2369 2187 909
f 1274 909 392 910
f 909 1273 1274 392
f 909 389 2369 1273
f 2524 1581 1651 2559
f 1653 1652 1583 1581
f 1416 895 1418 1417
f 895 2441 2440 1416
f 1746 1922 1923 380
f 379 380 28 382
f 21 1922 1746 379
f 23 379 28 381
f 1746 1922 380 379
f 382 28 379 381
f 355 354 358 2609
f 272 271 276 273
f 272 271 273 1869
f 691 95 846 845
f 691 95 845 688
f 2155 688 95 2078
f 2155 688 845 95
f 2023 2215 962 2214
f 583 962 965 964
f 655 2050 389 635
f 635 389 655 636
f 133 95 2155 845
f 95 133 846 845
f 1514 2489 1169 1513
f 1170 1515 1516 1513
f 967 970 971 969
f 970 972 971 969
f 968 2217 967 969
f 2218 967 2217 2216
f 1838 1933 211 2568
f 211 214 1669 401
f 1933 211 1934 1838
f 401 211 214 406
f 183 136 181 1104
f 2284 181 1823 1800
f 183 181 3 1104
f 2284 1823 181 1733
f 909 392 910 656
f 389 2187 2060 909
f 569 571 2017 2015
f 571 566 569 570
f 570 562 571 566
f 2013 2017 571 2015
f 569 561 571 2015
f 569 561 566 571
f 2013 571 561 2015
f 571 561 566 562
f 970 969 1384 972
f 1384 967 969 970
f 2217 967 1382 2216
f 2217 967 969 1382
f 1088 762 1087 761
f 2276 2277 2113 761
f 2537 2429 1609 2348
f 1230 1610 1390 1609
f 1555 1170 1004 1002
f 1169 1002 1555 2234
f 1957 897 2182 449
f 449 900 896 452
f 1179 1338 978 1180
f 975 1179 2322 1337
f 2322 2401 975 1337
f 2220 2322 2401 975
f 978 1338 1179 975
f 1338 1179 975 1337
f 337 409 1901 363
f 365 337 411 339
f 901 2192 2173 919
f 921 901 882 919
f 1219 1384 1381 1382
f 2342 1382 2423 2424
f 551 616 583 615
f 2008 615 2023 2040
f 1329 2507 1396 2397
f 1549 1396 1332 1329
f 1332 1550 1398 1549
f 1396 1332 1398 1549
f 2507 2430 1396 2397
f 2507 1329 1396 1549
f 2531 1675 2532 2570
f 1599 1675 1597 1676
f 1720 1719 1696 1724
f 2592 1723 2579 1719
f 301 300 327 302
f 1883 1882 300 1896
f 2371 1278 1349 2373
f 1351 1278 1277 1281
f 1889 327 300 312
f 327 314 302 312
f 977 2402 2221 1181
f 1342 1182 977 980
f 2221 2402 2323 1181
f 1182 1340 977 1181
f 962 581 2215 2023
f 962 583 965 581
f 964 583 966 965
f 962 581 965 2215
f 969 971 967 968
f 2217 968 967 2218
f 19 1059 1060 1258
f 2262 17 1257 1059
f 2378 925 926 1291
f 1294 926 925 1291
f 452 1663 896 449
f 2182 449 2564 1957
f 1624 1572 2545 1955
f 1572 1626 445 1624
f 1033 1401 669 2249
f 1034 1401 669 1033
f 391 410 412 2616
f 737 767 740 739
f 2101 767 2102 737
f 817 1179 836 1180
f 1179 2150 2322 815
f 1401 702 2433 1413
f 1413 1401 702 704
f 1414 1401 704 1402
f 702 2084 2433 1413
f 1595 2532 2530 1597
f 1598 1599 1595 1600
f 403 410 316 412
f 410 1892 1938 403
f 403 316 319 412
f 316 1892 410 403
f 761 2272 414 1079
f 1079 762 1080 417
f 1457 2583 2577 1701
f 1690 1459 1701 1702
f 1841 216 217 215
f 217 215 219 220
f 211 212 213 214
f 211 1838 1839 1837
f 211 210 209 1837
f 209 210 211 212
f 1572 2545 1389 1624
f 1392 1626 1572 1624
f 1193 1307 2138 2329
f 1194 1193 1307 811
f 1035 1405 603 601
f 2435 2033 601 2250
f 898 895 896 1417
f 2440 895 2182 2180
f 768 767 2102 2116
f 768 770 740 769
f 671 668 889 667
f 668 2068 889 667
f 667 2068 889 2066
f 889 670 671 667
f 2181 2180 2182 897
f 900 896 898 897
f 2544 2346 442 1955
f 1225 445 1625 442
f 1818 1852 171 1819
f 171 173 240 174
f 2553 1709 1631 2587
f 1710 1634 1641 1709
f 2011 2357 1249 2621
f 602 2177 601 889
f 890 604 603 889
f 604 889 602 601
f 2177 602 601 2034
f 2034 601 2177 2033
f 889 604 603 601
f 646 1003 648 643
f 2054 645 1001 643
f 315 317 316 1892
f 316 320 315 319
f 1339 1178 1304 1177
f 2384 2403 1177 2321
f 1019 1221 1022 1215
f 1019 1221 2340 2242
f 2133 1295 2291 801
f 1295 803 1117 801
f 615 653 583 581
f 615 2023 2059 581
f 581 2059 615 650
f 653 615 650 581
f 1399 889 1400 601
f 2432 601 2177 1399
f 566 561 565 484
f 2015 561 1976 565
f 564 483 484 563
f 563 483 484 2014
f 293 285 286 291
f 484 487 564 566
f 1976 565 484 2014
f 967 1330 1381 1327
f 2216 1327 2423 2396
f 477 436 275 435
f 1971 435 272 1950
f 1002 1520 1555 1519
f 2234 1519 2510 2492
f 21 1936 1922 379
f 381 407 23 379
f 2486 1507 2393 1508
f 1510 1322 1509 1507
f 1815 163 309 1887
f 309 163 165 310
f 2309 697 2308 2081
f 1151 1152 697 700
f 697 1152 1151 2308
f 1151 1152 700 1154
f 700 1153 1151 1154
f 697 2309 2308 1151
f 2234 643 644 2054
f 647 643 1002 646
f 652 653 196 650
f 1830 2057 650 2059
f 1505 840 841 837
f 2151 2153 837 2485
f 168 163 166 310
f 163 1815 1814 1887
f 639 265 297 1881
f 297 298 265 639
f 1078 749 1077 1076
f 1075 2271 1076 747
f 1030 609 1377 1029
f 1029 2037 2421 2247
f 890 670 671 889
f 2177 889 2068 2066
f 250 248 278 245
f 247 245 278 1855
f 1858 1860 252 1901
f 254 252 255 339
f 861 892 862 849
f 861 2178 849 2163
f 1236 2442 1039 1420
f 164 163 1816 1819
f 170 164 163 173
f 166 173 164 167
f 163 164 170 1819
f 197 2553 2561 1831
f 200 197 1642 1658
f 1642 197 1641 1657
f 1641 197 2553 2561
f 310 168 324 326
f 1815 309 324 1894
f 1089 1469 1292 1470
f 2467 2377 2277 1469
f 897 895 896 898
f 2182 895 897 2180
f 1423 1427 1426 1617
f 2444 1424 1423 2541
f 2548 1677 2553 2571
f 1677 1641 1678 1631
f 846 133 830 845
f 830 133 2155 845
f 557 51 50 558
f 1758 1757 557 2011
f 1792 959 120 2212
f 959 121 120 960
f 2096 779 741 2122
f 779 727 741 780
f 1746 1923 1745 380
f 28 380 27 382
f 14 13 348 347
f 1906 13 14 347
f 64 63 606 605
f 605 1764 1763 2035
f 1186 2325 2326 1925
f 388 1188 1186 1185
f 1897 299 309 329
f 330 309 299 329
f 2549 1595 1632 2550
f 1635 1633 1595 1632
f 1019 1020 1022 1543
f 2242 1543 1020 1019
f 1513 1516 1170 1169
f 1169 2317 2489 2490
f 1679 1725 1494 1681
f 1494 2572 1725 1679
f 667 889 670 1399
f 1399 667 889 2066
f 147 221 2105 745
f 150 221 745 746
f 453 233 234 1959
f 454 236 234 453
f 1113 1112 1279 1116
f 2290 1113 2372 2289
f 1182 1149 977 980
f 2221 1149 977 1181
f 1182 977 1149 1181
f 2221 2323 1149 1181
f 1686 1679 1714 1681
f 1679 1713 2572 1684
f 2574 1713 2572 2589
f 1684 1714 1679 1713
f 1497 1288 916 1498
f 2375 2189 2481 1497
f 627 151 210 2046
f 628 154 213 627
f 151 210 154 627
f 1808 210 151 2046
f 455 419 457 1961
f 457 460 419 455
f 476 508 507 2603
f 1011 1014 588 1012
f 2239 2025 1012 2238
f 1507 1510 1542 1509
f 1541 2486 1508 1507
f 2564 1592 896 2529
f 1592 1663 896 1594
f 2059 1525 2215 2495
f 1526 1525 965 650
f 233 234 236 453
f 233 1959 1849 1851
f 1936 21 407 379
f 407 381 23 408
f 821 820 2143 863
f 820 824 864 821
f 395 2092 396 719
f 720 398 399 719
f 1562 1561 1564 1545
f 2514 1545 1561 1562
f 324 330 325 329
f 1897 324 1895 329
f 2276 2113 2186 761
f 1088 761 908 762
f 907 1088 761 908
f 1088 761 2186 907
f 868 2167 981 1195
f 870 981 1195 868
f 2167 2223 981 1195
f 870 981 984 1195
f 1728 1727 1497 1698
f 2581 1727 2481 2596
f 281 278 277 279
f 278 277 279 1873
f 351 256 632 352
f 630 1908 253 351
f 1859 2047 1908 630
f 256 630 351 632
f 236 152 453 454
f 1959 233 1810 453
f 2472 1260 1270 1479
f 1480 1260 1479 1272
f 874 876 893 878
f 2171 873 876 893
f 2329 838 2485 1193
f 1506 1193 841 1194
f 923 779 780 784
f 779 2124 2194 2122
f 923 779 784 783
f 779 923 2124 783
f 2177 1399 889 2066
f 1400 889 670 890
f 1908 311 253 351
f 351 313 256 352
f 825 1504 1178 1503
f 1177 2484 825 1503
f 973 961 962 2214
f 963 964 974 962
f 962 974 963 973
f 973 2219 2213 2214
f 1944 1902 364 423
f 424 423 364 338
f 1726 1485 1707 1708
f 2586 2595 1485 1707
f 731 732 1092 2643
f 729 728 1091 2643
f 2098 2278 2097 2644
f 728 729 1091 2644
f 2319 645 1001 2055
f 1173 648 1003 645
f 1606 1673 2569 1615
f 1606 1674 1673 1615
f 642 859 495 857
f 2053 857 1980 2161
f 857 495 642 641
f 1980 641 857 2053
f 2067 702 2433 669
f 672 704 669 1402
f 669 702 2433 1401
f 1401 704 669 702
f 702 2067 2433 2084
f 704 1401 669 1402
f 714 2193 715 920
f 718 717 920 922
f 984 1196 870 1195
f 2223 2167 2330 1195
f 453 572 236 233
f 1959 2018 233 1849
f 465 1865 639 1965
f 639 468 265 465
f 953 959 1792 2212
f 121 955 960 959
f 333 557 50 558
f 1758 557 1899 2011
f 557 1757 1862 2011
f 557 259 51 558
f 959 960 120 658
f 120 959 658 2212
f 27 380 369 382
f 1923 1917 1745 380
f 63 576 606 605
f 1763 605 2035 2020
f 13 1906 903 347
f 348 13 903 347
f 2187 1927 2369 389
f 1273 909 389 392
f 1091 1100 1099 716
f 2282 1099 2089 1091
f 2427 1389 1577 2519
f 1577 1392 1572 1389
f 499 1312 1311 844
f 1311 499 843 2388
f 2272 1297 1087 2381
f 1080 1087 1297 1298
f 1712 1680 1711 1671
f 1680 1669 2588 1711
f 314 321 312 299
f 1889 299 312 1893
f 272 1870 1868 1869
f 277 276 275 272
f 1098 1113 1116 1114
f 1113 2288 2280 2289
f 609 1222 612 1377
f 609 2344 2421 2037
f 1415 2182 895 896
f 899 898 896 1417
f 1905 1903 2095 341
f 723 344 345 341
f 406 403 319 412
f 1934 1938 1892 403
f 1613 1652 1622 1614
f 1621 1651 1613 2539
f 324 1897 1895 1894
f 330 324 325 326
f 933 996 1353 1354
f 1353 2229 2199 2409
f 237 236 234 454
f 1959 233 234 1851
f 1731 1519 1729 2598
f 1519 1729 1732 1731
f 1732 1520 1729 1519
f 2598 1519 1729 2492
f 1658 1656 1652 1657
f 2560 2558 1657 2561
f 209 212 319 427
f 209 1946 1892 1837
f 2595 2480 2572 1725
f 1494 1726 1681 1725
f 309 324 165 1815
f 324 165 168 310
f 1315 1967 2390 2387
f 1309 1316 1315 472
f 1136 1131 936 1134
f 1131 2300 936 1134
f 255 256 252 254
f 1860 252 1859 1858
f 2098 2131 2132 2620
f 1891 1892 1938 410
f 410 320 316 412
f 317 1892 410 316
f 320 319 316 412
f 1167 1345 1158 1155
f 2310 1345 1167 1155
f 1087 1080 1089 1298
f 2272 2277 2381 1087
f 687 1168 1345 690
f 2316 2405 2076 687
f 1156 1151 1638 1637
f 2551 2309 2312 1637
f 1440 1627 860 1437
f 1627 2451 2162 1437
f 1376 1211 1212 1208
f 1375 1208 1209 2338
f 786 2126 785 787
f 790 789 785 787
f 825 809 1504 1503
f 825 2484 809 1503
f 1292 1291 926 1294
f 2378 926 1289 1291
f 909 2060 389 655
f 389 909 655 656
f 909 389 392 656
f 1927 2187 2060 389
f 761 1939 2186 413
f 761 413 907 416
f 1906 14 748 347
f 750 14 348 347
f 2077 2078 1781 688
f 1157 1161 1164 1162
f 1161 1157 2314 1162
f 1157 1163 1160 1164
f 1157 1163 1164 1161
f 2314 2311 1161 2313
f 1161 1157 2311 2314
f 1135 1075 1133 940
f 2299 1133 1075 2201
f 1676 1665 1666 1675
f 2564 1675 2565 2570
f 1509 1518 1517 2637
f 329 1897 279 1895
f 325 330 282 329
f 220 217 730 742
f 727 1841 741 217
f 853 2164 384 863
f 384 864 853 863
f 2399 2497 2405 1529
f 1345 1530 1333 1529
f 313 311 303 314
f 311 303 312 1888
f 2552 2514 1639 2445
f 1640 1562 1425 1639
f 1713 2574 2572 1684
f 1679 1686 1714 1684
f 1087 1292 1469 1289
f 1289 2277 2377 1469
f 453 571 572 233
f 453 572 152 236
f 454 572 236 152
f 453 571 233 1810
f 2018 1959 233 1810
f 310 321 299 309
f 1887 1893 309 1882
f 1285 2188 913 911
f 913 914 1285 911
f 2375 2188 2189 913
f 1285 2188 2375 913
f 914 913 1285 916
f 914 916 1285 1288
f 1332 1330 1549 1327
f 2396 2507 1327 2397
f 1329 1332 1549 1327
f 2507 1329 1327 2397
f 1332 1330 1550 1549
f 1549 1329 1327 2507
f 583 964 963 962
f 2023 962 961 2214
f 629 630 146 632
f 146 2048 2047 630
f 398 534 459 531
f 1962 395 531 1998
f 2132 796 777 2644
f 796 799 778 2643
f 714 1097 1098 1094
f 2281 2280 1094 2091
f 168 292 324 326
f 291 1894 1815 324
f 2542 2444 1618 2541
f 1426 1618 1617 1620
f 2562 2063 1659 2065
f 1660 662 1659 661
f 695 2308 2211 1152
f 1152 958 695 1154
f 1652 1653 1651 1581
f 2559 1651 2524 2558
f 1608 1576 1615 1606
f 2535 2522 1606 2540
f 1616 1608 1579 1615
f 1615 1606 1576 2540
f 1730 1209 1729 1375
f 2337 1729 1375 2597
f 2464 1707 1485 1463
f 1463 1708 1485 1464
f 1681 1493 404 1495
f 1933 2479 1493 1679
f 498 807 494 495
f 1981 495 2136 1980
f 465 1964 1966 463
f 466 465 464 463
f 1502 1501 1075 1265
f 2366 1501 2270 2483
f 343 252 1860 338
f 338 255 343 252
f 1884 312 1888 1889
f 311 312 303 314
f 980 1182 1149 1150
f 1149 2307 2323 2221
f 2130 2208 2207 950
f 951 950 795 949
f 950 951 795 952
f 2207 795 950 949
f 2331 867 839 1197
f 839 867 1198 1197
f 1173 1553 2515 2509
f 1173 1554 1565 1553
f 1854 2104 2101 743
f 737 244 743 744
f 743 2101 1854 737
f 744 737 244 739
f 477 275 272 435
f 272 1971 1950 1870
f 200 199 198 197
f 197 1832 198 1831
f 1035 1403 1405 601
f 601 1035 1403 2435
f 1213 586 2025 2631
f 834 831 1339 1531
f 2148 2403 831 1531
f 1579 1613 1580 1614
f 2539 1577 2522 1613
f 1155 1638 1319 1637
f 1155 2392 2551 1637
f 1533 1150 1182 1534
f 2323 2499 2307 1533
f 391 412 394 2616
f 324 325 323 329
f 323 329 1895 324
f 2333 191 1828 2371
f 194 1201 1280 191
f 1088 2277 761 1087
f 2277 1088 761 2276
f 762 1088 1087 1090
f 762 1090 1087 1089
f 2510 1169 1555 2234
f 2510 2317 1169 2234
f 1004 1556 1170 1555
f 1002 1555 1170 1169
f 1156 1164 1160 1159
f 2312 1157 1156 1162
f 908 761 416 762
f 2113 1939 2186 761
f 413 2186 761 907
f 761 908 416 907
f 223 222 1844 724
f 225 222 223 724
f 225 223 226 724
f 1845 1844 222 724
f 2057 195 650 649
f 649 652 196 650
f 280 282 281 277
f 1871 279 277 1873
f 1169 1555 1513 2489
f 1170 1556 1515 1513
f 1606 1608 1674 1615
f 1606 2569 2535 2540
f 1608 1616 1674 1615
f 2569 1606 1615 2540
f 1905 724 342 723
f 342 723 726 345
f 2094 1905 2095 723
f 723 726 345 725
f 1431 2355 2356 1245
f 1248 1432 1244 1245
f 895 2182 897 896
f 896 900 898 899
f 454 572 152 155
f 453 571 1810 152
f 571 453 572 152
f 175 195 552 549
f 1820 1830 549 2007
f 2318 1171 597 2395
f 1326 600 1172 1171
f 1922 21 1746 1743
f 379 23 28 21
f 1746 26 21 379
f 28 21 26 379
f 827 2146 721 693
f 827 694 721 828
f 693 2146 721 2093
f 721 694 722 828
f 2260 1745 1055 2612
f 250 248 281 278
f 247 1873 1855 278
f 895 2440 2182 1415
f 895 1415 896 1417
f 1568 1397 1395 443
f 443 1395 1567 2431
f 499 844 1311 843
f 2154 843 499 2388
f 2331 989 2330 1197
f 989 1198 1196 1197
f 1313 844 1311 1314
f 1313 2389 1311 843
f 583 581 962 961
f 581 962 961 2023
f 234 236 235 233
f 1851 1849 233 1850
f 545 544 541 1150
f 1149 541 542 2003
f 1355 1199 1350 1356
f 1355 2407 2332 2410
f 2332 1355 1199 1350
f 1200 1350 1199 1356
f 869 819 842 822
f 2152 819 867 2142
f 323 325 436 2604
f 134 95 133 846
f 1799 95 2155 133
f 134 95 846 97
f 95 1799 2155 1780
f 380 26 1746 379
f 380 28 26 379
f 1328 1380 1223 1379
f 1328 2343 1379 1221
f 2422 2343 1379 2398
f 1379 1221 1223 1328
f 1469 1289 2277 1087
f 1469 1089 1292 1087
f 571 233 1810 2018
f 1384 1381 967 1383
f 2423 1382 1381 967
f 1780 95 2078 2155
f 846 97 95 691
f 1951 2261 2267 1057
f 1069 437 1057 1058
f 2471 2470 1475 2613
f 1641 1709 1631 2553
f 1634 1642 1710 1641
f 1901 363 409 1914
f 337 365 411 363
f 2416 2411 2415 1358
f 1364 1358 1365 1360
f 398 459 492 491
f 1962 491 395 1978
f 1868 272 1869 271
f 275 274 276 277
f 271 272 276 277
f 904 2195 1062 925
f 1064 904 927 906
f 1062 2185 2195 904
f 1062 904 925 927
f 2359 2261 368 1253
f 371 1253 1057 1254
f 1918 2359 2261 368
f 368 1253 1057 371
f 1339 831 832 829
f 2403 831 1339 829
f 2403 2147 2148 829
f 834 1339 832 1341
f 2389 843 2401 2154
f 1337 1313 844 843
f 1313 844 1338 1337
f 1313 2401 843 1337
f 2447 2347 1569 2517
f 165 324 292 291
f 1894 291 1815 1878
f 413 2186 752 1939
f 413 754 907 416
f 754 752 907 766
f 2108 2115 2186 752
f 2108 2186 1939 752
f 754 413 907 752
f 765 907 752 766
f 907 2115 765 752
f 2113 2272 1941 414
f 417 1079 761 414
f 1577 2427 2519 2521
f 1572 1580 1392 1577
f 2081 2309 697 2314
f 697 1164 1151 700
f 1162 2309 697 1151
f 1151 1164 1153 700
f 1670 2587 1631 1709
f 1634 1710 1672 1709
f 165 286 168 266
f 1867 1815 165 1875
f 1306 976 979 1341
f 2384 976 2403 2222
f 524 513 523 522
f 521 522 1989 1994
f 1029 446 573 443
f 2247 443 573 1954
f 575 1030 446 573
f 573 2019 2247 1954
f 1353 1357 2409 2198
f 81 433 434 430
f 431 1949 81 430
f 73 1910 2049 633
f 634 73 633 358
f 740 767 768 769
f 2102 767 768 738
f 740 768 767 738
f 767 2102 2116 2117
f 2379 2378 1289 1290
f 1290 1294 1292 1293
f 2147 2403 1177 829
f 832 1177 1339 829
f 1339 1177 2403 829
f 1178 832 1339 1341
f 495 642 493 498
f 493 495 1980 641
f 1413 2443 897 1419
f 900 1414 1419 1421
f 409 337 1901 251
f 411 251 339 337
f 1290 1289 2379 1469
f 1469 1290 1292 1293
f 2467 2379 2377 1469
f 1293 1292 1469 1470
f 1490 1486 1485 1487
f 1486 2476 1485 1487
f 349 219 215 350
f 1907 216 215 349
f 2238 1207 1011 1012
f 1210 1011 1207 1012
f 1011 1014 1210 1013
f 2238 1207 1012 2336
f 1498 1698 1497 1264
f 1697 2363 2481 1497
f 607 166 310 608
f 309 2036 163 607
f 198 1640 1423 1639
f 1833 1639 1423 2552
f 329 323 1895 279
f 325 279 323 329
f 1895 1897 279 1872
f 325 282 279 329
f 2464 2586 2475 1485
f 1708 1488 1485 1464
f 1902 343 623 1904
f 624 343 340 346
f 246 1853 1850 1857
f 241 238 249 246
f 235 237 234 241
f 1853 234 1850 1851
f 2468 1283 1481 1471
f 1283 1481 1471 1472
f 1639 2554 2514 2552
f 1562 1640 1643 1639
f 324 165 292 168
f 291 324 1815 165
f 538 1940 2002 415
f 540 415 537 418
f 1936 21 22 407
f 407 23 22 408
f 2478 2293 2294 1121
f 1492 1121 1122 1123
f 1204 506 588 1203
f 1985 2025 1203 2334
f 885 662 663 2630
f 1200 1199 190 1356
f 1199 1355 190 1356
f 2089 2091 715 713
f 713 716 717 718
f 570 562 572 571
f 2013 2017 2018 571
f 1244 1432 1431 1245
f 2356 1431 1245 1244
f 2355 1431 2356 2448
f 1248 1432 1247 1244
f 237 236 235 234
f 1851 233 234 1850
f 982 2224 1436 2225
f 985 986 1436 982
f 2481 1727 1697 1497
f 1698 1497 1728 1498
f 701 2083 2085 577
f 701 708 703 577
f 2041 2245 617 2029
f 593 620 1026 617
f 390 389 1929 635
f 390 392 636 393
f 389 636 390 392
f 2050 389 1929 1927
f 1933 1680 2568 2573
f 1671 1682 1680 404
f 2444 1424 2541 2446
f 1617 1423 1427 1424
f 1673 1595 2569 1615
f 1598 1673 1674 1615
f 518 519 525 517
f 517 525 518 1991
f 668 669 2068 667
f 671 672 668 667
f 672 671 670 667
f 667 2067 2068 2066
f 1701 1696 1702 1694
f 2578 1701 2579 2583
f 2043 2342 618 2244
f 1020 621 1219 618
f 1195 2500 2223 1535
f 981 1535 1536 1195
f 276 421 336 335
f 421 273 335 276
f 1900 273 335 1942
f 1900 1869 273 1942
f 263 425 332 331
f 1864 1946 261 331
f 331 1864 1946 1898
f 425 263 261 331
f 1980 1979 493 641
f 642 498 496 493
f 2540 1632 1595 2550
f 1635 1595 1615 1632
f 2478 1491 1122 1084
f 1491 1122 1084 1492
f 2274 1122 2478 2294
f 1124 1084 1122 1492
f 2473 1283 2468 2374
f 1283 1481 1472 1286
f 907 754 766 908
f 907 2186 2115 752
f 907 754 908 416
f 2186 413 752 907
f 642 560 866 865
f 865 2053 2012 2165
f 559 865 560 641
f 865 559 2012 641
f 1126 1130 375 1127
f 1920 2296 2297 1127
f 2147 1177 2321 825
f 1177 832 1178 825
f 1666 899 896 1594
f 2529 2564 2182 896
f 2434 1233 2435 1404
f 1233 1406 1403 1404
f 965 1526 1173 1525
f 2215 1525 1173 2495
f 423 1902 364 338
f 338 366 424 340
f 1517 957 974 973
f 1517 2219 957 973
f 2364 2470 2473 1476
f 1481 1478 1263 1476
f 146 145 147 1807
f 147 145 146 149
f 1497 2375 913 1285
f 2375 2189 1497 913
f 1285 913 1497 916
f 1288 1285 1497 916
f 2463 1920 2578 375
f 378 375 1461 1694
f 2463 1691 375 2578
f 375 1691 1461 1694
f 1030 573 614 1029
f 573 2247 2038 1029
f 1326 622 600 597
f 2042 2031 597 2395
f 1325 619 597 2042
f 619 1326 597 622
f 2363 2481 2581 1697
f 1261 1497 1697 1698
f 936 923 924 948
f 2202 923 2206 2194
f 1894 1815 309 1887
f 165 324 309 310
f 2457 2157 848 1449
f 848 852 1450 1449
f 1566 1558 1174 1557
f 2515 1557 1173 2511
f 409 1901 1914 1937
f 409 337 411 363
f 2175 2064 2065 2630
f 1951 1408 437 1066
f 1411 437 1069 438
f 457 492 489 460
f 1961 491 489 457
f 2060 2050 389 655
f 636 389 655 656
f 636 392 389 656
f 1927 2060 2050 389
f 1941 802 415 414
f 417 415 804 414
f 1152 1322 958 1154
f 2308 1321 2211 1152
f 215 793 349 794
f 1907 793 215 2129
f 1679 2572 1725 1684
f 1686 1725 1679 1681
f 1107 2125 2127 2286
f 785 1107 786 1108
f 890 603 1400 889
f 601 1399 889 2177
f 889 603 1400 601
f 601 2432 2177 2033
f 2164 2143 2144 863
f 820 821 864 863
f 504 493 511 501
f 501 511 1983 1979
f 1392 1574 1580 1572
f 1572 1577 1389 2519
f 2193 2091 714 715
f 2091 2193 2090 715
f 717 715 920 714
f 715 717 920 718
f 397 507 552 549
f 397 2007 1986 549
f 2282 1099 2290 2089
f 1099 1115 716 1100
f 195 2057 650 1830
f 196 195 649 650
f 2594 2593 2475 1723
f 1722 1485 1723 1724
f 392 390 394 393
f 391 389 1929 390
f 389 1929 1927 391
f 394 389 390 392
f 1928 1927 1929 391
f 390 391 389 394
f 680 1190 386 1189
f 1189 2072 2327 1924
f 335 419 455 1942
f 421 458 335 419
f 1727 2581 2481 1697
f 1727 1697 1497 1698
f 1433 1246 861 1434
f 2163 2449 2354 1433
f 605 606 64 1031
f 1764 605 1031 2035
f 1680 401 2568 1669
f 1680 1933 2568 401
f 1680 401 1669 404
f 1671 1680 1669 404
f 1181 1339 1182 1340
f 2402 1181 2403 2323
f 1719 1723 2579 1693
f 1719 1723 1693 1696
f 133 833 846 830
f 133 2155 2149 830
f 1719 1723 1696 1724
f 1723 2592 2579 2594
f 1483 2196 1289 2474
f 1483 1289 926 1484
f 213 210 1669 627
f 210 1839 1669 2046
f 455 457 456 1961
f 459 457 455 460
f 1189 2072 288 2327
f 680 1189 288 1190
f 981 986 1432 984
f 2223 2224 2448 981
f 1480 1263 1260 1272
f 2368 1260 2472 2364
f 299 321 312 1893
f 314 301 322 299
f 322 321 314 299
f 1893 1889 299 1882
f 401 214 1669 404
f 1669 2568 211 401
f 2568 1933 211 401
f 1671 1669 214 404
f 401 1934 211 403
f 211 401 403 406
f 211 1933 1934 401
f 406 214 401 404
f 2105 2129 2183 793
f 1982 2154 499 2388
f 499 1312 844 502
f 497 520 526 518
f 518 1995 1981 1992
f 1178 1177 825 1503
f 1177 2484 2321 825
f 1812 153 159 2175
f 153 162 159 885
f 1989 510 525 1981
f 525 513 497 510
f 1672 628 1669 627
f 1670 627 1669 2046
f 965 1173 1001 2215
f 965 1003 1173 966
f 1681 401 1493 1679
f 2479 1933 2572 1679
f 870 1185 981 868
f 2325 2167 981 868
f 981 1187 870 984
f 2223 2325 2167 981
f 474 297 293 473
f 294 297 293 474
f 473 297 293 1879
f 2543 1581 1651 2524
f 1622 1583 1652 1581
f 840 842 819 822
f 839 840 819 837
f 2152 837 819 2151
f 2142 2152 819 2151
f 1593 1592 896 1594
f 1591 1592 2529 896
f 418 537 540 539
f 2001 1940 2002 538
f 538 415 537 540
f 2002 538 415 537
f 868 981 2325 1185
f 1185 870 981 1187
f 767 2101 2102 2117
f 769 740 767 739
f 738 2102 767 737
f 738 767 740 737
f 919 239 2173 881
f 240 881 919 882
f 371 1057 431 1058
f 2261 1948 368 1057
f 2148 830 831 829
f 831 832 830 834
f 1062 2185 1910 2263
f 355 904 1062 1064
f 1039 2442 2353 1241
f 2442 2353 2252 1039
f 21 1936 1743 1922
f 407 21 23 379
f 1590 1592 1593 1594
f 2529 1591 1588 1592
f 981 1431 1432 983
f 2448 2224 1431 981
f 1994 1989 521 1993
f 521 523 513 522
f 2522 1606 1611 2535
f 1612 1606 1576 1608
f 1634 1641 1709 1631
f 1631 2548 2553 2587
f 1403 1032 1035 1405
f 1403 1035 1031 2435
f 323 436 435 2604
f 1645 2414 2501 2555
f 1363 1645 1537 1646
f 1640 1425 1423 1639
f 2552 1423 2445 1639
f 224 150 221 149
f 147 221 146 1843
f 150 147 221 149
f 147 1806 1843 1807
f 1186 2325 1925 1185
f 1188 388 1187 1185
f 385 1186 1925 1185
f 388 1186 385 1185
f 1406 1233 1403 1234
f 1233 2434 2435 2349
f 1457 1701 1689 1690
f 2583 2577 2462 1457
f 1701 2577 1457 1689
f 1701 1457 1459 1690
f 2448 2325 2223 981
f 984 1187 1432 981
f 2428 1389 2429 1391
f 1389 1394 1390 1391
f 2590 1485 1715 2584
f 1704 1715 1716 1488
f 518 482 808 520
f 1973 518 2136 1992
f 1544 1020 1219 1543
f 2504 1219 1020 1543
f 895 2442 2441 1416
f 1420 1416 895 1418
f 309 1897 1887 1882
f 299 310 309 330
f 1289 2277 2381 2377
f 1289 1297 1087 1292
f 1652 1658 197 200
f 2561 2558 197 1831
f 631 629 146 632
f 146 2048 630 629
f 271 276 274 277
f 1437 860 1536 1535
f 2500 2162 1437 1535
f 647 1520 1004 1002
f 1002 644 1519 2234
f 2287 1094 2091 2281
f 1109 1097 714 1094
f 1349 2371 2373 2408
f 1349 1278 1277 1351
f 2371 1349 1278 1277
f 1280 1351 1277 1281
f 1431 2325 981 1185
f 981 1187 1431 1185
f 1155 2312 2310 1157
f 1158 1157 1156 1155
f 2372 1113 2290 1112
f 1115 1279 1112 1116
f 2439 2433 1413 1453
f 1453 1414 1401 1413
f 1170 1555 1513 1169
f 1555 1170 1513 1556
f 1169 1555 2489 2510
f 2489 2317 1169 2510
f 1033 669 667 2249
f 1034 669 667 1033
f 2048 1807 146 2047
f 631 146 149 632
f 1384 970 1383 967
f 2216 1382 2423 967
f 693 550 584 547
f 2006 693 2024 547
f 1237 29 1952 439
f 440 439 31 1240
f 251 252 254 339
f 252 251 1858 1901
f 1304 1503 810 2139
f 1503 810 813 1304
f 1199 258 2332 993
f 993 1199 258 1200
f 1431 1432 1187 981
f 1431 2325 2448 981
f 384 2164 2144 863
f 820 864 384 863
f 1170 964 1004 1002
f 2214 1002 1169 2234
f 810 1308 814 813
f 810 2139 2138 2386
f 331 426 151 1898
f 332 428 151 331
f 1394 1232 1393 1390
f 1390 1391 1230 2429
f 1391 1232 1390 1230
f 1391 1230 2429 2348
f 1112 2372 1113 1279
f 1115 1282 1279 1116
f 189 1823 1827 1829
f 189 181 190 192
f 2445 1553 1527 2496
f 1425 1553 1527 2445
f 1527 1554 1428 1528
f 1527 1428 1553 1425
f 2291 801 1295 1117
f 1118 1296 803 1117
f 1376 598 1211 1208
f 1375 595 1208 2338
f 82 2260 1055 2612
f 1155 2312 1157 1156
f 1156 1160 1158 1159
f 1616 1598 1674 1615
f 1615 1595 2569 2540
f 229 1201 2370 1275
f 1276 229 1275 1202
f 1911 18 143 354
f 429 32 141 432
f 30 141 1947 429
f 144 354 20 357
f 244 737 740 739
f 1854 2101 2102 737
f 762 908 1088 1090
f 2186 2276 761 1088
f 486 487 564 483
f 2014 483 484 1974
f 483 487 564 484
f 484 1976 2014 1974
f 566 561 484 562
f 561 2015 1976 2013
f 286 294 291 292
f 293 286 294 291
f 1879 1875 291 1878
f 1976 565 561 484
f 487 484 562 566
f 1712 1661 1671 1711
f 1669 1661 2588 1711
f 1372 959 2418 2632
f 627 1669 1672 1670
f 2567 1670 2568 2046
f 650 2215 1525 965
f 1526 966 653 965
f 965 653 1526 650
f 2215 650 1525 2059
f 2155 1799 133 2149
f 833 134 133 846
f 793 2183 2105 901
f 1452 1647 1445 1451
f 2556 2458 1445 1451
f 121 959 120 119
f 959 1792 120 119
f 51 557 50 49
f 1757 50 557 49
f 50 1757 557 1758
f 51 50 558 52
f 121 122 120 960
f 120 1793 1792 2212
f 1745 26 1746 380
f 380 28 27 26
f 1745 25 26 380
f 27 26 25 380
f 15 14 13 348
f 13 1906 14 1739
f 14 1739 1906 1740
f 15 14 348 16
f 62 63 605 61
f 62 605 1763 61
f 1764 605 1763 62
f 63 62 605 64
f 97 96 691 98
f 96 97 691 95
f 476 568 180 475
f 1970 475 177 2016
f 2221 2220 2222 975
f 2568 1680 2588 2573
f 1680 1712 1682 1671
f 1405 1234 1406 1403
f 1404 1233 2435 1403
f 1289 1290 1291 1292
f 2379 2378 2377 1289
f 2089 1091 2135 2278
f 716 1091 1092 806
f 297 294 298 474
f 1289 2377 2379 1469
f 1469 1290 1289 1292
f 435 479 480 473
f 1969 473 1972 1950
f 474 435 480 473
f 473 435 479 1972
f 1034 1429 1229 1430
f 1229 1429 1033 2347
f 1430 1034 1231 1229
f 1429 1033 2347 2447
f 1322 958 1518 1321
f 1321 2211 2491 2393
f 1590 1588 1415 1593
f 2440 2526 2528 1588
f 669 2433 2067 2249
f 669 672 1402 1034
f 2433 669 1401 2249
f 1401 1034 669 1402
f 2385 810 1304 1303
f 813 1305 1304 1303
f 1130 1126 375 1129
f 1127 2297 375 1126
f 1292 1297 1087 1298
f 2381 1289 1297 1087
f 2572 2574 2595 1725
f 1686 1726 1725 1681
f 469 472 471 987
f 469 1967 987 1968
f 1007 2503 2487 1508
f 1542 1010 1510 1508
f 363 409 1914 410
f 363 411 410 365
f 548 195 615 2008
f 615 551 195 548
f 1002 643 644 2234
f 646 647 1004 1002
f 2089 2091 2090 715
f 714 715 713 717
f 715 2091 714 713
f 717 715 713 718
f 198 202 1644 1643
f 1643 198 199 2554
f 198 1832 2554 1833
f 1832 198 2554 199
f 202 198 199 1643
f 202 201 198 1644
f 549 195 1830 1820
f 195 196 178 552
f 175 195 549 1820
f 175 195 178 552
f 611 1786 1766 2038
f 109 611 68 614
f 1740 748 69 2107
f 748 14 69 750
f 2077 45 689 1781
f 47 689 98 692
f 2580 2581 2596 1727
f 1692 1728 1698 1727
f 2399 1157 1345 2311
f 1157 1160 1335 1346
f 1375 1387 1326 1385
f 2420 2425 1385 2395
f 121 955 959 953
f 2212 1792 953 2209
f 50 333 558 334
f 1758 1899 557 333
f 259 557 51 257
f 49 257 557 1862
f 660 120 960 658
f 2061 120 658 2212
f 372 27 369 382
f 1917 1745 380 369
f 61 576 605 574
f 574 605 61 2020
f 2184 1739 1906 903
f 15 903 905 348
f 1096 674 673 676
f 2069 2279 674 673
f 971 970 967 1551
f 2216 967 1551 2218
f 777 2121 2132 2644
f 796 778 777 2643
f 781 739 539 782
f 2002 2123 2101 781
f 737 2002 2101 781
f 537 781 737 739
f 2002 2101 2104 743
f 537 737 743 744
f 744 537 737 739
f 737 2002 743 2101
f 197 1652 200 199
f 197 2558 1832 1831
f 743 1854 243 737
f 743 243 244 737
f 1164 1156 1157 1162
f 2314 1157 2312 1162
f 1157 2314 2312 2311
f 1164 1157 1156 1160
f 2252 1040 2353 2254
f 1043 1040 1241 1042
f 2206 936 923 2202
f 924 939 936 948
f 1486 2584 1485 2477
f 1486 1485 1703 1489
f 1981 493 495 1980
f 498 494 493 495
f 826 41 131 825
f 2145 131 41 825
f 1877 1771 288 1797
f 129 290 77 288
f 686 1112 681 1115
f 1112 2074 681 2290
f 319 316 209 425
f 1946 316 209 1892
f 1547 1564 1563 1561
f 1545 2514 1561 2505
f 1561 1547 1564 1545
f 2514 2513 1561 2505
f 1580 1578 1575 1576
f 1576 1575 1577 2520
f 1577 1580 1575 1576
f 1578 1580 1579 1576
f 2522 1577 2520 1576
f 2522 1577 2521 2520
f 1578 1575 1576 1611
f 1575 1576 1611 2520
f 1611 2520 2522 2538
f 1576 1612 1578 1611
f 1578 1579 1612 1576
f 2520 1576 1611 2522
f 2277 1289 2381 1087
f 1087 1089 1292 1298
f 120 657 659 2602
f 932 1093 674 929
f 1093 2197 674 929
f 2572 2574 1725 1684
f 1684 1725 1679 1686
f 945 944 228 946
f 944 2204 228 2205
f 363 1914 364 410
f 363 410 366 365
f 2335 1205 1323 2417
f 1370 1205 1324 1206
f 2107 1740 748 1906
f 748 14 750 347
f 98 689 691 692
f 1781 689 2077 688
f 2146 693 2079 2093
f 694 827 721 693
f 177 179 176 569
f 177 180 179 569
f 177 1821 2017 1822
f 2017 176 177 1822
f 1149 542 696 2082
f 699 542 696 1150
f 791 2282 2073 2128
f 1100 792 791 684
f 1926 1186 2144 2326
f 387 1186 1188 823
f 178 175 508 2603
f 1536 984 981 1195
f 981 2223 1535 1195
f 900 449 896 897
f 897 1957 2182 2181
f 403 212 319 209
f 1837 1892 209 403
f 981 2224 1431 983
f 986 981 1432 983
f 508 175 507 2603
f 626 1107 750 1108
f 2045 1107 2286 2107
f 2201 1133 1075 937
f 940 1075 1133 937
f 1453 2536 1958 2459
f 1453 1454 451 1607
f 645 2054 1001 2055
f 643 1003 648 645
f 1092 1100 1091 716
f 2278 2282 2089 1091
f 299 309 321 1893
f 321 310 299 322
f 322 310 299 301
f 1893 299 309 1882
f 1151 1156 1638 1153
f 1151 1156 2309 1637
f 1669 1711 1680 1671
f 2568 1680 1669 2588
f 1283 1471 1284 1472
f 2376 1471 1283 2468
f 488 490 273 485
f 489 1975 273 485
f 1312 1143 1311 1144
f 1311 1143 2388 2305
f 1589 1590 1588 1070
f 2527 1067 1587 1588
f 1067 2527 2526 1588
f 1067 1587 1588 1589
f 1437 1627 858 2162
f 2451 1627 2162 2546
f 1627 858 860 1437
f 1627 1440 860 1628
f 802 1940 2134 1941
f 415 802 804 414
f 1569 1429 2347 2447
f 1229 1569 1429 2347
f 1489 1485 1703 1488
f 2584 2477 2475 1485
f 2584 1486 1485 1703
f 1703 1704 1489 1488
f 1902 1944 623 423
f 623 423 424 338
f 2057 651 1825 649
f 651 652 188 649
f 884 596 595 599
f 2030 596 883 2032
f 1317 1318 1336 1335
f 1317 1334 1333 1336
f 1317 2399 1334 2391
f 1334 2399 2400 2391
f 245 249 238 246
f 1855 1857 246 1850
f 169 1866 2169 1817
f 172 169 267 874
f 327 1882 300 299
f 300 301 327 299
f 1889 312 299 327
f 299 312 314 327
f 1105 1137 2383 1299
f 1301 1138 1105 1299
f 395 719 531 2092
f 719 398 531 720
f 2152 2306 2331 1147
f 1148 1147 839 1197
f 1198 989 1196 990
f 989 2331 2330 2227
f 1195 989 1196 1197
f 2330 989 1195 1197
f 1981 1979 493 1980
f 498 497 496 493
f 2433 1401 1413 1453
f 1401 1402 1414 1454
f 1577 1613 1580 1576
f 1577 2539 2522 2521
f 1613 1579 1580 1576
f 1613 1577 2522 1576
f 615 2059 1830 650
f 196 653 615 650
f 968 1551 967 2218
f 1551 967 971 968
f 598 1376 1172 595
f 2030 1171 2420 595
f 1975 489 273 1977
f 489 273 490 485
f 1576 1608 1615 1579
f 2522 1576 1606 2540
f 2096 741 2103 2122
f 727 780 730 742
f 780 727 741 742
f 741 727 779 2096
f 1020 1544 1022 1543
f 1543 2242 1020 2504
f 2523 2430 1582 2507
f 1549 1584 1396 1582
f 1559 1563 1649 1561
f 1561 1649 1559 2513
f 1436 2224 2453 2452
f 1442 1439 986 1436
f 897 1453 1414 900
f 1453 2439 2181 897
f 252 251 1859 1858
f 252 251 253 1859
f 254 253 252 251
f 253 254 252 256
f 1373 1371 1372 1006
f 1371 1372 1006 2419
f 445 441 1226 444
f 2345 441 442 1953
f 373 1255 1921 374
f 374 373 1255 377
f 2191 2365 2196 917
f 918 1266 917 928
f 1252 995 994 997
f 2358 994 995 2231
f 1047 1049 1249 1048
f 1047 2357 2257 2256
f 442 1225 2345 2346
f 1226 445 1227 1225
f 1255 370 373 367
f 373 1916 1255 367
f 1195 2500 2330 2223
f 984 1536 1196 1195
f 958 694 695 698
f 695 2211 2080 693
f 783 948 923 947
f 783 923 2206 947
f 262 305 304 307
f 1886 262 1885 304
f 2021 2022 2087 578
f 578 579 580 709
f 773 2119 229 774
f 773 232 775 774
f 589 591 594 590
f 590 589 591 2028
f 2374 2468 2376 1283
f 1471 2376 1283 1284
f 1472 1284 1283 1287
f 1287 1283 1472 1286
f 670 1034 672 667
f 2066 667 2067 2249
f 483 475 489 1974
f 475 486 483 489
f 909 1274 1464 910
f 909 2464 2369 2187
f 1273 1463 909 1274
f 1463 909 2369 1273
f 2428 1569 1389 1391
f 1389 1569 1394 1391
f 35 659 657 2602
f 2222 976 977 975
f 1721 2464 1485 1463
f 1463 1485 1721 1464
f 375 2297 2578 1126
f 1129 1126 375 1694
f 342 341 1905 723
f 341 2095 1905 723
f 344 723 345 725
f 723 342 341 345
f 2169 267 169 873
f 873 267 169 874
f 519 518 482 517
f 518 1991 1973 517
f 2211 695 957 693
f 695 957 694 958
f 1908 253 1859 630
f 630 256 351 253
f 313 253 311 351
f 311 1908 1859 1888
f 1908 253 311 1859
f 313 256 253 351
f 1518 958 957 1321
f 1517 1518 957 1321
f 2491 1517 957 1321
f 2211 1321 2491 957
f 2312 2309 1156 1637
f 1638 1156 1159 1153
f 864 387 384 853
f 2164 384 1926 853
f 926 1502 1265 1501
f 1501 2483 2366 2196
f 171 240 877 174
f 1852 171 875 1818
f 1387 1522 1375 1524
f 2493 1375 1385 1522
f 1522 1387 1375 1385
f 2493 2425 1385 2420
f 953 959 119 1792
f 959 119 121 953
f 557 50 1758 333
f 558 52 50 334
f 51 49 257 557
f 557 1757 49 1862
f 960 122 120 660
f 1793 120 2061 2212
f 25 27 380 369
f 380 1745 25 369
f 1763 605 2020 61
f 576 63 61 605
f 903 15 13 348
f 13 1906 1739 903
f 2534 1429 1401 1602
f 1402 1604 1602 1430
f 1157 1534 1163 1533
f 2499 1157 1161 1533
f 492 460 490 489
f 1961 1977 489 1978
f 411 363 410 409
f 1938 1914 1937 409
f 930 2407 2199 2229
f 930 1350 993 933
f 1211 1012 1214 1014
f 1208 1213 1012 2239
f 705 2085 2087 577
f 708 706 577 705
f 1201 2120 1847 2333
f 774 1201 229 1202
f 1026 589 590 1025
f 589 590 1025 2245
f 2394 1371 2419 2417
f 1324 1371 1369 1373
f 602 57 604 601
f 601 602 57 2034
f 2034 57 601 2033
f 57 603 604 601
f 642 560 865 641
f 2053 865 2012 641
f 490 486 476 489
f 489 1970 1977 1974
f 897 2443 2180 1419
f 900 1419 898 1421
f 276 490 273 488
f 1977 273 1975 1869
f 1319 1158 1638 1155
f 2310 2392 2551 1155
f 2044 2109 1903 751
f 753 751 624 344
f 1113 2290 2288 2289
f 1116 1113 1112 1114
f 1431 388 1244 385
f 1925 1244 385 1431
f 2443 2181 2439 897
f 1419 897 1414 900
f 107 68 611 66
f 1766 107 611 66
f 107 1766 611 1786
f 68 107 611 109
f 16 69 750 71
f 69 1767 1740 2107
f 748 1740 69 14
f 69 16 750 14
f 45 96 689 1781
f 45 96 98 689
f 1755 45 2077 1781
f 689 47 98 45
f 2075 2074 681 683
f 686 682 681 683
f 2347 1391 1569 2428
f 1231 1394 1569 1391
f 272 1871 1868 1870
f 274 278 277 281
f 271 1873 277 278
f 1497 1697 2363 1261
f 1261 1497 1698 1264
f 1533 1182 1149 1181
f 1149 2323 1533 1181
f 2421 609 2037 1029
f 609 1030 1377 612
f 2124 923 779 2194
f 780 924 923 784
f 1390 1230 1609 2429
f 2429 1230 1609 2348
f 1610 1230 1390 1232
f 1232 1610 1393 1390
f 619 1325 969 2217
f 972 1326 969 619
f 1127 1465 1468 1130
f 2466 2296 1465 1127
f 1247 1432 388 1244
f 1431 1925 2356 2448
f 1925 1244 1431 2356
f 388 1431 1244 1432
f 803 1295 1117 1296
f 1295 2133 2291 2380
f 1636 1595 1635 1633
f 2549 1595 1633 1632
f 1541 1507 1514 2486
f 1507 1542 1514 1509
f 821 820 819 2143
f 824 821 820 819
f 169 2169 2171 1817
f 169 172 876 874
f 1415 2440 2528 1588
f 1415 1417 1590 1593
f 777 796 728 2644
f 2098 2132 2121 2644
f 796 777 728 2643
f 731 778 799 2643
f 1942 1961 455 1960
f 458 419 460 455
f 883 2030 2032 2174
f 596 884 595 883
f 1436 2452 2225 2224
f 985 986 1439 1436
f 1164 697 1151 1162
f 2309 1162 697 2314
f 1389 2427 2545 2519
f 1624 1572 1392 1389
f 1434 290 287 1433
f 287 288 2449 1433
f 2492 2234 644 2056
f 647 1520 1002 644
f 1026 1016 1023 1018
f 1016 1025 1020 2241
f 361 2472 1257 1479
f 1480 361 1258 1479
f 531 459 398 395
f 531 456 459 395
f 531 456 395 1962
f 1998 1962 395 1930
f 1617 1620 664 1619
f 1617 661 1618 2541
f 131 132 41 826
f 2145 41 131 1798
f 1771 77 288 1797
f 79 130 290 77
f 77 130 290 129
f 77 129 288 1797
f 132 43 41 826
f 41 2145 1753 1798
f 2565 2566 2575 1683
f 1667 1683 1668 1685
f 163 1819 1805 1814
f 173 163 145 166
f 644 2492 1729 1519
f 1520 644 1729 1519
f 526 497 518 525
f 525 494 518 1981
f 1995 518 1981 525
f 494 518 497 525
f 2593 2464 2475 1721
f 1464 1485 1721 1722
f 1995 1989 525 1981
f 497 526 513 525
f 497 494 525 510
f 494 525 510 1981
f 1513 1511 2489 2502
f 1540 1513 1511 1515
f 199 200 198 202
f 202 201 200 198
f 1832 197 198 199
f 198 1832 1833 1831
f 464 465 1966 463
f 466 468 467 464
f 931 2197 674 2198
f 931 674 929 934
f 932 674 934 929
f 2197 931 674 929
f 269 168 286 266
f 1867 165 266 1875
f 1555 1004 1520 1002
f 1555 1002 1519 2234
f 1631 1670 1661 2567
f 1634 1672 1661 1670
f 402 1933 1934 1935
f 405 401 406 402
f 348 16 14 750
f 1906 14 1740 748
f 691 96 689 98
f 2594 2475 2476 1723
f 1487 1723 1485 1724
f 1723 1485 2476 1487
f 1490 1485 1724 1487
f 2301 1137 2383 1105
f 1105 1138 1137 1299
f 1138 1106 1301 1105
f 2301 2383 2285 1105
f 1427 1619 1426 1617
f 1424 1617 1423 2541
f 852 1450 851 848
f 848 2158 2157 2457
f 577 579 709 708
f 2021 2087 2085 577
f 706 708 577 709
f 706 705 2087 577
f 2120 1201 1847 774
f 774 229 232 1202
f 774 232 776 1202
f 229 1847 1201 774
f 589 590 2245 2027
f 592 1026 589 590
f 1026 592 593 590
f 2027 590 2245 2029
f 2558 2559 1651 1832
f 199 1652 1653 1651
f 1325 1375 1385 2395
f 1326 1325 1375 1385
f 1445 1718 1452 1451
f 2458 1717 1445 1451
f 1718 1445 1717 1451
f 2458 2455 1717 2591
f 2471 1475 1062 1061
f 1475 1062 1061 1477
f 1353 2230 2229 2409
f 1353 996 995 1354
f 2585 2363 2581 1697
f 1698 1261 1705 1697
f 2384 1503 1304 2139
f 813 1306 1503 1304
f 435 474 480 436
f 473 435 1972 1950
f 222 2047 711 630
f 630 711 225 632
f 1169 962 1002 2214
f 964 1170 962 1002
f 2465 2466 2296 1465
f 1468 1465 1466 1130
f 873 2171 169 2169
f 876 873 169 874
f 696 700 1164 697
f 2081 696 2314 697
f 417 761 413 414
f 1939 2113 1941 414
f 1915 1914 1938 364
f 410 364 363 366
f 2508 2216 1551 2218
f 970 971 1552 1551
f 227 1848 2204 1846
f 228 230 227 943
f 17 1257 1059 1258
f 2262 1257 1741 2361
f 2262 17 1741 1257
f 1059 19 17 1258
f 237 235 238 241
f 234 1853 1850 241
f 238 242 237 241
f 241 234 235 1850
f 249 242 238 241
f 246 241 235 1850
f 1853 246 1850 241
f 241 235 238 246
f 2441 895 2440 2180
f 895 898 1418 1417
f 1217 1022 1223 1215
f 1215 1019 1221 2340
f 1614 1652 1656 1613
f 1651 2539 2560 1613
f 1902 2044 1904 623
f 338 623 343 340
f 343 624 340 623
f 343 1902 623 338
f 838 1505 841 837
f 838 837 2153 2485
f 840 1506 1505 841
f 837 838 1505 2485
f 508 552 400 507
f 507 552 400 397
f 2007 397 1986 1931
f 549 397 507 1986
f 496 504 642 493
f 1979 501 493 641
f 1036 1405 603 1035
f 601 1035 2435 2250
f 168 164 165 266
f 1815 164 1867 165
f 674 1096 932 677
f 2197 1093 674 2279
f 2197 674 2071 2279
f 1093 932 674 1096
f 814 1194 1307 811
f 1193 1307 811 2138
f 1308 1194 1307 814
f 2386 2138 1307 2329
f 2590 1725 1485 2595
f 1485 1725 1715 1726
f 1628 466 464 463
f 1964 1627 1966 463
f 639 1865 265 1881
f 640 265 298 639
f 265 640 298 268
f 1865 639 2052 1881
f 1634 1678 1642 1641
f 1631 2553 1677 1641
f 2412 2409 1357 2198
f 500 514 509 511
f 1988 511 500 1987
f 2366 747 2270 1265
f 749 1267 1075 1265
f 1219 2504 1020 2342
f 1020 1544 1219 1023
f 1020 2342 2504 2244
f 1023 1220 1544 1219
f 844 1312 1311 1314
f 843 2389 1311 2388
f 1213 1214 1208 1012
f 1213 1208 2339 2239
f 2531 1675 1597 2532
f 1597 1596 2532 1675
f 1675 1597 1596 1599
f 1676 1597 1599 1600
f 2576 2293 2478 1121
f 1688 1121 1492 1123
f 655 2100 733 909
f 655 735 909 733
f 988 1309 472 1310
f 987 1967 1309 2387
f 2030 2338 595 2420
f 1376 598 1208 595
f 1326 972 622 619
f 1325 619 2042 2217
f 1848 227 2204 228
f 2204 228 227 943
f 230 228 945 943
f 231 230 228 945
f 1305 813 1308 1303
f 1303 2385 810 2386
f 1633 1661 2549 2548
f 1661 1633 1636 1634
f 217 215 216 219
f 1841 216 215 1842
f 1840 1841 215 1842
f 219 215 218 220
f 2559 199 1651 1832
f 199 1654 1652 202
f 1661 1672 1669 1670
f 2567 1661 2568 1670
f 387 864 854 853
f 1926 2159 2164 853
f 396 719 399 395
f 2092 1930 396 1932
f 1341 1306 976 1304
f 976 2384 2403 1304
f 1179 835 2150 815
f 835 817 1179 836
f 2453 1436 1442 983
f 986 1442 1436 983
f 986 1444 1439 1442
f 2224 1436 2453 983
f 2476 1486 1485 2477
f 1486 1490 1485 1489
f 648 647 646 643
f 645 644 643 2054
f 236 235 238 237
f 233 235 234 1850
f 949 760 203 757
f 949 203 2111 757
f 1566 1565 1557 1173
f 1565 1557 1173 2515
f 262 308 307 264
f 262 1886 1885 1863
f 262 1885 304 305
f 305 262 308 307
f 643 647 1002 644
f 2056 2234 644 2054
f 1519 1732 1555 1731
f 1519 1731 2510 2598
f 1732 1519 1555 1520
f 2598 2510 1519 2492
f 850 1442 848 1444
f 2453 1442 848 847
f 1936 2361 1467 407
f 2466 1936 2361 1467
f 1243 2355 1441 1245
f 1441 1248 1243 1245
f 22 21 23 407
f 21 1936 22 1743
f 24 22 23 408
f 1744 22 1936 1743
f 793 2183 920 2129
f 920 794 901 793
f 248 249 238 245
f 1855 235 246 245
f 1285 2376 2188 1284
f 911 1285 1284 1287
f 2393 2487 2486 1508
f 1510 1322 1507 1508
f 1390 1392 1394 1389
f 1389 2428 2429 2427
f 1867 267 164 1866
f 267 269 164 270
f 1609 2435 1404 2537
f 1609 1406 1403 1610
f 1437 2451 2162 2500
f 1536 1440 860 1437
f 759 791 792 684
f 2112 791 2073 2128
f 791 2112 2073 756
f 756 791 759 684
f 417 1080 1079 1120
f 2272 1079 1119 414
f 628 1669 1671 1672
f 1669 2568 1670 2046
f 1595 2549 2530 2550
f 1595 1636 1635 1598
f 1325 1171 1326 1375
f 1375 1325 1171 2395
f 1595 1596 2532 1597
f 1597 1595 1596 1599
f 2531 2530 2532 1597
f 1597 1595 1599 1600
f 682 230 681 227
f 227 2073 2075 1846
f 777 791 2121 2644
f 792 777 778 2643
f 867 2152 2331 839
f 2166 2152 2331 867
f 1198 842 867 839
f 1198 842 869 867
f 1672 1634 1709 1670
f 2587 1670 1631 2567
f 1156 1151 1164 1153
f 2309 1156 1151 1162
f 941 2130 2131 795
f 941 797 798 795
f 1485 2475 2464 1721
f 1464 1488 1485 1722
f 1219 1020 618 2342
f 2342 1020 618 2244
f 1023 621 1220 1219
f 1023 621 1219 1020
f 1076 2201 1075 937
f 1075 940 1076 937
f 940 1078 1077 1076
f 2271 2201 1075 1076
f 1652 1613 1622 1651
f 1651 1613 1622 1621
f 1651 2543 2558 2539
f 1651 1621 2543 2539
f 852 862 892 849
f 2178 861 849 891
f 892 861 891 849
f 2178 2163 2157 849
f 1195 1536 865 1535
f 865 2500 1195 1535
f 1595 1673 1598 1615
f 2530 2569 1595 2540
f 824 820 864 823
f 2143 820 2144 863
f 1304 810 813 1303
f 810 2385 1304 2139
f 177 176 175 1820
f 175 178 176 177
f 1382 1219 2423 1381
f 1383 1220 1384 1381
f 1412 1407 1408 1410
f 1408 2437 2436 1407
f 1562 1425 1639 2514
f 1562 1640 1425 1564
f 2475 2477 2476 1485
f 1489 1490 1485 1488
f 290 288 1190 680
f 2327 2072 288 1877
f 1723 1721 1485 1722
f 1721 2475 2593 1723
f 802 1940 1941 415
f 415 417 804 418
f 1934 401 402 403
f 401 402 403 406
f 1933 402 1934 401
f 401 405 406 404
f 221 147 150 745
f 221 150 224 746
f 2105 221 147 1843
f 147 1806 2105 1843
f 1924 2327 1189 1925
f 388 386 1190 1189
f 189 1823 1829 181
f 190 183 192 181
f 2069 674 2070 673
f 674 676 675 673
f 472 470 1309 987
f 1967 1309 470 987
f 1309 988 472 987
f 2387 987 1967 2226
f 511 1983 1979 1988
f 504 496 514 511
f 1001 1173 1003 645
f 1001 2319 2055 2233
f 1174 648 1003 1173
f 645 1001 1173 2319
f 2288 2280 2091 1111
f 1095 714 1111 1114
f 1681 401 404 1493
f 1933 1493 401 1679
f 2072 1189 383 1924
f 680 1189 383 679
f 2072 383 1189 679
f 1189 386 680 383
f 2433 2439 2459 1453
f 1414 1453 1401 1454
f 982 986 1436 983
f 2224 982 1436 983
f 428 151 154 332
f 1808 151 426 1898
f 1222 1379 1377 2422
f 1378 1379 1224 1380
f 2271 1075 2270 747
f 2271 2270 2106 747
f 1076 749 1075 747
f 749 1075 1077 1076
f 2166 2142 2152 867
f 819 869 842 867
f 819 2152 867 839
f 819 867 842 839
f 963 584 583 961
f 2023 961 582 2213
f 2548 1631 1661 2567
f 1670 1661 1634 1631
f 143 1742 1911 1804
f 354 144 20 143
f 141 1748 1947 1803
f 32 141 432 142
f 897 1453 1413 1414
f 1453 1413 2439 897
f 763 764 1138 1105
f 2114 763 1137 1105
f 1193 1506 841 1505
f 1193 1505 841 838
f 1193 1505 838 2485
f 838 2329 2485 2153
f 1216 1801 2341 1765
f 1218 65 138 1216
f 1285 914 1287 911
f 1284 2188 1285 911
f 1285 914 1288 1287
f 2376 1285 2188 2375
f 1445 2179 1446 2455
f 1445 893 1447 1446
f 2511 1173 2494 1557
f 1523 1174 1558 1557
f 1949 81 1948 431
f 430 81 431 434
f 355 633 73 358
f 633 73 1910 355
f 1189 680 288 679
f 2072 1189 288 679
f 2238 1205 1207 2335
f 1206 1210 1011 1205
f 990 865 1196 866
f 2165 989 865 1195
f 765 733 2274 1084
f 735 1084 765 1086
f 2590 1485 2584 2475
f 2584 1485 1715 1703
f 1704 1715 1488 1703
f 1485 1715 1703 1488
f 2396 1327 2507 2512
f 1330 1559 1549 1327
f 1550 1330 1560 1549
f 1327 1559 1549 2507
f 826 131 809 825
f 2145 809 131 825
f 287 290 129 288
f 1877 288 287 1797
f 1865 465 639 265
f 265 640 468 639
f 640 268 265 468
f 2052 639 1865 1965
f 315 318 308 264
f 315 262 305 1890
f 521 459 458 523
f 1962 521 455 1993
f 2283 189 1823 1827
f 189 181 192 1101
f 1111 1113 1095 1114
f 2288 1113 2280 1111
f 1121 1688 1492 1687
f 1121 2478 2576 1687
f 1905 1904 1903 341
f 341 345 346 344
f 383 387 853 384
f 384 1924 1926 853
f 1159 1156 1164 1153
f 1156 2309 2312 1162
f 695 1154 958 698
f 2308 695 2211 2080
f 147 170 145 173
f 1806 170 1819 1805
f 1263 1481 1476 1260
f 1260 2364 2473 1476
f 2527 2462 2577 1457
f 1589 1457 1690 1459
f 1457 1689 1587 1690
f 1689 2577 1457 1587
f 839 1198 1148 1197
f 839 1147 2331 1197
f 579 604 890 889
f 602 889 577 2177
f 579 604 889 602
f 2021 602 2177 2034
f 590 587 884 585
f 2174 2029 585 2026
f 2029 585 883 2174
f 585 884 590 883
f 2123 2002 415 781
f 539 418 781 782
f 1092 1091 792 2643
f 791 1091 2278 2644
f 695 957 1152 2211
f 1152 958 957 695
f 1041 140 31 1044
f 1594 1590 1592 1700
f 1592 2529 2582 1588
f 473 479 480 517
f 474 480 519 473
f 517 473 479 1972
f 1991 473 1972 1969
f 1078 750 1107 1108
f 2286 1107 2271 2107
f 1143 1311 1144 2305
f 1143 2304 2388 2305
f 1312 1145 1143 1146
f 1144 1312 1143 1146
f 1725 2590 1485 1715
f 1715 1716 1488 1726
f 1386 2506 2508 2426
f 473 480 519 517
f 517 473 1972 1991
f 864 820 384 823
f 2144 820 384 863
f 1168 687 1345 1167
f 2316 1167 2405 687
f 1871 272 1868 277
f 1868 272 271 277
f 275 274 277 280
f 277 1871 1873 1868
f 278 274 277 271
f 281 274 280 277
f 1873 271 277 1868
f 1160 1156 1158 1157
f 1157 2312 2310 2311
f 1395 1398 1332 1397
f 1329 1396 1395 2431
f 132 809 812 826
f 1798 809 2145 2137
f 1797 287 1877 1876
f 289 290 130 287
f 1706 1259 1264 1262
f 2363 2585 2362 1259
f 1383 1328 1330 1331
f 2423 1327 1328 2398
f 932 674 677 934
f 674 2198 2197 2071
f 781 737 2002 537
f 537 781 739 539
f 2002 737 743 537
f 739 744 537 539
f 2443 1413 897 2439
f 1419 897 1413 1414
f 541 542 545 1150
f 2003 2005 542 2307
f 2003 542 1149 2307
f 542 541 1149 1150
f 1729 1732 1209 1730
f 2598 1729 2337 2597
f 480 335 458 479
f 479 1900 1960 1972
f 789 785 788 790
f 789 786 785 787
f 2126 786 785 2127
f 785 2126 2127 2125
f 2183 793 920 901
f 902 901 922 794
f 1346 1333 1530 1335
f 1345 1333 2399 1529
f 2405 1345 2399 1529
f 1530 1345 1333 1346
f 2076 2497 2078 687
f 687 691 690 1529
f 1127 1465 1467 1468
f 1467 2466 1465 1127
f 2548 1661 2563 2567
f 1672 1661 1662 1634
f 738 243 1854 737
f 737 244 740 243
f 1342 976 977 1340
f 2222 2402 977 1340
f 2479 389 1493 1273
f 392 1493 1273 1495
f 762 1079 761 417
f 2272 761 414 2113
f 625 1107 748 626
f 748 1107 625 2045
f 748 1107 2045 2107
f 750 748 1107 626
f 714 1114 713 1111
f 2288 2091 713 1111
f 550 552 551 548
f 547 2008 549 548
f 354 143 20 18
f 1742 143 1911 18
f 1748 141 1947 30
f 32 429 141 30
f 1818 169 1819 171
f 173 171 172 174
f 850 852 848 847
f 2156 848 2157 847
f 850 852 851 848
f 848 2156 2157 2158
f 1591 2529 2182 896
f 1593 1594 896 899
f 595 600 599 596
f 596 2030 2031 2032
f 65 138 67 1218
f 1801 1216 65 1765
f 383 1189 388 385
f 1189 383 1925 385
f 65 137 1216 1801
f 137 138 65 1216
f 2229 930 1353 2199
f 993 1353 930 933
f 694 957 695 693
f 693 2211 2080 2079
f 2364 2469 2470 1476
f 1478 1263 1476 1474
f 502 1145 1148 1147
f 1147 1982 2304 2306
f 1526 965 1173 966
f 2215 1525 965 1173
f 1168 1167 1345 1158
f 1167 2405 2310 2316
f 1315 1309 1967 2387
f 1309 1316 472 1310
f 1341 1304 1178 1306
f 1177 2403 2384 1304
f 1841 727 741 2096
f 217 727 730 742
f 727 217 741 742
f 741 2103 1841 2096
f 2375 2481 2363 1497
f 1498 1497 1288 1264
f 1510 1507 1542 1508
f 2487 2503 2486 1508
f 2300 1131 936 2298
f 936 1132 1136 939
f 2298 2202 936 2300
f 1131 1136 936 1132
f 1243 2163 1433 861
f 1434 862 1246 861
f 1150 1533 1182 1149
f 2307 1149 2323 1533
f 375 1920 2297 1127
f 375 378 1130 1129
f 732 730 729 2643
f 727 2097 729 2644
f 849 848 2157 1449
f 852 848 849 1449
f 1721 1485 2475 1723
f 1722 1488 1485 1724
f 1396 1398 1584 1549
f 1396 2507 1582 2430
f 2507 1396 1582 1549
f 1550 1584 1398 1549
f 1115 1099 716 1112
f 1099 2290 2089 1112
f 1436 2225 1437 982
f 1437 985 1436 982
f 716 713 1091 806
f 1091 2089 2135 713
f 2135 805 1091 713
f 805 1091 713 806
f 1483 2381 1295 2474
f 1483 1295 1297 1484
f 1606 1612 1576 1611
f 2535 1611 2522 2538
f 1579 1608 1612 1576
f 1606 2522 1611 1576
f 958 957 694 584
f 693 2211 2024 957
f 821 824 470 1315
f 1967 2143 821 1315
f 989 1196 865 1195
f 989 2330 2165 2227
f 865 990 1196 989
f 2165 2330 989 1195
f 1589 1588 1067 1070
f 2266 2527 2526 1067
f 1518 957 958 974
f 2491 957 2219 2211
f 974 1518 957 1517
f 2219 1517 957 2491
f 390 394 393 2616
f 390 391 394 2616
f 2529 2528 2526 1588
f 1592 1590 1593 1588
f 1634 1709 1670 1631
f 1631 2548 2587 2567
f 1616 1635 1598 1615
f 1632 2540 1595 1615
f 1588 1415 1065 1590
f 1065 2526 2440 1588
f 492 457 489 491
f 491 1961 489 1978
f 859 858 1627 857
f 2161 2546 2162 857
f 1730 1212 1209 1375
f 2597 1375 2337 2420
f 1209 1729 1375 2337
f 1212 1730 1376 1375
f 2222 977 2221 975
f 145 150 173 148
f 145 170 147 1805
f 2324 1924 1183 853
f 1184 383 853 1183
f 2370 1201 2371 1275
f 1275 1276 1202 1280
f 1277 2371 1201 1275
f 1201 1277 1275 1280
f 1970 489 475 1974
f 475 476 486 489
f 1222 1224 612 1377
f 2344 609 2421 1222
f 1222 609 2421 1377
f 1378 612 1224 1377
f 1902 1944 2044 623
f 623 424 624 340
f 423 623 1902 338
f 424 623 338 340
f 1930 1962 395 1978
f 395 456 491 1962
f 491 398 459 395
f 456 491 459 395
f 1651 1621 1581 2543
f 1651 1622 1652 1581
f 1651 2543 2524 2558
f 1621 1622 1651 1581
f 724 1844 743 2094
f 743 226 724 726
f 1208 1212 1376 1375
f 1208 1209 1212 1375
f 2338 2337 1375 2420
f 2337 1375 1209 2338
f 1701 1693 1696 1694
f 1693 2578 1701 2579
f 397 400 507 395
f 398 508 400 507
f 1930 507 397 1986
f 1986 397 1930 1931
f 1661 2567 2568 2563
f 1671 1661 1662 1672
f 714 2280 1094 1095
f 1094 714 1095 1098
f 992 240 919 921
f 1217 1215 610 1216
f 1215 610 1216 2340
f 701 708 577 705
f 705 701 2085 577
f 617 1026 590 1025
f 590 2245 617 1025
f 844 1313 1311 843
f 2389 843 2154 2388
f 479 335 455 1900
f 335 480 458 336
f 1924 2324 2159 853
f 386 854 1184 853
f 1023 1544 1022 1020
f 2242 1020 2504 2244
f 1949 1948 81 1773
f 81 433 83 434
f 1910 1769 73 2049
f 634 75 73 358
f 397 396 1930 1932
f 399 397 396 395
f 1677 2548 2553 1631
f 1641 1634 1678 1631
f 2194 2202 923 2298
f 1131 924 936 923
f 684 791 1099 681
f 2073 1099 791 681
f 523 526 458 521
f 1995 455 521 1993
f 222 146 2047 630
f 630 225 146 632
f 693 2006 2024 2079
f 550 693 584 694
f 582 2024 693 547
f 584 582 693 547
f 299 310 330 301
f 1897 309 299 1882
f 1926 1924 2159 853
f 854 386 387 853
f 2267 1409 1408 1066
f 1066 1412 1408 1069
f 1661 1712 1671 1662
f 1661 2568 2588 2563
f 1477 1475 1062 356
f 1909 2471 1475 1062
f 1457 1589 1690 1587
f 2577 2527 1457 1587
f 1284 1285 1283 1287
f 1285 1283 2376 1284
f 1288 1283 1287 1286
f 1283 2376 2374 1285
f 2271 748 1107 1076
f 1107 748 1078 1076
f 1565 1173 1553 2515
f 1565 1566 1554 1173
f 1692 1697 1727 1698
f 1727 2580 2581 1697
f 1697 1727 2580 1692
f 1728 1692 1698 1695
f 1626 1572 445 1574
f 2519 2545 1572 1955
f 1031 127 62 1764
f 64 127 62 1031
f 127 64 128 1031
f 1764 1031 127 1796
f 1480 1479 1260 1474
f 2472 1473 1260 1479
f 2460 1235 2352 2350
f 1455 1235 1238 1239
f 1326 619 597 1325
f 2042 597 1325 2395
f 2093 543 533 2004
f 546 536 721 533
f 1999 2093 533 2004
f 533 721 546 543
f 1655 1613 1656 1651
f 1651 1655 1613 2560
f 1967 470 1309 1315
f 1309 470 472 1315
f 2301 2114 1137 1105
f 1137 763 1138 1105
f 1138 764 1106 1105
f 2301 2285 2114 1105
f 673 2279 674 1093
f 676 1096 674 677
f 674 673 1093 1096
f 2071 2279 674 2069
f 1171 1326 600 597
f 2031 2318 597 2395
f 441 444 446 573
f 1953 443 573 441
f 2185 2191 2195 917
f 918 927 917 906
f 892 1047 1048 849
f 2178 2256 1047 2157
f 993 258 2231 994
f 260 994 993 997
f 367 371 370 1254
f 1918 1916 2359 367
f 409 1901 1937 251
f 409 337 251 411
f 665 1660 664 662
f 662 1660 664 661
f 662 1659 661 2065
f 2063 661 1659 2065
f 341 1904 1903 623
f 341 346 624 344
f 980 855 975 856
f 2160 2221 855 975
f 809 1798 2145 131
f 131 826 809 132
f 288 129 287 1797
f 287 290 130 129
f 2401 1347 1343 1337
f 1348 1338 1343 1337
f 669 668 672 667
f 2067 667 2068 669
f 1299 952 1138 950
f 2383 2301 2208 950
f 885 159 153 2175
f 886 153 162 156
f 1812 1809 153 2175
f 153 886 162 885
f 2426 1386 2506 2505
f 2428 1389 2517 2427
f 1569 1394 1392 1389
f 1617 1427 186 1424
f 2541 1424 186 2446
f 610 66 65 2039
f 66 65 613 610
f 1345 1346 690 1168
f 2405 1167 1345 687
f 1651 197 1657 2558
f 1657 1652 197 1651
f 54 53 587 585
f 585 1760 1759 2026
f 57 604 58 602
f 2034 57 58 602
f 1121 1492 1122 1491
f 1491 1121 2478 1122
f 1123 1124 1122 1492
f 2294 2478 1121 1122
f 1649 1650 199 1643
f 2557 1649 199 2554
f 1322 1152 958 1321
f 1321 2308 2211 2393
f 1357 1353 931 2198
f 383 1184 78 1183
f 1924 78 2324 1183
f 1192 39 1191 872
f 37 2328 1191 2168
f 2021 2085 2083 577
f 577 579 708 703
f 2245 590 617 2029
f 590 593 1026 617
f 1032 1403 1035 1031
f 1035 1031 2435 2250
f 2250 1031 2435 2248
f 1405 1036 1032 1035
f 1651 1657 1655 2560
f 1657 1655 1656 1651
f 518 1973 2136 481
f 808 481 518 807
f 482 518 808 481
f 481 518 807 2136
f 1587 1699 2527 1588
f 2526 2527 2582 1588
f 1588 1587 1699 1589
f 1588 1590 1589 1700
f 714 1098 1114 1095
f 1095 714 2280 1111
f 449 2182 2564 896
f 896 899 1666 452
f 373 2359 1916 367
f 370 373 367 1254
f 927 917 928 918
f 2196 917 2195 2191
f 1047 1049 1048 849
f 2256 2257 1047 2157
f 997 993 995 994
f 2231 995 993 994
f 443 442 441 1953
f 446 441 445 444
f 1643 1564 1640 1562
f 1639 1643 1562 2514
f 713 1091 1099 716
f 1099 2089 1091 713
f 1169 2317 2214 2234
f 1002 1170 962 1169
f 532 2141 815 2000
f 763 85 764 1105
f 2114 85 763 1105
f 1626 1392 1393 1624
f 1624 1389 2429 2545
f 798 800 797 941
f 2131 797 941 795
f 800 798 942 941
f 2203 2130 2131 941
f 867 1196 1198 1197
f 2215 1173 1001 2319
f 966 1174 1003 1173
f 1003 965 1173 1001
f 2319 1001 2215 2233
f 188 187 185 652
f 1826 649 1825 185
f 649 1826 1825 2057
f 185 188 652 649
f 1108 786 785 789
f 2125 1107 2127 785
f 785 788 1108 789
f 786 1107 785 2127
f 1904 1860 1902 343
f 340 343 255 346
f 1571 1396 1573 1581
f 1396 2518 1581 1571
f 64 62 605 1031
f 1031 62 605 1764
f 2352 2442 2252 1039
f 1149 696 542 1150
f 699 545 542 1150
f 2082 1149 542 2307
f 2005 2082 542 2307
f 1725 1485 2595 1707
f 1707 1725 1485 1726
f 2376 2375 2374 1285
f 1283 1288 1287 1285
f 1920 2297 2578 375
f 375 378 1129 1694
f 1691 375 2578 1126
f 1126 1691 375 1694
f 2585 2363 1697 1261
f 1261 1698 1705 1264
f 1261 1697 2585 1705
f 1264 1698 1705 1706
f 2471 2263 2264 1061
f 1477 1062 1061 1063
f 157 160 161 159
f 1813 157 1812 1811
f 1633 1711 1661 1712
f 1661 2549 2588 1711
f 733 2274 2100 765
f 1084 735 765 733
f 1345 1346 1168 1158
f 1345 2310 1167 2405
f 1196 865 1536 866
f 2500 865 1195 2165
f 2126 785 935 2200
f 938 787 785 935
f 217 215 220 732
f 1841 215 217 729
f 682 686 681 685
f 684 685 681 686
f 2073 2075 2074 681
f 681 682 2075 683
f 1161 2311 2499 2313
f 2311 1161 2499 1157
f 1534 1157 1163 1160
f 1533 1163 1157 1161
f 2316 954 2392 1167
f 1320 1168 1167 956
f 2497 688 687 1529
f 691 1530 690 1529
f 2187 2100 2060 909
f 909 910 735 656
f 1137 772 763 771
f 2118 1137 763 771
f 623 1903 341 751
f 751 341 624 344
f 229 1201 1275 1202
f 2370 1201 1847 2333
f 2025 1203 586 1985
f 1203 505 586 1985
f 1203 506 588 586
f 506 1203 505 586
f 820 384 823 1186
f 384 820 2144 1186
f 207 208 205 2600
f 1836 205 1835 2599
f 1426 1618 1423 1617
f 2444 1423 1618 2541
f 1560 1550 1549 1649
f 1559 2507 1649 1549
f 1890 315 261 1892
f 319 315 261 318
f 664 1617 661 1618
f 661 2542 2541 2063
f 2055 2319 645 2494
f 560 990 866 865
f 2165 989 2012 865
f 989 865 560 559
f 989 2012 865 559
f 813 810 1308 1303
f 810 2385 2139 2386
f 815 2150 2322 2140
f 835 817 815 1179
f 864 387 823 384
f 2164 384 2144 1926
f 1886 246 300 1857
f 300 304 249 246
f 263 237 234 332
f 1864 234 1851 1898
f 1107 2127 2045 2286
f 1107 626 786 1108
f 682 230 685 681
f 685 230 684 681
f 682 2075 227 681
f 227 2073 681 2075
f 1594 1664 1700 1592
f 2529 2582 2566 1592
f 1661 1633 1631 2548
f 1661 1633 1634 1631
f 219 218 215 350
f 215 1840 1842 1907
f 219 215 216 349
f 216 1907 215 1842
f 177 1821 1822 1820
f 176 178 179 177
f 176 177 1822 1820
f 178 180 179 177
f 215 217 729 732
f 1841 215 729 2097
f 400 398 507 395
f 507 397 395 1930
f 1671 1661 1672 1669
f 2568 1670 1661 1669
f 1098 1113 1114 1095
f 1113 1095 2280 1111
f 1210 1206 1324 1205
f 1207 1205 1323 2335
f 1266 928 1267 1265
f 1266 2366 2196 1265
f 235 245 238 246
f 235 1855 246 1850
f 2182 449 897 896
f 896 900 899 452
f 2089 2288 2091 713
f 716 1114 713 717
f 1863 1885 262 1890
f 1885 305 262 1890
f 305 262 315 308
f 308 262 315 264
f 2443 897 2180 2181
f 1419 900 898 897
f 327 301 314 299
f 327 299 1889 1882
f 2242 1221 2340 2343
f 1221 1223 1022 1215
f 197 1652 199 1651
f 2558 197 1832 1651
f 840 839 819 842
f 837 2152 819 839
f 1008 1372 1005 1006
f 2418 1005 2237 2235
f 813 1305 1306 1304
f 2385 1304 2139 2384
f 319 209 316 403
f 1892 316 209 403
f 66 67 68 613
f 66 1765 2039 1766
f 1765 66 2039 65
f 66 65 67 613
f 1530 1333 1529 1336
f 1334 2497 2399 1529
f 2497 1334 2399 2400
f 1336 1334 1333 1529
f 969 1325 968 2217
f 1326 971 972 969
f 835 556 817 836
f 2150 835 555 815
f 544 541 546 545
f 2003 541 542 543
f 1675 2564 2565 1663
f 1675 1665 1666 1663
f 1541 2490 2486 1514
f 1509 1516 1542 1514
f 2253 1747 2351 1041
f 1044 1237 31 1041
f 186 1528 651 1527
f 651 1527 2496 1825
f 1358 1365 2416 1364
f 1365 2416 2415 1358
f 1368 1364 1360 1367
f 1368 1364 1365 1360
f 587 586 884 585
f 585 2025 2174 2026
f 585 586 883 2174
f 586 884 585 883
f 1711 1661 1671 1669
f 1661 2568 1669 2588
f 2371 1201 191 1277
f 1277 1201 191 1280
f 1392 1626 1574 1572
f 2545 1572 1389 2519
f 2578 2580 1692 1126
f 1694 1126 1692 1695
f 1694 1129 1126 1695
f 2580 2578 2297 1126
f 1327 1559 2507 2512
f 1559 1330 1549 1560
f 675 2070 674 673
f 677 675 676 678
f 447 1958 1605 1956
f 447 451 450 1607
f 145 150 148 149
f 1807 145 147 1805
f 970 1330 967 1559
f 1559 2216 1327 967
f 1541 2503 1007 1508
f 1542 1541 1007 1508
f 1590 1417 1065 1068
f 2265 2526 2440 1065
f 2440 1415 1065 1588
f 1417 1065 1415 1590
f 415 781 537 418
f 2123 2002 1940 415
f 1241 1043 1042 1242
f 1241 2353 1039 1040
f 1039 1241 1040 1042
f 1040 2252 2353 1039
f 1181 2403 1339 1340
f 1339 1341 1182 1340
f 1444 986 1443 1442
f 1442 986 1443 983
f 2453 1441 983 1442
f 2453 2454 2224 983
f 1431 1187 388 1185
f 2325 1431 1925 1185
f 385 1925 1431 1185
f 385 1431 388 1185
f 1650 1644 202 1643
f 1643 199 1649 2554
f 1832 2557 199 2554
f 1650 202 199 1643
f 2354 2355 2454 1243
f 1443 1248 1246 1441
f 1441 2454 2355 1243
f 1441 1248 1246 1243
f 2182 1415 1591 896
f 896 1593 899 1417
f 304 249 302 300
f 249 307 304 302
f 246 1886 300 304
f 1883 1886 300 1857
f 332 234 263 331
f 234 1864 331 1898
f 234 261 263 331
f 1864 261 234 331
f 2377 2196 2474 1289
f 1292 926 1289 1484
f 1847 229 1201 2370
f 1276 232 229 1202
f 569 570 157 571
f 157 569 571 2017
f 572 157 570 571
f 571 1811 2017 2018
f 1406 1609 1403 1404
f 1404 2435 2434 2537
f 2109 2001 1903 751
f 538 753 344 751
f 688 2078 2497 687
f 687 688 691 1529
f 1618 2525 2444 2542
f 1586 1618 1426 1620
f 157 572 570 160
f 1811 157 571 2017
f 152 162 155 572
f 159 1810 571 152
f 572 152 159 571
f 571 1810 1812 2018
f 1661 1636 1662 1634
f 2563 2549 1661 2548
f 696 2081 2314 2082
f 700 696 1164 699
f 1431 2325 1925 2448
f 1187 1431 388 1432
f 849 2157 848 847
f 849 848 852 847
f 459 524 523 522
f 521 456 522 1994
f 258 260 993 1200
f 1861 2332 258 993
f 996 993 260 1200
f 2229 2332 1861 993
f 1363 2455 2501 2414
f 1447 1363 1538 1366
f 1445 1363 1537 1538
f 2501 1363 1537 1445
f 2405 2399 1345 2311
f 1335 1333 1157 1346
f 1333 1345 1157 1346
f 1157 2399 1345 1333
f 318 261 319 263
f 261 1864 1890 1892
f 520 519 526 518
f 1991 1995 518 1992
f 199 200 202 1652
f 1651 199 197 1832
f 2043 618 619 2041
f 619 621 617 618
f 1441 2453 983 2454
f 1443 1441 1442 983
f 1307 810 1308 814
f 1307 810 814 811
f 811 1307 810 2138
f 2138 1307 810 2386
f 447 448 451 1607
f 1958 1605 1956 2536
f 1958 447 1605 448
f 448 447 1605 1607
f 1334 691 1336 845
f 2155 1334 688 2400
f 2531 2589 2588 1711
f 1714 1711 1597 1712
f 2500 2165 1195 2330
f 865 1196 1536 1195
f 482 639 808 640
f 481 807 639 2052
f 1557 1174 1566 1173
f 2511 1173 2515 2319
f 399 693 721 396
f 693 396 1932 2093
f 1458 1067 1066 1460
f 2461 2266 2267 1458
f 1960 1961 455 1962
f 459 460 455 458
f 2414 1363 1645 2501
f 1646 1537 1363 1538
f 1537 1645 1363 2501
f 1538 1363 1646 1366
f 365 411 410 412
f 1938 1914 409 410
f 1438 1437 1436 1435
f 2451 2450 2452 1435
f 989 2165 2012 2227
f 865 560 990 989
f 469 470 472 987
f 471 472 988 987
f 470 469 1967 987
f 2226 987 1967 1968
f 2512 1559 1649 2513
f 2557 2512 1649 2513
f 1563 1650 1560 1649
f 1563 1559 1649 1560
f 1217 613 1218 1216
f 613 1217 610 1216
f 2039 1216 2340 2341
f 1216 2039 2340 610
f 163 173 145 170
f 1819 163 1805 170
f 577 578 706 709
f 578 706 2087 577
f 578 2087 2021 577
f 578 577 579 709
f 773 229 232 774
f 2119 2120 1847 774
f 775 232 776 774
f 1847 229 2119 774
f 589 594 592 590
f 2027 2028 590 2029
f 593 592 594 590
f 590 589 2028 2027
f 1205 1370 1324 1369
f 1205 1369 1323 2417
f 1369 1324 1205 1323
f 2417 1323 2335 2394
f 649 186 651 1825
f 654 652 188 651
f 651 188 186 649
f 651 2057 1825 2058
f 1088 914 911 1087
f 911 2277 2188 1088
f 2206 2124 923 783
f 948 783 923 784
f 1766 611 2038 2039
f 613 614 68 611
f 437 1057 1951 1066
f 1058 1069 437 438
f 2516 1954 1567 2431
f 1568 1395 1567 443
f 661 663 2065 2064
f 666 662 664 663
f 621 1020 1026 618
f 618 2043 2244 2245
f 2267 1067 1458 2266
f 1070 1066 1067 1460
f 1515 1540 1512 1511
f 2502 1511 2489 2488
f 2204 228 2205 1848
f 944 945 228 943
f 2204 944 228 943
f 945 228 231 946
f 1327 1328 1381 2423
f 1383 1328 1381 1330
f 1636 1595 1633 1600
f 1597 2549 1595 1633
f 957 1152 2211 1321
f 958 1321 1152 957
f 1666 896 1663 1594
f 1592 2564 896 1663
f 2202 936 923 2298
f 924 1131 936 1132
f 936 939 924 1132
f 1131 923 936 2298
f 1263 1264 1259 1262
f 2362 2364 2363 1259
f 2351 2350 2352 1235
f 1238 1235 1237 1239
f 1905 1904 341 343
f 345 343 341 346
f 969 1326 971 968
f 2217 1325 968 2218
f 383 1184 853 386
f 1183 1924 383 853
f 1343 2404 2406 2401
f 1343 1338 1348 1344
f 2401 1347 2406 1343
f 1348 1343 1347 1337
f 1371 1323 1369 2417
f 1373 1324 1370 1369
f 1324 1371 1323 1369
f 2394 1371 2417 1323
f 318 315 261 264
f 1890 262 261 315
f 1032 128 64 1031
f 1764 1031 1796 2248
f 2252 1237 2352 1039
f 1042 1237 1039 1239
f 2280 714 1094 2091
f 1097 714 1098 717
f 691 690 692 687
f 2076 2078 2077 687
f 2324 99 853 1183
f 1183 1184 99 853
f 1333 2499 2323 1533
f 1533 1182 1333 1534
f 1660 1710 664 1709
f 2587 2063 1709 2562
f 1017 1021 1015 1016
f 1024 1016 1021 1017
f 1021 1015 1016 2240
f 2243 1021 1016 2240
f 169 170 164 1819
f 173 172 164 167
f 164 170 172 173
f 164 1816 1817 1819
f 511 500 501 1983
f 504 500 501 511
f 1924 384 383 853
f 387 383 853 386
f 1352 996 993 933
f 2229 930 1350 993
f 1106 87 85 764
f 1775 2285 85 2114
f 764 85 1106 1105
f 2114 2285 85 1105
f 1274 1463 909 1464
f 2464 909 2369 1463
f 445 441 442 1226
f 1953 442 2345 1955
f 441 2345 442 1226
f 1228 444 445 1226
f 1255 1921 2360 373
f 1256 377 373 376
f 1919 2360 1921 373
f 377 373 1255 1256
f 2419 1372 1006 2237
f 1372 1009 1373 1006
f 1374 1009 1373 1372
f 1372 2419 2418 2237
f 917 2365 2196 1266
f 926 917 2196 1266
f 1266 926 917 928
f 1266 918 1268 928
f 2231 2358 2230 995
f 994 2358 995 1251
f 997 1252 995 998
f 995 994 1251 1252
f 1048 1052 1049 1250
f 1048 1049 1249 1250
f 2257 1047 1049 1249
f 2357 1047 2257 1249
f 1225 1226 445 442
f 2346 2345 442 1955
f 445 1227 1228 1226
f 442 1225 1226 2345
f 1916 2360 1919 373
f 370 1255 373 1256
f 2360 1916 1255 373
f 1256 373 370 376
f 1532 834 1339 1531
f 2148 2498 2403 1531
f 2585 2363 1261 1259
f 1259 1261 2585 1705
f 1705 1259 1261 1264
f 1705 1259 1264 1706
f 1094 2287 2091 1109
f 717 1109 1110 1097
f 684 756 791 681
f 756 2073 791 681
f 365 410 366 412
f 1914 1938 364 410
f 1131 1296 1118 1117
f 1295 1131 2291 1117
f 1928 1935 1927 402
f 402 394 405 392
f 1829 191 190 2410
f 194 190 1356 193
f 1636 1633 1661 1712
f 1711 1661 2549 1633
f 723 743 724 726
f 743 724 2094 723
f 336 421 458 335
f 1900 455 1942 335
f 1453 1958 1605 448
f 2536 1453 1958 1605
f 451 448 1453 1607
f 448 1605 1453 1607
f 2420 1385 1375 2395
f 1326 1376 1387 1375
f 1719 1629 2592 1687
f 1719 1688 1720 1630
f 1016 2243 2240 2241
f 1024 1016 1017 1018
f 164 168 269 266
f 164 165 266 1867
f 547 552 548 549
f 2008 547 549 2006
f 548 550 552 547
f 549 2008 2006 2007
f 1615 1678 1635 1632
f 2540 1677 1632 2550
f 2550 2540 1677 2571
f 1678 1615 1677 1632
f 2314 697 696 1162
f 1164 696 697 1162
f 1184 854 101 853
f 2324 1782 2159 853
f 1101 1823 189 181
f 1101 181 192 1102
f 189 2283 1823 1101
f 183 192 181 1102
f 1299 935 938 1300
f 2382 935 1299 1300
f 2382 2383 935 2200
f 938 1302 1299 1300
f 2323 2403 1531 1181
f 1182 1531 1339 1181
f 1648 1445 1447 1452
f 2458 1445 2455 2556
f 2556 1445 1647 1451
f 1647 1452 1445 1648
f 484 483 485 1975
f 485 486 487 488
f 293 291 323 1895
f 292 294 323 325
f 485 486 483 487
f 485 487 483 484
f 1975 484 483 1974
f 484 1975 1976 1974
f 323 294 292 291
f 1895 293 291 1879
f 1879 291 1895 1878
f 291 323 294 293
f 1336 691 846 845
f 1334 2155 688 845
f 2400 688 2155 2078
f 845 1334 691 688
f 1437 2225 2500 982
f 1535 985 1437 982
f 873 876 893 874
f 2179 2169 2171 873
f 2416 1363 1365 2414
f 1368 1363 1364 1366
f 921 240 919 882
f 2192 239 2173 919
f 2173 1852 239 2192
f 881 240 919 239
f 957 582 2024 693
f 957 584 582 693
f 2211 693 2024 2079
f 584 957 694 693
f 269 267 164 266
f 267 1867 164 266
f 361 1480 1258 362
f 2472 361 1257 1913
f 2455 1363 2501 1445
f 1363 1447 1538 1445
f 465 466 464 468
f 1964 465 1966 1965
f 1043 1071 707 1072
f 707 710 1043 1072
f 2086 1040 2268 707
f 707 1040 2268 1071
f 2403 1339 976 1304
f 976 1339 1341 1304
f 2000 2141 815 2140
f 748 2271 1107 2107
f 1107 748 750 1078
f 2143 1967 821 2642
f 1501 2366 2270 1265
f 1075 1267 1502 1265
f 897 1419 895 898
f 2180 897 1419 895
f 1703 1683 2584 1699
f 1699 1703 1683 1704
f 1157 1333 1534 1533
f 1333 1157 2499 1533
f 507 175 552 549
f 549 1986 1820 2007
f 606 1032 64 1031
f 2035 1031 1764 2248
f 1186 388 387 1188
f 1926 2326 1925 1186
f 610 611 66 2039
f 611 66 613 610
f 387 1186 823 384
f 1186 1926 2144 384
f 722 719 536 720
f 2093 533 719 2092
f 166 145 173 148
f 170 145 163 1805
f 264 263 242 2601
f 2369 389 2479 1273
f 1495 1274 1273 392
f 781 2002 415 537
f 781 537 418 539
f 2249 1033 1401 2447
f 1429 1401 1034 1033
f 2036 309 163 1887
f 309 163 310 607
f 2299 1133 2202 2300
f 1135 936 1133 1134
f 1312 1143 499 1311
f 499 1311 1143 2388
f 383 78 1924 1183
f 1184 80 386 383
f 1191 37 871 872
f 1191 871 37 2168
f 1098 714 1114 717
f 2091 2280 714 1111
f 1531 1182 1339 1532
f 2323 2403 2498 1531
f 1922 2465 2273 1081
f 1922 2465 1081 1465
f 1466 379 1082 1465
f 1465 379 1082 1081
f 1259 2367 2295 2362
f 1271 1259 1128 1262
f 263 318 261 264
f 1864 1863 261 1890
f 2115 2100 2274 765
f 735 1086 765 766
f 1408 1951 2267 1066
f 1408 437 1066 1069
f 261 262 241 2601
f 1811 571 1812 2018
f 572 159 157 571
f 31 29 140 1041
f 1830 615 195 2008
f 196 615 551 195
f 1392 1570 1394 1569
f 1569 2428 1389 2517
f 2156 2453 848 847
f 1442 850 848 847
f 850 851 1444 848
f 2453 848 2158 2156
f 2290 1113 2288 1112
f 1112 1115 1116 1114
f 621 619 617 622
f 2041 619 2043 2042
f 2566 2565 2564 1663
f 1666 1665 1664 1663
f 789 87 85 1106
f 2285 786 85 1105
f 2285 85 786 1775
f 85 789 1106 1105
f 571 1811 1812 157
f 159 157 160 572
f 445 1568 1567 443
f 1955 1954 1567 2516
f 2267 2437 2438 1408
f 1412 1411 1408 1069
f 1409 2267 1408 2437
f 1412 1066 1408 1409
f 379 1466 1082 381
f 1465 1081 1922 379
f 166 607 310 163
f 163 1814 2036 1887
f 2160 2307 2003 855
f 856 541 1150 855
f 861 862 1246 847
f 847 861 2163 1243
f 2181 2459 2439 1453
f 1454 1414 1453 900
f 648 1523 647 645
f 2056 2055 645 2494
f 500 512 514 503
f 500 1984 1988 1987
f 1629 2190 1121 912
f 2547 2190 2293 1629
f 1123 1629 915 1630
f 912 1123 1629 915
f 2565 2566 1683 1664
f 1683 1665 2565 1664
f 1664 1683 1665 1668
f 1664 1683 1668 1667
f 1419 2180 2442 2443
f 898 1419 1420 1421
f 531 1994 2000 522
f 522 535 534 524
f 2273 1923 1922 1081
f 1082 379 382 1081
f 1445 1537 2501 2556
f 1537 1648 1445 1538
f 1081 1923 1922 380
f 1081 380 379 382
f 2428 1569 2347 2517
f 1231 1394 1570 1569
f 1693 1701 1691 1694
f 1693 2578 1691 1701
f 2530 2549 1595 1597
f 1598 1595 1636 1600
f 162 161 160 159
f 1812 159 157 1813
f 1344 1305 1348 1303
f 2406 2385 1343 1303
f 738 1854 2102 737
f 738 740 243 737
f 380 1922 1081 379
f 1082 379 381 382
f 722 546 536 721
f 543 533 721 2093
f 1582 2559 199 1653
f 1653 1654 199 1582
f 976 2385 2222 2384
f 979 1305 976 1306
f 1304 1305 976 1303
f 976 2385 1304 1303
f 2314 2312 2309 1162
f 1164 1151 1156 1162
f 618 617 619 2041
f 621 622 617 620
f 1511 2394 1371 2488
f 1324 1511 1371 1512
f 1521 1173 1557 2494
f 1603 1607 1454 1601
f 1601 2536 2459 2533
f 2391 1334 1317 845
f 1317 1318 846 1336
f 1336 1317 1334 845
f 1334 2400 2155 2391
f 761 416 417 413
f 1939 761 414 413
f 1259 1125 2295 1269
f 1259 1271 1128 1269
f 2367 1259 2295 1269
f 1269 1128 1259 1125
f 1237 31 29 439
f 1747 29 1952 1237
f 1595 1635 1615 1598
f 2540 1595 2530 2550
f 1082 1127 374 1130
f 1081 2296 1921 1127
f 1087 1089 1090 914
f 2277 2276 2188 1088
f 1088 911 2277 1087
f 1088 914 1087 1090
f 2440 895 1416 1415
f 895 1416 1415 1417
f 650 615 195 1830
f 615 195 196 650
f 2198 1357 2412 1358
f 1485 2476 2475 1723
f 1485 1490 1724 1488
f 2411 674 2416 2071
f 674 1360 1364 677
f 935 2382 936 1300
f 2382 935 936 2200
f 938 939 1302 1300
f 938 935 936 1300
f 2437 1408 1409 1407
f 1407 1412 1408 1409
f 1408 1411 1412 1410
f 2438 2437 2436 1408
f 674 2069 2070 2071
f 676 674 675 677
f 1344 1348 1343 1303
f 1343 2404 2385 2406
f 1348 1347 1343 1303
f 2406 1343 1347 1303
f 68 66 613 611
f 1766 611 2039 66
f 985 1535 1437 1536
f 1535 1437 2500 982
f 1171 1376 1326 1375
f 2420 1171 2395 1375
f 747 2366 2270 2106
f 1077 1267 1075 749
f 1075 2270 747 1265
f 747 749 1075 1265
f 880 894 879 1448
f 879 2179 2172 1446
f 1560 1549 1559 1649
f 1550 1560 1650 1649
f 2507 1559 1649 2512
f 1649 2507 2512 2557
f 396 693 721 2093
f 694 399 721 722
f 1405 1406 1610 1403
f 2435 1609 1404 1403
f 1678 1658 1642 1657
f 1677 1657 1641 2561
f 2074 1112 681 683
f 1112 686 681 683
f 2085 2086 2268 707
f 708 707 1071 1072
f 707 708 710 1072
f 1071 2085 2268 707
f 623 341 1904 343
f 346 341 624 343
f 1189 383 1924 1925
f 1189 388 386 383
f 1167 1158 1319 1155
f 2392 2310 1167 1155
f 500 528 512 503
f 1984 527 1987 500
f 1467 1269 1125 1468
f 1125 2466 1269 1467
f 2495 1553 1173 2509
f 1173 1525 1554 1553
f 19 361 1258 362
f 1257 1741 1913 361
f 1994 521 1962 1993
f 521 459 523 522
f 2528 1415 2182 2440
f 1415 1593 896 1417
f 1713 1711 1597 1714
f 1711 2589 1713 1597
f 713 2091 714 1111
f 1114 714 713 717
f 583 551 615 548
f 615 2008 2023 548
f 1556 1004 1520 1555
f 2510 1555 1519 2234
f 719 398 399 395
f 2092 395 396 1930
f 193 183 190 1200
f 181 190 1199 1829
f 2493 1375 2420 1385
f 1376 1524 1387 1375
f 1553 2495 1173 1525
f 1525 1554 1526 1173
f 1512 1371 1006 1511
f 1371 1006 1511 2488
f 1171 595 1376 1375
f 595 1171 2420 1375
f 2156 2354 2454 1243
f 2454 1441 2156 1243
f 1246 850 1443 1441
f 1246 847 1441 1243
f 1261 2363 1497 1285
f 1497 1261 1288 1264
f 2127 2285 786 1775
f 789 85 786 1105
f 1206 1210 1013 1011
f 1205 2238 1207 1011
f 2335 1207 2238 2336
f 1207 1011 1210 1205
f 2030 597 596 2031
f 596 595 600 597
f 2595 1485 2590 2475
f 1488 1485 1715 1726
f 2162 2546 1627 857
f 858 860 859 1627
f 2162 1627 858 857
f 1628 859 860 1627
f 1246 1433 861 1243
f 2163 1243 1433 2354
f 1101 181 135 1800
f 136 181 135 1102
f 753 538 344 540
f 538 341 2001 751
f 2465 1922 1936 1465
f 379 407 1465 1466
f 1211 1014 1210 1012
f 2239 1012 1208 2336
f 2296 1081 1921 2273
f 1081 1127 374 1082
f 1683 2582 2584 1699
f 1704 1683 1700 1685
f 1700 1699 1683 1704
f 2582 2584 2575 1683
f 146 225 149 632
f 1807 1845 146 2047
f 2457 1537 1049 1449
f 1450 1049 1537 1449
f 1966 1627 464 463
f 1628 466 467 464
f 1504 809 813 1503
f 809 2484 2139 1503
f 1952 30 2460 439
f 440 1455 30 439
f 1440 985 1439 1436
f 2225 1436 1437 2452
f 2141 2010 815 2140
f 661 663 662 2065
f 662 666 664 665
f 2065 2063 661 2064
f 663 662 664 661
f 1465 1922 1936 379
f 1466 379 407 381
f 2565 1665 1675 1663
f 1665 1676 1666 1668
f 2198 1358 674 931
f 1360 674 931 934
f 1297 1120 1296 1119
f 2292 1295 1119 2381
f 1447 1538 1445 1648
f 1445 2501 2455 2556
f 1537 1445 1647 2556
f 1648 1537 1445 1647
f 361 1258 1479 1257
f 1913 2472 2361 1257
f 820 822 824 819
f 2142 819 820 2143
f 2391 2155 1334 845
f 1336 846 1317 845
f 1416 895 2442 1420
f 898 1422 1420 1418
f 1121 2293 2190 1629
f 1123 912 1629 1121
f 669 1034 667 672
f 669 2067 667 2249
f 190 194 1356 191
f 191 1829 1828 2410
f 2295 2466 2367 1269
f 2466 1125 1269 2295
f 1271 1128 1269 1468
f 1128 1125 1269 1468
f 2069 2281 1094 2287
f 673 1109 1094 1097
f 545 541 546 543
f 542 2004 2003 543
f 644 647 1523 645
f 2056 645 644 2494
f 1222 2344 2422 2421
f 1224 1222 1379 1377
f 1379 1378 1224 1377
f 2422 1377 1222 2421
f 78 80 1184 383
f 1772 78 2324 1924
f 37 2328 2168 1751
f 39 37 1191 872
f 556 835 817 555
f 555 2150 815 2010
f 817 555 835 815
f 2150 815 2010 2140
f 1590 1588 1592 1700
f 2526 2582 2529 1588
f 952 1299 1138 1301
f 1299 1137 2383 950
f 581 583 615 548
f 548 2023 615 581
f 159 162 152 572
f 1810 159 571 1812
f 2380 2300 1131 1134
f 1136 1296 1131 1134
f 1386 1551 971 968
f 968 1386 1551 2218
f 1223 1222 1221 1379
f 2343 1379 1222 2422
f 1224 1223 1380 1379
f 1222 1221 1379 2343
f 2319 1173 2515 2509
f 1566 1174 1554 1173
f 534 398 720 531
f 1998 395 531 2092
f 1360 674 1364 1358
f 674 2411 2416 1358
f 2373 1278 1349 1361
f 1281 1351 1278 1362
f 2041 596 2032 2029
f 620 596 593 599
f 701 2068 577 668
f 668 579 703 671
f 1015 1021 137 2240
f 137 1017 1021 1015
f 1024 138 1017 1021
f 2243 137 1021 2240
f 397 399 400 395
f 1931 397 1930 1932
f 2292 1941 2272 414
f 1079 417 1120 414
f 2549 2531 2588 1711
f 1633 1597 1711 1712
f 1035 127 128 1031
f 2250 127 1031 1796
f 1131 1295 2291 2380
f 1296 1131 1295 1117
f 2403 1177 1339 1304
f 1178 1339 1304 1341
f 394 402 389 392
f 391 1928 1927 402
f 389 391 402 394
f 1927 389 391 402
f 399 397 693 396
f 396 397 693 1932
f 1026 1020 1023 1016
f 2241 1025 1020 2244
f 1137 2118 1834 771
f 772 1137 206 771
f 1437 858 860 1535
f 858 1437 2162 1535
f 262 261 315 264
f 262 1890 261 1863
f 1054 1052 1049 1053
f 2257 1051 1049 2259
f 1050 2230 1051 995
f 995 998 1054 1053
f 786 625 1107 2045
f 626 1107 786 625
f 689 691 687 688
f 688 2077 2078 687
f 631 351 632 352
f 629 1908 630 351
f 2048 1908 2047 630
f 630 629 351 632
f 761 1939 414 2113
f 416 761 417 762
f 1040 2086 2268 2254
f 707 1040 1071 1043
f 975 2401 1343 1337
f 975 1343 1338 1337
f 1343 1338 978 975
f 2401 2404 2220 975
f 573 1953 2019 1954
f 444 575 446 573
f 446 441 573 443
f 443 1953 573 1954
f 904 917 2195 925
f 925 904 917 927
f 927 904 917 906
f 917 2195 2185 904
f 1047 892 891 849
f 1047 2178 2157 849
f 852 892 1048 849
f 2178 1047 891 849
f 994 260 993 258
f 2231 2229 1861 993
f 997 993 260 996
f 1861 258 2231 993
f 1253 368 2359 367
f 367 1253 368 371
f 371 367 1253 1254
f 368 1918 2359 367
f 509 532 535 815
f 815 509 532 2000
f 1825 2496 651 2058
f 1528 654 188 651
f 1528 188 186 651
f 1527 651 186 1825
f 928 1266 926 1265
f 928 1268 1266 1267
f 1266 2196 926 1265
f 2366 1266 2196 2365
f 838 1307 1193 2329
f 1307 1194 841 1193
f 522 513 521 510
f 521 522 510 1989
f 1005 2418 2237 1372
f 1372 2237 1005 1006
f 1372 1008 1009 1006
f 1374 1008 1009 1372
f 2304 1143 499 1147
f 499 1143 1145 1147
f 1344 1305 976 979
f 2385 2404 976 2222
f 2385 976 1343 1303
f 976 1305 1344 1303
f 1437 2452 2451 2225
f 985 1437 1436 1440
f 2469 2364 1260 1476
f 1260 2469 1476 1473
f 1263 1260 1476 1474
f 1473 1476 1260 1474
f 86 772 89 771
f 2118 86 89 771
f 2114 1137 763 2118
f 764 772 763 1138
f 711 225 632 712
f 1845 2047 2088 711
f 2363 2375 1497 1285
f 1497 1261 1285 1288
f 2580 1693 2578 1692
f 1694 1692 1693 1695
f 1453 2536 2459 1601
f 1453 1454 1607 1601
f 2123 415 802 781
f 781 418 804 782
f 1917 1963 82 369
f 515 40 809 812
f 2137 1752 515 1990
f 40 515 516 812
f 1752 515 809 2137
f 461 82 1963 369
f 369 461 84 372
f 372 461 84 462
f 2149 529 1754 830
f 833 44 530 529
f 529 2149 1754 1997
f 529 833 44 830
f 78 383 2072 679
f 383 78 2072 1924
f 383 78 680 679
f 283 287 10 1876
f 1876 10 283 1874
f 953 2209 1756 2009
f 2020 1787 887 2176
f 110 888 576 574
f 887 574 108 2020
f 108 888 574 887
f 516 515 39 872
f 515 1751 2168 1990
f 12 284 289 283
f 287 12 289 283
f 75 359 358 360
f 680 386 80 383
f 359 76 903 905
f 182 4 257 184
f 1824 1862 257 1734
f 259 257 4 184
f 2 182 257 1824
f 903 2184 74 359
f 955 553 46 554
f 553 955 46 953
f 953 46 553 2009
f 2168 37 515 871
f 515 871 37 872
f 76 359 360 905
f 81 461 431 462
f 1963 1948 81 461
f 462 431 81 434
f 461 1948 81 431
f 11 284 333 334
f 1912 74 2184 359
f 73 1912 1910 359
f 73 359 355 358
f 359 1910 73 355
f 9 283 1899 333
f 11 284 283 333
f 9 1874 1899 283
f 89 207 91 204
f 1836 89 91 204
f 1325 969 1326 619
f 2217 2042 1325 2395
f 186 1617 1424 2541
f 1619 1427 188 1617
f 2390 2142 819 2151
f 837 2390 819 2151
f 819 840 822 1316
f 819 840 1316 837
f 1806 147 170 1805
f 150 145 173 147
f 2123 802 1940 2134
f 804 802 415 781
f 956 1167 1320 1319
f 954 2392 1167 1319
f 954 2316 2392 2210
f 1167 956 954 1319
f 2551 1508 2309 1637
f 1638 1151 1508 1637
f 1384 1219 969 1382
f 2217 1382 2342 2424
f 1900 455 479 1960
f 335 458 479 455
f 883 1213 2339 2631
f 30 1947 1455 429
f 32 429 1456 432
f 1473 18 1911 354
f 20 354 1473 357
f 830 2391 1317 845
f 1318 833 1317 846
f 1834 2118 204 771
f 206 204 772 771
f 204 207 206 772
f 204 1836 2118 1834
f 1013 1014 588 1011
f 1011 1012 2025 2238
f 1424 2445 1527 2446
f 1428 1528 1427 1424
f 1564 1643 1561 1562
f 1643 1561 1562 2514
f 188 161 1619 1617
f 186 158 2541 1813
f 161 186 158 1617
f 1617 186 158 2541
f 713 1099 2089 1112
f 1112 713 1099 716
f 373 1253 367 1254
f 2359 373 1253 367
f 852 1048 1049 849
f 2157 1049 1047 849
f 917 927 928 925
f 926 2195 917 925
f 995 2229 2231 993
f 993 997 995 996
f 443 1953 1954 1955
f 445 443 441 446
f 1479 1473 1260 1474
f 1473 2472 1260 2469
f 2364 2472 2469 1260
f 1260 1263 1480 1474
f 1235 1455 1236 1239
f 1235 2460 2352 1455
f 1455 2352 1235 1236
f 1456 1455 1238 1239
f 1353 993 996 933
f 2229 1353 930 993
f 1427 186 188 1617
f 2446 186 2541 1825
f 500 512 509 514
f 511 509 500 1987
f 894 1447 893 1446
f 2179 1445 1446 893
f 1447 894 1448 1446
f 2455 2179 1446 2456
f 1344 1343 976 1303
f 2404 976 1343 2385
f 212 403 319 406
f 1837 1934 1892 403
f 1677 2553 2571 2561
f 1641 1678 1657 1677
f 506 1204 36 1203
f 1750 1985 1203 2334
f 17 1258 361 1257
f 17 1741 1257 361
f 1913 2361 1741 1257
f 361 19 1258 17
f 824 470 864 821
f 595 1208 1376 1375
f 2338 1375 595 2420
f 884 588 1214 1213
f 2130 941 950 795
f 798 952 941 795
f 161 188 186 1617
f 1813 2541 186 1825
f 104 1017 1015 1016
f 1016 1015 104 2240
f 1261 2363 2364 1259
f 1259 1260 1261 1264
f 1420 1421 1422 898
f 895 1419 2442 1420
f 980 978 856 975
f 2221 2160 2220 975
f 1718 1447 1445 1452
f 1717 1445 2455 2458
f 1242 1420 1422 2615
f 1011 1012 586 2025
f 588 1011 1012 586
f 777 728 791 2644
f 2098 2121 2128 2644
f 778 731 792 2643
f 791 728 777 2643
f 455 459 458 521
f 455 1960 1962 1993
f 1041 29 1747 1237
f 31 1041 1237 29
f 2112 777 2111 757
f 756 760 777 757
f 1042 1240 1237 1239
f 1237 2252 2352 2351
f 1062 1475 1909 353
f 353 1062 1475 356
f 1235 2352 2351 1237
f 1238 1237 1240 1239
f 518 519 526 525
f 1995 518 525 1991
f 748 2045 69 2107
f 750 69 748 626
f 2045 748 69 625
f 625 748 69 626
f 1161 699 1164 696
f 2082 696 1161 2314
f 106 1018 1017 1016
f 2241 2240 1016 1785
f 1895 435 277 323
f 271 1975 1855 485
f 488 271 245 485
f 1585 1833 2525 2629
f 1005 2235 2210 2392
f 1008 956 1320 1005
f 2172 2169 2179 873
f 893 874 879 873
f 1196 867 1195 1197
f 518 519 482 520
f 1991 518 1973 1992
f 1361 1278 1349 1362
f 2408 2413 2373 1361
f 1079 761 2272 1087
f 1079 762 1087 1080
f 1617 1619 664 663
f 2541 661 2064 1617
f 1299 1138 1137 950
f 2301 2383 1137 950
f 2399 1317 1334 1333
f 1336 1333 1317 1335
f 2482 1483 1501 1499
f 1500 1501 1483 1499
f 1178 832 826 825
f 2321 2145 2147 825
f 512 527 500 509
f 1987 500 527 509
f 528 500 512 527
f 527 1984 1987 1996
f 596 2030 883 595
f 598 599 884 595
f 756 2112 2302 755
f 1140 756 758 759
f 1966 464 1627 857
f 464 1628 859 467
f 1677 2550 2548 1632
f 1632 1677 1678 1631
f 2550 1677 2548 2571
f 1632 1634 1678 1635
f 1465 1468 1466 2618
f 1438 1436 1451 1435
f 2450 2458 2452 1435
f 2508 1551 1386 2218
f 971 1388 1552 1551
f 614 888 109 611
f 2038 887 611 1786
f 689 553 45 2077
f 47 689 692 554
f 571 1812 159 157
f 159 160 162 572
f 2565 2566 1664 1663
f 1664 1665 2565 1663
f 1666 1664 1668 1667
f 1666 1665 1668 1664
f 1254 1458 1066 1460
f 2267 2359 2461 1458
f 830 1317 846 845
f 830 2155 2391 845
f 397 396 395 1930
f 398 400 399 395
f 527 509 815 2140
f 527 509 817 815
f 482 639 481 808
f 807 639 808 481
f 1973 2136 481 2052
f 807 481 2136 2052
f 1291 926 1289 1292
f 2377 2378 2196 1289
f 728 791 1091 2643
f 1092 792 731 2643
f 2098 2128 2278 2644
f 728 1091 791 2644
f 177 568 475 180
f 1970 177 1821 2016
f 1589 1699 1588 1700
f 1699 2582 2527 1588
f 439 31 30 440
f 1952 29 30 439
f 1701 1457 2463 1461
f 1459 1462 1461 1702
f 1330 967 1559 1327
f 2512 1327 2216 2396
f 1771 288 2072 1877
f 77 290 680 288
f 529 41 826 825
f 1997 2145 41 825
f 2352 2442 1039 1236
f 1271 1270 1259 1272
f 1259 2367 2368 1270
f 1259 1262 1271 1272
f 2368 2362 2367 1259
f 407 1466 381 408
f 407 1465 1936 379
f 1029 573 611 2038
f 573 611 614 1029
f 1901 1937 251 1858
f 251 411 339 254
f 2263 2471 1062 1061
f 1062 1477 1064 1063
f 909 2275 2464 2187
f 909 1464 1083 910
f 475 507 491 1978
f 507 476 475 491
f 507 475 1970 1978
f 492 476 507 491
f 1512 1371 1324 1373
f 1371 2488 2394 2419
f 1786 2038 887 2176
f 45 553 689 554
f 2009 45 553 2077
f 888 107 611 887
f 226 743 744 726
f 743 2094 1844 2104
f 1208 2338 2339 2239
f 1012 1211 1214 1208
f 101 99 1184 853
f 99 2324 853 1782
f 1633 1636 1600 1712
f 1597 1711 2549 1633
f 783 797 800 941
f 783 800 942 941
f 783 2203 2131 941
f 2131 797 783 941
f 2578 1692 1691 1126
f 1692 1691 1126 1694
f 1693 2580 2578 2579
f 1693 1696 1694 1695
f 1121 1491 1687 1492
f 2478 1121 1491 1687
f 1145 502 499 1147
f 1982 1147 2304 499
f 1951 2267 2438 1408
f 437 1411 1069 1408
f 2055 2054 1001 2233
f 1003 643 1001 645
f 1419 2442 1241 2443
f 1419 1242 1420 1421
f 680 77 288 679
f 2072 288 77 679
f 826 530 41 529
f 529 1997 41 825
f 342 1905 341 343
f 343 341 342 345
f 2314 696 1161 1162
f 1161 696 1164 1162
f 699 1161 1164 1163
f 2314 1161 2082 2313
f 10 1876 1738 1874
f 287 10 12 283
f 461 84 82 369
f 1774 1963 82 1917
f 515 809 38 1752
f 38 40 809 515
f 529 42 1754 830
f 44 42 529 830
f 680 80 78 383
f 2072 78 1772 1924
f 888 108 574 110
f 1787 887 108 2020
f 1963 81 1948 1773
f 462 81 83 434
f 74 1912 2184 1770
f 74 76 903 359
f 1824 257 2 1734
f 4 182 257 2
f 48 46 554 955
f 46 953 1756 2009
f 73 1912 1769 1910
f 359 75 358 73
f 37 39 515 872
f 1751 515 2168 37
f 283 9 11 333
f 1874 9 1899 1737
f 341 1903 2001 751
f 751 538 341 344
f 1387 971 1326 968
f 1325 2218 1385 968
f 1011 2025 1985 2238
f 588 1011 506 1013
f 1143 1312 499 1145
f 2304 499 1143 2388
f 674 2198 2071 2411
f 674 1360 677 934
f 870 1195 867 868
f 868 2166 2167 1195
f 1713 2572 1680 1679
f 1680 1679 1681 1714
f 1679 1680 1713 1714
f 2572 1713 1680 2589
f 1428 1527 1424 1425
f 2445 1424 1527 1425
f 1528 1428 1527 1424
f 2496 1527 2445 2446
f 1685 1684 1668 1686
f 2574 1665 1683 1684
f 1101 135 181 1102
f 183 181 136 1102
f 181 1101 1823 1800
f 1800 1101 1823 2283
f 2367 1259 1269 1270
f 1270 1271 1259 1269
f 1201 2370 2371 2333
f 1202 1201 1275 1280
f 1207 1210 1324 1205
f 2336 1207 1323 2335
f 834 1317 830 831
f 830 1317 2148 831
f 931 1357 2198 1358
f 315 261 316 319
f 315 316 261 1892
f 2126 935 785 787
f 787 938 785 790
f 343 340 255 338
f 1860 1902 343 338
f 562 484 235 561
f 561 1976 235 2013
f 238 487 484 562
f 561 1976 484 235
f 2091 714 1094 1109
f 717 1109 1097 714
f 2488 1371 1006 2419
f 1373 1512 1371 1006
f 1011 588 506 586
f 586 1011 1985 505
f 2025 1011 1985 586
f 586 506 1011 505
f 1067 2267 1458 1066
f 1070 1069 1066 1460
f 779 2096 2124 2122
f 779 784 727 780
f 784 779 727 783
f 2124 727 779 783
f 2549 2588 2563 1661
f 1661 1636 1712 1662
f 1315 2390 819 837
f 819 1316 1315 837
f 925 2378 926 2195
f 925 1294 927 928
f 167 164 168 269
f 164 1815 1867 1816
f 2118 2114 1137 2301
f 772 1137 763 1138
f 1031 2250 1796 2248
f 128 1032 1035 1031
f 128 1032 1036 1035
f 127 2250 1031 1035
f 559 504 641 560
f 1983 559 641 2012
f 655 2100 909 2060
f 655 735 656 909
f 1363 2416 1365 1364
f 1363 1368 1364 1365
f 1366 1364 1368 1367
f 2415 2414 2416 1365
f 1995 1960 455 1993
f 521 526 458 455
f 1343 1338 1344 978
f 1343 2404 2401 975
f 1322 1507 1508 1321
f 1507 2393 1508 1321
f 1113 1111 1112 1114
f 1111 2288 1113 1112
f 760 755 203 757
f 2111 203 2110 757
f 796 2620 797 2643
f 732 731 730 2643
f 727 728 729 2643
f 729 728 727 2644
f 2097 2096 2098 2644
f 2146 695 693 827
f 698 828 694 827
f 1113 1095 1278 2373
f 1281 1113 1098 1278
f 312 304 300 1886
f 1889 1886 300 1883
f 302 312 304 300
f 307 312 304 302
f 1001 2054 643 2234
f 1002 1003 646 643
f 2407 2332 2229 1350
f 993 1350 1200 1352
f 1835 2110 203 755
f 755 206 208 758
f 2486 1541 1508 2503
f 1542 1507 1541 1508
f 164 1816 1867 1866
f 167 270 164 269
f 1701 1696 1690 1702
f 2579 2577 2583 1701
f 2373 2371 1278 1279
f 1278 1279 1277 1281
f 1173 1521 645 2494
f 509 2140 2000 815
f 817 509 535 815
f 1390 1389 1391 2429
f 1392 1394 1393 1390
f 2121 791 2128 2644
f 791 777 792 2643
f 59 57 603 604
f 57 2034 1761 2033
f 1382 2342 2423 1219
f 1381 1220 1384 1219
f 1446 2179 2172 2456
f 1448 894 879 1446
f 893 2179 879 1446
f 893 879 894 1446
f 145 147 150 149
f 147 1806 1807 1805
f 1613 1652 1656 1651
f 2539 1651 2560 2558
f 1274 1494 1708 1496
f 1273 1494 1707 1708
f 2586 2369 2480 1707
f 1707 2369 2480 1494
f 1630 1720 1719 1728
f 2592 1727 1629 1719
f 373 370 376 1254
f 1916 1919 2359 373
f 1049 1052 1048 852
f 2257 1049 1047 2157
f 917 2196 2195 926
f 917 925 928 926
f 2231 2230 2229 995
f 996 997 995 998
f 443 445 441 442
f 1953 443 442 1955
f 1191 988 1192 872
f 2168 1191 987 2328
f 1193 2138 2168 2329
f 871 1193 1194 811
f 2166 2330 2167 1195
f 1195 870 867 1196
f 595 1172 600 1171
f 597 2318 2030 1171
f 1259 1263 1262 1272
f 2368 1260 1259 1270
f 2364 2362 2368 1259
f 1260 1259 1270 1272
f 1008 1010 1009 1007
f 1006 2236 1005 1007
f 2237 1005 2236 2235
f 1006 1005 1008 1007
f 2110 2302 2112 755
f 755 1140 756 758
f 2302 756 755 1139
f 1140 755 756 1139
f 511 500 1983 1988
f 500 504 514 511
f 1174 966 1526 1173
f 2495 1173 2215 2319
f 750 71 69 626
f 69 2045 1767 2107
f 2279 2281 1094 2069
f 1096 673 1094 1097
f 175 549 1986 1820
f 552 178 175 508
f 2144 2142 820 2143
f 822 820 824 823
f 1236 1039 1237 1239
f 1039 1237 2352 1236
f 1237 31 439 1240
f 1747 1952 2351 1237
f 2408 1349 2371 2410
f 1277 1355 1349 1351
f 1355 1349 2371 1277
f 1277 1356 1351 1280
f 951 203 1137 949
f 1137 1834 2207 949
f 1237 1235 2352 1236
f 1236 1237 1235 1239
f 1358 2198 674 2411
f 1358 674 931 1360
f 842 1198 1148 839
f 2331 2152 1147 839
f 508 175 552 507
f 507 175 549 1986
f 1540 1210 1324 1539
f 1539 2502 2336 2394
f 2494 1522 1385 1521
f 1387 1521 1522 1523
f 1423 1833 2552 2444
f 1640 1426 201 1423
f 188 185 186 649
f 649 185 186 1825
f 936 1135 1136 1134
f 2300 1133 936 1134
f 2289 1113 2373 2280
f 1113 1281 1098 1116
f 1126 1127 1125 1130
f 2297 2296 2295 1127
f 272 273 276 335
f 336 275 276 335
f 335 272 273 1900
f 1869 272 1900 273
f 2311 2399 1157 2499
f 1160 1534 1157 1335
f 321 313 314 311
f 1888 312 311 1893
f 841 840 839 837
f 2153 837 2152 2151
f 666 664 1619 663
f 1617 663 661 2064
f 205 203 208 755
f 1835 203 2110 1834
f 1835 203 205 755
f 203 206 208 755
f 1214 1012 588 1014
f 2025 1012 1213 2239
f 107 888 611 109
f 887 107 611 1786
f 2077 2009 45 1755
f 689 47 45 554
f 1005 956 1320 1319
f 1005 2392 954 1319
f 2392 2210 1005 954
f 956 1005 954 1319
f 792 1091 791 2643
f 791 2278 2128 2644
f 2482 1501 1483 2483
f 1502 1501 1483 1500
f 1925 383 384 385
f 383 388 387 385
f 1119 1079 1120 414
f 1119 2292 2272 414
f 163 164 165 168
f 165 164 163 1815
f 781 769 739 782
f 767 2101 2123 781
f 781 767 737 739
f 2101 767 737 781
f 847 1246 861 1243
f 2156 2163 2354 1243
f 676 673 1109 992
f 1109 2069 2228 673
f 947 783 948 941
f 2203 947 783 2206
f 394 406 402 405
f 1934 1928 402 1935
f 2259 1051 1049 1050
f 1051 2257 2258 2259
f 1051 1049 1050 1053
f 1049 1051 1054 1053
f 1051 1050 995 1053
f 1054 1051 995 1053
f 2230 1051 2258 2259
f 2230 1050 1051 2259
f 1657 1656 1652 1651
f 1657 1651 2558 2560
f 1067 1065 2265 1066
f 1070 1065 1066 1068
f 2275 909 2464 1083
f 1083 910 1464 1085
f 290 77 680 79
f 288 1771 2072 77
f 41 43 530 826
f 41 2145 1997 1753
f 809 2145 2484 825
f 1504 826 809 825
f 415 2123 802 1940
f 418 781 804 415
f 1397 1568 446 443
f 1954 443 1567 2431
f 1173 2511 2494 2319
f 1145 1312 499 502
f 2304 1982 499 2388
f 151 152 155 331
f 151 152 331 1810
f 371 431 434 1058
f 1948 368 1057 431
f 830 834 832 833
f 2148 830 829 2149
f 904 355 358 1064
f 1062 1910 904 355
f 541 856 1150 544
f 1149 541 2003 855
f 1726 1488 1485 1708
f 2586 2595 2475 1485
f 2069 2070 2228 673
f 676 675 673 992
f 1216 2341 2039 1765
f 610 65 613 1216
f 1218 613 65 1216
f 1216 610 65 2039
f 455 1900 1942 1960
f 458 335 419 455
f 618 1020 1025 2244
f 1020 621 1026 1023
f 312 311 321 314
f 312 1888 1889 1893
f 1248 983 1432 1245
f 983 2355 1431 1245
f 808 467 640 464
f 639 1966 807 464
f 1391 1569 1229 2347
f 1569 1229 1231 1391
f 1295 2380 2474 2381
f 1296 1297 1295 1484
f 2236 1005 2392 2235
f 2236 1005 1007 2392
f 1320 1005 1007 1008
f 1008 1320 1010 1007
f 1139 1140 755 943
f 755 2204 2302 1139
f 2110 2204 2302 755
f 755 758 945 1140
f 2145 2321 2484 825
f 1504 1178 826 825
f 1324 1207 1205 1323
f 1323 2336 2335 2394
f 2579 1723 2476 1693
f 1487 1693 1723 1696
f 779 2116 768 2608
f 941 2130 950 2203
f 952 942 798 941
f 528 512 817 527
f 527 1987 2140 1996
f 527 1987 509 2140
f 509 817 512 527
f 2579 1723 2594 2476
f 1723 1487 1696 1724
f 1490 1696 1487 1724
f 1723 2476 1693 1487
f 1895 435 1950 277
f 271 245 485 1855
f 245 248 274 488
f 1242 1071 1043 1072
f 2268 1040 2353 1071
f 1465 1467 1468 2618
f 146 225 221 149
f 1843 1845 146 1807
f 261 263 264 2601
f 704 1242 1413 1414
f 2439 2084 2353 1413
f 1171 1325 597 2395
f 1326 1171 1325 597
f 760 203 951 949
f 1834 2111 2207 949
f 1297 1289 1483 1484
f 2474 1483 2381 1289
f 1323 2336 1539 1207
f 1539 1210 1324 1207
f 698 694 695 827
f 695 2146 693 2080
f 2145 809 2484 2137
f 809 812 826 1504
f 1440 1536 985 1437
f 2225 1437 2500 2451
f 1140 945 755 943
f 755 2204 1139 943
f 911 2467 1469 1284
f 1470 1469 1287 914
f 2547 2596 2481 1727
f 1727 1497 1629 1728
f 884 586 1213 883
f 1629 916 915 1630
f 2189 2190 2547 1629
f 916 912 1629 915
f 912 2189 1629 2190
f 85 86 763 764
f 763 86 85 2114
f 2116 923 779 768
f 923 779 768 770
f 254 311 305 308
f 1888 1858 305 1885
f 648 647 643 645
f 645 2055 2056 2054
f 1776 1775 86 2114
f 87 88 86 764
f 1362 1278 1281 1098
f 2373 1095 1278 1361
f 384 383 387 385
f 384 1924 1925 1926
f 254 315 411 318
f 1890 251 315 409
f 251 1890 1937 409
f 409 251 315 411
f 751 623 2099 734
f 734 751 623 736
f 323 277 279 325
f 279 277 282 325
f 279 277 323 1895
f 1871 1895 279 1872
f 693 1932 2079 2093
f 693 399 721 694
f 2174 883 2339 2631
f 1568 445 446 443
f 1567 443 1954 1955
f 796 798 951 799
f 2132 795 949 796
f 1421 1242 1420 1422
f 681 684 686 1115
f 2073 2074 2290 681
f 824 1316 472 1315
f 2390 2143 1967 1315
f 1010 1542 1007 1508
f 2487 2236 2503 1007
f 1547 1561 1548 1545
f 1561 1547 1548 1563
f 2513 2506 1561 2505
f 1546 1545 1561 2505
f 2359 2267 1253 1458
f 1253 1458 1066 1254
f 2333 1201 191 2371
f 1201 194 1280 1202
f 976 1342 1341 1340
f 2222 2403 2402 1340
f 1026 1020 1016 1025
f 2244 2241 1025 2245
f 332 151 155 331
f 1810 331 151 1898
f 2421 609 1029 1377
f 1030 612 1378 1377
f 613 65 67 1218
f 2039 65 1216 1765
f 628 156 154 627
f 1809 1808 151 2046
f 1809 151 627 2046
f 151 154 156 627
f 2339 2025 1213 2239
f 1012 1214 588 1213
f 1349 1355 2371 2410
f 1355 1277 1356 1351
f 1333 2323 1181 1533
f 1182 1533 1333 1181
f 457 459 455 456
f 456 455 1961 1962
f 2426 2508 1386 2218
f 1551 971 1388 1386
f 1845 222 1844 1843
f 223 226 224 225
f 221 225 222 223
f 221 223 222 1844
f 2378 2195 2196 926
f 926 1294 925 928
f 862 289 892 861
f 2178 861 287 2163
f 1529 1336 691 1530
f 688 2497 1334 1529
f 1336 1529 691 1334
f 1334 2400 2497 688
f 445 1572 1624 442
f 1572 1624 442 1955
f 2380 1131 1295 1134
f 1296 1295 1131 1134
f 173 171 240 170
f 170 171 1852 1819
f 1135 1075 940 1077
f 2270 2299 1075 2201
f 1493 392 1273 389
f 389 2369 2479 1927
f 2474 2482 1483 2483
f 1484 1502 1483 1500
f 2441 2180 2442 895
f 898 1420 895 1418
f 2089 715 2135 713
f 715 805 713 806
f 713 716 718 806
f 2135 715 805 713
f 2431 1329 1396 2397
f 1396 1395 1332 1329
f 1398 1395 1332 1396
f 2430 2431 1396 2397
f 2502 1731 2337 2598
f 1540 1732 1209 1731
f 182 1823 1824 1733
f 181 3 182 184
f 743 2094 2104 723
f 743 723 744 726
f 1198 869 1196 867
f 1330 970 1560 1559
f 2216 1559 1327 2512
f 2160 2221 2307 855
f 980 856 1150 855
f 1494 1726 1708 1496
f 2595 2586 2480 1707
f 1707 2480 1725 1494
f 1726 1707 1494 1708
f 2179 2172 873 879
f 879 894 880 874
f 403 1928 402 1934
f 403 402 391 406
f 2127 1107 2045 786
f 1108 626 786 789
f 1513 1540 1511 1539
f 1511 1513 1539 2502
f 509 817 535 512
f 2140 509 2000 1987
f 1908 629 630 2048
f 631 351 629 632
f 1237 1044 31 1240
f 1041 1747 2351 1237
f 2109 2044 2099 751
f 624 736 751 753
f 711 252 1860 343
f 252 255 343 712
f 784 800 942 783
f 2131 2124 2203 783
f 499 559 502 501
f 1982 559 499 1983
f 1062 1477 356 1064
f 2471 1909 2263 1062
f 1729 2598 2492 2597
f 1732 1520 1730 1729
f 810 1307 1303 2386
f 810 1307 1308 1303
f 1640 1423 1428 1426
f 1423 2552 2445 2444
f 550 693 397 547
f 693 397 547 2006
f 847 1246 1441 850
f 847 2156 1441 1243
f 1188 870 823 1186
f 2326 2144 2167 1186
f 977 976 2222 1340
f 979 976 977 1342
f 86 2118 89 1776
f 86 772 88 89
f 88 90 89 772
f 1777 1776 89 2118
f 273 271 488 485
f 485 273 271 1975
f 1997 2147 2145 825
f 529 826 832 825
f 288 287 290 1433
f 287 288 1877 2449
f 2095 2001 2002 538
f 2002 538 537 723
f 723 538 537 540
f 540 537 723 539
f 553 954 2077 689
f 689 956 692 554
f 611 888 573 614
f 573 2038 887 611
f 91 207 90 93
f 1836 91 1777 1778
f 89 1836 91 1777
f 207 89 91 90
f 2292 801 1295 2133
f 801 1295 803 1119
f 2164 853 470 863
f 853 864 470 863
f 2596 2547 2592 1727
f 1727 1629 1719 1728
f 1839 211 210 1669
f 213 211 1669 210
f 1983 1982 559 2012
f 504 502 560 559
f 829 529 2149 830
f 530 832 833 529
f 529 2149 1997 829
f 529 832 833 830
f 1948 461 368 431
f 431 462 371 434
f 1963 368 1948 461
f 461 371 431 462
f 573 2020 574 887
f 573 574 888 887
f 2019 2020 887 2176
f 888 575 576 574
f 2137 515 809 2138
f 814 516 515 812
f 2138 2137 515 1990
f 814 515 809 812
f 371 461 369 372
f 1963 1917 368 369
f 257 258 182 184
f 1862 258 1824 257
f 258 257 259 184
f 182 258 257 1824
f 372 371 461 462
f 461 1963 368 369
f 289 287 283 891
f 1876 283 287 2178
f 892 283 289 284
f 1874 283 1876 2178
f 359 904 1910 355
f 359 358 904 355
f 1910 1912 904 359
f 358 359 904 360
f 2184 903 904 359
f 903 904 359 905
f 515 2168 871 811
f 814 871 515 872
f 553 956 554 955
f 2009 553 953 954
f 553 955 953 954
f 953 2209 2009 954
f 2138 515 2168 1990
f 872 515 814 516
f 904 1912 2184 359
f 360 904 905 359
f 334 284 333 892
f 333 283 1899 891
f 598 600 599 595
f 597 596 595 2030
f 1874 1899 283 2178
f 333 284 283 892
f 2204 1139 227 2302
f 1139 230 1140 943
f 227 2204 2302 1846
f 1139 227 230 943
f 1931 693 397 1932
f 397 399 693 400
f 58 604 579 602
f 602 2021 58 2034
f 54 587 590 585
f 2029 1760 585 2026
f 106 592 1018 1016
f 2241 589 1785 1016
f 2381 1483 1295 1297
f 1296 1298 1297 1484
f 1207 1324 1539 1323
f 2336 1323 1539 2394
f 2196 1483 1289 926
f 926 1292 928 1484
f 644 1523 1521 645
f 1521 644 645 2494
f 552 548 195 551
f 2008 548 195 549
f 2196 2366 1501 1265
f 1502 1267 928 1265
f 2130 2207 2132 795
f 798 796 951 795
f 2044 1903 1904 623
f 341 623 624 343
f 596 620 593 617
f 2041 617 596 2029
f 701 668 577 703
f 701 2068 2083 577
f 1095 2373 2413 1361
f 1095 1278 1361 1362
f 2448 1431 2224 2355
f 983 1431 1432 1245
f 2045 69 70 625
f 69 626 70 625
f 2497 2400 2078 688
f 688 1334 691 1529
f 888 611 573 887
f 2038 2019 887 2176
f 956 689 553 554
f 2009 954 2077 553
f 644 643 647 645
f 644 645 2056 2054
f 2105 793 901 745
f 1191 2168 987 871
f 988 1191 871 872
f 530 826 832 529
f 825 529 1997 829
f 1353 934 1354 2622
f 2251 2086 112 1037
f 1038 1037 114 710
f 663 664 1617 661
f 661 2541 2064 2063
f 1127 1125 2297 1126
f 1128 1126 1130 1129
f 2449 1877 287 1876
f 287 289 290 1434
f 1330 1328 1381 1327
f 1327 2423 2396 2398
f 1502 1267 1075 1077
f 2270 1075 1501 1265
f 230 945 1140 943
f 1139 2204 227 943
f 2592 1723 1719 1687
f 1720 1688 1719 1724
f 2411 2198 2412 1358
f 987 124 2328 1191
f 126 1191 988 1192
f 662 886 153 885
f 886 153 156 665
f 817 843 1179 844
f 2322 843 815 2154
f 1179 2322 843 815
f 1179 817 844 1180
f 548 2008 2023 2024
f 551 583 584 548
f 1518 1322 1321 2637
f 388 1186 387 385
f 384 1925 385 1186
f 1326 969 1325 968
f 2218 2217 1325 2395
f 591 594 103 589
f 589 103 591 2028
f 2119 115 774 773
f 773 117 774 775
f 580 113 578 709
f 111 2087 2022 578
f 542 2004 2005 2003
f 542 541 545 543
f 1692 1694 1693 1691
f 2578 1692 1693 1691
f 727 729 730 2643
f 2097 727 2096 2644
f 1386 2494 1385 1521
f 1387 1523 1386 1521
f 1109 1094 2069 673
f 1097 673 1109 676
f 2541 158 2064 1813
f 1617 161 1619 663
f 1617 158 161 663
f 158 2541 2064 1617
f 204 89 207 772
f 89 204 2118 771
f 89 204 1836 2118
f 204 89 772 771
f 873 2171 2179 893
f 893 894 874 878
f 1419 898 1420 895
f 2180 1419 2442 895
f 2392 1005 1007 1319
f 1005 1320 1007 1319
f 705 707 1071 708
f 707 1071 2085 705
f 2267 2266 2265 1067
f 1065 1070 1066 1067
f 1729 1524 1730 1375
f 1729 2493 1375 2597
f 1588 1699 1592 1700
f 1699 1592 2582 1588
f 2189 912 1629 913
f 912 916 1629 913
f 2460 1947 30 1748
f 429 30 32 1456
f 1911 1742 18 1473
f 20 354 18 1473
f 951 1137 950 949
f 2301 2207 2208 950
f 1137 2207 950 949
f 952 951 1138 950
f 1523 1387 1524 1522
f 1522 2494 1385 2493
f 1521 1387 1522 1385
f 1385 2494 2425 2493
f 1775 85 86 2114
f 86 85 87 764
f 1928 403 402 391
f 406 402 391 394
f 262 261 264 2601
f 1242 1413 702 704
f 702 1241 2084 1413
f 506 36 34 1203
f 1985 1203 34 1750
f 355 356 353 2609
f 1794 469 987 1968
f 469 125 987 471
f 559 1983 641 501
f 504 559 641 501
f 276 271 488 273
f 1975 273 271 1869
f 267 169 164 1866
f 164 270 172 267
f 1241 1071 1040 1043
f 2268 1040 2254 2353
f 1910 353 1062 1909
f 356 1062 355 353
f 1306 1305 976 1304
f 976 2385 2384 1304
f 46 45 553 2009
f 45 46 553 554
f 3 4 182 184
f 1990 1752 515 1751
f 40 515 39 516
f 1824 2 182 1733
f 887 1787 1786 2176
f 359 75 76 360
f 888 107 887 108
f 1912 73 74 359
f 78 77 680 679
f 77 78 2072 679
f 284 12 11 283
f 10 9 283 1874
f 1963 81 82 461
f 245 271 278 1855
f 278 248 274 245
f 435 277 272 1950
f 1234 1403 1031 1233
f 2435 1233 2349 1031
f 72 786 85 70
f 85 1768 70 786
f 1731 1729 1209 2337
f 1732 1209 1730 1212
f 581 582 548 2023
f 582 583 581 548
f 181 182 1 1733
f 182 1 3 181
f 702 701 1072 703
f 2268 701 2084 2083
f 5 228 2205 944
f 944 7 228 946
f 1155 2551 2312 1637
f 1155 1156 1638 1637
f 1616 1678 1635 1615
f 1615 1677 1632 2540
f 1817 169 164 1819
f 164 170 169 172
f 2342 619 969 2217
f 969 1219 972 619
f 1423 1426 201 1585
f 1833 1423 1585 2444
f 443 1567 442 1955
f 1567 442 445 443
f 1049 2157 2457 1449
f 852 1049 1450 1449
f 855 856 835 975
f 2150 855 975 2160
f 1330 1332 1331 1328
f 2398 1329 1327 1328
f 191 190 189 1829
f 192 190 194 193
f 2376 2467 2188 1284
f 1287 911 1469 1284
f 2403 1339 831 1531
f 1532 1339 834 1341
f 1568 1397 1398 1395
f 1567 1395 1396 2431
f 868 2166 1195 867
f 870 1196 869 867
f 549 2006 547 397
f 549 2006 397 2007
f 397 552 550 547
f 547 397 552 549
f 1656 1616 1579 1615
f 1655 1615 1576 2540
f 2003 855 2150 2160
f 835 541 856 855
f 623 2044 1903 751
f 751 341 623 624
f 1243 2356 2355 1245
f 1248 1244 1243 1245
f 1126 1128 1130 1125
f 1125 2297 2295 1127
f 1659 1709 1660 661
f 2063 1659 1709 2562
f 794 349 215 350
f 793 1907 215 349
f 838 1143 1144 2305
f 841 1143 1145 1146
f 838 2304 1143 2305
f 1146 1143 1144 838
f 1408 1407 1236 1410
f 2436 1408 1407 1236
f 2583 1457 2463 1701
f 1461 1701 1459 1702
f 1137 2118 2301 1834
f 206 1137 772 1138
f 1570 1569 1429 2625
f 470 864 821 863
f 1455 2438 2352 1236
f 2460 2438 2352 1455
f 1456 1411 1455 1239
f 1236 1455 1408 1239
f 1223 1224 1222 1379
f 1222 2344 2343 2422
f 1714 1681 1680 1682
f 2573 2589 2572 1680
f 1455 1408 2438 1236
f 1411 1408 1455 1239
f 560 642 504 641
f 1983 2012 641 2053
f 1066 1069 1254 1460
f 1458 2267 1253 1066
f 385 1186 387 384
f 384 1925 1186 1926
f 30 1952 2460 1748
f 440 32 30 1456
f 195 1822 1830 1820
f 179 196 178 195
f 178 176 195 175
f 175 176 195 1820
f 1083 733 909 735
f 733 2275 909 2100
f 1154 1151 1152 1322
f 2308 1152 1151 1321
f 1154 1153 1151 1322
f 2308 1151 2309 1321
f 1531 2403 1339 1181
f 1341 1532 1339 1182
f 855 980 975 977
f 855 2221 977 975
f 1663 449 2564 896
f 1663 452 896 1666
f 55 54 53 587
f 1759 54 585 53
f 1760 585 1759 54
f 55 54 587 56
f 57 2034 58 1761
f 604 57 58 59
f 58 59 60 604
f 58 1761 2034 1762
f 858 2053 857 641
f 2162 857 2053 2161
f 859 642 858 857
f 857 642 858 641
f 644 1520 1729 647
f 2492 644 1729 2056
f 627 210 1669 2046
f 628 213 1669 627
f 349 224 223 350
f 221 223 1907 349
f 1961 456 491 457
f 459 460 492 457
f 2163 1433 287 2449
f 861 1434 287 1433
f 2296 2466 2295 1127
f 1468 1125 1127 1130
f 1144 1347 2389 1313
f 1144 1314 1348 1313
f 1649 199 1584 1582
f 1582 2557 199 2523
f 784 924 923 948
f 923 2124 2206 2194
f 2547 2293 2576 1629
f 1629 1123 1688 1630
f 658 35 506 660
f 1749 658 1985 2061
f 222 221 1844 1843
f 221 225 223 224
f 1189 288 1190 1244
f 288 1189 2327 1244
f 2236 1006 1005 2237
f 1006 1008 1009 1007
f 883 1213 595 2339
f 1213 884 595 1214
f 2069 2228 2287 1109
f 992 1109 676 1110
f 991 2070 675 673
f 678 675 676 992
f 1681 1494 1495 1496
f 2479 2572 2480 1494
f 911 2188 2467 1284
f 911 1287 1469 914
f 1585 1833 2444 2525
f 1426 1586 201 1585
f 592 1016 1026 1018
f 1016 589 1025 2241
f 534 531 532 522
f 1994 531 2000 1998
f 947 2203 783 941
f 783 942 948 941
f 595 1214 1208 1213
f 1208 595 1213 2339
f 1120 803 1296 1119
f 801 2292 1295 1119
f 889 671 579 668
f 577 668 2068 889
f 599 593 884 596
f 2032 596 883 2029
f 2393 2309 2487 1508
f 1508 1153 1510 1322
f 626 69 70 71
f 69 2045 70 1767
f 626 71 70 72
f 1767 2045 70 1768
f 1405 1032 1234 1403
f 2435 1233 1031 1403
f 2116 779 2194 2122
f 923 779 770 780
f 1508 2551 2309 2487
f 1638 1508 1153 1510
f 1932 1931 693 2079
f 694 399 400 693
f 689 2077 688 687
f 691 689 687 692
f 2291 2298 1131 2380
f 1132 1131 1296 1118
f 2201 1075 2270 2271
f 1077 1075 940 1076
f 1220 622 972 619
f 619 2342 2042 2217
f 2319 1173 645 2494
f 2116 779 2122 2608
f 308 254 311 313
f 305 311 1858 1888
f 311 305 251 254
f 311 251 305 1858
f 1431 2224 2355 983
f 983 1248 1432 986
f 699 696 1161 1150
f 696 1161 1149 2082
f 46 1755 2009 1756
f 47 46 554 48
f 47 46 45 554
f 1755 46 2009 45
f 3 2 182 4
f 1734 2 1824 1733
f 3 2 1 182
f 2 1 182 1733
f 515 40 39 38
f 38 515 1752 1751
f 888 108 110 109
f 1787 887 1786 108
f 1770 74 1912 1769
f 76 74 75 359
f 39 38 37 515
f 515 38 37 1751
f 888 107 108 109
f 1786 108 887 107
f 78 1771 2072 1772
f 79 78 680 80
f 10 1737 1874 1738
f 11 10 283 12
f 73 1912 74 1769
f 74 73 75 359
f 10 11 283 9
f 10 1737 9 1874
f 1771 78 2072 77
f 79 78 77 680
f 1773 1963 82 1774
f 81 1963 82 1773
f 827 694 695 693
f 2080 2146 693 2079
f 2399 1333 1334 1529
f 1530 1333 1336 1335
f 1699 1664 1592 1700
f 1592 2582 1664 1699
f 1387 1523 1388 1386
f 2494 1386 1385 2426
f 968 1326 1387 1385
f 2395 1385 2218 2425
f 1708 1273 1463 1707
f 2464 2369 2586 1707
f 1814 1815 163 1816
f 164 166 168 163
f 1517 1518 1321 2637
f 161 666 1619 663
f 158 1617 2064 663
f 2257 1049 1051 1249
f 2258 2357 2257 1249
f 1049 1249 1250 1054
f 1250 1052 1049 1054
f 998 1252 995 1054
f 1051 995 1251 1252
f 1051 995 2358 1251
f 1051 2230 2358 995
f 1508 1153 1322 1151
f 1508 2309 1151 1321
f 718 715 713 806
f 715 2089 2135 2090
f 618 1020 1026 1025
f 2244 1025 618 2245
f 1664 2582 1683 1699
f 1683 1664 1699 1700
f 2575 2566 2582 1683
f 1683 1667 1700 1685
f 1151 1638 1508 1153
f 1151 2309 1508 1637
f 1127 1921 1081 374
f 374 377 1082 1130
f 2215 1001 962 2214
f 1003 964 965 962
f 72 85 789 87
f 85 1768 786 1775
f 602 2021 2177 577
f 889 577 579 602
f 590 585 883 2029
f 587 590 884 593
f 587 53 586 585
f 585 1759 2025 2026
f 450 1596 447 1607
f 1605 1956 1596 447
f 375 1921 373 1920
f 374 375 373 378
f 2092 2093 533 1999
f 721 536 719 533
f 1121 2576 2293 1629
f 1123 1629 1688 1121
f 825 2147 1177 829
f 825 1177 832 829
f 988 871 1309 872
f 2168 987 871 2387
f 686 1279 1112 1115
f 2290 2074 2372 1112
f 388 387 386 383
f 1924 384 1925 383
f 1619 1620 1426 1617
f 1423 1617 1618 2541
f 1247 1248 1244 1243
f 1243 1244 2356 1245
f 307 314 312 302
f 1886 300 312 1889
f 2117 801 802 2133
f 801 804 803 769
f 1061 1290 2264 1471
f 1471 1061 1290 1063
f 1656 1579 1614 1613
f 2522 2539 1613 2560
f 455 459 521 456
f 455 456 521 1962
f 2094 1845 1905 724
f 724 225 342 726
f 1247 1190 288 1244
f 2356 288 2327 1244
f 1547 1557 1386 1558
f 1545 1386 1557 2511
f 2084 1071 701 2268
f 1071 702 701 1072
f 877 239 171 875
f 1818 1852 2170 875
f 1320 1158 1638 1319
f 1155 1319 2392 1637
f 398 719 531 395
f 395 1998 1930 2092
f 629 146 145 631
f 2048 146 145 629
f 1150 1161 699 1163
f 2307 2082 1161 2313
f 189 190 191 194
f 1827 191 1829 1828
f 889 2068 577 2177
f 671 889 579 890
f 2029 883 2032 2174
f 884 590 883 596
f 33 506 658 35
f 33 658 505 1749
f 2247 573 2038 2019
f 573 1030 614 575
f 1511 1324 1371 1323
f 2394 1511 1371 1323
f 1186 870 1185 1188
f 2325 2167 1186 2326
f 1596 2536 1956 1605
f 1596 1605 447 1607
f 874 893 879 894
f 879 873 2179 893
f 344 538 723 540
f 2001 2095 341 538
f 2050 1944 1915 635
f 364 1915 1944 635
f 366 635 364 424
f 366 636 635 424
f 2372 1112 683 1279
f 686 1282 1279 1115
f 149 145 146 631
f 146 145 1807 2048
f 2536 1453 1605 1601
f 1605 1453 1607 1601
f 180 178 476 475
f 1970 175 177 475
f 2493 1729 1375 1522
f 1375 1729 1524 1522
f 1521 1386 1387 1385
f 2494 2426 1385 2425
f 1624 1392 1390 1389
f 2427 2429 1389 2545
f 1464 909 1083 1463
f 1083 909 2464 1463
f 1850 2013 235 1976
f 235 238 484 562
f 1545 1561 1548 1546
f 2506 1546 1561 2505
f 1834 203 1137 771
f 1137 203 206 771
f 1563 1643 1561 1564
f 1561 2554 2513 2514
f 2111 777 2112 2121
f 760 759 777 778
f 1834 2301 1137 2207
f 1137 206 951 1138
f 2481 1727 1497 1629
f 1728 1497 1629 1498
f 673 991 1109 992
f 991 1109 2228 673
f 846 833 1317 830
f 2155 830 2391 2149
f 673 2279 1094 2069
f 1097 1096 673 676
f 1747 1952 30 1748
f 31 32 30 440
f 1538 1052 1537 1450
f 1537 2257 2501 2457
f 2471 1471 1481 1475
f 1471 1477 1481 1475
f 1539 1210 1209 1540
f 1539 2502 2337 2336
f 2257 1537 1049 2457
f 1049 1450 1537 1052
f 321 311 312 1893
f 313 321 314 322
f 155 154 151 332
f 151 1808 1810 1898
f 184 181 3 183
f 182 181 1823 1733
f 1768 2127 786 1775
f 786 72 85 789
f 559 504 502 501
f 501 499 559 1983
f 548 552 195 549
f 1830 2008 549 2007
f 1440 1439 1438 1436
f 2452 1436 1437 1435
f 194 191 189 1201
f 191 1827 2333 1828
f 991 2228 2070 673
f 675 991 673 992
f 951 796 799 778
f 777 2132 949 796
f 862 850 1246 847
f 2163 2156 847 1243
f 666 885 161 886
f 2064 885 2175 1813
f 1852 2228 991 2607
f 2221 2402 977 2222
f 977 979 1342 980
f 1003 964 966 965
f 1001 962 965 2215
f 684 1139 230 1140
f 1139 2073 227 2302
f 230 227 1139 681
f 2302 2073 227 1846
f 1629 1688 1719 1630
f 2576 2592 2547 1629
f 1921 375 373 374
f 377 374 373 378
f 1034 1402 1401 1429
f 1401 2433 2249 2447
f 375 1130 374 1127
f 1921 2296 1920 1127
f 1295 2482 1134 1499
f 1500 1295 1134 1499
f 1071 2084 701 702
f 703 1072 702 704
f 517 518 482 481
f 481 517 518 1973
f 410 1938 1928 403
f 391 410 403 412
f 1834 204 203 771
f 204 206 203 771
f 272 276 275 335
f 272 1869 1900 1870
f 1079 1297 2272 1119
f 1297 1080 1120 1079
f 2003 543 2010 541
f 546 556 541 544
f 607 148 166 608
f 163 2036 1805 607
f 184 181 258 182
f 1824 258 1823 182
f 996 1353 995 993
f 995 1353 2229 993
f 1629 1121 2576 1687
f 1687 1629 1121 1688
f 1837 209 211 403
f 211 209 212 403
f 214 211 212 406
f 211 1934 1838 1837
f 100 2159 1782 853
f 100 101 854 853
f 1428 1640 1564 1425
f 1425 1639 2514 2445
f 1717 466 1628 463
f 1964 1717 1627 463
f 2369 1494 2479 2480
f 1494 1274 1495 1496
f 1006 2488 2419 2237
f 1512 1373 1009 1006
f 1426 1428 1427 1423
f 1423 2445 1424 2444
f 1642 1586 664 1641
f 2553 1641 661 2525
f 1641 1585 661 2525
f 1586 1641 1585 661
f 1983 500 1984 1988
f 503 504 514 500
f 2073 2282 1099 2290
f 684 1099 1100 1115
f 531 2000 1998 1999
f 536 534 531 532
f 1420 1418 1236 1416
f 1236 2441 2442 1416
f 1208 2338 2239 2336
f 1210 1208 1211 1012
f 1062 356 355 1064
f 1910 1909 1062 2263
f 2287 1094 2069 1109
f 1109 1097 676 1110
f 1210 1539 1209 1207
f 1539 1209 1207 2336
f 1127 1467 1125 1468
f 1467 1125 2466 1127
f 531 533 532 1999
f 536 531 533 532
f 2208 2130 2203 950
f 952 941 795 950
f 1833 1585 198 2629
f 1574 445 1568 1572
f 2519 1572 1567 1955
f 987 1795 2328 124
f 124 126 1191 988
f 2452 848 1436 1451
f 1436 848 1439 1451
f 1063 925 1062 1061
f 2195 2264 2263 1061
f 756 759 1140 684
f 2302 756 2073 2112
f 926 2196 1501 1265
f 1502 926 1265 928
f 2451 2452 1437 1435
f 1437 1438 1436 1440
f 2407 1349 1355 1350
f 1356 1352 1350 1351
f 1057 2267 1951 1066
f 1066 437 1057 1069
f 2057 651 650 2059
f 653 652 651 650
f 176 178 195 179
f 1822 195 176 1820
f 1618 1585 1426 1423
f 1585 1618 2444 1423
f 592 103 105 594
f 589 103 2028 1784
f 2119 115 1790 774
f 117 773 774 115
f 706 113 578 111
f 1788 111 2087 2022
f 2450 1717 2458 1435
f 1717 1438 1451 1435
f 2565 2574 1683 2575
f 1668 1683 1684 1685
f 400 550 693 397
f 397 693 1931 2006
f 2292 1295 2381 2380
f 1295 1297 1296 1119
f 152 155 162 153
f 153 159 152 1810
f 832 831 830 829
f 2149 2148 2147 829
f 2261 1948 1918 368
f 1057 371 431 368
f 2185 1062 1910 904
f 1064 358 904 906
f 642 495 493 641
f 1979 1980 2053 641
f 2179 1363 2416 2414
f 1363 893 1364 1366
f 1615 1579 1656 1655
f 2540 2522 1655 2560
f 1569 1392 1575 1389
f 2517 1389 2520 2427
f 1970 507 1978 1986
f 492 476 508 507
f 2499 1161 2307 1533
f 1150 1163 1534 1533
f 968 1325 1326 1385
f 2218 1325 1385 2395
f 636 635 390 366
f 1929 1915 364 635
f 364 390 635 366
f 1915 1929 2050 635
f 497 498 808 494
f 1981 807 495 494
f 804 801 802 769
f 2134 2117 802 2133
f 125 469 987 123
f 469 1794 987 123
f 153 151 627 1809
f 153 151 156 627
f 884 1213 595 883
f 883 2030 2174 2339
f 2532 2536 1956 1596
f 1596 450 1599 1607
f 711 225 222 630
f 2047 222 711 1845
f 1468 1128 1125 1130
f 1125 2295 2466 1127
f 7 944 228 5
f 1735 5 228 2205
f 1858 251 1890 1937
f 315 254 411 251
f 942 783 948 784
f 2124 2206 2203 783
f 1534 1182 1333 1335
f 2499 1333 2323 2399
f 248 274 281 278
f 1873 278 271 1855
f 272 275 277 435
f 1870 272 1871 1950
f 926 2378 1289 2196
f 926 1292 1294 928
f 2409 2199 1353 2198
f 934 933 1353 1354
f 830 2391 2148 1317
f 833 1317 834 1318
f 89 90 207 772
f 1777 89 1836 2118
f 910 1083 909 735
f 2100 2187 2275 909
f 2316 2310 1167 2392
f 1158 1168 1167 1320
f 1248 1247 1246 1243
f 2355 2354 2356 1243
f 1572 445 1568 1567
f 1955 1567 2519 2516
f 1681 1680 401 1679
f 1680 2572 1933 1679
f 1946 1837 426 1945
f 425 426 209 428
f 1349 2407 930 1350
f 1351 1350 933 1352
f 1618 1586 1426 1585
f 2525 1618 2444 1585
f 2408 2373 1349 1361
f 1351 1349 1278 1362
f 1194 872 871 814
f 811 1193 2168 871
f 215 1841 1840 2097
f 220 215 218 732
f 1068 1069 1066 1070
f 1067 2265 2267 1066
f 1715 1684 1685 1686
f 1683 2574 1684 2590
f 505 1203 34 1985
f 1203 34 506 505
f 2001 2095 1903 341
f 538 344 723 341
f 206 203 1137 951
f 1834 1137 203 949
f 1249 1049 1051 1054
f 2258 2257 1051 1249
f 2230 1051 2358 2258
f 1252 1051 995 1054
f 1697 2585 2297 2581
f 1698 1705 1126 1697
f 1706 1698 1126 1129
f 2297 1697 1126 1705
f 2328 987 2168 2226
f 871 1191 988 987
f 2371 2373 2372 1279
f 1281 1279 1277 1282
f 961 584 973 963
f 961 973 582 2213
f 511 1989 1981 510
f 513 514 497 510
f 2577 1693 1701 2579
f 1689 1701 1693 1696
f 1329 1379 1328 2398
f 1331 1332 1380 1328
f 1534 1333 1157 1335
f 1333 1157 2399 2499
f 1895 277 1950 1871
f 271 488 245 274
f 1975 271 1855 1868
f 526 521 525 455
f 521 525 455 1995
f 1511 1541 1513 2489
f 1513 1542 1511 1515
f 456 531 522 1994
f 522 534 459 524
f 756 2302 2073 1139
f 684 1140 756 1139
f 1517 974 1170 973
f 973 1169 1517 2219
f 856 541 835 544
f 855 2003 2150 541
f 1931 2007 397 2006
f 550 400 552 397
f 1186 820 2144 868
f 820 870 1186 823
f 832 529 829 830
f 2147 1997 2149 829
f 368 1963 1948 1918
f 371 461 431 368
f 573 2020 887 2019
f 888 575 574 573
f 283 892 289 891
f 891 287 283 2178
f 368 461 369 371
f 1963 1917 1918 368
f 360 904 358 906
f 1910 1912 2185 904
f 814 809 515 811
f 811 809 515 2138
f 258 1862 1824 1861
f 184 259 258 260
f 1912 904 2184 2185
f 904 360 905 906
f 515 2138 2168 811
f 871 814 515 811
f 2210 2009 2209 954
f 955 553 956 954
f 283 333 892 891
f 891 283 1899 2178
f 1545 1386 2511 2505
f 1547 1557 1545 1386
f 215 805 729 2097
f 732 215 805 729
f 841 840 842 839
f 838 2152 837 839
f 768 2291 767 2116
f 770 768 1118 769
f 1279 683 2372 1275
f 1279 1275 1282 686
f 888 614 575 573
f 2038 573 887 2019
f 956 553 689 954
f 954 2009 2077 2210
f 1656 1579 1613 1655
f 1655 2522 1613 2560
f 480 479 525 517
f 479 525 517 1972
f 1297 1120 1298 1296
f 1297 1295 2381 1119
f 287 289 861 891
f 287 1876 2178 2163
f 1997 2147 825 829
f 825 832 529 829
f 1972 525 517 1991
f 525 519 480 517
f 658 2238 1985 2061
f 506 658 660 1011
f 2230 1353 2229 995
f 995 996 998 1354
f 2220 2160 2150 975
f 836 856 978 975
f 642 860 859 858
f 857 2162 2053 858
f 1507 1517 1509 1514
f 1507 2491 1514 2486
f 1430 1570 1429 2625
f 1360 1367 1364 677
f 674 1358 2416 1364
f 1158 1345 1157 1155
f 1157 2310 1155 1345
f 719 721 533 2093
f 536 721 719 722
f 1209 1539 2337 2336
f 1540 1212 1210 1209
f 2193 714 2192 920
f 920 717 919 922
f 1131 2298 2300 2380
f 1136 1131 1296 1132
f 1629 2576 2592 1687
f 1688 1629 1719 1687
f 2207 2301 1137 950
f 1137 951 950 1138
f 400 550 694 693
f 2006 693 1931 2079
f 19 1059 24 1060
f 2262 22 17 1059
f 1190 388 1189 1244
f 1925 1189 1244 2327
f 1826 1813 185 1825
f 161 188 187 185
f 1017 137 1021 138
f 2240 2243 137 1801
f 1109 921 717 1110
f 2091 2287 2192 1109
f 838 1307 2329 2153
f 1307 1193 841 838
f 1313 2401 1347 2389
f 1348 1314 1338 1313
f 1573 1572 1568 1571
f 1567 1571 1572 2518
f 1684 1683 2590 1715
f 1685 1716 1715 1686
f 646 1004 1003 1002
f 2234 643 1001 1002
f 1584 1549 1649 1582
f 1582 2507 2557 2523
f 1409 2265 2440 1065
f 1412 1065 1415 1417
f 1417 1412 1065 1068
f 1415 1409 2440 1065
f 752 753 538 751
f 2109 2108 2001 751
f 1551 2216 1559 967
f 970 967 1551 1559
f 617 621 1026 618
f 2041 618 2245 2043
f 1640 198 1423 201
f 1639 1423 198 1833
f 605 1234 606 1031
f 1233 1031 605 2035
f 2331 867 1197 2641
f 2564 449 447 1957
f 452 447 1663 449
f 1641 664 1710 1709
f 2063 1709 2553 2587
f 711 2047 1859 630
f 632 711 256 630
f 2275 733 909 1083
f 1085 1083 910 735
f 2111 1834 203 949
f 206 203 951 760
f 1306 1178 1504 1503
f 1503 2384 1177 2484
f 1784 2028 589 2027
f 594 592 103 589
f 775 776 117 774
f 2119 1790 2120 774
f 113 706 578 709
f 2087 111 706 578
f 213 1669 1671 628
f 1839 2568 1669 2046
f 1219 1220 972 619
f 619 969 1219 2342
f 159 158 157 1813
f 158 157 161 159
f 1911 2049 1910 633
f 633 354 634 358
f 431 1947 1949 430
f 430 433 434 432
f 1689 1701 1696 1690
f 1693 2577 1701 1689
f 1186 2144 2167 868
f 870 820 1186 868
f 2543 1577 2519 2521
f 1577 1622 1572 1580
f 30 29 31 439
f 29 1952 30 1747
f 2438 2436 2352 1236
f 1410 1236 1408 1239
f 1408 1411 1410 1239
f 2436 2438 1408 1236
f 422 460 419 420
f 1943 420 419 1961
f 1139 684 230 681
f 2073 1139 227 681
f 1310 988 1309 872
f 2387 987 871 1309
f 543 2003 2010 2004
f 556 546 541 543
f 1873 299 1872 279
f 281 299 279 282
f 70 626 786 625
f 70 2045 625 786
f 2056 1729 2492 2597
f 1520 647 1730 1729
f 1257 1467 2361 407
f 2356 2327 288 1877
f 288 290 1190 1247
f 1727 2592 2580 1719
f 1719 1695 1728 1720
f 921 1109 992 1110
f 1109 2192 2228 2287
f 711 1860 2088 343
f 343 711 252 712
f 1654 1584 199 1582
f 2559 1582 199 2523
f 2096 727 779 2124
f 730 780 727 784
f 159 152 162 153
f 153 159 1810 1812
f 1017 104 106 1016
f 2240 104 1016 1785
f 143 2049 1911 633
f 633 354 144 634
f 1803 430 1949 1947
f 433 430 142 432
f 2520 1569 1389 2517
f 1392 1569 1575 1570
f 1220 1383 1544 1381
f 1219 1381 2504 2423
f 2554 1639 2514 1643
f 1644 1564 1640 1643
f 2565 1675 2531 2570
f 1665 1597 1675 1676
f 1451 2452 1435 1436
f 1436 1438 1451 1439
f 1244 388 1189 385
f 1189 1925 1244 385
f 641 1983 1979 501
f 504 493 501 641
f 707 112 2086 1037
f 1037 707 112 710
f 607 310 321 608
f 2036 309 321 607
f 2307 1149 2003 855
f 541 1150 855 1149
f 1615 1576 1579 1655
f 2522 1655 1576 2540
f 1295 1483 2482 1499
f 1500 1483 1295 1499
f 1279 2371 1278 1277
f 1277 1280 1281 1282
f 1575 1392 1570 1578
f 1569 2520 1389 1575
f 813 809 814 810
f 2139 809 810 2138
f 687 690 1345 1529
f 2497 2076 2405 687
f 585 2025 586 2174
f 586 587 884 588
f 2327 1244 1925 2356
f 388 1190 1247 1244
f 271 278 274 245
f 1868 1873 271 1855
f 1871 272 277 1950
f 527 499 2154 843
f 527 844 499 843
f 1516 1513 1542 1514
f 1541 1514 2489 2490
f 1985 505 658 1749
f 506 33 658 505
f 1629 1630 1728 1498
f 1727 2481 2547 1629
f 2111 2110 2112 757
f 755 760 756 757
f 961 2023 582 581
f 583 581 961 582
f 426 151 209 428
f 1945 1837 426 1808
f 2479 389 402 1493
f 1493 405 1495 392
f 543 816 533 2004
f 816 533 546 543
f 533 818 546 536
f 533 1999 2004 2141
f 2593 2576 2478 1687
f 1687 1722 1688 1492
f 1425 1640 1423 1428
f 1639 1425 1423 2445
f 746 349 793 794
f 1907 2129 2105 793
f 101 100 99 853
f 99 100 1782 853
f 2159 100 1782 1783
f 101 102 100 854
f 2123 2101 767 2117
f 769 781 739 767
f 2377 2474 2381 1289
f 1289 1297 1292 1484
f 1275 1276 1282 686
f 683 2370 2372 1275
f 1241 1071 1043 1242
f 1071 2353 1241 1040
f 647 1523 1522 644
f 2056 1522 2494 644
f 988 1309 871 987
f 2168 987 2387 2226
f 1677 2553 2561 1641
f 1678 1641 1657 1642
f 183 258 184 181
f 181 258 182 1823
f 22 2262 17 1744
f 17 22 24 1059
f 221 1844 1907 223
f 224 226 223 350
f 1542 1507 1514 1541
f 2490 1541 2486 2503
f 1171 600 595 597
f 2318 597 2030 2031
f 391 406 412 403
f 1934 1928 1938 403
f 1520 1732 1556 1555
f 1555 1519 1731 2510
f 166 164 168 167
f 164 163 1815 1816
f 1049 852 849 1449
f 2157 1049 849 1449
f 2551 1155 2312 2310
f 1158 1156 1638 1155
f 225 630 146 222
f 1845 222 146 2047
f 2082 1161 1149 2307
f 1149 1161 696 1150
f 493 504 642 641
f 641 1983 2053 1979
f 1038 1044 1037 710
f 2086 2251 2253 1037
f 988 1191 124 987
f 1795 987 2328 2226
f 2382 935 2383 1299
f 938 1302 1301 1299
f 1217 1218 1024 1021
f 2243 1216 1215 1021
f 2518 2430 1581 2524
f 1396 1583 1573 1581
f 794 920 901 922
f 2193 2183 2129 920
f 2008 195 1830 549
f 195 196 552 551
f 862 1434 289 861
f 1433 2163 287 861
f 1650 199 1584 1649
f 1582 2557 1649 199
f 617 621 620 1026
f 2245 617 618 2041
f 219 349 223 350
f 1907 223 216 349
f 1750 34 1985 1749
f 35 34 506 36
f 34 33 505 1749
f 35 34 33 506
f 231 228 7 946
f 1848 1735 228 2205
f 785 2126 2125 2200
f 938 785 790 788
f 1034 1430 1402 1429
f 1033 1429 1401 2447
f 457 492 459 491
f 1962 1961 491 1978
f 853 2164 470 2159
f 470 854 864 853
f 859 1627 464 857
f 2546 2161 1966 857
f 605 1234 1031 1233
f 1031 2349 2035 1233
f 471 125 987 988
f 1794 987 2226 1968
f 827 545 546 543
f 543 2146 542 2004
f 848 1452 1439 1451
f 2158 2452 2458 1451
f 1637 2312 1155 1156
f 1156 1158 1638 1159
f 1493 2479 1933 402
f 404 1493 405 1495
f 1303 2406 2385 2386
f 1305 1308 1348 1303
f 1465 2466 1936 2465
f 1621 1577 1572 2519
f 1580 1622 1572 1574
f 1260 1261 2364 1259
f 1259 1260 1264 1263
f 2549 2530 2531 1597
f 1595 1597 1633 1600
f 1895 279 277 1871
f 280 282 277 325
f 1645 1363 1365 1646
f 1645 2414 2555 1365
f 795 2207 2132 949
f 795 796 951 949
f 1981 807 2136 495
f 807 498 494 808
f 1194 1307 841 1308
f 2329 1307 2386 2153
f 1367 893 1366 1364
f 893 2416 1363 1364
f 1882 1873 1883 300
f 300 301 281 302
f 885 161 158 663
f 158 885 2064 1813
f 753 752 538 754
f 751 2108 538 752
f 70 2045 786 1768
f 70 626 72 786
f 420 419 273 1943
f 419 273 422 420
f 1269 2466 2361 1467
f 459 521 456 522
f 456 521 1962 1994
f 1302 952 1300 941
f 950 2382 1300 2203
f 1289 1483 2381 1297
f 1298 1292 1297 1484
f 1348 1307 1347 1303
f 1347 2406 1303 2386
f 1112 1115 1114 716
f 2288 2089 2290 1112
f 186 1427 1528 1424
f 2446 186 1527 1424
f 1989 511 1981 1988
f 497 511 510 514
f 1511 2502 2394 2488
f 1540 1324 1512 1511
f 1552 970 1551 1559
f 2216 1551 1559 2508
f 1576 1613 1579 1655
f 2522 1655 1613 1576
f 756 684 1139 681
f 1139 2073 756 681
f 410 1928 391 403
f 406 391 412 394
f 649 651 652 650
f 650 649 651 2057
f 1355 190 191 2410
f 1355 191 190 1356
f 1481 1472 1482 1477
f 2468 2473 2471 1481
f 1241 2353 2084 1413
f 1413 702 1241 1242
f 1586 200 201 1585
f 1630 1719 1629 1728
f 1727 2547 2592 1629
f 1721 2593 2478 1687
f 1687 1491 1721 1722
f 2108 538 2001 751
f 754 538 753 540
f 511 497 510 494
f 494 510 511 1981
f 1423 1833 1585 198
f 201 198 1423 1585
f 1062 2195 2263 1061
f 927 1063 1062 1064
f 2279 673 1094 1093
f 1093 673 1094 1096
f 2132 2121 777 2207
f 796 778 949 777
f 2367 2466 2361 1269
f 404 1680 1681 1682
f 2572 1680 1933 2573
f 2225 2223 2500 982
f 982 1535 985 981
f 1342 976 1341 979
f 976 2403 2222 1340
f 1829 2332 1199 1823
f 1199 190 183 1200
f 1169 1517 1170 973
f 1169 2491 2219 2317
f 191 1828 2371 2410
f 1356 191 194 1280
f 1713 2589 1665 1597
f 1668 1713 1597 1714
f 2168 871 2485 2387
f 1506 1309 871 872
f 2557 199 2523 1832
f 1650 199 202 1584
f 1019 1022 1021 1215
f 2340 2243 1019 2242
f 2585 1697 2297 1705
f 1705 1698 1126 1706
f 1667 1683 1700 1664
f 1683 2566 2582 1664
f 1163 1150 1161 1533
f 1161 2499 2307 2313
f 687 2405 2497 1529
f 690 1530 1345 1529
f 1720 1696 1719 1695
f 2580 2592 2579 1719
f 1608 1603 1612 1606
f 2535 1611 1601 1606
f 1911 1910 1909 353
f 2594 2592 2576 1723
f 1723 1719 1687 1724
f 1664 1594 1700 1667
f 1592 2582 2566 1664
f 271 276 488 274
f 271 1868 1975 1869
f 2021 2083 2068 577
f 579 577 668 703
f 596 593 590 617
f 590 596 617 2029
f 1719 1692 1727 1728
f 2580 2596 2592 1727
f 1031 2435 2248 2349
f 1403 1032 1234 1031
f 1461 376 1462 1459
f 2463 373 1461 1457
f 886 662 153 665
f 1167 1158 1320 1319
f 1319 2392 1167 1155
f 258 183 184 260
f 258 1824 1823 1861
f 242 262 264 2601
f 2479 1494 1493 1679
f 1493 1681 1494 1495
f 270 164 172 167
f 164 1816 1866 1817
f 2309 2393 2308 1321
f 1322 1151 1152 1321
f 2202 1133 936 2300
f 1136 1135 936 939
f 382 1081 374 1082
f 1081 1923 1921 2273
f 30 1947 2460 1455
f 429 1455 30 1456
f 1474 20 1473 357
f 1742 1911 2469 1473
f 1923 1081 1921 380
f 374 380 1081 382
f 1035 603 57 601
f 2033 57 601 2250
f 1254 373 1458 1460
f 373 2461 2359 1458
f 1052 1049 1450 852
f 2257 1049 2157 2457
f 844 528 499 502
f 527 1982 2154 499
f 2426 2511 1386 2505
f 1547 1388 1558 1386
f 980 1149 977 855
f 2221 977 1149 855
f 740 243 244 742
f 1854 2103 243 738
f 1423 1428 1427 1424
f 1424 2444 2445 2446
f 1513 1542 1541 1511
f 2489 1511 1541 2503
f 809 813 814 812
f 2139 2137 809 2138
f 870 1186 1185 868
f 2325 868 1186 2167
f 1597 1600 1714 1712
f 2531 2589 1711 1597
f 1554 1174 1526 1173
f 2509 1173 2495 2319
f 1550 1584 1549 1649
f 1649 2507 1582 1549
f 1708 1273 1494 1274
f 1494 1707 2369 1273
f 868 2325 1186 1185
f 1188 1187 870 1185
f 1933 401 1680 1679
f 1680 404 1681 401
f 2527 2266 2462 1457
f 1457 1589 1070 1459
f 1148 560 502 1147
f 1982 2012 2306 1147
f 1117 803 769 801
f 2117 2291 801 2133
f 2152 838 837 2153
f 838 841 839 837
f 186 1528 1527 1424
f 2446 2496 1527 1825
f 364 410 390 366
f 364 1929 1938 1915
f 1844 221 1907 1843
f 224 349 223 221
f 935 936 2200 937
f 936 935 938 937
f 1973 473 1991 1969
f 519 473 482 474
f 714 2192 1109 2091
f 717 919 1109 714
f 473 519 482 517
f 517 473 1991 1973
f 1535 1536 985 981
f 1535 2500 2223 982
f 723 725 540 539
f 538 2002 2095 723
f 595 2338 2339 1208
f 1211 598 1214 1208
f 762 1079 1087 761
f 2277 761 2272 2113
f 423 2099 623 734
f 623 423 734 736
f 2023 582 548 2024
f 582 584 583 548
f 885 666 161 663
f 158 885 663 2064
f 30 2460 439 1455
f 1455 440 30 1456
f 1841 217 727 729
f 730 217 220 732
f 1483 1295 2482 2474
f 1483 1500 1295 1484
f 2560 1657 1677 2561
f 1658 1678 1656 1657
f 1936 1467 1465 407
f 2466 1465 1936 1467
f 2034 2021 58 1762
f 604 58 579 60
f 585 590 54 1760
f 54 587 56 590
f 592 104 1016 106
f 1785 1016 589 104
f 1920 1919 1921 373
f 376 377 373 378
f 177 175 178 475
f 175 1970 177 1820
f 1508 2393 2309 1321
f 1508 1151 1322 1321
f 1147 1145 1148 839
f 2152 2304 2306 1147
f 1112 1099 681 1115
f 681 2290 1099 1112
f 1564 1562 1565 1425
f 1562 1565 1425 2514
f 730 729 217 732
f 727 2097 1841 729
f 1428 1553 1565 1554
f 1553 2445 2515 2509
f 1353 931 934 2622
f 714 2193 2192 2091
f 717 920 919 714
f 218 732 805 806
f 805 215 2135 2097
f 777 760 949 757
f 949 2111 777 757
f 213 212 210 154
f 1837 1839 210 1808
f 1691 1701 2463 1461
f 1702 1462 1461 1694
f 1631 1632 1677 2548
f 1634 1632 1678 1631
f 2291 768 767 1117
f 769 768 1118 1117
f 2519 1621 1577 2543
f 1622 1577 1572 1621
f 1399 1610 1403 1400
f 1609 1399 1403 2432
f 1130 375 374 378
f 375 1921 1920 1127
f 2486 2491 1514 2490
f 1516 1509 1517 1514
f 2116 923 2194 779
f 770 924 923 780
f 875 675 878 877
f 875 2170 876 675
f 1461 1701 1457 1459
f 1457 2583 2463 2462
f 1296 1500 1134 1136
f 2482 2380 1134 2300
f 675 2416 674 2070
f 1364 675 677 678
f 1563 1643 1564 1644
f 1561 1643 2554 2514
f 225 146 221 222
f 1845 146 222 1843
f 2570 1956 2564 1675
f 450 1666 1675 1676
f 2122 779 738 2608
f 814 871 1194 811
f 2138 1193 2168 811
f 839 1145 841 1143
f 839 2304 1143 838
f 2408 930 2413 1361
f 1349 930 1361 1362
f 2131 727 797 2644
f 800 797 727 2643
f 2434 2544 1623 2429
f 1406 1625 1390 1623
f 1398 1568 1395 1396
f 1396 2516 2431 2430
f 1940 538 1939 415
f 415 540 416 418
f 1376 1730 1524 1375
f 1375 2597 2493 2420
f 786 2127 1768 2045
f 786 626 72 789
f 1512 1542 1515 1511
f 2503 2489 1511 2488
f 354 1911 1910 633
f 354 357 634 358
f 431 429 1947 430
f 430 431 429 432
f 1157 1160 1346 1158
f 1157 2310 1345 2311
f 1423 1428 1424 1425
f 2445 1423 1424 1425
f 413 538 1939 752
f 754 413 538 416
f 2108 1939 538 752
f 752 413 538 754
f 161 157 185 160
f 157 1813 185 1811
f 1019 2243 1020 2242
f 1020 1022 1021 1019
f 901 2105 2173 2183
f 902 901 745 882
f 1717 1627 1438 1435
f 1627 1717 2450 1435
f 1199 183 258 1200
f 258 2332 1823 1199
f 1400 1403 1399 601
f 1403 1399 601 2432
f 1665 2574 1683 2565
f 1683 1668 1684 1665
f 956 1168 689 692
f 2077 954 2316 689
f 2527 1067 1457 1587
f 1067 1589 1457 1587
f 1113 1095 2373 2280
f 1278 1113 1098 1095
f 696 695 697 2081
f 697 695 696 700
f 346 343 255 712
f 1860 1904 2088 343
f 2305 838 2304 2153
f 1146 841 1143 838
f 2035 605 1233 2346
f 605 1234 1227 606
f 2189 1497 1629 2481
f 916 1629 1497 1498
f 1985 1011 2238 658
f 1013 506 660 1011
f 2452 2158 848 1451
f 848 1452 851 1439
f 1573 1398 1583 1396
f 2518 1396 1581 2430
f 633 1911 143 354
f 357 144 354 634
f 141 1947 429 430
f 430 429 141 432
f 2146 543 542 827
f 546 828 545 827
f 112 707 706 710
f 2087 707 112 2086
f 2397 2398 1327 2396
f 1330 1332 1328 1327
f 1329 2398 1327 2397
f 1329 1328 1332 1327
f 2215 1001 2214 2233
f 962 965 1003 1001
f 1543 1219 1381 2504
f 1544 1219 1381 1543
f 1626 1393 1625 1624
f 1624 2544 2545 2429
f 2268 2085 701 2083
f 708 1072 701 703
f 627 2065 1809 2046
f 628 665 156 627
f 1222 1217 1223 1215
f 1215 1221 1222 2340
f 2452 1451 1435 2458
f 1439 1438 1451 1452
f 1939 538 2001 2108
f 538 754 416 540
f 809 810 813 1503
f 809 810 1503 2139
f 959 1369 960 658
f 658 959 1369 2212
f 506 658 1011 505
f 1985 1011 658 505
f 215 1907 2129 1840
f 794 215 218 350
f 861 289 892 891
f 891 861 287 2178
f 1967 821 470 1315
f 470 824 472 1315
f 2039 609 2038 2037
f 612 614 613 609
f 1390 1610 1406 1609
f 2429 1609 1404 2537
f 493 497 496 511
f 493 511 1979 1981
f 1494 1495 1273 1493
f 1493 1494 2479 1273
f 1583 1653 1582 1654
f 1581 1582 1653 2559
f 2384 1177 2484 2321
f 1178 1304 1177 1503
f 1296 803 1295 1119
f 2133 1295 2292 2380
f 2305 1347 2389 1144
f 1314 1144 1348 1146
f 375 1921 1127 374
f 378 377 374 1130
f 2190 2189 2188 912
f 916 914 912 915
f 225 711 342 712
f 711 2088 1845 342
f 2170 2171 876 675
f 876 875 675 878
f 2228 2192 919 2607
f 1657 1678 1656 1677
f 2571 2560 1677 2561
f 2251 112 2086 1789
f 1037 112 114 710
f 415 538 1939 413
f 416 538 415 413
f 2074 2372 1112 683
f 1112 683 1279 686
f 724 223 226 743
f 1844 724 743 223
f 1011 660 1206 1205
f 2061 1205 2238 2335
f 1011 660 1205 658
f 1205 2061 2238 658
f 953 2212 2418 959
f 1374 960 955 959
f 1862 557 2011 2358
f 1251 259 557 558
f 369 380 1255 382
f 1923 1255 1917 380
f 606 576 1228 605
f 605 2020 2345 2035
f 903 1266 348 347
f 1266 903 1906 347
f 655 2099 423 734
f 734 423 655 736
f 1642 664 1710 1641
f 661 2553 1709 1641
f 1179 978 836 1180
f 2150 1179 2322 975
f 2322 2220 2150 975
f 836 978 1179 975
f 1083 2464 2275 1491
f 1464 1083 1085 1492
f 1112 1111 713 1114
f 2288 713 1112 1111
f 1253 373 2359 1458
f 1458 1253 373 1254
f 893 1367 1366 894
f 1363 2179 2416 893
f 1343 978 976 975
f 2220 2404 2222 975
f 1469 2277 2467 911
f 1470 1089 1469 914
f 736 765 735 734
f 765 2099 733 734
f 1572 442 1567 1955
f 445 1572 442 1567
f 876 675 1364 878
f 675 2171 876 1364
f 2116 2291 767 2117
f 767 768 769 1117
f 1625 1406 1225 1623
f 2544 1623 1225 2434
f 871 1505 1309 1506
f 2485 871 1505 2387
f 1985 34 505 1749
f 34 33 506 505
f 538 1940 1939 2001
f 540 415 416 538
f 464 1627 1628 463
f 1627 1964 1966 2546
f 482 473 297 474
f 1317 833 834 830
f 2391 830 2148 2149
f 161 186 185 158
f 186 1813 185 158
f 1521 1522 644 2494
f 1522 1523 1521 644
f 1347 1144 1348 1313
f 1347 2305 2389 2406
f 1390 1624 1389 2429
f 1390 1393 1392 1624
f 2549 2531 1711 1597
f 1597 1633 1600 1712
f 1805 1807 145 2048
f 149 148 145 631
f 2253 2251 139 1037
f 1037 140 1044 1038
f 777 2112 756 757
f 756 760 759 777
f 577 2021 58 602
f 579 577 58 602
f 592 104 589 1016
f 585 590 1760 2029
f 593 56 587 590
f 589 2241 1785 2027
f 951 796 778 949
f 777 2132 2207 949
f 211 213 1669 214
f 1839 1838 211 2568
f 1715 1684 1683 1685
f 1683 2574 2590 2575
f 585 1759 53 2025
f 53 587 586 55
f 1813 186 185 1825
f 186 161 185 188
f 1095 2373 2280 2413
f 1095 1278 1362 1098
f 869 823 870 820
f 2166 820 868 2144
f 2221 1149 2307 855
f 1150 1149 980 855
f 1709 664 1660 661
f 661 1659 1709 2063
f 1219 972 1384 969
f 2342 969 1382 2217
f 1584 1550 1650 1649
f 2507 1649 1582 2557
f 2316 1167 689 954
f 689 1167 1168 956
f 1084 1086 1124 908
f 1122 907 2274 1084
f 1061 2471 1475 1471
f 1475 1061 1471 1477
f 1633 1635 1634 1632
f 2549 1632 2548 2550
f 1170 1518 974 1517
f 2491 1169 2219 1517
f 2071 674 2416 2070
f 1364 675 674 677
f 2100 2099 733 765
f 733 765 734 735
f 497 498 494 493
f 495 494 493 1981
f 1627 859 464 1628
f 2546 1966 1627 857
f 2516 1567 1396 2431
f 1396 1568 1395 1567
f 1908 2036 321 607
f 351 607 321 608
f 1079 1120 1297 1119
f 2272 2381 2292 1119
f 575 444 576 574
f 2020 441 573 574
f 333 1048 334 892
f 333 1899 1047 891
f 903 917 2184 904
f 904 903 917 905
f 1862 258 257 2231
f 257 258 259 994
f 368 1917 367 369
f 371 369 367 372
f 708 706 707 710
f 2086 2085 2087 707
f 149 225 221 224
f 221 222 146 1843
f 1234 605 1227 1233
f 1233 2035 2346 2349
f 725 344 723 540
f 538 2095 341 723
f 1506 1310 1309 872
f 1309 1505 871 2387
f 278 299 1873 279
f 299 281 279 278
f 595 1171 597 2030
f 1172 595 600 598
f 262 242 241 2601
f 1554 1525 1527 1553
f 2509 2495 1553 2496
f 239 171 170 240
f 170 171 239 1852
f 1536 984 985 981
f 2223 1535 982 981
f 941 1300 2203 950
f 952 1302 942 941
f 2534 2433 1401 2447
f 1402 1602 1401 1429
f 1681 1493 1494 1679
f 1494 2479 2572 1679
f 2131 797 2620 2644
f 1525 1554 1527 1526
f 1525 1527 1553 2495
f 915 1088 914 912
f 1088 2190 2188 912
f 178 180 177 475
f 1970 1821 177 1820
f 939 938 936 1300
f 2382 2200 936 2202
f 1071 2085 701 2268
f 708 1071 701 1072
f 1688 1687 1719 1724
f 1723 2592 2576 1687
f 911 912 913 914
f 2188 911 912 913
f 914 912 913 916
f 912 2189 2188 913
f 2520 1389 1577 2427
f 1577 1575 1392 1389
f 1725 2595 2480 1707
f 1707 1726 1494 1725
f 1273 1708 1463 1274
f 1463 2369 1707 1273
f 589 1026 1016 1025
f 2245 589 2241 1025
f 2146 542 2004 2005
f 542 545 827 543
f 1259 1260 1263 1272
f 1260 2364 2368 1259
f 1962 531 1994 1998
f 534 522 459 531
f 186 2446 1527 1825
f 1427 186 1528 188
f 116 117 774 115
f 116 1790 115 774
f 116 776 117 118
f 2120 116 1790 1791
f 112 1788 2087 1789
f 112 113 114 706
f 113 112 111 706
f 111 2087 112 1788
f 104 105 592 103
f 104 1784 103 589
f 104 1784 589 1785
f 105 104 592 106
f 1639 1833 2554 2552
f 1643 1640 198 1639
f 474 298 297 482
f 1350 1199 2332 993
f 993 1350 1199 1200
f 1021 1217 1022 1024
f 2243 1215 1019 1021
f 2166 2144 868 2167
f 820 870 867 868
f 1208 598 1214 595
f 2338 595 2339 2030
f 740 243 741 738
f 2103 1854 2102 738
f 1210 1208 1012 1207
f 1012 1207 1208 2336
f 1980 857 495 2136
f 859 495 807 498
f 976 1344 979 978
f 2222 2404 976 975
f 930 1353 931 934
f 931 1353 930 2198
f 441 574 444 573
f 1953 573 2020 441
f 2191 2185 2184 917
f 917 918 906 905
f 1048 333 1047 892
f 1899 2256 1047 2178
f 260 259 994 997
f 258 257 2231 994
f 1917 1916 1918 367
f 370 371 367 372
f 2175 159 1812 1813
f 162 161 159 885
f 542 2082 2080 696
f 696 542 699 698
f 884 595 1214 598
f 2030 883 595 2339
f 925 2378 1290 1291
f 1290 925 1291 1294
f 1559 1551 1552 1546
f 1546 1559 1551 2508
f 767 802 801 769
f 801 802 767 2117
f 2508 1559 2216 2512
f 970 1552 1560 1559
f 190 1829 2410 2606
f 281 299 300 278
f 299 278 1873 300
f 635 423 364 424
f 423 364 1944 635
f 354 633 355 358
f 1910 354 633 355
f 431 430 434 432
f 1949 1948 1947 431
f 1418 1420 1236 1422
f 1236 1416 2442 1420
f 1161 2307 1533 1149
f 1149 1161 1150 1533
f 1542 1541 1006 1007
f 2503 1006 1541 1007
f 1966 639 807 2052
f 808 639 464 640
f 1254 376 373 1460
f 2461 2359 1919 373
f 1279 1278 1113 1281
f 2373 1278 1113 1279
f 219 223 226 350
f 1907 216 223 1844
f 2404 1343 976 975
f 978 1343 976 1344
f 1333 1182 1181 1531
f 2323 1531 1333 1181
f 713 2288 1112 2089
f 1114 713 1112 716
f 623 2099 2044 751
f 736 751 623 624
f 2484 809 2139 2137
f 809 813 812 1504
f 589 2245 2241 2027
f 1016 592 1026 589
f 403 212 211 406
f 211 1934 1837 403
f 1437 1438 1627 1435
f 2451 1627 2450 1435
f 1995 521 1989 1993
f 521 526 513 523
f 586 884 1213 588
f 171 170 169 1819
f 172 170 171 173
f 1624 1390 1625 1623
f 1624 2544 2429 1623
f 1810 1809 153 1812
f 156 162 155 153
f 723 744 726 725
f 2094 2095 2104 723
f 1223 1328 1383 1331
f 1328 2343 2423 2398
f 2039 609 611 2038
f 613 611 609 614
f 535 522 534 532
f 522 2000 531 532
f 206 755 760 758
f 755 2110 203 757
f 2370 683 2372 2074
f 1275 1279 683 686
f 1400 1232 670 1399
f 1230 1399 2432 2066
f 1113 2373 2372 2289
f 1281 1113 1279 1116
f 711 1859 253 630
f 711 256 630 253
f 1531 2323 1333 2498
f 1532 1182 1335 1531
f 1935 2479 1927 402
f 1493 402 405 392
f 711 632 256 712
f 2047 711 1859 2088
f 2470 1476 1475 2613
f 228 8 7 6
f 6 1735 1848 1736
f 7 228 6 5
f 228 1735 6 5
f 1692 1727 2580 1719
f 1695 1719 1728 1692
f 1586 1620 664 1618
f 2525 1618 661 2542
f 1794 124 987 123
f 987 125 123 124
f 125 124 988 126
f 124 1794 987 1795
f 636 390 393 366
f 1929 364 390 635
f 1044 707 1037 710
f 707 2086 1041 1037
f 208 93 92 94
f 1835 92 1778 1779
f 208 91 92 93
f 205 92 91 1778
f 609 1030 614 1029
f 2247 2038 1029 2037
f 1478 1475 1481 1477
f 2442 2443 2353 1241
f 2163 2449 287 1876
f 287 289 1434 861
f 410 393 366 412
f 1929 410 364 1938
f 357 353 1478 356
f 1909 1476 1911 353
f 914 912 1088 911
f 1088 2188 911 912
f 1022 1221 1019 1543
f 1221 1019 1543 2242
f 468 640 467 464
f 639 464 465 1966
f 2036 163 1805 1814
f 166 163 145 607
f 199 202 1584 1654
f 199 2559 2523 1832
f 1694 1701 1461 1702
f 2463 2578 2583 1701
f 2122 738 2102 2608
f 2188 2467 2277 911
f 914 1087 1469 911
f 1722 1687 1491 1492
f 1491 1721 2478 1687
f 2099 2100 2115 765
f 765 736 735 766
f 1223 1222 1215 1221
f 1222 2343 2340 1221
f 1467 1269 1468 2614
f 203 2110 1834 2111
f 755 206 760 203
f 948 1300 941 1302
f 2203 2382 1300 947
f 1313 1338 1348 1337
f 2401 1313 1347 1337
f 1611 1606 1612 1601
f 1611 2535 1601 2538
f 1522 2056 2494 2493
f 647 1523 1524 1522
f 502 500 499 501
f 1982 499 500 1983
f 541 2003 2150 2010
f 556 835 541 544
f 1609 1406 1390 1404
f 1404 2434 2429 2537
f 1324 1540 1539 1511
f 2502 1539 1511 2394
f 1629 916 1630 1498
f 2189 2547 2481 1629
f 2201 1133 2202 2299
f 1133 940 936 1135
f 399 719 722 720
f 396 2092 2093 719
f 1357 1353 995 1354
f 1353 1357 2230 2409
f 2197 2413 930 1361
f 932 1361 930 1362
f 252 1859 711 1860
f 255 252 256 712
f 1589 1067 1457 1070
f 1067 2527 1457 2266
f 811 810 809 2138
f 810 809 814 811
f 1219 1544 1381 1220
f 2423 2504 1219 2342
f 1295 1500 1134 1296
f 2482 1295 1134 2380
f 610 609 611 2039
f 611 613 609 610
f 1215 1217 1021 1216
f 1216 2340 2243 1215
f 1395 1332 1379 1397
f 1329 1395 1379 2431
f 2331 2166 867 2641
f 2479 1935 1933 402
f 402 401 1493 405
f 2397 2422 1329 2398
f 1379 1332 1329 1328
f 2057 2058 651 2059
f 653 652 654 651
f 991 875 239 877
f 875 1852 2170 991
f 1941 415 1939 414
f 417 413 415 414
f 2164 1967 470 2159
f 854 864 472 470
f 543 2093 2146 2004
f 827 546 721 543
f 808 464 859 467
f 1966 807 464 857
f 2049 143 1911 1804
f 354 144 143 633
f 430 141 142 432
f 1803 430 1947 141
f 696 699 700 698
f 2080 2081 696 2082
f 1019 2243 1021 1020
f 1021 1024 1022 1020
f 2209 953 1005 954
f 955 1005 953 954
f 1269 1271 1468 2614
f 1274 1494 1495 1273
f 1494 2369 2479 1273
f 1829 1199 181 1823
f 183 181 190 1199
f 1602 1604 1603 1430
f 1601 2534 1602 1429
f 1689 1486 2577 1587
f 1587 1689 1486 1690
f 1789 112 2086 2087
f 706 114 112 710
f 706 113 114 709
f 776 116 117 774
f 116 2120 1790 774
f 2087 111 112 706
f 104 103 592 589
f 1785 1784 589 2027
f 2186 1088 907 1122
f 1088 907 1122 908
f 1537 1648 1450 1449
f 2457 1647 1537 1449
f 198 200 1585 201
f 2199 930 1353 2198
f 1353 930 933 934
f 250 300 249 247
f 247 300 246 1856
f 1941 2292 802 414
f 1120 417 804 414
f 1147 2304 1143 839
f 1147 1143 1145 839
f 185 176 569 2017
f 570 185 179 569
f 2068 2021 577 2177
f 668 577 579 889
f 590 884 593 596
f 590 883 596 2029
f 1442 848 1439 1436
f 2453 848 1436 2452
f 2361 1936 2262 407
f 1257 407 1059 408
f 617 2245 618 1025
f 1025 617 1026 618
f 1578 1392 1580 1575
f 2520 1389 1575 1577
f 1575 1392 1580 1577
f 2427 1577 2520 2521
f 2264 2195 1290 1061
f 1290 1061 925 1063
f 1606 1603 1612 1601
f 2533 1601 2535 2538
f 2265 2440 2437 1409
f 1065 1415 1409 1412
f 1061 2264 2471 1471
f 1477 1061 1471 1063
f 2544 1955 1624 2545
f 1625 1624 445 1626
f 536 719 531 720
f 533 2092 531 719
f 153 627 662 1809
f 665 153 156 627
f 534 536 535 532
f 531 2000 1999 532
f 2382 2203 2206 947
f 948 1300 947 941
f 959 1371 1369 2212
f 1369 960 1373 959
f 1714 1680 1711 1712
f 2588 1680 1711 2589
f 1145 839 841 842
f 839 2152 2304 838
f 1805 2036 2048 607
f 148 607 631 608
f 2190 1088 2188 2276
f 1088 915 914 1090
f 1234 1032 606 1031
f 2349 1031 2035 2248
f 1491 1083 2464 1463
f 1491 1464 1083 1463
f 1368 1646 1363 1366
f 2414 1645 1363 1365
f 1087 914 1469 1089
f 911 1469 2277 1087
f 2508 1546 1559 2506
f 1552 1548 1559 1546
f 1693 1692 1719 1695
f 2580 1693 1692 1719
f 478 480 477 335
f 335 479 477 1971
f 150 745 882 746
f 2173 147 2105 745
f 649 195 176 2057
f 196 179 652 649
f 401 1493 1933 402
f 405 401 1493 404
f 321 1908 607 351
f 321 351 608 352
f 1982 559 1147 499
f 502 559 499 1147
f 1497 2189 1629 913
f 913 1629 1497 916
f 239 1852 991 2607
f 1374 1373 960 959
f 1255 1923 1921 380
f 1255 380 374 382
f 1228 605 1227 606
f 605 2035 2345 2346
f 380 1081 1921 374
f 374 377 382 1082
f 389 2479 402 1927
f 402 1493 389 392
f 2077 954 2210 2316
f 689 1167 956 954
f 1100 1099 791 1091
f 791 1099 2282 1091
f 747 1906 748 347
f 749 750 348 347
f 2527 2577 1486 1587
f 1589 1486 1690 1587
f 678 878 675 877
f 2171 2170 2070 675
f 1313 1348 1347 1337
f 1347 2389 2401 2406
f 559 502 560 1147
f 559 1982 1147 2012
f 878 675 1364 678
f 2416 2171 2070 675
f 1791 2120 189 1827
f 192 189 116 776
f 1080 762 1087 1089
f 761 2277 2272 1087
f 2025 53 585 586
f 55 588 587 586
f 821 1967 470 2642
f 183 258 181 1199
f 1199 258 181 1823
f 459 457 491 456
f 456 1961 491 1962
f 2024 2023 582 2213
f 961 584 583 582
f 1324 1539 1323 1511
f 1539 1323 1511 2394
f 1300 2382 936 947
f 939 1300 948 1302
f 1907 1842 216 1844
f 349 219 223 216
f 1473 1742 18 361
f 18 20 1473 361
f 1609 2435 2537 2432
f 1610 1399 1403 1609
f 351 608 631 607
f 607 2048 1908 2036
f 1381 2343 2423 1328
f 1328 1221 1383 1381
f 1507 2491 2486 2393
f 1873 299 1882 1872
f 299 281 301 282
f 1866 169 164 1817
f 164 169 267 172
f 1013 660 1206 1011
f 658 1205 1011 2238
f 820 870 869 867
f 820 2166 868 867
f 470 824 864 472
f 1217 1218 1021 1216
f 2340 1216 2243 2341
f 1513 1516 1542 1515
f 1541 1514 1513 2489
f 1024 1218 138 1021
f 137 1216 2243 1021
f 1444 848 1439 1442
f 1436 1442 848 2453
f 777 760 778 949
f 2121 2111 777 2207
f 865 1536 860 1535
f 2500 865 2162 1535
f 964 1003 1004 1002
f 1001 2234 1002 2214
f 1429 2534 1401 2447
f 1602 1402 1430 1429
f 2140 2322 815 2154
f 843 817 1179 815
f 1369 660 960 658
f 2061 658 1369 2212
f 1235 1237 1952 439
f 1240 440 439 1238
f 1012 1213 588 586
f 586 1012 1213 2025
f 1641 1586 664 661
f 661 2553 2525 2063
f 349 745 221 746
f 745 221 2105 349
f 8 228 7 231
f 1735 228 6 1848
f 707 2087 112 706
f 114 706 709 710
f 1693 2580 2579 1719
f 1696 1693 1719 1695
f 1084 1122 907 908
f 907 2274 2186 1122
f 1134 1500 1499 1135
f 1133 2482 1499 1134
f 1413 1241 2443 1419
f 1414 1242 1419 1421
f 1893 309 2036 1887
f 310 321 309 607
f 1396 1573 1568 1571
f 1396 1571 1567 2518
f 281 299 301 300
f 299 1873 1882 300
f 2310 2405 1345 2311
f 1346 1345 1157 1158
f 987 125 124 988
f 987 1795 1794 2226
f 92 1835 1778 205
f 91 208 92 205
f 1075 1501 1500 1499
f 2482 1501 1075 1499
f 2052 807 1966 2136
f 639 808 464 807
f 2143 819 821 1315
f 819 824 821 1315
f 955 1372 959 953
f 2212 953 2418 2209
f 333 1250 558 334
f 1862 257 557 2358
f 557 257 259 1251
f 372 1255 382 369
f 380 1255 1917 369
f 605 576 1228 574
f 2020 605 2345 574
f 905 1266 348 903
f 2365 2184 1906 903
f 93 208 91 207
f 1778 205 1836 91
f 1827 191 2333 189
f 192 194 189 1202
f 603 1405 1400 601
f 601 2033 2435 2432
f 2275 2478 2274 1084
f 1492 1086 1084 1085
f 575 444 574 573
f 573 1953 2020 2019
f 917 2185 2184 904
f 906 904 917 905
f 891 1899 1047 2178
f 892 333 1047 891
f 260 259 258 994
f 2231 1862 258 1861
f 1917 368 367 1918
f 369 367 368 371
f 542 696 2080 695
f 542 696 695 698
f 500 502 504 501
f 501 500 499 1983
f 1711 1713 2589 1680
f 1680 1711 1713 1714
f 2306 989 2331 1147
f 1148 989 1147 1197
f 2206 936 2382 947
f 936 948 1300 947
f 189 116 2120 1791
f 116 118 192 776
f 802 2134 2292 1941
f 804 802 1119 414
f 952 1300 941 950
f 950 2382 2203 2208
f 1219 969 1382 2342
f 972 1219 1384 1220
f 1119 1120 804 414
f 1119 802 2292 414
f 776 192 189 1202
f 2120 189 1827 2333
f 605 1225 1233 2346
f 1227 605 1225 1233
f 1840 2135 215 2097
f 215 732 805 218
f 721 2146 827 543
f 828 546 721 827
f 721 722 546 828
f 2093 543 2146 721
f 793 215 2129 920
f 920 793 215 794
f 171 877 172 174
f 1818 169 171 875
f 803 1117 769 1118
f 767 2291 1117 801
f 707 705 706 708
f 2087 705 707 2085
f 1144 2389 1311 1313
f 1314 1144 1311 1313
f 1552 1548 1560 1559
f 1559 2508 2506 2512
f 643 1002 1003 1001
f 1001 2054 2234 2233
f 1451 1438 1718 1452
f 1717 2458 1435 1451
f 1438 1717 1451 1718
f 1717 2450 2458 2591
f 938 940 936 937
f 2202 2201 2200 937
f 183 260 258 1200
f 2332 258 1823 1861
f 1484 1295 1296 1500
f 2380 2482 1295 2474
f 1623 1390 1406 1404
f 2429 1404 1623 2434
f 1349 930 2408 1361
f 1349 1351 933 1362
f 1146 1144 1307 838
f 1144 1307 838 2305
f 161 160 185 187
f 1811 1813 185 1826
f 190 192 194 189
f 1829 189 191 1827
f 1041 2086 2253 1037
f 707 1044 1037 1041
f 1008 955 956 1005
f 2209 1005 2235 2210
f 2501 2257 1537 2259
f 1053 1052 1537 1538
f 1625 442 1624 1623
f 442 2544 1624 1623
f 1819 1852 170 1806
f 147 173 240 170
f 2257 1049 1537 2259
f 1053 1049 1537 1052
f 179 195 649 196
f 195 1822 2057 1830
f 542 545 699 698
f 2082 542 2080 2005
f 1333 1182 1531 1335
f 2498 2323 1333 2399
f 1345 1346 1530 690
f 1345 2405 687 1529
f 1948 2261 1951 1057
f 1057 437 431 1058
f 765 751 2099 734
f 736 751 765 734
f 1957 448 897 449
f 449 900 452 451
f 1293 1471 1290 1063
f 1290 2379 2264 1471
f 2136 518 1981 1992
f 497 518 808 520
f 513 524 512 522
f 1987 1989 522 1994
f 1071 708 701 705
f 2085 1071 701 705
f 2410 2408 1349 2407
f 1350 1349 1355 1351
f 2159 100 470 853
f 100 854 470 853
f 705 2087 707 706
f 708 709 706 710
f 740 741 243 742
f 741 243 2103 738
f 1379 1329 2422 2398
f 1379 1332 1328 1380
f 1036 57 603 59
f 2033 1761 57 2250
f 2004 816 533 2141
f 818 533 546 816
f 1265 348 1266 347
f 1266 1906 1265 347
f 2308 697 695 2081
f 1152 695 697 700
f 697 2308 695 1152
f 1152 695 700 1154
f 2148 831 1317 1531
f 834 1317 831 1531
f 1059 19 24 17
f 17 1744 2262 1741
f 648 1523 645 2627
f 480 526 519 525
f 1972 1995 525 1991
f 345 225 342 712
f 1905 1845 2088 342
f 353 1910 1062 355
f 356 358 355 1064
f 948 942 1302 941
f 947 1300 2203 941
f 1428 1565 1564 1566
f 2445 2514 1565 2515
f 410 1929 364 390
f 393 390 410 366
f 1075 1502 1500 1501
f 2483 2482 1501 2270
f 1482 1478 1481 1477
f 178 476 475 2603
f 797 727 728 2644
f 2096 2131 2098 2644
f 800 730 731 2643
f 727 797 728 2643
f 1274 1708 1463 1464
f 2464 2369 1707 1463
f 1606 1607 1608 1603
f 1606 2536 1601 2535
f 2280 1094 2279 2281
f 1094 1098 1096 1097
f 930 2408 2407 1349
f 1350 1351 933 1349
f 1303 1307 1347 2386
f 1308 1307 1348 1303
f 427 425 209 428
f 209 1946 426 425
f 711 1845 222 342
f 711 222 225 342
f 2115 2109 2099 751
f 751 736 765 753
f 483 568 475 567
f 2016 475 567 1974
f 408 1060 1059 1258
f 2262 1257 407 1059
f 424 623 736 423
f 623 1944 2099 423
f 297 481 1881 2640
f 1065 1590 1070 1588
f 2526 1065 1067 1588
f 836 835 856 975
f 2150 855 835 975
f 2370 682 229 1275
f 1275 682 229 1276
f 1966 465 639 1965
f 464 468 639 465
f 1016 1020 1024 1021
f 1016 2243 1020 1021
f 1536 860 866 865
f 2500 2162 865 2165
f 836 856 835 544
f 855 541 2150 835
f 2562 627 1670 2046
f 627 1660 1672 628
f 1600 1676 1597 1668
f 1675 1665 2531 1597
f 1396 1584 1583 1582
f 2430 1582 2524 2523
f 191 1355 2371 1277
f 1356 1277 191 1280
f 617 600 622 597
f 2041 2031 597 2042
f 2041 597 619 2042
f 622 619 617 597
f 1006 2503 2236 1007
f 1542 1009 1010 1007
f 792 778 777 759
f 777 791 2112 2121
f 696 695 2081 2080
f 700 695 696 698
f 2243 1016 1020 2241
f 1023 1016 1024 1018
f 2192 714 1109 919
f 717 919 921 1109
f 1399 1230 667 2066
f 1230 667 670 1399
f 155 152 151 153
f 152 151 153 1810
f 1483 1502 926 1501
f 2483 1501 1483 2196
f 2300 2299 1133 2482
f 1499 1135 1133 1134
f 1486 1589 1690 1489
f 2527 2577 2477 1486
f 1623 1406 1225 1404
f 1404 1225 1623 2434
f 838 2152 2304 2153
f 839 1143 841 838
f 801 767 769 1117
f 767 2291 801 2117
f 1428 1566 1554 1565
f 2445 1565 1553 2515
f 466 1446 465 463
f 465 2456 1964 463
f 161 162 886 885
f 2175 885 159 1813
f 622 620 600 617
f 619 617 597 2041
f 1003 962 1002 964
f 1001 1002 962 2214
f 217 727 729 730
f 2097 727 1841 2096
f 2120 116 189 774
f 776 189 116 774
f 2415 2555 2414 1365
f 1646 1363 1365 1368
f 2524 1581 1582 2430
f 1582 1583 1396 1581
f 785 1108 1078 1107
f 1107 2271 2125 2286
f 415 1941 1939 1940
f 415 416 417 418
f 1356 1350 1355 1351
f 1349 1355 2410 2407
f 2560 1677 2540 2571
f 1615 1656 1678 1677
f 1357 998 1359 1354
f 2409 1357 2230 2412
f 714 2192 920 919
f 919 922 717 921
f 1907 2105 221 349
f 224 349 746 350
f 2379 2468 2264 1471
f 1471 1293 1472 1063
f 1005 955 956 954
f 2210 2209 1005 954
f 459 456 531 522
f 531 1962 1994 456
f 1339 976 1341 1340
f 2403 976 1339 1340
f 2343 1222 2340 2344
f 1217 1222 1223 1224
f 358 356 355 2609
f 172 875 878 877
f 169 2170 876 875
f 409 320 315 317
f 1891 1890 317 409
f 778 760 951 949
f 2207 2111 777 949
f 2449 2356 2354 1433
f 1246 1247 1434 1433
f 1085 1086 1084 735
f 2274 733 2275 1084
f 2192 1109 2228 919
f 1109 921 992 919
f 541 555 556 543
f 2010 541 543 555
f 1659 627 1672 1670
f 2567 2562 1670 2046
f 148 166 145 607
f 145 163 1805 607
f 2342 618 619 2043
f 619 1219 621 618
f 1201 191 189 2333
f 1201 189 194 1202
f 1486 1699 1587 1589
f 2527 1486 1699 1587
f 783 2131 727 797
f 797 800 727 783
f 629 607 1908 351
f 608 351 631 352
f 1445 1718 1717 1446
f 2456 1717 2455 2591
f 1217 1021 1022 1215
f 1215 2243 1019 2340
f 940 1133 936 937
f 1133 2201 2202 937
f 656 736 655 424
f 1944 2060 2099 655
f 189 2120 1201 2333
f 774 1202 189 1201
f 989 2331 1147 1197
f 989 1148 1198 1197
f 1483 2474 2483 2196
f 1502 1483 926 1484
f 57 1035 601 2250
f 57 1036 603 1035
f 482 297 639 298
f 481 639 297 1881
f 1147 2152 2304 839
f 842 1148 1145 839
f 1717 1446 466 463
f 1964 2456 1717 463
f 2371 1355 191 2410
f 1277 1356 191 1355
f 1282 1281 1279 1116
f 2372 2373 1113 1279
f 2021 578 58 2022
f 60 578 579 580
f 773 232 8 775
f 2119 229 6 773
f 590 591 54 2028
f 56 594 591 590
f 415 1939 414 413
f 415 416 413 417
f 205 1778 1836 1835
f 207 208 91 205
f 1065 2526 1067 2265
f 1590 1065 1070 1068
f 2125 2271 1107 1076
f 1078 785 1107 1076
f 1461 1457 373 1459
f 2462 1919 2463 1457
f 2490 2489 1541 2503
f 1542 1514 1513 1541
f 908 1124 1088 1090
f 1088 2294 2186 2276
f 736 765 753 766
f 751 2099 2115 765
f 2253 139 1802 2611
f 1675 2565 2531 1665
f 1676 1665 1597 1668
f 1049 1053 1537 1050
f 2259 1049 1537 1050
f 1822 195 2057 176
f 195 179 649 176
f 1557 1558 1523 1386
f 1386 2511 2494 1557
f 1350 2332 2229 993
f 1200 996 993 1352
f 655 2099 1944 423
f 736 423 655 424
f 1675 1956 2564 447
f 1675 447 1663 450
f 963 974 584 973
f 2219 2024 973 2213
f 2171 169 2170 876
f 876 172 875 878
f 1202 774 189 776
f 1201 2120 189 774
f 256 252 253 711
f 1859 252 711 253
f 711 256 252 712
f 1860 2088 1859 711
f 1759 1203 2025 2334
f 588 1203 55 1204
f 409 320 317 410
f 409 317 1891 410
f 1635 1636 1633 1634
f 1632 1633 2549 2548
f 991 675 875 877
f 675 2170 991 875
f 2588 1680 2589 2573
f 1712 1714 1680 1682
f 560 1148 989 1147
f 989 2306 2012 1147
f 2105 793 745 349
f 793 745 349 746
f 1220 621 622 619
f 619 2342 2043 2042
f 724 1845 1905 342
f 225 342 726 345
f 1710 1660 1672 1709
f 2587 1709 1670 2562
f 2199 930 2413 2408
f 930 1349 933 1362
f 2262 1936 22 407
f 1059 407 22 408
f 748 750 749 347
f 748 2106 2107 1906
f 1565 1562 1564 1545
f 2514 1565 1545 1562
f 518 497 808 494
f 1981 518 807 494
f 2115 2108 2109 751
f 751 765 752 753
f 169 1818 1819 1817
f 169 170 171 172
f 2159 470 100 1783
f 472 100 102 854
f 801 802 2133 2292
f 804 801 803 1119
f 1852 2228 2170 991
f 992 991 240 877
f 1656 1655 1657 1677
f 1657 2560 1677 1655
f 760 758 756 759
f 755 756 2112 757
f 2589 2531 1665 1597
f 1597 1600 1668 1714
f 1621 1571 1573 1581
f 1581 2518 1621 1571
f 1365 2412 1357 1358
f 1359 1365 1357 1358
f 1666 1675 1663 450
f 447 2564 1675 1663
f 724 225 222 342
f 222 1845 724 342
f 2096 727 2131 2644
f 727 730 800 2643
f 848 1444 1439 851
f 2453 2158 848 2452
f 410 393 412 2616
f 151 209 210 1837
f 209 154 210 212
f 1660 627 1672 1659
f 1670 1659 627 2562
f 211 1839 2568 1669
f 214 213 1669 1671
f 2449 288 2356 1433
f 1247 290 1434 1433
f 2591 1627 1964 1717
f 1628 1718 466 1717
f 8 6 228 229
f 6 1736 1848 1847
f 644 1522 1729 2056
f 1522 1729 647 644
f 869 822 820 819
f 820 819 2142 867
f 1555 1732 1540 1731
f 1731 2502 2510 2598
f 1371 1369 1373 959
f 2419 2417 1371 2212
f 733 2099 655 734
f 655 736 735 734
f 1405 1610 1400 1403
f 2435 1609 1403 2432
f 468 880 265 465
f 465 2172 1865 1965
f 733 2274 2275 2100
f 1084 733 1083 735
f 2464 2478 2275 1491
f 1464 1491 1083 1492
f 140 1041 1037 1044
f 422 460 421 419
f 1961 419 1943 1942
f 139 2251 2253 1802
f 792 1092 1100 1091
f 2278 791 2282 1091
f 2242 1543 1221 2504
f 1221 1022 1544 1543
f 25 1055 1745 2612
f 1350 930 1349 933
f 2408 930 2407 2199
f 2435 1403 601 2432
f 1403 1400 1405 601
f 1372 1373 959 1371
f 380 1921 1255 374
f 1255 377 382 374
f 2345 1225 605 2346
f 1227 605 1226 1225
f 185 570 179 187
f 176 185 1826 2017
f 1386 971 1387 968
f 2218 1386 1385 968
f 734 735 655 733
f 2099 733 655 2100
f 1581 1396 1582 2430
f 1584 1396 1583 1398
f 1648 1538 1537 1450
f 2556 1537 2501 2457
f 1910 354 353 1911
f 1592 1664 1663 1594
f 2564 2529 2566 1592
f 2265 2266 2526 1067
f 1065 1067 1588 1070
f 800 784 727 783
f 2131 783 727 2124
f 2514 1565 1425 2445
f 1565 1428 1564 1425
f 1006 2503 2237 2236
f 1009 1542 1006 1007
f 2242 2243 1020 2244
f 1023 1022 1024 1020
f 607 2048 145 629
f 145 631 607 629
f 677 1367 1364 678
f 2416 675 674 1364
f 1080 1297 1120 1298
f 2381 2272 1297 1119
f 296 297 269 295
f 266 295 297 1880
f 760 755 756 758
f 755 2112 2110 757
f 2290 681 1099 2073
f 1099 684 681 1115
f 1944 623 2099 2044
f 623 424 736 624
f 1611 1570 1569 1429
f 2447 1569 2538 2517
f 310 322 321 608
f 309 1893 2036 321
f 147 2173 881 745
f 745 881 150 882
f 745 902 882 746
f 2105 901 2173 745
f 2495 651 2059 1525
f 651 1525 1526 650
f 294 323 325 436
f 1895 293 435 323
f 293 323 294 436
f 293 1895 435 1879
f 488 245 487 485
f 1975 484 1855 485
f 485 245 487 484
f 484 1975 1855 1976
f 1299 1302 952 1300
f 2382 1299 950 1300
f 323 277 325 2604
f 2559 2524 1582 2523
f 1584 1654 1583 1582
f 1665 1713 1597 1668
f 2531 2565 2589 1665
f 1611 1612 1570 1429
f 1569 1611 1429 2538
f 613 609 1222 612
f 609 2039 2344 2037
f 802 801 804 1119
f 802 2134 2133 2292
f 1731 2502 2337 1539
f 1209 1539 1540 1731
f 960 1370 660 1369
f 2417 2061 1369 2212
f 801 802 2292 1119
f 803 1120 804 1119
f 1610 1390 1406 1393
f 1390 1609 1404 2429
f 521 513 525 510
f 1989 521 525 510
f 2115 2108 751 752
f 754 753 752 766
f 765 2115 751 752
f 753 765 752 766
f 2477 2582 2527 1486
f 1589 1486 1699 1489
f 2374 1261 1285 2363
f 1288 1261 1283 1264
f 2146 542 695 827
f 827 545 698 828
f 2431 2422 1329 2397
f 1332 1395 1379 1329
f 1565 2445 1553 1425
f 1553 1428 1565 1425
f 2126 935 2383 2200
f 935 938 787 1299
f 421 273 422 419
f 273 1942 1943 419
f 929 1361 930 932
f 1361 930 2197 929
f 1648 1537 1647 1449
f 2457 1647 2556 1537
f 1665 2574 2589 1713
f 1668 1684 1713 1714
f 2443 2439 2353 1413
f 1242 1419 1413 1414
f 1809 151 1808 1810
f 154 156 155 151
f 1653 1583 1582 1581
f 1582 1581 2524 2559
f 1134 1500 1135 1136
f 2482 1133 2300 1134
f 173 147 240 150
f 147 170 239 1806
f 1261 2374 1285 1283
f 1264 1283 1288 1286
f 2275 1083 1491 1084
f 1083 1492 1084 1085
f 534 720 536 531
f 531 1998 2092 1999
f 627 665 153 662
f 2065 627 1809 662
f 1627 1440 1438 1437
f 1437 1627 2451 1435
f 1043 707 1044 710
f 2086 1041 1040 707
f 1628 1438 1718 1717
f 1627 1717 2591 2450
f 347 749 1265 348
f 1906 747 1265 347
f 2092 533 531 1999
f 536 719 533 531
f 396 2092 1932 2093
f 721 399 396 719
f 1144 1312 1314 1311
f 2388 2389 1311 2305
f 313 303 308 306
f 1884 303 305 1888
f 228 232 8 229
f 1848 229 6 1847
f 2038 609 1029 2037
f 612 1030 614 609
f 240 171 877 239
f 171 1852 875 239
f 267 1867 1865 1866
f 267 268 269 270
f 578 60 579 58
f 2021 2022 58 1762
f 54 56 591 590
f 2028 54 590 1760
f 773 8 229 6
f 6 2119 1736 1847
f 20 1473 361 1474
f 1913 1742 2469 1473
f 1813 157 185 158
f 157 161 185 158
f 309 330 324 329
f 1897 309 324 329
f 161 158 159 885
f 158 159 885 1813
f 351 607 631 629
f 2048 607 1908 629
f 1372 955 959 1374
f 1372 959 953 2418
f 257 557 2358 1251
f 259 1251 1252 558
f 605 574 1226 2345
f 1228 605 574 1226
f 1255 372 382 1256
f 1255 1923 1917 2360
f 1266 905 348 1268
f 1906 2365 903 1266
f 244 226 743 744
f 1844 743 2104 1854
f 1261 1288 1283 1285
f 2374 2363 1285 2375
f 2361 2472 2368 1270
f 1479 1270 1258 1272
f 1316 824 822 819
f 819 2142 2390 2143
f 1284 1471 1290 1293
f 2379 1284 1471 1290
f 836 1179 835 975
f 835 1179 2150 975
f 869 822 823 820
f 2166 2142 820 2144
f 793 2105 1907 349
f 794 746 349 350
f 1633 1632 1631 2548
f 1632 1634 1633 1631
f 1641 664 1709 661
f 2553 661 1709 2063
f 698 695 542 827
f 2080 542 695 2146
f 781 804 769 782
f 802 767 2123 781
f 2117 802 2123 2134
f 804 781 769 802
f 808 807 518 494
f 518 2136 1981 807
f 1283 1260 2473 1481
f 1263 1481 1286 1482
f 1477 1471 1481 1472
f 1471 2471 1481 2468
f 1618 661 1585 2525
f 661 1585 1586 1618
f 232 228 8 231
f 6 228 229 1848
f 1701 1694 1461 1691
f 2463 2578 1701 1691
f 472 100 854 470
f 2159 1967 470 1783
f 1572 1573 1568 1574
f 1567 2519 2518 1572
f 844 527 499 528
f 1982 527 2154 1996
f 1523 1521 645 2627
f 2361 1269 1467 1257
f 1894 309 324 1897
f 330 310 324 326
f 1474 361 20 362
f 1913 1742 1473 361
f 189 2283 1791 1827
f 192 1101 116 189
f 1486 2582 2527 1699
f 1700 1589 1699 1489
f 2331 2227 989 2306
f 990 1148 1198 989
f 2535 2536 1601 2533
f 1601 1607 1606 1603
f 216 243 223 1854
f 226 243 219 244
f 1628 1627 1717 463
f 1627 2591 1964 2546
f 893 876 2171 1364
f 1364 893 876 878
f 2136 1966 2161 857
f 859 464 807 857
f 1076 2125 2201 937
f 1076 940 785 937
f 940 1076 785 1078
f 2201 2271 2125 1076
f 701 702 669 703
f 2084 701 2067 2083
f 1203 1759 2025 53
f 586 55 1203 53
f 1443 1442 850 1444
f 1441 1442 2453 847
f 558 1051 1249 557
f 1051 557 2011 1249
f 1251 1051 558 557
f 557 2358 1051 2011
f 1557 1386 1521 2494
f 1386 1523 1557 1521
f 2080 542 2146 2005
f 545 827 698 542
f 24 1059 408 1060
f 407 22 2262 1059
f 435 1879 1895 1950
f 436 293 323 435
f 484 485 245 1855
f 248 245 487 488
f 2384 1503 1177 1304
f 1178 1304 1503 1306
f 1021 1218 138 1216
f 1216 1801 2243 2341
f 354 1910 353 355
f 933 932 930 1362
f 930 2413 2197 2199
f 2498 2391 1317 2148
f 1532 834 1317 1318
f 1441 2453 2454 2156
f 1442 1443 850 1441
f 1713 1665 2574 1684
f 1684 1668 1686 1714
f 2551 1007 1508 1637
f 1638 1007 1637 1508
f 682 232 229 1276
f 229 2075 2370 1847
f 721 399 719 722
f 721 719 396 2093
f 621 1220 1219 619
f 618 619 1219 2342
f 2254 2086 2253 1040
f 707 1043 1044 1040
f 2519 1567 2518 2516
f 1571 1572 1568 1567
f 473 517 481 1973
f 482 473 517 481
f 82 1774 2260 2612
f 1625 1406 1227 1225
f 2544 1225 2346 2434
f 2379 2376 2468 1471
f 1293 1284 1471 1472
f 1235 1237 439 1238
f 2351 1235 1952 2350
f 1316 824 819 1315
f 2143 2390 819 1315
f 1540 1732 1212 1209
f 1731 1209 1539 2337
f 18 1741 361 1742
f 19 18 361 20
f 321 313 351 352
f 321 311 1908 351
f 1571 1573 1572 1621
f 1572 1571 1621 2518
f 578 2021 58 577
f 578 58 579 577
f 232 773 8 229
f 229 2119 6 1847
f 1760 590 2028 2029
f 594 56 593 590
f 2378 2379 2195 1290
f 1294 1290 925 1293
f 1229 1034 667 1033
f 2347 1033 667 2249
f 138 137 1021 1216
f 1801 1216 2243 137
f 2379 1290 1469 1284
f 1290 1469 1284 1293
f 2467 1284 2379 1469
f 1469 1287 1293 1470
f 938 936 940 939
f 2200 936 2202 937
f 1472 1293 1284 1287
f 1284 2379 1471 2376
f 647 1524 1730 1729
f 1729 2056 2493 2597
f 1386 2218 1385 2426
f 971 1386 1387 1388
f 1101 1791 116 189
f 192 118 116 1102
f 150 147 881 745
f 2105 1806 147 2173
f 175 178 475 2603
f 1615 1655 1677 2540
f 1616 1656 1678 1615
f 1528 1554 1526 1527
f 2495 1527 1553 2496
f 1057 2267 1253 2261
f 1069 1057 1254 1058
f 120 659 122 2602
f 229 230 228 232
f 229 1848 227 1847
f 2039 610 609 2344
f 609 613 1222 610
f 715 215 2135 805
f 218 805 715 806
f 541 835 555 2150
f 835 556 836 544
f 1307 841 1146 838
f 1307 838 2305 2153
f 1477 1478 1475 356
f 1909 2471 2470 1475
f 1561 1548 1559 1563
f 2506 1561 1559 2513
f 526 521 513 525
f 521 1995 1989 525
f 614 611 609 1029
f 1029 611 609 2038
f 992 675 877 678
f 2170 675 991 2070
f 2415 2411 2412 1358
f 1360 1365 1359 1358
f 2275 733 1083 1084
f 1085 1084 1083 735
f 865 858 2162 1535
f 858 865 860 1535
f 1744 1936 22 2262
f 1059 24 408 22
f 390 393 410 2616
f 1558 1388 1523 1386
f 2511 1386 2494 2426
f 2294 1088 2186 1122
f 1124 1088 1122 908
f 1108 785 1078 788
f 2125 1107 785 1076
f 1406 1625 1393 1390
f 1404 2429 1623 1390
f 1016 1023 1024 1020
f 2241 1020 2243 2244
f 154 209 210 151
f 1837 210 151 1808
f 1438 1628 1627 1717
f 2450 2591 1627 2546
f 1381 2343 1328 1221
f 1328 1223 1383 1221
f 1569 2447 2538 1429
f 1430 1570 1612 1429
f 2389 1144 1311 2305
f 1312 1144 1314 1146
f 1397 1332 1379 1380
f 2422 1329 1379 2431
f 1154 695 700 698
f 695 2308 2081 2080
f 2218 1385 2426 2425
f 968 1387 1386 1385
f 1946 209 426 1837
f 209 212 427 428
f 741 780 740 779
f 779 741 2122 738
f 792 777 791 759
f 2121 791 2112 2128
f 2112 756 791 777
f 756 791 777 759
f 1847 1848 227 1846
f 230 229 228 227
f 2491 1507 1514 1517
f 1516 1509 1518 1517
f 1514 1517 1516 1169
f 1514 2491 1169 2490
f 584 974 957 973
f 2024 973 957 2219
f 348 1265 1266 1267
f 1266 1906 2366 1265
f 35 657 33 2602
f 1726 1715 1686 1725
f 2590 2595 2574 1725
f 1445 1447 1718 1446
f 2455 1445 1717 1446
f 208 94 92 945
f 1835 2204 92 1779
f 1848 229 227 228
f 230 228 232 231
f 2316 2076 2077 687
f 690 1168 692 687
f 1672 1709 1659 1670
f 1670 2587 2562 2567
f 1476 354 353 357
f 1911 353 1476 354
f 1215 1222 1217 610
f 1222 2340 610 1215
f 1041 2253 2086 1040
f 1041 1040 707 1044
f 314 303 306 307
f 312 303 304 1884
f 349 221 224 746
f 221 2105 1907 1843
f 960 1369 1373 1370
f 2417 1369 1371 2212
f 179 569 185 176
f 2017 1826 176 1822
f 1984 1982 500 1983
f 504 503 502 500
f 1416 2440 1407 2441
f 1416 1410 1417 1418
f 1987 522 2000 1994
f 535 512 524 522
f 962 1003 1002 1001
f 1001 2234 2214 2233
f 786 2285 2126 787
f 789 790 1106 787
f 559 560 989 1147
f 2012 559 989 1147
f 1363 2414 2179 2455
f 1366 893 1447 1363
f 473 482 297 481
f 551 584 550 548
f 548 2008 2024 547
f 704 669 703 672
f 702 2067 701 669
f 669 704 703 702
f 2084 701 702 2067
f 1725 1684 1715 1686
f 2590 1684 1725 2574
f 420 457 419 1961
f 457 419 460 420
f 2356 1243 1433 1244
f 1244 1433 1247 1243
f 154 212 209 428
f 151 209 1837 426
f 1284 2467 2379 2376
f 1287 1469 1293 1284
f 479 525 1972 2639
f 479 480 525 2624
f 670 1231 1034 667
f 667 2066 2347 2249
f 477 275 478 335
f 335 477 272 1971
f 1565 1564 1547 1545
f 2515 2514 1545 2505
f 2585 1259 2295 2362
f 1259 1706 1128 1262
f 315 318 254 308
f 315 305 251 1890
f 1722 1723 1687 1724
f 2594 2576 2593 1723
f 2181 1957 1958 897
f 449 448 897 900
f 269 265 267 266
f 266 265 267 1867
f 1094 2280 2279 1095
f 1098 1094 1096 1095
f 1355 190 2410 2606
f 1809 153 151 1810
f 151 156 155 153
f 2228 2070 2170 991
f 675 992 877 991
f 1232 1400 1610 1399
f 1230 1399 1609 2432
f 1061 1062 2195 925
f 925 1063 1062 927
f 244 226 243 743
f 243 223 1854 743
f 1101 1791 189 2283
f 1101 192 116 1102
f 2202 1133 937 936
f 1135 940 936 939
f 608 322 321 352
f 321 2036 1908 1893
f 1373 1372 959 1374
f 377 1255 382 1256
f 1921 2360 1923 1255
f 1225 2345 605 1226
f 605 1228 1227 1226
f 1951 431 1057 437
f 1058 437 434 438
f 2279 1094 1095 1093
f 1094 1096 1095 1093
f 2386 1307 2305 2153
f 1307 841 1308 1146
f 1363 1445 893 1447
f 2455 2179 1363 1445
f 1125 1259 1705 1128
f 2295 1125 1259 1705
f 1148 990 560 989
f 2306 989 2012 2227
f 2383 787 935 2126
f 1301 790 938 787
f 647 1524 1729 1522
f 2056 1522 1729 2493
f 1956 1957 2564 447
f 447 452 1663 450
f 1684 2590 1725 1715
f 1715 1726 1686 1716
f 1022 1544 1223 1221
f 2504 1221 2242 2343
f 1126 1125 2297 1705
f 1126 1128 1706 1129
f 2390 837 2387 2151
f 840 1309 1316 837
f 819 820 869 867
f 2166 820 2142 867
f 1235 2351 1952 1237
f 1240 439 1237 1238
f 718 218 715 806
f 1840 715 2135 2090
f 2052 1966 639 1965
f 640 468 639 464
f 1364 1367 878 678
f 2416 2171 675 1364
f 650 651 1525 2059
f 651 1526 653 650
f 1852 239 170 1806
f 147 239 170 240
f 685 232 682 1276
f 2075 229 2370 682
f 1709 1659 1670 2562
f 1709 1660 1672 1659
f 92 2205 2204 944
f 945 94 944 946
f 1065 1409 2265 1066
f 1065 1412 1066 1068
f 2025 1203 53 586
f 1203 588 55 586
f 522 512 513 510
f 522 509 510 1989
f 1222 613 1217 610
f 2344 2039 610 2340
f 2274 2294 2186 1122
f 1122 1084 1124 908
f 1656 1615 1655 1677
f 2540 1655 1677 2560
f 449 2564 447 1663
f 452 1666 1663 450
f 407 1465 1466 2618
f 1125 2295 2297 1705
f 1705 1126 1125 1128
f 102 469 472 471
f 1967 469 1783 1968
f 835 555 556 541
f 2150 555 541 2010
f 1433 288 2356 1244
f 1247 288 1433 1244
f 247 278 250 300
f 300 247 1873 1856
f 466 1448 468 465
f 2456 1965 465 1964
f 1557 2515 1545 2511
f 1566 1557 1547 1558
f 600 620 599 596
f 2032 2031 596 2041
f 1381 1544 1221 1383
f 2504 1381 2343 2423
f 1293 1290 925 1063
f 2379 2264 2195 1290
f 1599 1673 1607 1674
f 1605 1596 2569 1673
f 1007 2551 2392 1637
f 1007 1319 1638 1637
f 1246 1247 1433 1243
f 1243 2356 1433 2354
f 2132 2620 796 2644
f 2463 373 1457 1919
f 376 1461 373 1459
f 1628 1440 1438 1627
f 2451 2450 1627 2546
f 1561 2506 1559 1546
f 1548 1561 1559 1546
f 2156 1441 2453 847
f 1442 1441 850 847
f 1316 837 1309 1315
f 837 2390 2387 1315
f 1565 2514 1545 2515
f 1547 1566 1564 1565
f 1505 1309 840 837
f 837 2151 2485 2387
f 1527 651 2495 1525
f 1526 1525 651 1527
f 500 1982 527 499
f 502 500 528 499
f 738 2103 2122 2102
f 740 741 779 738
f 945 92 205 943
f 2204 205 92 943
f 1317 2498 2148 1531
f 1317 834 1532 1531
f 254 305 315 308
f 305 1858 1890 1885
f 1100 791 792 1091
f 791 2278 2282 2128
f 797 728 2620 2644
f 298 639 482 640
f 639 481 2052 1881
f 2165 2162 865 2053
f 860 642 866 865
f 330 309 324 310
f 1897 1894 309 1887
f 208 92 205 945
f 2204 92 205 1835
f 1007 2487 2551 1508
f 1010 1638 1510 1508
f 548 584 550 547
f 547 2008 2024 2006
f 935 785 938 937
f 2200 785 935 937
f 1390 1625 1393 1624
f 2429 1624 1623 1390
f 1980 857 2136 2161
f 495 859 807 857
f 2365 1906 2366 1266
f 1266 1268 348 1267
f 880 265 268 468
f 879 1865 265 465
f 736 655 735 656
f 655 2099 2100 2060
f 901 881 745 882
f 2173 901 881 745
f 2024 582 973 2213
f 584 961 973 582
f 799 798 800 796
f 795 2132 2131 796
f 207 204 206 2600
f 204 1836 1834 2599
f 748 749 747 347
f 1906 747 748 2106
f 1476 1909 1475 353
f 1478 353 1475 356
f 1706 1259 1128 1705
f 1259 2585 2295 1705
f 2131 2620 2098 2644
f 785 940 1078 788
f 785 2125 1076 937
f 727 2096 2131 2124
f 727 730 784 800
f 408 1059 1257 1258
f 1257 2361 2262 407
f 1486 2577 2476 1487
f 1689 1487 1486 1490
f 407 1466 408 2618
f 1357 1353 2230 995
f 998 1357 995 1354
f 2116 1131 768 2291
f 768 1118 1131 770
f 434 431 437 1058
f 1951 431 1948 1057
f 1412 1415 1407 1417
f 1407 1409 2440 1415
f 2048 145 1805 607
f 631 145 607 148
f 950 2383 2382 2208
f 952 1299 1300 950
f 1688 1722 1687 1724
f 1723 2576 2593 1687
f 740 768 779 770
f 2132 795 2131 2130
f 795 797 798 796
f 277 280 325 2604
f 718 920 218 922
f 2193 1840 715 920
f 1958 897 1453 2181
f 1453 897 448 900
f 1563 1560 1548 1559
f 2512 2506 1559 2513
f 2295 2585 2297 1705
f 1705 1126 1128 1706
f 1557 1565 1547 1545
f 2511 2515 1545 2505
f 747 2366 1906 1265
f 1265 348 749 1267
f 171 877 875 172
f 1818 2170 169 875
f 1230 670 1232 1399
f 1230 2432 2348 2066
f 1988 1979 511 1981
f 514 496 497 511
f 944 92 94 945
f 2204 2205 92 1779
f 1487 1486 2577 1689
f 1690 1486 1490 1689
f 511 493 494 1981
f 493 494 497 511
f 1422 1236 1418 1239
f 2441 1236 2442 2352
f 2204 2110 1835 755
f 208 755 758 945
f 669 2068 701 668
f 672 668 703 671
f 1419 1413 1241 1242
f 1241 2443 2353 1413
f 1270 1257 2472 1479
f 1480 1479 1258 1272
f 767 802 769 781
f 802 2123 767 2117
f 1966 807 857 2136
f 464 808 859 807
f 945 205 755 943
f 205 2204 755 943
f 469 100 470 1783
f 469 102 472 100
f 1721 1723 1687 1722
f 2593 1721 1723 1687
f 422 276 273 421
f 1942 273 1943 1869
f 1888 311 1908 1893
f 311 321 313 351
f 1649 1563 1643 1561
f 2513 1649 2554 1561
f 1858 305 1890 251
f 315 251 305 254
f 922 920 218 794
f 1840 2193 2129 920
f 1835 205 2204 755
f 205 945 755 208
f 243 226 219 223
f 1854 223 216 1844
f 1606 2536 1605 1601
f 1607 1601 1606 1605
f 1611 1601 1429 2538
f 1612 1611 1601 1429
f 2468 2471 2264 1471
f 1471 1472 1477 1063
f 426 1837 151 1808
f 151 154 209 428
f 1877 288 2356 2449
f 288 290 1247 1433
f 948 936 1300 939
f 936 2206 2382 2202
f 1580 1613 1622 1614
f 1613 1577 1621 2539
f 723 537 743 744
f 743 2104 2002 723
f 613 1224 612 1222
f 1222 609 610 2344
f 991 239 240 877
f 875 239 1852 991
f 1462 376 1461 378
f 375 2463 373 1461
f 974 957 958 584
f 2219 957 2024 2211
f 1043 1044 1040 1042
f 2252 2254 2253 1040
f 2504 1221 1381 1543
f 1544 1381 1221 1543
f 1095 2413 1093 1361
f 1362 1095 1093 1361
f 1238 439 1455 440
f 1952 1235 439 2460
f 1446 1717 2455 2456
f 1718 1447 1448 1446
f 715 1840 2135 215
f 215 218 805 715
f 198 1644 1640 1643
f 2554 198 1639 1643
f 198 2554 1639 1833
f 1644 198 1640 201
f 2363 2364 2374 1261
f 1260 1264 1283 1261
f 2053 858 865 641
f 858 642 865 641
f 1260 2374 1261 1283
f 1286 1264 1283 1263
f 597 2041 596 2031
f 617 596 600 597
f 901 2183 2192 920
f 921 901 922 902
f 2195 2378 1290 925
f 925 1294 1293 927
f 361 19 20 362
f 1741 1742 1913 361
f 1557 1566 1547 1565
f 2515 1557 1545 1565
f 1601 2447 2538 2533
f 1603 1612 1601 1429
f 1399 1610 1230 1609
f 2432 2537 1609 2348
f 795 2131 797 796
f 797 800 798 796
f 297 482 639 481
f 481 1973 2052 1881
f 569 157 185 2017
f 570 157 185 569
f 2041 597 596 617
f 600 620 596 617
f 157 570 185 160
f 1811 185 157 2017
f 780 779 770 740
f 2478 2275 1491 1084
f 1492 1083 1084 1491
f 1029 1030 446 1377
f 2421 1029 2247 443
f 665 628 1660 627
f 627 2562 2065 2046
f 2516 1396 2518 2430
f 1573 1396 1568 1398
f 429 431 1951 437
f 432 434 437 438
f 1507 2491 2393 1321
f 268 267 269 265
f 1867 265 267 1865
f 893 1366 1447 894
f 1445 2179 1363 893
f 1478 1476 353 357
f 1476 1909 1911 2470
f 172 876 875 169
f 2171 169 1817 2170
f 437 429 431 432
f 1947 431 1951 429
f 297 269 265 298
f 1867 297 265 1881
f 1409 2267 2265 1066
f 1066 1412 1069 1068
f 481 1973 1881 2640
f 692 1168 689 687
f 2316 2077 689 687
f 849 861 2163 847
f 862 861 849 847
f 527 817 844 843
f 2154 527 843 815
f 1592 2566 2564 1663
f 1666 1663 1664 1594
f 2482 1075 1133 1499
f 1075 1500 1135 1499
f 2440 2436 2437 1407
f 1410 1412 1407 1417
f 944 2204 92 943
f 945 944 92 943
f 342 711 2088 343
f 343 342 711 712
f 2252 1041 1040 2253
f 1041 1039 1040 1044
f 2084 2268 2353 1071
f 1242 702 1071 1072
f 1857 246 300 1856
f 300 249 247 246
f 2103 738 2122 741
f 780 741 740 742
f 507 475 175 1970
f 2196 1501 1483 926
f 926 928 1502 1484
f 2383 950 2382 1299
f 1302 1299 952 1301
f 18 1741 17 361
f 19 18 17 361
f 1506 871 1193 1194
f 1193 2168 2485 2329
f 1248 1441 983 1245
f 1441 2355 983 1245
f 2291 1131 768 1117
f 1118 768 1131 1117
f 1689 1693 1487 1696
f 2476 1693 2577 2579
f 1693 2476 2577 1487
f 1487 1689 1696 1490
f 2285 786 1105 787
f 1105 789 1106 787
f 1840 2090 2193 715
f 218 715 920 718
f 1622 1581 1573 1583
f 1581 2543 2518 2524
f 1857 300 1883 1856
f 300 250 249 302
f 787 938 1301 1299
f 787 2383 935 1299
f 470 472 100 469
f 469 1967 1783 470
f 2491 1507 1517 1321
f 216 1842 1854 1844
f 219 243 223 216
f 1072 1242 702 704
f 1241 2084 1071 702
f 1217 1224 613 1222
f 2340 1222 610 2344
f 548 582 584 547
f 582 548 2024 547
f 1396 2516 2518 1567
f 1568 1396 1571 1567
f 582 973 957 2024
f 973 957 584 582
f 1365 1360 1359 1368
f 1365 2415 2412 1358
f 1548 1547 1545 2628
f 689 1167 2316 687
f 1167 689 1168 687
f 1105 786 789 787
f 2126 2285 786 2127
f 533 818 536 532
f 1999 533 532 2141
f 1900 479 1971 1972
f 479 477 480 335
f 1718 1446 466 1717
f 1964 1717 2456 2591
f 2477 2577 2476 1486
f 1486 1690 1490 1489
f 744 723 537 539
f 537 743 2002 723
f 1674 1599 1673 1598
f 2569 1596 1595 1673
f 1660 662 627 1659
f 2562 627 2065 1659
f 1487 2577 1693 1689
f 1490 1689 1696 1690
f 1607 1673 1606 1674
f 2569 1605 1673 1606
f 1612 1603 1430 1429
f 2447 1601 2538 1429
f 1844 743 1854 223
f 223 243 226 743
f 1249 1250 1054 558
f 2357 2258 2011 1249
f 1252 1051 558 1251
f 2358 557 1051 1251
f 1091 2135 2278 2619
f 1091 1092 806 2605
f 2068 2067 701 2083
f 669 703 668 701
f 2502 1555 1731 2510
f 1540 1556 1732 1555
f 1075 2299 2482 1133
f 1075 1499 1135 1133
f 2305 1307 1347 1144
f 1146 1307 1144 1348
f 434 437 431 432
f 431 1947 1951 1948
f 1131 923 2116 768
f 768 1131 923 770
f 2542 661 2525 2063
f 661 1586 664 1618
f 805 729 2097 2619
f 805 732 729 2605
f 480 478 336 335
f 479 1900 1971 335
f 2482 1075 1501 2270
f 1502 1075 1500 1077
f 768 740 779 738
f 311 321 1908 1893
f 313 321 322 352
f 1973 473 1969 2640
f 860 642 865 858
f 2162 858 865 2053
f 2437 2267 2265 1409
f 1412 1065 1066 1409
f 1594 1664 1666 1667
f 2566 1592 1664 1663
f 1537 1645 1050 1646
f 1645 2259 2555 2501
f 1063 925 1293 927
f 2195 1290 1061 925
f 461 84 462 2610
f 1754 529 1997 2633
f 530 41 529 2636
f 2347 2348 1391 2428
f 1394 1231 1232 1391
f 2459 2181 1958 1453
f 1453 1454 900 451
f 2305 2406 1347 2386
f 1347 1144 1307 1348
f 206 204 203 2600
f 204 1834 203 2599
f 749 347 1265 747
f 1906 2106 2366 747
f 2565 2574 2589 1665
f 1684 1713 1665 1668
f 1577 2543 2539 2521
f 1613 1580 1622 1577
f 1649 2513 2554 2557
f 1563 1649 1643 1650
f 982 2223 2224 2225
f 982 986 981 985
f 2544 442 1624 1955
f 442 1625 1624 445
f 452 447 449 451
f 448 1957 447 449
f 2136 495 807 857
f 859 808 498 807
f 848 1450 1648 1449
f 2457 848 1647 1449
f 938 785 940 937
f 2201 2125 2200 937
f 1607 1674 1606 1608
f 2536 1606 2569 2535
f 1248 1443 986 983
f 2355 2224 2454 983
f 81 461 462 2610
f 44 530 529 2636
f 1997 529 41 2633
f 1283 1481 1286 1263
f 1260 2473 2374 1283
f 1849 2013 233 1850
f 562 233 235 236
f 2454 1441 2355 983
f 1441 1248 983 1443
f 1904 1905 2088 343
f 343 345 712 346
f 266 297 265 1867
f 269 297 265 266
f 1457 1460 373 1459
f 2462 2461 1919 1457
f 880 879 265 465
f 2172 465 1865 879
f 667 1229 1033 2347
f 1034 1229 667 1231
f 1517 1170 1516 1169
f 1169 2491 2317 2490
f 2447 1601 2534 2533
f 1601 1602 1603 1429
f 84 461 82 2610
f 42 529 1754 2633
f 43 41 530 2636
f 1650 1643 1563 1644
f 1561 1643 1649 2554
f 1041 2252 1040 1039
f 1044 1039 1040 1042
f 2495 651 2058 2059
f 653 654 1526 651
f 568 483 475 486
f 475 483 567 1974
f 2532 1956 2570 1675
f 1599 450 1675 1676
f 655 1944 2050 635
f 424 635 655 636
f 1383 1223 1544 1221
f 1221 2504 1381 2343
f 2068 669 701 2067
f 703 669 668 672
f 2011 2258 1051 1249
f 558 1051 1054 1249
f 1051 1252 558 1054
f 1051 2258 2011 2358
f 235 233 561 2013
f 233 562 235 561
f 2472 2361 1257 1270
f 1479 1270 1257 1258
f 522 509 1989 1987
f 512 522 509 510
f 1309 840 1316 1310
f 1309 1315 837 2387
f 81 462 83 2610
f 42 44 529 2636
f 1997 41 1753 2633
f 1548 1545 1546 2628
f 165 1875 291 285
f 291 286 165 285
f 1415 1407 1409 1412
f 1409 2440 2437 1407
f 1506 1309 840 1505
f 2485 1505 837 2387
f 1377 1397 1395 1379
f 1395 1377 1379 2431
f 1476 1475 1481 1478
f 715 1840 215 920
f 215 218 715 920
f 893 2171 2416 1364
f 893 1364 1367 878
f 507 1978 395 491
f 491 398 507 492
f 1995 1972 525 2639
f 480 526 525 2624
f 1890 315 317 409
f 320 411 315 318
f 320 409 315 411
f 1890 1891 1937 409
f 1309 1506 840 1310
f 1505 1309 837 2387
f 1317 1532 1318 1335
f 2391 1317 2399 2498
f 1891 1938 1937 409
f 410 409 320 411
f 1371 1372 2419 2632
f 1599 1595 1673 1598
f 2530 2569 2532 1595
f 799 796 800 2643
f 900 449 448 451
f 448 1957 897 1958
f 682 232 230 229
f 1847 227 229 2075
f 187 160 185 570
f 185 1811 1826 2017
f 1622 1613 1577 1621
f 2543 1577 2539 1621
f 1410 1416 1236 1418
f 1416 2441 1407 1236
f 1986 1970 175 1820
f 871 2485 1193 2168
f 871 1506 872 1194
f 175 507 1970 1986
f 986 985 984 981
f 2223 982 2224 981
f 805 2135 1091 2619
f 805 1091 806 2605
f 2543 1581 2518 1621
f 1581 1622 1573 1621
f 439 1238 1455 1235
f 1952 1235 2460 2350
f 2118 763 86 771
f 763 772 86 771
f 1429 1601 2534 2447
f 1430 1603 1602 1429
f 848 2457 1647 2158
f 1450 848 1648 851
f 229 230 682 227
f 1846 227 1847 2075
f 500 502 528 503
f 1982 500 527 1984
f 2135 805 2097 2619
f 732 805 806 2605
f 342 2088 1905 343
f 345 343 712 342
f 2129 215 1840 920
f 215 218 920 794
f 1518 1170 1516 1517
f 2491 1514 1169 1517
f 651 1528 1526 1527
f 2496 651 2495 1527
f 484 1855 235 1976
f 245 238 487 484
f 2016 1970 475 1974
f 568 476 486 475
f 1463 1721 1491 1464
f 1491 2464 1721 1463
f 885 2064 2175 2630
f 1071 1241 702 1242
f 2084 1241 1071 2353
f 2487 2551 2236 1007
f 1638 1007 1508 1010
f 862 852 850 847
f 2163 2156 2157 847
f 1460 1457 373 1458
f 2461 373 1457 1458
f 1118 1131 770 1132
f 2116 2298 1131 2291
f 2478 1721 2464 2593
f 1491 1722 1464 1721
f 2261 2359 2267 1253
f 1066 1057 1253 1254
f 1377 1395 443 2431
f 1397 443 1377 1395
f 2413 2280 1095 2279
f 1096 1095 1362 1098
f 1573 1622 1574 1572
f 2519 1621 2518 1572
f 1928 1929 1938 410
f 986 982 981 983
f 981 982 2224 983
f 1095 2413 2279 1093
f 1095 1096 1362 1093
f 893 1367 894 878
f 2416 2179 2171 893
f 297 296 269 298
f 297 1867 1880 1881
f 2374 1260 1261 2364
f 1264 1260 1283 1263
f 1984 527 1982 1996
f 528 500 527 499
f 522 532 535 509
f 509 2000 522 532
f 897 1958 1453 448
f 900 448 1453 451
f 2271 747 748 1076
f 748 749 1078 1076
f 1951 1408 429 437
f 432 437 1411 438
f 938 940 785 788
f 2200 2125 785 937
f 235 233 2013 1850
f 236 238 235 562
f 797 800 796 2643
f 245 238 248 487
f 1855 484 235 245
f 1505 871 1193 1506
f 2485 871 1193 1505
f 1864 234 1853 1851
f 234 237 263 241
f 246 1886 1853 1857
f 241 249 304 246
f 1596 2569 2536 1605
f 1673 1605 1596 1607
f 1486 2582 2584 2477
f 1703 1489 1699 1486
f 1537 1053 1538 1646
f 1537 2259 1645 2501
f 2075 227 229 682
f 232 682 230 685
f 2438 1947 1951 429
f 437 432 1411 429
f 1407 1416 1417 1415
f 2440 1416 1407 1415
f 298 265 268 269
f 1865 1867 265 1881
f 1540 1539 1555 1731
f 1539 1555 1731 2502
f 1057 1069 1254 1066
f 2267 1057 1253 1066
f 1489 1703 1699 1704
f 2584 1486 1703 1699
f 263 261 234 241
f 234 1864 1853 261
f 304 241 246 1886
f 249 304 307 242
f 220 219 217 742
f 216 741 1841 217
f 849 2163 2157 847
f 852 862 849 847
f 1317 1333 2498 1531
f 1317 1532 1335 1531
f 1460 1457 1070 1459
f 2266 2461 2462 1457
f 2413 2197 1093 1361
f 1093 1361 932 1362
f 1173 648 645 2627
f 86 764 772 763
f 2114 86 2118 763
f 2095 2002 2104 723
f 723 744 725 539
f 86 2114 2118 1776
f 764 86 772 88
f 651 2496 2495 2058
f 1528 651 1526 654
f 1573 1622 1572 1621
f 1621 2519 2518 2543
f 308 303 311 305
f 305 1884 1888 1885
f 1230 1232 1610 1399
f 2432 1609 1230 2348
f 1320 1007 1638 1010
f 2392 2236 2551 1007
f 2463 375 373 1920
f 373 375 1461 378
f 2532 2569 2536 1596
f 1673 1599 1607 1596
f 1826 176 649 185
f 652 185 179 187
f 176 2057 1826 649
f 185 652 179 649
f 2582 1486 2584 1699
f 1704 1700 1699 1489
f 1556 1540 1515 1513
f 1555 2489 2502 1513
f 662 1660 627 665
f 1659 662 627 2065
f 411 320 410 412
f 1891 1938 409 410
f 1455 1235 2460 439
f 1455 1238 440 1456
f 1866 1865 267 2169
f 267 268 270 874
f 816 532 533 2141
f 532 533 818 816
f 818 535 536 532
f 2141 532 1999 2000
f 1647 848 1648 1449
f 1647 2158 2457 2556
f 748 2106 2271 2107
f 749 750 748 1078
f 923 2298 2116 2194
f 924 923 1131 770
f 507 1930 1978 1986
f 398 492 508 507
f 373 2461 1457 1919
f 373 1459 1460 376
f 2357 1899 333 2621
f 901 920 919 922
f 2193 2192 2183 920
f 1230 1391 1229 2347
f 1391 1229 1231 1230
f 1537 1053 1646 1050
f 2259 1537 1645 1050
f 238 245 235 484
f 235 1855 1850 1976
f 291 1815 1878 1875
f 291 286 292 165
f 2419 1372 2418 2632
f 1817 2170 169 1818
f 171 172 875 169
f 2050 2060 1944 655
f 655 636 656 424
f 391 1929 410 390
f 1929 391 410 1928
f 1146 1308 1307 1348
f 1307 2305 1347 2386
f 2392 1319 1007 1637
f 1007 1320 1638 1319
f 1225 1404 1233 2434
f 1406 1225 1404 1233
f 535 512 522 509
f 2000 509 522 1987
f 304 303 312 307
f 304 312 1884 1886
f 398 491 507 395
f 1930 507 1978 395
f 2538 1569 2520 2517
f 1575 1570 1569 1611
f 286 292 165 168
f 1875 165 291 1815
f 635 424 655 423
f 1944 655 423 635
f 1575 1578 1570 1611
f 1569 1575 1611 2520
f 1612 1570 1578 1611
f 1569 2538 2520 1611
f 295 297 269 266
f 1867 297 1880 266
f 275 336 478 335
f 1900 335 272 1971
f 1722 1491 1464 1492
f 1721 2478 2464 1491
f 311 305 303 1888
f 303 313 308 311
f 1132 924 1131 770
f 2298 923 2116 1131
f 1410 1416 1417 1407
f 2440 2441 2436 1407
f 2349 2346 1233 2434
f 1406 1234 1227 1233
f 527 817 843 815
f 2140 527 2154 815
f 1357 2230 2412 2259
f 1359 998 1357 1053
f 1391 1230 2348 2347
f 1391 1231 1232 1230
f 296 269 286 295
f 1880 285 266 295
f 2489 1555 2502 2510
f 1556 1540 1513 1555
f 302 250 281 300
f 1883 300 1873 1856
f 1481 1283 1260 1263
f 2364 2473 2374 1260
f 1596 1956 1675 447
f 447 1675 1596 450
f 2335 2061 1205 2417
f 1370 1206 660 1205
f 1369 1205 660 658
f 1369 2061 1205 658
f 1335 1333 1317 1531
f 1317 1333 2399 2498
f 885 663 2064 2630
f 261 234 241 1853
f 237 242 263 241
f 249 241 304 242
f 241 246 1886 1853
f 1208 1212 1210 1211
f 1208 2336 1209 2338
f 2266 2461 1457 1458
f 1067 1458 1457 1460
f 261 1863 1864 1853
f 307 262 242 304
f 241 304 262 1886
f 1458 1457 2266 1067
f 1070 1067 1457 1460
f 1959 234 453 1898
f 331 454 234 453
f 316 261 1946 425
f 319 263 425 427
f 446 1029 1377 443
f 443 2247 2421 1954
f 444 1228 576 574
f 2020 441 574 2345
f 1899 1047 2357 333
f 333 1048 1250 334
f 917 903 1266 905
f 2184 2365 917 903
f 257 2231 2358 1862
f 994 259 257 1251
f 367 1917 1255 369
f 1255 367 369 372
f 466 1446 1448 465
f 2456 465 1446 463
f 527 2140 2154 1996
f 844 528 817 527
f 1446 1718 466 1448
f 2456 1446 1717 463
f 1956 1596 1675 2532
f 450 1675 1596 1599
f 185 179 176 649
f 2057 176 1826 1822
f 444 1226 574 441
f 2345 2020 441 1953
f 918 1266 905 917
f 2184 2365 2191 917
f 1252 994 259 997
f 2231 257 2358 994
f 1047 1899 2357 2256
f 1917 367 1255 1916
f 367 1255 370 372
f 261 262 1863 1853
f 1886 1863 262 1853
f 262 307 242 264
f 2422 1377 2431 1379
f 1397 1378 1380 1379
f 234 237 454 332
f 1851 234 1959 1898
f 1715 2584 1683 2590
f 1715 1685 1704 1716
f 2197 931 930 2198
f 930 931 929 934
f 930 931 2197 929
f 932 930 929 934
f 332 454 234 331
f 234 331 453 1898
f 453 1810 1959 1898
f 152 454 331 453
f 1476 1909 2470 1475
f 353 1475 1476 1478
f 514 513 512 510
f 511 510 509 1989
f 572 236 233 562
f 233 2018 2013 1849
f 790 1301 1106 787
f 2285 2383 2126 787
f 1270 1271 1258 1272
f 2367 2361 2368 1270
f 1606 2536 2569 1605
f 1673 1607 1606 1605
f 1121 2190 2294 912
f 1123 912 1122 915
f 2418 953 1005 2209
f 1005 1372 955 953
f 314 312 303 307
f 312 1884 1886 1889
f 1030 1378 446 1377
f 2421 1029 443 1377
f 1269 1257 1270 1271
f 2361 1269 1270 2367
f 1920 373 2463 1919
f 376 373 1461 378
f 569 566 565 180
f 569 177 565 2015
f 571 233 2013 561
f 561 233 562 571
f 2018 233 2013 571
f 233 572 562 571
f 662 666 886 885
f 454 155 152 331
f 1810 331 453 152
f 2190 1121 2294 2293
f 1122 1121 912 1123
f 2346 1225 1233 2434
f 1225 1406 1227 1233
f 2197 1093 1361 929
f 1093 1361 929 932
f 1596 2569 1595 2532
f 1595 1599 1673 1596
f 1870 1900 272 1971
f 477 272 275 335
f 2199 2197 930 2198
f 930 932 933 934
f 216 2103 1841 741
f 741 217 216 742
f 1901 252 337 338
f 252 337 338 339
f 262 261 241 1853
f 304 262 242 241
f 1886 262 241 1853
f 481 473 1973 2640
f 1357 1645 2412 1365
f 1357 1646 1365 1359
f 155 454 332 331
f 331 1810 453 1898
f 278 281 250 300
f 300 247 278 1873
f 1500 1075 1135 1077
f 2299 1075 2482 2270
f 1122 912 1088 915
f 1088 2294 2190 912
f 2259 1357 1645 2412
f 1053 1646 1357 1359
f 511 1988 1989 1987
f 510 509 514 511
f 1205 660 1370 1369
f 2061 1369 1205 2417
f 361 1473 2472 1479
f 361 1479 1480 1474
f 1174 648 1173 2627
f 748 749 1076 747
f 747 2271 748 2106
f 2197 2279 2413 1093
f 1096 1093 932 1362
f 2235 2418 1005 2209
f 1008 1372 955 1005
f 2158 2458 2556 1451
f 1647 1452 848 1451
f 1865 265 267 873
f 265 874 268 267
f 2584 1715 1683 1703
f 1704 1683 1715 1703
f 219 216 217 742
f 2103 216 1841 1842
f 324 292 325 326
f 1894 324 291 1895
f 435 474 293 473
f 473 1969 1879 1950
f 436 293 474 294
f 293 435 473 1879
f 1408 1951 429 2438
f 429 437 1408 1411
f 441 1226 574 2345
f 1226 444 574 1228
f 257 2358 994 1251
f 994 1252 259 1251
f 2365 917 903 1266
f 1266 918 905 1268
f 1255 370 372 1256
f 1917 1255 2360 1916
f 1539 1513 1540 1555
f 1555 1539 1513 2502
f 1377 1397 1379 1378
f 1377 2422 2431 2421
f 2173 239 147 881
f 881 240 150 882
f 2347 667 1230 2066
f 667 1231 1230 670
f 1090 1124 1088 915
f 2190 2276 2294 1088
f 2336 1208 1209 1207
f 1209 1208 1210 1207
f 1683 2590 2584 2575
f 1683 1704 1715 1685
f 2412 1645 2555 1365
f 1357 1646 1645 1365
f 728 796 2620 2644
f 446 1377 1397 443
f 1954 2421 443 2431
f 292 323 324 325
f 324 323 291 1895
f 291 1894 1895 1878
f 323 292 324 291
f 731 799 800 2643
f 1269 1257 1271 2614
f 1646 1050 1357 1645
f 2259 2412 1645 2555
f 263 261 319 425
f 261 1946 1864 1892
f 2016 177 2014 567
f 563 177 568 567
f 2098 2620 2132 2644
f 2158 1647 848 1451
f 1648 848 1452 851
f 293 436 474 435
f 1879 435 473 1950
f 885 662 666 663
f 1212 1208 1210 1209
f 1209 2337 2338 2336
f 683 682 2370 1275
f 1275 686 682 1276
f 1542 1511 1006 1541
f 1511 1006 1541 2503
f 663 2065 2064 2630
f 1372 1008 955 1374
f 953 2418 1005 1372
f 244 243 219 742
f 216 1854 2103 243
f 1050 1357 2230 995
f 998 995 1357 1053
f 797 2620 728 2643
f 1301 1105 787 1299
f 1105 2383 787 1299
f 1956 1958 1957 447
f 451 452 447 450
f 490 486 485 488
f 489 485 483 1975
f 486 489 485 483
f 489 1974 1975 483
f 1479 361 1473 1474
f 1913 2469 2472 1473
f 1901 1860 252 338
f 255 338 339 252
f 489 486 485 490
f 1974 489 1975 1977
f 447 1958 1957 448
f 447 448 449 451
f 2351 1041 2252 2253
f 1041 1237 1039 1044
f 147 240 150 881
f 239 147 1806 2173
f 1377 446 1397 1378
f 2421 1377 443 2431
f 2503 1511 1006 2488
f 1511 1542 1006 1512
f 569 566 180 570
f 177 2017 2015 569
f 2383 1105 787 2285
f 1105 1301 787 1106
f 1473 2472 1913 361
f 1474 1480 361 362
f 665 666 886 662
f 2169 1865 267 873
f 265 874 267 873
f 919 901 922 921
f 920 2192 901 919
f 663 662 2065 2630
f 912 2294 1121 1122
f 1122 1124 1123 915
f 266 286 295 285
f 285 1880 266 1875
f 1407 2441 2436 1236
f 1407 1416 1236 1410
f 546 556 816 543
f 543 2010 816 2004
f 2259 1357 2230 1050
f 995 1050 1357 1053
f 509 514 512 510
f 1989 509 511 1987
f 1946 261 316 1892
f 261 316 319 425
f 1124 1122 1088 915
f 912 1088 2294 1122
f 848 1648 1452 1647
f 2556 1647 2158 1451
f 1237 2252 1041 1039
f 1044 1237 1039 1042
f 1911 1476 1473 354
f 1476 1473 354 357
f 686 1275 682 683
f 2075 2370 2074 683
f 1897 279 299 329
f 299 282 330 329
f 1806 1852 239 2173
f 240 147 239 881
f 1237 1044 1240 1042
f 1041 2351 2252 1237
f 363 366 338 365
f 364 1902 1914 363
f 279 1897 299 1872
f 282 299 279 329
f 2441 2352 2436 1236
f 1418 1236 1410 1239
f 216 243 741 742
f 216 243 2103 741
f 1231 667 1230 1229
f 667 2347 1230 1229
f 1006 2503 2488 2237
f 1542 1512 1009 1006
f 1915 1902 1914 364
f 366 363 338 364
f 1269 2361 1270 1257
f 1271 1257 1270 1258
f 1357 2259 1645 1050
f 1050 1646 1357 1053
f 2370 2075 682 683
f 1276 682 685 686
f 1646 1365 1359 1368
f 2415 2412 2555 1365
f 880 468 1448 465
f 1965 465 2172 2456
f 874 880 265 268
f 873 1865 265 879
f 1231 670 1232 1230
f 2066 2348 1230 2347
f 1456 429 1411 432
f 1455 1947 2438 429
f 1854 216 2103 1842
f 243 216 219 742
f 2469 1476 1911 2470
f 1476 1478 1474 357
f 568 564 180 563
f 2014 177 563 567
f 546 556 818 816
f 2010 816 2004 2141
f 2017 177 2015 1821
f 180 177 565 569
f 879 874 265 873
f 1865 2169 2172 873
f 543 2010 555 816
f 816 556 555 543
f 1271 1257 1258 2614
f 1860 1901 1902 338
f 338 255 339 340
f 1473 1476 1474 357
f 1476 2469 1911 1473
f 1880 1867 266 1875
f 286 266 295 269
f 873 2172 1865 879
f 874 879 265 880
f 299 282 301 330
f 1872 1897 299 1882
f 556 818 816 2638
f 1947 1455 2438 2460
f 1411 1455 429 1456
f 1455 2438 1408 429
f 1408 1455 429 1411
f 338 365 366 340
f 363 364 1902 338
f 556 816 555 2638
f 565 564 180 566
f 2014 565 177 2015
f 564 565 180 563
f 565 2014 177 563
f 796 728 2620 2643
f 1448 879 880 465
f 1446 2172 879 465
f 1446 879 1448 465
f 465 1446 2172 2456
f 339 338 365 337
f 338 1901 363 337
f 568 180 177 563
f 177 2016 2014 1821
f 337 365 363 338
f 1902 363 1901 1914
f 2015 177 2014 1821
f 177 180 565 563
f 1901 338 363 1902
f 338 339 365 340
f 122 33 120 2602
f 33 122 35 2602
f 2253 1802 1747 2611
f 1774 25 1745 2612
f 766 908 1086 2617
f 1586 1642 200 2626
f 1781 2078 1780 2635
f 25 1774 82 2612
f 907 765 1084 2617
f 2627 1523 1557 1174
f 1557 1523 2627 1521
f 1557 1173 2627 1174
f 2627 1173 1557 1521
f 1039 2615 2442 1241
f 2442 2615 1039 1420
f 1881 2640 1879 297
f 1881 1879 2640 1969
f 473 1879 2640 297
f 473 2640 1879 1969
f 408 1257 2614 1258
f 2614 1468 408 1258
f 2607 239 240 991
f 2607 240 239 919
f 992 2607 240 991
f 992 240 2607 919
f 1357 2622 1358 931
f 1358 2622 1357 1359
f 2622 1360 1358 931
f 1358 1360 2622 1359
f 2622 934 1360 931
f 1360 934 2622 1359
f 91 207 2600 204
f 2600 207 91 205
f 2599 1836 91 204
f 91 1836 2599 205
f 203 2599 2600 204
f 2600 2599 203 205
f 2599 91 2600 204
f 2600 91 2599 205
f 407 2618 1257 1467
f 1257 2618 407 408
f 2618 2614 1257 1467
f 1257 2614 2618 408
f 2618 1468 2614 1467
f 2614 1468 2618 408
f 818 2638 532 816
f 2638 555 2010 816
f 2638 2010 555 815
f 2141 2638 2010 816
f 2141 2010 2638 815
f 532 2638 2141 816
f 532 2141 2638 815
f 277 2604 275 280
f 277 275 2604 435
f 436 275 2604 280
f 436 2604 275 435
f 2621 2357 1047 333
f 1047 2357 2621 1249
f 2621 1047 1048 333
f 1048 1047 2621 1249
f 557 2621 558 333
f 558 2621 557 1249
f 2621 1250 558 333
f 558 1250 2621 1249
f 2621 1048 1250 333
f 1250 1048 2621 1249
f 2628 1386 1551 1388
f 1552 2628 1551 1388
f 1552 1551 2628 1546
f 1548 2628 1552 1388
f 1548 1552 2628 1546
f 885 2630 153 662
f 153 2630 885 2175
f 2630 1809 153 662
f 153 1809 2630 2175
f 2630 2065 1809 662
f 1809 2065 2630 2175
f 2615 1042 1239 1422
f 2615 1239 1042 1039
f 1236 2615 1239 1422
f 1236 1239 2615 1039
f 1420 2615 1236 1422
f 1420 1236 2615 1039
f 2638 532 535 818
f 535 532 2638 815
f 535 817 2638 818
f 2638 817 535 815
f 198 200 2629 1585
f 198 2629 200 197
f 2626 1641 2525 1585
f 2626 2525 1641 197
f 95 2635 691 96
f 691 2635 95 688
f 2611 29 140 139
f 2611 140 29 1041
f 1037 2253 140 139
f 1037 140 2253 1041
f 2253 2611 140 139
f 2253 140 2611 1041
f 1419 1241 1420 1242
f 1419 1420 1241 2442
f 2615 1420 1241 1242
f 2615 1241 1420 2442
f 992 919 991 1109
f 992 991 919 2607
f 2228 991 919 1109
f 2228 919 991 2607
f 2628 1545 2505 1386
f 2505 1545 2628 1546
f 1551 2628 2508 1386
f 2508 2628 1551 1546
f 2628 2506 2508 1386
f 2508 2506 2628 1546
f 2628 2505 2506 1386
f 2506 2505 2628 1546
f 197 200 1585 2629
f 1585 200 197 2626
f 1585 2525 197 2629
f 197 2525 1585 2626
f 689 96 688 1781
f 689 688 96 691
f 2635 688 96 1781
f 2635 96 688 691
