# Blender 5.1.2
# www.blender.org
mtllib rhomboid_no_cut_solidified.mtl
o rhomboid_no_cut
v 1.200000 0.769060 -0.000000
v 1.166667 0.749815 -0.000000
v 1.133333 0.730570 -0.000000
v 1.100000 0.711325 -0.000000
v 1.066667 0.692080 -0.000000
v 1.033333 0.672835 -0.000000
v 1.000000 0.653590 -0.000000
v 1.000000 0.692080 -0.000000
v 1.000000 0.730570 -0.000000
v 1.000000 0.769060 -0.000000
v 1.000000 0.807550 -0.000000
v 1.000000 0.846040 -0.000000
v 1.000000 0.884530 -0.000000
v 0.966667 0.903775 -0.000000
v 0.933333 0.923020 -0.000000
v 0.900000 0.942265 -0.000000
v 0.866667 0.961510 -0.000000
v 0.833333 0.980755 -0.000000
v 0.800000 1.000000 -0.000000
v 0.833333 1.019245 -0.000000
v 0.866667 1.038490 -0.000000
v 0.900000 1.057735 -0.000000
v 0.933333 1.076980 -0.000000
v 0.966667 1.096225 -0.000000
v 1.000000 1.115470 -0.000000
v 1.033333 1.096225 -0.000000
v 1.066667 1.076980 -0.000000
v 1.100000 1.057735 -0.000000
v 1.133333 1.038490 -0.000000
v 1.166667 1.019245 -0.000000
v 1.200000 1.000000 -0.000000
v 1.166667 0.980755 -0.000000
v 1.133333 0.961510 -0.000000
v 1.100000 0.942265 -0.000000
v 1.066667 0.923020 -0.000000
v 1.033333 0.903775 -0.000000
v 1.200000 0.961510 -0.000000
v 1.200000 0.923020 -0.000000
v 1.200000 0.884530 -0.000000
v 1.200000 0.846040 -0.000000
v 1.200000 0.807550 -0.000000
v 2.000000 1.000000 -0.000000
v 1.996195 1.087156 -0.000000
v 1.984808 1.173648 -0.000000
v 1.965926 1.258819 -0.000000
v 1.939693 1.342020 -0.000000
v 1.906308 1.422618 -0.000000
v 1.866025 1.500000 -0.000000
v 1.819152 1.573576 -0.000000
v 1.766044 1.642788 -0.000000
v 1.707107 1.707107 -0.000000
v 1.642788 1.766044 -0.000000
v 1.573576 1.819152 -0.000000
v 1.500000 1.866025 -0.000000
v 1.422618 1.906308 -0.000000
v 1.342020 1.939693 -0.000000
v 1.258819 1.965926 -0.000000
v 1.173648 1.984808 -0.000000
v 1.087156 1.996195 -0.000000
v 1.000000 2.000000 -0.000000
v 0.912844 1.996195 -0.000000
v 0.826352 1.984808 -0.000000
v 0.741181 1.965926 -0.000000
v 0.657980 1.939693 -0.000000
v 0.577382 1.906308 -0.000000
v 0.500000 1.866025 -0.000000
v 0.426424 1.819152 -0.000000
v 0.357212 1.766044 -0.000000
v 0.292893 1.707107 -0.000000
v 0.233956 1.642788 -0.000000
v 0.180848 1.573576 -0.000000
v 0.133975 1.500000 -0.000000
v 0.093692 1.422618 -0.000000
v 0.060307 1.342020 -0.000000
v 0.034074 1.258819 -0.000000
v 0.015192 1.173648 -0.000000
v 0.003805 1.087156 -0.000000
v 0.000000 1.000000 -0.000000
v 0.003805 0.912844 -0.000000
v 0.015192 0.826352 -0.000000
v 0.034074 0.741181 -0.000000
v 0.060307 0.657980 -0.000000
v 0.093692 0.577382 -0.000000
v 0.133975 0.500000 -0.000000
v 0.180848 0.426424 -0.000000
v 0.233956 0.357212 -0.000000
v 0.292893 0.292893 -0.000000
v 0.357212 0.233956 -0.000000
v 0.426424 0.180848 -0.000000
v 0.500000 0.133975 -0.000000
v 0.577382 0.093692 -0.000000
v 0.657980 0.060307 -0.000000
v 0.741181 0.034074 -0.000000
v 0.826352 0.015192 -0.000000
v 0.912844 0.003805 -0.000000
v 1.000000 0.000000 0.000000
v 1.087156 0.003805 -0.000000
v 1.173648 0.015192 -0.000000
v 1.258819 0.034074 -0.000000
v 1.342020 0.060307 -0.000000
v 1.422618 0.093692 -0.000000
v 1.500000 0.133975 -0.000000
v 1.573576 0.180848 -0.000000
v 1.642788 0.233956 -0.000000
v 1.707107 0.292893 -0.000000
v 1.766044 0.357212 -0.000000
v 1.819152 0.426424 -0.000000
v 1.866025 0.500000 -0.000000
v 1.906308 0.577382 -0.000000
v 1.939693 0.657980 -0.000000
v 1.965926 0.741181 -0.000000
v 1.984808 0.826352 -0.000000
v 1.996195 0.912844 -0.000000
v 0.917532 0.672835 -0.000000
v 0.955556 1.000000 -0.000000
v 0.908766 0.841978 -0.000000
v 1.077778 0.788305 -0.000000
v 0.808766 1.100287 -0.000000
v 1.091234 0.611038 -0.000000
v 1.282468 0.788305 -0.000000
v 1.122222 0.865285 -0.000000
v 1.088889 1.000000 -0.000000
v 1.191234 1.100287 -0.000000
v 0.952029 0.711325 -0.000000
v 0.973016 1.046738 -0.000000
v 0.906349 1.008248 -0.000000
v 0.973016 0.953262 -0.000000
v 0.940625 0.788305 -0.000000
v 0.892681 0.891099 -0.000000
v 1.046032 0.749815 -0.000000
v 1.126984 0.780057 -0.000000
v 1.046032 0.826795 -0.000000
v 0.859348 1.089656 -0.000000
v 0.792681 1.051166 -0.000000
v 1.040652 0.621669 -0.000000
v 1.224567 0.688018 -0.000000
v 1.107319 0.660159 -0.000000
v 1.282468 0.980755 -0.000000
v 1.274917 0.865285 -0.000000
v 1.153968 0.903775 -0.000000
v 1.073016 0.873533 -0.000000
v 1.153968 0.826795 -0.000000
v 1.207319 1.051166 -0.000000
v 1.057901 1.177267 -0.000000
v 1.140652 1.089656 -0.000000
v 1.025535 1.044228 -0.000000
v 1.025535 0.955772 -0.000000
v 0.809054 0.900213 -0.000000
v 0.909054 1.157522 -0.000000
v 1.173985 0.698649 -0.000000
v 1.247971 0.942265 -0.000000
v 1.244874 0.826795 -0.000000
v 1.073985 1.128146 -0.000000
v 0.792802 0.949042 -0.000000
v 0.959469 1.147183 -0.000000
v 0.881139 0.740157 -0.000000
v 0.695478 1.110189 -0.000000
v 0.951932 0.550529 -0.000000
v 1.181485 0.608679 -0.000000
v 1.304522 1.110189 -0.000000
v 1.148152 1.179626 -0.000000
v 0.845732 0.848531 -0.000000
v 0.845958 1.151599 -0.000000
v 1.310484 0.920941 -0.000000
v 0.696306 0.889805 -0.000000
v 0.956415 1.260369 -0.000000
v 0.702473 1.012157 -0.000000
v 1.046440 0.523557 -0.000000
v 0.872256 0.797226 -0.000000
v 0.749068 0.766049 -0.000000
v 0.816317 0.759293 -0.000000
v 0.758307 1.175996 -0.000000
v 1.380804 0.836811 -0.000000
v 1.424633 1.010873 -0.000000
v 0.869675 1.237984 -0.000000
v 0.773062 0.835814 -0.000000
v 0.768216 0.618584 -0.000000
v 1.332357 0.867771 -0.000000
v 1.402362 0.923932 -0.000000
v 0.815178 0.809135 -0.000000
v 0.753220 0.889161 -0.000000
v 0.725444 0.949668 -0.000000
v 0.704775 0.820291 -0.000000
v 0.827253 0.676979 -0.000000
v 0.640598 0.953944 -0.000000
v 0.610705 0.698270 -0.000000
v 0.573724 0.839597 -0.000000
v 0.671978 0.748304 -0.000000
v 0.641896 0.847903 -0.000000
v 0.600904 0.900430 -0.000000
v 0.614917 0.785412 -0.000000
v 0.506092 1.012233 -0.000000
v 0.508033 0.746906 -0.000000
v 0.498504 0.909695 -0.000000
v 0.566544 0.967394 -0.000000
v 0.555430 0.782939 -0.000000
v 0.497297 0.832992 -0.000000
v 0.561115 0.726273 -0.000000
v 0.490365 0.622859 -0.000000
v 0.513673 0.682821 -0.000000
v 0.548118 0.887527 -0.000000
v 0.373545 0.702780 -0.000000
v 0.572558 0.625421 -0.000000
v 0.441280 0.676450 -0.000000
v 0.431780 0.752302 -0.000000
v 0.350999 0.544486 -0.000000
v 0.411537 0.599934 -0.000000
v 1.250250 0.740048 -0.000000
v 1.348888 0.659006 -0.000000
v 1.322106 0.726957 -0.000000
v 1.286791 0.673785 -0.000000
v 1.440433 0.734341 -0.000000
v 1.345089 0.785286 -0.000000
v 1.290250 0.550474 -0.000000
v 1.382465 0.711493 -0.000000
v 1.446732 0.633397 -0.000000
v 1.404680 0.782120 -0.000000
v 1.524928 0.834835 -0.000000
v 1.452865 0.835713 -0.000000
v 1.305034 0.612593 -0.000000
v 1.488222 0.779929 -0.000000
v 1.489874 0.915464 -0.000000
v 1.417409 0.873981 -0.000000
v 1.243775 0.594354 -0.000000
v 1.385024 0.560736 -0.000000
v 1.529127 0.689207 -0.000000
v 1.186271 0.486897 -0.000000
v 1.492718 0.727373 -0.000000
v 1.565174 0.760042 -0.000000
v 1.229622 0.532813 -0.000000
v 1.292434 0.430085 -0.000000
v 1.274985 0.489982 -0.000000
v 1.358078 0.481698 -0.000000
v 1.004521 1.000000 -0.000000
v 0.947584 0.615297 -0.000000
v 0.869464 0.611112 -0.000000
v 0.996339 0.586039 -0.000000
v 0.755787 0.225456 -0.000000
v 1.156533 0.651896 -0.000000
v 1.684945 1.436358 -0.000000
v 1.123200 1.136408 -0.000000
v 1.375001 1.720370 -0.000000
v 0.964575 1.811359 -0.000000
v 1.035425 0.188641 -0.000000
v 0.505606 1.644307 -0.000000
v 0.754248 0.691746 -0.000000
v 0.194816 1.106004 -0.000000
v 0.596057 1.070353 -0.000000
v 0.514262 0.960078 -0.000000
v 0.398432 0.968650 -0.000000
v 0.505606 0.355693 -0.000000
v 0.207119 0.824223 -0.000000
v 0.670339 0.620631 -0.000000
v 0.472495 0.786186 -0.000000
v 0.390972 0.859359 -0.000000
v 0.227036 0.597620 -0.000000
v 0.287989 0.453654 -0.000000
v 0.329953 0.628236 -0.000000
v 1.598766 0.451332 -0.000000
v 1.811359 0.964575 -0.000000
v 1.449833 0.958095 -0.000000
v 1.550315 1.038479 -0.000000
v 1.490695 1.010012 -0.000000
v 1.459510 1.151987 -0.000000
v 1.458537 1.077360 -0.000000
v 1.720370 0.624999 -0.000000
v 1.244213 0.225456 -0.000000
v 1.438510 0.311676 -0.000000
v 1.340204 0.531904 -0.000000
v 0.819636 0.625638 -0.000000
v 0.809039 0.511938 -0.000000
v 0.726153 0.131470 -0.000000
v 1.774544 1.244213 -0.000000
v 1.794644 1.413666 -0.000000
v 1.710739 1.545370 -0.000000
v 1.520058 1.677753 -0.000000
v 1.420505 1.807783 -0.000000
v 1.256890 1.814750 -0.000000
v 1.039077 1.895015 -0.000000
v 0.883066 1.888203 -0.000000
v 1.039723 0.090187 -0.000000
v 0.888493 0.153020 -0.000000
v 0.445613 1.722491 -0.000000
v 0.370152 1.577149 -0.000000
v 0.689211 1.750312 -0.000000
v 0.097112 1.118868 -0.000000
v 0.146524 0.962736 -0.000000
v 0.249688 1.310789 -0.000000
v 0.561980 1.024412 -0.000000
v 0.623732 1.014217 -0.000000
v 0.517811 1.092782 -0.000000
v 0.655906 1.064969 -0.000000
v 0.535598 0.491421 -0.000000
v 0.394761 0.339497 -0.000000
v 0.518651 0.244433 -0.000000
v 0.110907 0.802893 -0.000000
v 0.719856 0.647266 -0.000000
v 0.622557 0.645652 -0.000000
v 0.619415 0.581517 -0.000000
v 0.553840 0.558487 -0.000000
v 0.705303 0.522405 -0.000000
v 0.671925 0.565860 -0.000000
v 0.622180 0.494909 -0.000000
v 0.450561 0.872088 -0.000000
v 0.443404 0.930576 -0.000000
v 0.453304 0.987867 -0.000000
v 0.451421 1.061314 -0.000000
v 0.417192 1.219294 -0.000000
v 0.452740 1.144298 -0.000000
v 0.354517 0.784157 -0.000000
v 0.163823 0.564714 -0.000000
v 0.230328 0.514128 -0.000000
v 0.154944 0.658938 -0.000000
v 0.135721 0.609596 -0.000000
v 0.240265 0.417035 -0.000000
v 0.306765 0.379777 -0.000000
v 0.363100 0.592046 -0.000000
v 0.382372 0.647600 -0.000000
v 0.290159 0.573716 -0.000000
v 0.298675 0.513512 -0.000000
v 0.358622 0.471926 -0.000000
v 1.671423 0.384754 -0.000000
v 1.480632 0.484029 -0.000000
v 1.681266 0.870735 -0.000000
v 1.834039 0.815098 -0.000000
v 1.909813 0.960277 -0.000000
v 1.528087 1.113772 -0.000000
v 1.386186 1.115624 -0.000000
v 1.807783 0.579495 -0.000000
v 1.632787 0.681046 -0.000000
v 1.273847 0.131470 -0.000000
v 1.414444 0.203860 -0.000000
v 1.546396 0.287922 -0.000000
v 1.378987 0.387553 -0.000000
v 0.709630 0.079063 -0.000000
v 0.798886 0.092835 -0.000000
v 0.644414 0.141540 -0.000000
v 1.868531 1.273847 -0.000000
v 1.846980 1.111507 -0.000000
v 1.848584 1.441745 -0.000000
v 1.788404 1.491501 -0.000000
v 1.854824 1.363909 -0.000000
v 1.758984 1.582389 -0.000000
v 1.691078 1.620939 -0.000000
v 1.568121 1.740389 -0.000000
v 1.445878 1.856524 -0.000000
v 1.355586 1.858460 -0.000000
v 1.280631 1.890047 -0.000000
v 1.041730 1.955767 -0.000000
v 0.968549 1.928528 -0.000000
v 1.112258 1.922254 -0.000000
v 0.875129 1.948493 -0.000000
v 0.807790 1.908961 -0.000000
v 1.042120 0.035290 -0.000000
v 1.121284 0.078759 -0.000000
v 0.959469 0.071694 -0.000000
v 0.878188 0.074744 -0.000000
v 0.412162 1.766085 -0.000000
v 0.372248 1.685071 -0.000000
v 0.500746 1.783671 -0.000000
v 0.311943 1.630488 -0.000000
v 0.277674 1.460172 -0.000000
v 0.651498 1.841358 -0.000000
v 0.042632 1.126040 -0.000000
v 0.071694 1.040531 -0.000000
v 0.092835 1.201114 -0.000000
v 0.067648 0.959293 -0.000000
v 0.158642 1.348502 -0.000000
v 0.595436 1.215886 -0.000000
v 0.470938 0.542671 -0.000000
v 0.410522 0.514059 -0.000000
v 0.440374 0.424255 -0.000000
v 0.462877 0.481599 -0.000000
v 0.353678 0.294663 -0.000000
v 0.427246 0.268490 -0.000000
v 0.485977 0.193146 -0.000000
v 0.562973 0.180145 -0.000000
v 0.057260 0.791000 -0.000000
v 0.671582 0.686254 -0.000000
v 0.582242 0.409936 -0.000000
v 0.323231 1.128835 -0.000000
v 0.408143 0.804598 -0.000000
v 0.295740 0.859087 -0.000000
v 0.260021 0.719148 -0.000000
v 0.185918 0.481373 -0.000000
v 0.107019 0.718444 -0.000000
v 0.279312 0.339611 -0.000000
v 1.711937 0.347630 -0.000000
v 1.737177 0.434345 -0.000000
v 1.627752 0.314929 -0.000000
v 1.418933 0.505063 -0.000000
v 1.407724 0.443329 -0.000000
v 1.472327 0.560675 -0.000000
v 1.453294 0.384560 -0.000000
v 1.608025 0.831324 -0.000000
v 1.911119 0.798010 -0.000000
v 1.964710 0.957880 -0.000000
v 1.928306 1.040531 -0.000000
v 1.508270 1.066995 -0.000000
v 1.683252 1.118651 -0.000000
v 1.575676 1.279812 -0.000000
v 1.333710 1.287880 -0.000000
v 1.350012 1.042916 -0.000000
v 1.404629 1.062962 -0.000000
v 1.856524 0.554122 -0.000000
v 1.858460 0.644414 -0.000000
v 1.582645 0.706563 -0.000000
v 1.576868 0.633185 -0.000000
v 1.638564 0.754424 -0.000000
v 1.511788 0.626078 -0.000000
v 1.647381 0.607398 -0.000000
v 1.714042 0.711566 -0.000000
v 1.552253 0.557057 -0.000000
v 1.290370 0.079063 -0.000000
v 1.355586 0.141540 -0.000000
v 1.442205 0.150532 -0.000000
v 1.490366 0.209492 -0.000000
v 1.582995 0.240226 -0.000000
v 1.345924 0.429604 -0.000000
v 0.788379 0.045439 -0.000000
v 0.789599 0.163130 -0.000000
v 0.836541 0.133571 -0.000000
v 0.846863 0.234530 -0.000000
v 0.625836 0.096688 -0.000000
v 0.692342 0.193795 -0.000000
v 0.669777 0.318413 -0.000000
v 0.625549 0.206949 -0.000000
v 0.699229 0.259394 -0.000000
v 0.785701 0.339404 -0.000000
v 0.730799 0.312007 -0.000000
v 0.712900 0.416582 -0.000000
v 0.737644 0.366998 -0.000000
v 0.802858 0.424929 -0.000000
v 1.920937 1.290370 -0.000000
v 1.907165 1.201114 -0.000000
v 1.925256 1.121812 -0.000000
v 1.824017 1.524957 -0.000000
v 1.744722 1.448831 -0.000000
v 1.729195 1.373769 -0.000000
v 1.705121 1.489141 -0.000000
v 1.587457 1.529294 -0.000000
v 1.637886 1.484594 -0.000000
v 1.647881 1.546666 -0.000000
v 1.524308 1.407257 -0.000000
v 1.593622 1.621622 -0.000000
v 1.607203 1.407586 -0.000000
v 1.902656 1.373892 -0.000000
v 1.720340 1.660070 -0.000000
v 1.499900 1.784685 -0.000000
v 1.374164 1.903312 -0.000000
v 1.352526 1.787620 -0.000000
v 1.311430 1.824882 -0.000000
v 1.283733 1.727249 -0.000000
v 1.201374 1.908339 -0.000000
v 0.957383 1.976098 -0.000000
v 0.983662 1.869364 -0.000000
v 1.040904 1.818385 -0.000000
v 0.928951 1.855223 -0.000000
v 0.835346 1.773399 -0.000000
v 0.899272 1.794722 -0.000000
v 0.850514 1.834414 -0.000000
v 0.912995 1.647093 -0.000000
v 0.752066 1.826495 -0.000000
v 0.951768 1.725149 -0.000000
v 1.127528 1.968669 -0.000000
v 0.788532 1.953868 -0.000000
v 1.127620 0.030627 -0.000000
v 1.201426 0.091426 -0.000000
v 1.088514 0.141638 -0.000000
v 1.133052 0.245426 -0.000000
v 1.093625 0.200895 -0.000000
v 1.166420 0.164767 -0.000000
v 1.045994 0.282785 -0.000000
v 0.957352 0.023193 -0.000000
v 0.986634 0.137190 -0.000000
v 0.949801 0.220978 -0.000000
v 0.933641 0.120787 -0.000000
v 0.339450 1.720864 -0.000000
v 0.435158 1.652359 -0.000000
v 0.384019 1.630861 -0.000000
v 0.460800 1.564498 -0.000000
v 0.474662 1.824615 -0.000000
v 0.516061 1.714439 -0.000000
v 0.616893 1.663561 -0.000000
v 0.593225 1.767819 -0.000000
v 0.558066 1.672331 -0.000000
v 0.574216 1.578983 -0.000000
v 0.543751 1.756874 -0.000000
v 0.555080 1.822961 -0.000000
v 0.606089 1.817483 -0.000000
v 0.261870 1.566387 -0.000000
v 0.211916 1.502065 -0.000000
v 0.630470 1.892125 -0.000000
v 0.023193 1.042648 -0.000000
v 0.139309 1.061884 -0.000000
v 0.118350 1.010522 -0.000000
v 0.219567 1.017888 -0.000000
v 0.045439 1.211621 -0.000000
v 0.152619 1.162988 -0.000000
v 0.246417 1.188331 -0.000000
v 0.169437 1.255297 -0.000000
v 0.204484 1.157279 -0.000000
v 0.258467 1.120552 -0.000000
v 0.142192 1.212574 -0.000000
v 0.103472 1.267315 -0.000000
v 0.300944 1.045756 -0.000000
v 0.143415 1.299511 -0.000000
v 0.077567 0.878559 -0.000000
v 0.107875 1.369530 -0.000000
v 0.506276 1.215597 -0.000000
v 0.574552 1.143029 -0.000000
v 0.634261 1.123835 -0.000000
v 0.680547 1.187341 -0.000000
v 0.507489 0.576263 -0.000000
v 0.405223 0.224872 -0.000000
v 0.453700 0.323527 -0.000000
v 0.504699 0.299192 -0.000000
v 0.589244 0.291575 -0.000000
v 0.576140 0.235853 -0.000000
v 0.548859 0.133366 -0.000000
v 0.580112 0.462809 -0.000000
v 0.385391 1.158298 -0.000000
v 0.327557 1.227238 -0.000000
v 0.382047 1.085051 -0.000000
v 0.401419 1.028425 -0.000000
v 0.345005 1.001282 -0.000000
v 0.335135 0.925070 -0.000000
v 0.343423 0.835972 -0.000000
v 0.313457 0.687900 -0.000000
v 0.311385 0.745669 -0.000000
v 0.258039 0.654446 -0.000000
v 0.258851 0.784414 -0.000000
v 0.207872 0.688364 -0.000000
v 0.195980 0.756229 -0.000000
v 0.162778 0.796578 -0.000000
v 0.149200 0.867740 -0.000000
v 0.160938 0.715114 -0.000000
v 0.225132 0.908499 -0.000000
v 0.119620 0.914443 -0.000000
v 1.775691 0.404791 -0.000000
v 1.784888 0.499971 -0.000000
v 1.669542 0.455635 -0.000000
v 1.629665 0.527312 -0.000000
v 1.660550 0.279136 -0.000000
v 1.600648 0.380450 -0.000000
v 1.527848 0.413984 -0.000000
v 1.576846 0.332237 -0.000000
v 1.509712 0.345747 -0.000000
v 1.428694 0.586183 -0.000000
v 1.459425 0.436366 -0.000000
v 1.565434 0.808407 -0.000000
v 1.596862 0.939831 -0.000000
v 1.543940 0.975165 -0.000000
v 1.922433 0.878559 -0.000000
v 1.976807 1.042648 -0.000000
v 1.862810 1.013366 -0.000000
v 1.879212 1.066359 -0.000000
v 1.779022 1.050199 -0.000000
v 1.606307 1.095936 -0.000000
v 1.532508 1.202345 -0.000000
v 1.339849 1.195629 -0.000000
v 1.283757 1.047131 -0.000000
v 1.248899 1.093558 -0.000000
v 1.252883 1.181564 -0.000000
v 1.366901 0.979338 -0.000000
v 1.903312 0.625836 -0.000000
v 1.887561 0.720153 -0.000000
v 1.787620 0.647474 -0.000000
v 1.666669 0.810099 -0.000000
v 1.750071 0.822097 -0.000000
v 1.684829 0.665916 -0.000000
v 1.510806 0.526071 -0.000000
v 1.598864 0.584030 -0.000000
v 1.374164 0.096688 -0.000000
v 1.330534 0.224155 -0.000000
v 1.525222 0.175566 -0.000000
v 1.448987 0.252744 -0.000000
v 1.381855 0.271207 -0.000000
v 1.490407 0.290505 -0.000000
v 1.383037 0.329444 -0.000000
v 1.308500 0.353444 -0.000000
v 1.318634 0.288650 -0.000000
v 1.237223 0.309106 -0.000000
v 0.677448 0.467221 -0.000000
v 0.647801 0.408735 -0.000000
v 0.753107 0.472188 -0.000000
v 0.899236 0.461806 -0.000000
v 1.954561 1.211621 -0.000000
v 1.836870 1.210401 -0.000000
v 1.766133 1.154359 -0.000000
v 1.866429 1.163459 -0.000000
v 1.642199 1.599669 -0.000000
v 1.642659 1.665408 -0.000000
v 1.584054 1.681689 -0.000000
v 1.565534 1.463281 -0.000000
v 1.435057 1.543259 -0.000000
v 1.485441 1.479037 -0.000000
v 1.565983 1.349980 -0.000000
v 1.452007 1.310850 -0.000000
v 1.652786 1.326217 -0.000000
v 1.502979 1.347937 -0.000000
v 1.435624 1.405650 -0.000000
v 1.510876 1.283514 -0.000000
v 1.450795 1.231184 -0.000000
v 1.443864 1.740072 -0.000000
v 1.432745 1.648739 -0.000000
v 1.498424 1.729041 -0.000000
v 1.419007 1.696755 -0.000000
v 1.369062 1.656492 -0.000000
v 1.393905 1.595123 -0.000000
v 1.249995 1.572579 -0.000000
v 1.319320 1.600643 -0.000000
v 1.350746 1.518619 -0.000000
v 1.232818 1.863731 -0.000000
v 1.144226 1.834668 -0.000000
v 0.799347 1.854606 -0.000000
v 0.738693 1.895591 -0.000000
v 0.704624 1.853155 -0.000000
v 0.878480 1.712895 -0.000000
v 0.774515 1.684405 -0.000000
v 0.821267 1.717735 -0.000000
v 0.760164 1.753990 -0.000000
v 0.838082 1.644694 -0.000000
v 1.007709 1.760894 -0.000000
v 1.055022 1.625202 -0.000000
v 1.105792 1.742591 -0.000000
v 1.015259 1.687432 -0.000000
v 1.059979 1.769043 -0.000000
v 0.962611 1.671105 -0.000000
v 0.975531 1.581143 -0.000000
v 1.079152 1.684439 -0.000000
v 1.157648 1.617931 -0.000000
v 1.107524 1.638349 -0.000000
v 1.101372 1.551512 -0.000000
v 1.158325 1.691329 -0.000000
v 1.232642 1.653941 -0.000000
v 1.179713 1.765795 -0.000000
v 1.156617 0.115063 -0.000000
v 1.219137 0.144905 -0.000000
v 1.185866 0.220043 -0.000000
v 1.182743 0.281183 -0.000000
v 1.164242 0.384388 -0.000000
v 1.189243 0.335609 -0.000000
v 1.243887 0.377853 -0.000000
v 1.111262 0.326436 -0.000000
v 1.229436 0.439961 -0.000000
v 0.315587 1.576033 -0.000000
v 0.344385 1.502476 -0.000000
v 0.204890 1.418480 -0.000000
v 0.264814 1.512542 -0.000000
v 0.248706 1.065549 -0.000000
v 0.460761 1.194023 -0.000000
v 0.513615 1.154337 -0.000000
v 0.741994 1.336341 -0.000000
v 0.629400 1.175998 -0.000000
v 0.613709 0.352410 -0.000000
v 0.559847 0.360317 -0.000000
v 0.389143 0.914384 -0.000000
v 0.277220 0.971315 -0.000000
v 0.223050 0.963229 -0.000000
v 0.280287 0.915769 -0.000000
v 0.244059 0.860390 -0.000000
v 1.739979 0.555958 -0.000000
v 1.719290 0.495596 -0.000000
v 1.684964 0.541088 -0.000000
v 1.576535 0.504645 -0.000000
v 1.624817 0.887879 -0.000000
v 1.673828 0.947749 -0.000000
v 1.561183 0.887135 -0.000000
v 1.858318 0.910491 -0.000000
v 1.782869 0.892410 -0.000000
v 1.871378 0.856381 -0.000000
v 1.508438 1.159150 -0.000000
v 1.578778 1.155639 -0.000000
v 1.343272 1.144190 -0.000000
v 1.401091 1.177678 -0.000000
v 1.288291 1.238528 -0.000000
v 1.205259 1.360519 -0.000000
v 1.199150 1.254450 -0.000000
v 1.261009 1.309212 -0.000000
v 1.864398 0.769654 -0.000000
v 1.786369 0.750388 -0.000000
v 1.825349 0.699398 -0.000000
v 1.714641 0.772508 -0.000000
v 1.286807 0.187221 -0.000000
v 1.366685 0.190012 -0.000000
v 1.270617 0.269780 -0.000000
v 0.684323 0.369787 -0.000000
v 0.842448 0.465840 -0.000000
v 0.881130 0.364743 -0.000000
v 1.655827 1.715710 -0.000000
v 1.512727 1.552319 -0.000000
v 1.672103 1.380342 -0.000000
v 1.479549 1.429434 -0.000000
v 1.413362 1.474364 -0.000000
v 1.321193 1.406541 -0.000000
v 1.378556 1.425125 -0.000000
v 1.370631 1.351765 -0.000000
v 1.309638 1.346414 -0.000000
v 1.261946 1.386753 -0.000000
v 1.263677 1.480162 -0.000000
v 1.205426 1.434520 -0.000000
v 1.393527 1.295922 -0.000000
v 1.188402 1.516240 -0.000000
v 1.046788 1.397879 -0.000000
v 1.384937 1.236008 -0.000000
v 1.130382 1.397689 -0.000000
v 1.498726 1.236809 -0.000000
v 1.303763 1.664574 -0.000000
v 1.300877 1.546544 -0.000000
v 1.091843 1.865176 -0.000000
v 1.095200 1.810716 -0.000000
v 0.725308 1.534905 -0.000000
v 0.878551 1.551808 -0.000000
v 1.037630 1.562841 -0.000000
v 0.978534 1.476825 -0.000000
v 1.056903 1.486291 -0.000000
v 0.994050 1.529474 -0.000000
v 0.932137 1.519110 -0.000000
v 0.838618 1.426109 -0.000000
v 0.873984 1.484066 -0.000000
v 0.804197 1.522796 -0.000000
v 0.921737 1.415159 -0.000000
v 1.209311 1.606434 -0.000000
v 1.271283 1.619651 -0.000000
v 1.216726 1.714860 -0.000000
v 1.242569 1.762488 -0.000000
v 1.198424 1.819015 -0.000000
v 1.066191 0.420834 -0.000000
v 1.095852 0.278856 -0.000000
v 0.386385 1.362493 -0.000000
v 0.408672 1.522075 -0.000000
v 0.397882 1.442235 -0.000000
v 0.494523 1.469823 -0.000000
v 0.460867 1.511178 -0.000000
v 0.526454 1.530182 -0.000000
v 0.628132 1.437769 -0.000000
v 0.516816 1.587388 -0.000000
v 0.598564 1.507379 -0.000000
v 0.173948 1.463169 -0.000000
v 0.216861 1.360297 -0.000000
v 0.298695 1.378921 -0.000000
v 0.729997 1.254118 -0.000000
v 1.534014 0.469076 -0.000000
v 1.666456 1.033866 -0.000000
v 1.743384 0.949704 -0.000000
v 1.768577 0.997336 -0.000000
v 1.707333 0.993991 -0.000000
v 1.728704 0.897335 -0.000000
v 1.794199 0.844319 -0.000000
v 1.207647 1.307171 -0.000000
v 1.143964 1.331048 -0.000000
v 1.767534 0.698695 -0.000000
v 0.827177 0.375567 -0.000000
v 1.531846 1.503480 -0.000000
v 1.561368 1.577406 -0.000000
v 1.468181 1.596750 -0.000000
v 1.423062 1.354663 -0.000000
v 1.238220 1.523615 -0.000000
v 1.156296 1.562026 -0.000000
v 1.144202 1.464399 -0.000000
v 1.091806 1.440467 -0.000000
v 0.768237 1.603624 -0.000000
v 0.876806 1.606307 -0.000000
v 1.022075 1.445491 -0.000000
v 0.982644 1.394804 -0.000000
v 0.928970 1.335500 -0.000000
v 1.018469 1.318038 -0.000000
v 0.752645 1.449972 -0.000000
v 1.107838 0.382760 -0.000000
v 1.134283 0.444447 -0.000000
v 1.043059 0.353716 -0.000000
v 1.119180 0.516002 -0.000000
v 0.976093 0.414342 -0.000000
v 0.959063 0.314714 -0.000000
v 1.078307 0.476424 -0.000000
v 1.013927 0.467236 -0.000000
v 1.086791 0.558105 -0.000000
v 1.009153 0.316787 -0.000000
v 0.993366 0.516650 -0.000000
v 0.336321 1.441441 -0.000000
v 0.346649 1.392643 -0.000000
v 0.464501 1.391930 -0.000000
v 0.560441 1.450101 -0.000000
v 0.573966 1.332400 -0.000000
v 0.585062 1.393303 -0.000000
v 0.524687 1.400868 -0.000000
v 0.657646 1.348616 -0.000000
v 0.667490 1.495571 -0.000000
v 0.691039 1.437236 -0.000000
v 0.655243 1.575733 -0.000000
v 0.731974 1.394595 -0.000000
v 0.795581 1.375547 -0.000000
v 0.812643 1.296001 -0.000000
v 0.863914 1.360981 -0.000000
v 0.877541 1.299986 -0.000000
v 0.257203 1.411532 -0.000000
v 0.328266 1.305961 -0.000000
v 0.656513 1.256838 -0.000000
v 0.694948 1.301218 -0.000000
v 0.598889 1.276758 -0.000000
v 0.530545 1.279548 -0.000000
v 0.503114 1.339025 -0.000000
v 0.456770 1.281587 -0.000000
v 0.389965 1.280313 -0.000000
v 1.652643 1.080659 -0.000000
v 1.608452 1.037836 -0.000000
v 1.719043 1.067505 -0.000000
v 1.761155 1.100866 -0.000000
v 1.106753 1.500072 -0.000000
v 0.698922 1.649645 -0.000000
v 0.977396 1.345613 -0.000000
v 1.028562 1.244957 -0.000000
v 0.982185 1.204430 -0.000000
v 1.101512 1.236372 -0.000000
v 1.152975 1.231130 -0.000000
v 1.079475 1.341342 -0.000000
v 1.070207 1.284599 -0.000000
v 0.760212 1.499274 -0.000000
v 0.450152 1.442193 -0.000000
v 0.711311 1.591418 -0.000000
v 0.616076 1.610917 -0.000000
v 0.763103 1.291274 -0.000000
v 0.791844 1.232340 -0.000000
v 0.286433 1.266973 -0.000000
v 0.440146 1.338194 -0.000000
v 1.631057 0.985475 -0.000000
v 0.720397 1.702519 -0.000000
v 0.662668 1.698920 -0.000000
v 1.010341 1.163805 -0.000000
v 0.833198 1.201551 -0.000000
v 0.229396 1.246493 -0.000000
v 0.194063 1.208274 -0.000000
v 0.733742 1.063654 -0.000000
v 0.753576 1.118173 -0.000000
v 0.922172 1.213810 -0.000000
v 0.878815 0.537420 -0.000000
v 0.828294 0.567487 -0.000000
v 0.760954 0.554668 -0.000000
v 0.371163 0.404203 -0.000000
v 1.805369 1.310308 -0.000000
v 1.734761 1.303002 -0.000000
v 1.675650 1.220147 -0.000000
v 1.720620 1.250578 -0.000000
v 1.782377 1.360158 -0.000000
v 0.510609 0.425765 -0.000000
v 0.796782 0.275595 -0.000000
v 0.859370 0.300854 -0.000000
v 0.902367 0.258404 -0.000000
v 0.907503 0.320111 -0.000000
v 1.005765 0.239636 -0.000000
v 0.640751 0.263571 -0.000000
v 0.300731 1.179121 -0.000000
v 1.200955 1.156932 -0.000000
v 1.152443 1.887294 -0.000000
v 1.000086 1.630578 -0.000000
v 1.321823 1.466310 -0.000000
v 1.521544 1.619688 -0.000000
v 0.823147 1.579640 -0.000000
v 1.170713 0.548639 -0.000000
v 0.919027 0.407894 -0.000000
v 1.709549 1.171653 -0.000000
v 1.635863 1.267070 -0.000000
v 1.613802 1.208034 -0.000000
v 1.652896 1.166737 -0.000000
v 1.571315 1.231481 -0.000000
v 1.200000 0.769060 -0.040000
v 1.166667 0.749815 -0.040000
v 1.133333 0.730570 -0.040000
v 1.100000 0.711325 -0.040000
v 1.066667 0.692080 -0.040000
v 1.033333 0.672835 -0.040000
v 1.000000 0.653590 -0.040000
v 1.000000 0.692080 -0.040000
v 1.000000 0.730570 -0.040000
v 1.000000 0.769060 -0.040000
v 1.000000 0.807550 -0.040000
v 1.000000 0.846040 -0.040000
v 1.000000 0.884530 -0.040000
v 0.966667 0.903775 -0.040000
v 0.933333 0.923020 -0.040000
v 0.900000 0.942265 -0.040000
v 0.866667 0.961510 -0.040000
v 0.833333 0.980755 -0.040000
v 0.800000 1.000000 -0.040000
v 0.833333 1.019245 -0.040000
v 0.866667 1.038490 -0.040000
v 0.900000 1.057735 -0.040000
v 0.933333 1.076980 -0.040000
v 0.966667 1.096225 -0.040000
v 1.000000 1.115470 -0.040000
v 1.033333 1.096225 -0.040000
v 1.066667 1.076980 -0.040000
v 1.100000 1.057735 -0.040000
v 1.133333 1.038490 -0.040000
v 1.166667 1.019245 -0.040000
v 1.200000 1.000000 -0.040000
v 1.166667 0.980755 -0.040000
v 1.133333 0.961510 -0.040000
v 1.100000 0.942265 -0.040000
v 1.066667 0.923020 -0.040000
v 1.033333 0.903775 -0.040000
v 1.200000 0.961510 -0.040000
v 1.200000 0.923020 -0.040000
v 1.200000 0.884530 -0.040000
v 1.200000 0.846040 -0.040000
v 1.200000 0.807550 -0.040000
v 2.000000 1.000000 -0.040000
v 1.996195 1.087156 -0.040000
v 1.984808 1.173648 -0.040000
v 1.965926 1.258819 -0.040000
v 1.939693 1.342020 -0.040000
v 1.906308 1.422618 -0.040000
v 1.866025 1.500000 -0.040000
v 1.819152 1.573576 -0.040000
v 1.766044 1.642788 -0.040000
v 1.707107 1.707107 -0.040000
v 1.642788 1.766044 -0.040000
v 1.573576 1.819152 -0.040000
v 1.500000 1.866025 -0.040000
v 1.422618 1.906308 -0.040000
v 1.342020 1.939693 -0.040000
v 1.258819 1.965926 -0.040000
v 1.173648 1.984808 -0.040000
v 1.087156 1.996195 -0.040000
v 1.000000 2.000000 -0.040000
v 0.912844 1.996195 -0.040000
v 0.826352 1.984808 -0.040000
v 0.741181 1.965926 -0.040000
v 0.657980 1.939693 -0.040000
v 0.577382 1.906308 -0.040000
v 0.500000 1.866025 -0.040000
v 0.426424 1.819152 -0.040000
v 0.357212 1.766044 -0.040000
v 0.292893 1.707107 -0.040000
v 0.233956 1.642788 -0.040000
v 0.180848 1.573576 -0.040000
v 0.133975 1.500000 -0.040000
v 0.093692 1.422618 -0.040000
v 0.060307 1.342020 -0.040000
v 0.034074 1.258819 -0.040000
v 0.015192 1.173648 -0.040000
v 0.003805 1.087156 -0.040000
v 0.000000 1.000000 -0.040000
v 0.003805 0.912844 -0.040000
v 0.015192 0.826352 -0.040000
v 0.034074 0.741181 -0.040000
v 0.060307 0.657980 -0.040000
v 0.093692 0.577382 -0.040000
v 0.133975 0.500000 -0.040000
v 0.180848 0.426424 -0.040000
v 0.233956 0.357212 -0.040000
v 0.292893 0.292893 -0.040000
v 0.357212 0.233956 -0.040000
v 0.426424 0.180848 -0.040000
v 0.500000 0.133975 -0.040000
v 0.577382 0.093692 -0.040000
v 0.657980 0.060307 -0.040000
v 0.741181 0.034074 -0.040000
v 0.826352 0.015192 -0.040000
v 0.912844 0.003805 -0.040000
v 1.000000 -0.000000 -0.040000
v 1.087156 0.003805 -0.040000
v 1.173648 0.015192 -0.040000
v 1.258819 0.034074 -0.040000
v 1.342020 0.060307 -0.040000
v 1.422618 0.093692 -0.040000
v 1.500000 0.133975 -0.040000
v 1.573576 0.180848 -0.040000
v 1.642788 0.233956 -0.040000
v 1.707107 0.292893 -0.040000
v 1.766044 0.357212 -0.040000
v 1.819152 0.426424 -0.040000
v 1.866025 0.500000 -0.040000
v 1.906308 0.577382 -0.040000
v 1.939693 0.657980 -0.040000
v 1.965926 0.741181 -0.040000
v 1.984808 0.826352 -0.040000
v 1.996195 0.912844 -0.040000
v 0.917532 0.672835 -0.040000
v 0.955556 1.000000 -0.040000
v 0.908766 0.841978 -0.040000
v 1.077778 0.788305 -0.040000
v 0.808766 1.100287 -0.040000
v 1.091234 0.611038 -0.040000
v 1.282468 0.788305 -0.040000
v 1.122222 0.865285 -0.040000
v 1.088889 1.000000 -0.040000
v 1.191234 1.100287 -0.040000
v 0.952029 0.711325 -0.040000
v 0.973016 1.046738 -0.040000
v 0.906349 1.008248 -0.040000
v 0.973016 0.953262 -0.040000
v 0.940625 0.788305 -0.040000
v 0.892681 0.891099 -0.040000
v 1.046032 0.749815 -0.040000
v 1.126984 0.780057 -0.040000
v 1.046032 0.826795 -0.040000
v 0.859348 1.089656 -0.040000
v 0.792681 1.051166 -0.040000
v 1.040652 0.621669 -0.040000
v 1.224567 0.688018 -0.040000
v 1.107319 0.660159 -0.040000
v 1.282468 0.980755 -0.040000
v 1.274917 0.865285 -0.040000
v 1.153968 0.903775 -0.040000
v 1.073016 0.873533 -0.040000
v 1.153968 0.826795 -0.040000
v 1.207319 1.051166 -0.040000
v 1.057901 1.177267 -0.040000
v 1.140652 1.089656 -0.040000
v 1.025535 1.044228 -0.040000
v 1.025535 0.955772 -0.040000
v 0.809054 0.900213 -0.040000
v 0.909054 1.157522 -0.040000
v 1.173985 0.698649 -0.040000
v 1.247971 0.942265 -0.040000
v 1.244874 0.826795 -0.040000
v 1.073985 1.128146 -0.040000
v 0.792802 0.949042 -0.040000
v 0.959469 1.147183 -0.040000
v 0.881139 0.740157 -0.040000
v 0.695478 1.110189 -0.040000
v 0.951932 0.550529 -0.040000
v 1.181485 0.608679 -0.040000
v 1.304522 1.110189 -0.040000
v 1.148152 1.179626 -0.040000
v 0.845732 0.848531 -0.040000
v 0.845958 1.151599 -0.040000
v 1.310484 0.920941 -0.040000
v 0.696306 0.889805 -0.040000
v 0.956415 1.260369 -0.040000
v 0.702473 1.012157 -0.040000
v 1.046440 0.523557 -0.040000
v 0.872256 0.797226 -0.040000
v 0.749068 0.766049 -0.040000
v 0.816317 0.759293 -0.040000
v 0.758307 1.175996 -0.040000
v 1.380804 0.836811 -0.040000
v 1.424633 1.010873 -0.040000
v 0.869675 1.237984 -0.040000
v 0.773062 0.835814 -0.040000
v 0.768216 0.618584 -0.040000
v 1.332357 0.867771 -0.040000
v 1.402362 0.923932 -0.040000
v 0.815178 0.809135 -0.040000
v 0.753220 0.889161 -0.040000
v 0.725444 0.949668 -0.040000
v 0.704775 0.820291 -0.040000
v 0.827253 0.676979 -0.040000
v 0.640598 0.953944 -0.040000
v 0.610705 0.698270 -0.040000
v 0.573724 0.839597 -0.040000
v 0.671978 0.748304 -0.040000
v 0.641896 0.847903 -0.040000
v 0.600904 0.900430 -0.040000
v 0.614917 0.785412 -0.040000
v 0.506092 1.012233 -0.040000
v 0.508033 0.746906 -0.040000
v 0.498504 0.909695 -0.040000
v 0.566544 0.967394 -0.040000
v 0.555430 0.782939 -0.040000
v 0.497297 0.832992 -0.040000
v 0.561115 0.726273 -0.040000
v 0.490365 0.622859 -0.040000
v 0.513673 0.682821 -0.040000
v 0.548118 0.887527 -0.040000
v 0.373545 0.702780 -0.040000
v 0.572558 0.625421 -0.040000
v 0.441280 0.676450 -0.040000
v 0.431780 0.752302 -0.040000
v 0.350999 0.544486 -0.040000
v 0.411537 0.599934 -0.040000
v 1.250250 0.740048 -0.040000
v 1.348888 0.659006 -0.040000
v 1.322106 0.726957 -0.040000
v 1.286791 0.673785 -0.040000
v 1.440433 0.734341 -0.040000
v 1.345089 0.785286 -0.040000
v 1.290250 0.550474 -0.040000
v 1.382465 0.711493 -0.040000
v 1.446732 0.633397 -0.040000
v 1.404680 0.782120 -0.040000
v 1.524928 0.834835 -0.040000
v 1.452865 0.835713 -0.040000
v 1.305034 0.612593 -0.040000
v 1.488222 0.779929 -0.040000
v 1.489874 0.915464 -0.040000
v 1.417409 0.873981 -0.040000
v 1.243775 0.594354 -0.040000
v 1.385024 0.560736 -0.040000
v 1.529127 0.689207 -0.040000
v 1.186271 0.486897 -0.040000
v 1.492718 0.727373 -0.040000
v 1.565174 0.760042 -0.040000
v 1.229622 0.532813 -0.040000
v 1.292434 0.430085 -0.040000
v 1.274985 0.489982 -0.040000
v 1.358078 0.481698 -0.040000
v 1.004521 1.000000 -0.040000
v 0.947584 0.615297 -0.040000
v 0.869464 0.611112 -0.040000
v 0.996339 0.586039 -0.040000
v 0.755787 0.225456 -0.040000
v 1.156533 0.651896 -0.040000
v 1.684945 1.436358 -0.040000
v 1.123200 1.136408 -0.040000
v 1.375001 1.720370 -0.040000
v 0.964575 1.811359 -0.040000
v 1.035425 0.188641 -0.040000
v 0.505606 1.644307 -0.040000
v 0.754248 0.691746 -0.040000
v 0.194816 1.106004 -0.040000
v 0.596057 1.070353 -0.040000
v 0.514262 0.960078 -0.040000
v 0.398432 0.968650 -0.040000
v 0.505606 0.355693 -0.040000
v 0.207119 0.824223 -0.040000
v 0.670339 0.620631 -0.040000
v 0.472495 0.786186 -0.040000
v 0.390972 0.859359 -0.040000
v 0.227036 0.597620 -0.040000
v 0.287989 0.453654 -0.040000
v 0.329953 0.628236 -0.040000
v 1.598766 0.451332 -0.040000
v 1.811359 0.964575 -0.040000
v 1.449833 0.958095 -0.040000
v 1.550315 1.038479 -0.040000
v 1.490695 1.010012 -0.040000
v 1.459510 1.151987 -0.040000
v 1.458537 1.077360 -0.040000
v 1.720370 0.624999 -0.040000
v 1.244213 0.225456 -0.040000
v 1.438510 0.311676 -0.040000
v 1.340204 0.531904 -0.040000
v 0.819636 0.625638 -0.040000
v 0.809039 0.511938 -0.040000
v 0.726153 0.131470 -0.040000
v 1.774544 1.244213 -0.040000
v 1.794644 1.413666 -0.040000
v 1.710739 1.545370 -0.040000
v 1.520058 1.677753 -0.040000
v 1.420505 1.807783 -0.040000
v 1.256890 1.814750 -0.040000
v 1.039077 1.895015 -0.040000
v 0.883066 1.888203 -0.040000
v 1.039723 0.090187 -0.040000
v 0.888493 0.153020 -0.040000
v 0.445613 1.722491 -0.040000
v 0.370152 1.577149 -0.040000
v 0.689211 1.750312 -0.040000
v 0.097112 1.118868 -0.040000
v 0.146524 0.962736 -0.040000
v 0.249688 1.310789 -0.040000
v 0.561980 1.024412 -0.040000
v 0.623732 1.014217 -0.040000
v 0.517811 1.092782 -0.040000
v 0.655906 1.064969 -0.040000
v 0.535598 0.491421 -0.040000
v 0.394761 0.339497 -0.040000
v 0.518651 0.244433 -0.040000
v 0.110907 0.802893 -0.040000
v 0.719856 0.647266 -0.040000
v 0.622557 0.645652 -0.040000
v 0.619415 0.581517 -0.040000
v 0.553840 0.558487 -0.040000
v 0.705303 0.522405 -0.040000
v 0.671925 0.565860 -0.040000
v 0.622180 0.494909 -0.040000
v 0.450561 0.872088 -0.040000
v 0.443404 0.930576 -0.040000
v 0.453304 0.987867 -0.040000
v 0.451421 1.061314 -0.040000
v 0.417192 1.219294 -0.040000
v 0.452740 1.144298 -0.040000
v 0.354517 0.784157 -0.040000
v 0.163823 0.564714 -0.040000
v 0.230328 0.514128 -0.040000
v 0.154944 0.658938 -0.040000
v 0.135721 0.609596 -0.040000
v 0.240265 0.417035 -0.040000
v 0.306765 0.379777 -0.040000
v 0.363100 0.592046 -0.040000
v 0.382372 0.647600 -0.040000
v 0.290159 0.573716 -0.040000
v 0.298675 0.513512 -0.040000
v 0.358622 0.471926 -0.040000
v 1.671423 0.384754 -0.040000
v 1.480632 0.484029 -0.040000
v 1.681266 0.870735 -0.040000
v 1.834039 0.815098 -0.040000
v 1.909813 0.960277 -0.040000
v 1.528087 1.113772 -0.040000
v 1.386186 1.115624 -0.040000
v 1.807783 0.579495 -0.040000
v 1.632787 0.681046 -0.040000
v 1.273847 0.131470 -0.040000
v 1.414444 0.203860 -0.040000
v 1.546396 0.287922 -0.040000
v 1.378987 0.387553 -0.040000
v 0.709630 0.079063 -0.040000
v 0.798886 0.092835 -0.040000
v 0.644414 0.141540 -0.040000
v 1.868531 1.273847 -0.040000
v 1.846980 1.111507 -0.040000
v 1.848584 1.441745 -0.040000
v 1.788404 1.491501 -0.040000
v 1.854824 1.363909 -0.040000
v 1.758984 1.582389 -0.040000
v 1.691078 1.620939 -0.040000
v 1.568121 1.740389 -0.040000
v 1.445878 1.856524 -0.040000
v 1.355586 1.858460 -0.040000
v 1.280631 1.890047 -0.040000
v 1.041730 1.955767 -0.040000
v 0.968549 1.928528 -0.040000
v 1.112258 1.922254 -0.040000
v 0.875129 1.948493 -0.040000
v 0.807790 1.908961 -0.040000
v 1.042120 0.035290 -0.040000
v 1.121284 0.078759 -0.040000
v 0.959469 0.071694 -0.040000
v 0.878188 0.074744 -0.040000
v 0.412162 1.766085 -0.040000
v 0.372248 1.685071 -0.040000
v 0.500746 1.783671 -0.040000
v 0.311943 1.630488 -0.040000
v 0.277674 1.460172 -0.040000
v 0.651498 1.841358 -0.040000
v 0.042632 1.126040 -0.040000
v 0.071694 1.040531 -0.040000
v 0.092835 1.201114 -0.040000
v 0.067648 0.959293 -0.040000
v 0.158642 1.348502 -0.040000
v 0.595436 1.215886 -0.040000
v 0.470938 0.542671 -0.040000
v 0.410522 0.514059 -0.040000
v 0.440374 0.424255 -0.040000
v 0.462877 0.481599 -0.040000
v 0.353678 0.294663 -0.040000
v 0.427246 0.268490 -0.040000
v 0.485977 0.193146 -0.040000
v 0.562973 0.180145 -0.040000
v 0.057260 0.791000 -0.040000
v 0.671582 0.686254 -0.040000
v 0.582242 0.409936 -0.040000
v 0.323231 1.128835 -0.040000
v 0.408143 0.804598 -0.040000
v 0.295740 0.859087 -0.040000
v 0.260021 0.719148 -0.040000
v 0.185918 0.481373 -0.040000
v 0.107019 0.718444 -0.040000
v 0.279312 0.339611 -0.040000
v 1.711937 0.347630 -0.040000
v 1.737177 0.434345 -0.040000
v 1.627752 0.314929 -0.040000
v 1.418933 0.505063 -0.040000
v 1.407724 0.443329 -0.040000
v 1.472327 0.560675 -0.040000
v 1.453294 0.384560 -0.040000
v 1.608025 0.831324 -0.040000
v 1.911119 0.798010 -0.040000
v 1.964710 0.957880 -0.040000
v 1.928306 1.040531 -0.040000
v 1.508270 1.066995 -0.040000
v 1.683252 1.118651 -0.040000
v 1.575676 1.279812 -0.040000
v 1.333710 1.287880 -0.040000
v 1.350012 1.042916 -0.040000
v 1.404629 1.062962 -0.040000
v 1.856524 0.554122 -0.040000
v 1.858460 0.644414 -0.040000
v 1.582645 0.706563 -0.040000
v 1.576868 0.633185 -0.040000
v 1.638564 0.754424 -0.040000
v 1.511788 0.626078 -0.040000
v 1.647381 0.607398 -0.040000
v 1.714042 0.711566 -0.040000
v 1.552253 0.557057 -0.040000
v 1.290370 0.079063 -0.040000
v 1.355586 0.141540 -0.040000
v 1.442205 0.150532 -0.040000
v 1.490366 0.209492 -0.040000
v 1.582995 0.240226 -0.040000
v 1.345924 0.429604 -0.040000
v 0.788379 0.045439 -0.040000
v 0.789599 0.163130 -0.040000
v 0.836541 0.133571 -0.040000
v 0.846863 0.234530 -0.040000
v 0.625836 0.096688 -0.040000
v 0.692342 0.193795 -0.040000
v 0.669777 0.318413 -0.040000
v 0.625549 0.206949 -0.040000
v 0.699229 0.259394 -0.040000
v 0.785701 0.339404 -0.040000
v 0.730799 0.312007 -0.040000
v 0.712900 0.416582 -0.040000
v 0.737644 0.366998 -0.040000
v 0.802858 0.424929 -0.040000
v 1.920937 1.290370 -0.040000
v 1.907165 1.201114 -0.040000
v 1.925256 1.121812 -0.040000
v 1.824017 1.524957 -0.040000
v 1.744722 1.448831 -0.040000
v 1.729195 1.373769 -0.040000
v 1.705121 1.489141 -0.040000
v 1.587457 1.529294 -0.040000
v 1.637886 1.484594 -0.040000
v 1.647881 1.546666 -0.040000
v 1.524308 1.407257 -0.040000
v 1.593622 1.621622 -0.040000
v 1.607203 1.407586 -0.040000
v 1.902656 1.373892 -0.040000
v 1.720340 1.660070 -0.040000
v 1.499900 1.784685 -0.040000
v 1.374164 1.903312 -0.040000
v 1.352526 1.787620 -0.040000
v 1.311430 1.824882 -0.040000
v 1.283733 1.727249 -0.040000
v 1.201374 1.908339 -0.040000
v 0.957383 1.976098 -0.040000
v 0.983662 1.869364 -0.040000
v 1.040904 1.818385 -0.040000
v 0.928951 1.855223 -0.040000
v 0.835346 1.773399 -0.040000
v 0.899272 1.794722 -0.040000
v 0.850514 1.834414 -0.040000
v 0.912995 1.647093 -0.040000
v 0.752066 1.826495 -0.040000
v 0.951768 1.725149 -0.040000
v 1.127528 1.968669 -0.040000
v 0.788532 1.953868 -0.040000
v 1.127620 0.030627 -0.040000
v 1.201426 0.091426 -0.040000
v 1.088514 0.141638 -0.040000
v 1.133052 0.245426 -0.040000
v 1.093625 0.200895 -0.040000
v 1.166420 0.164767 -0.040000
v 1.045994 0.282785 -0.040000
v 0.957352 0.023193 -0.040000
v 0.986634 0.137190 -0.040000
v 0.949801 0.220978 -0.040000
v 0.933641 0.120787 -0.040000
v 0.339450 1.720864 -0.040000
v 0.435158 1.652359 -0.040000
v 0.384019 1.630861 -0.040000
v 0.460800 1.564498 -0.040000
v 0.474662 1.824615 -0.040000
v 0.516061 1.714439 -0.040000
v 0.616893 1.663561 -0.040000
v 0.593225 1.767819 -0.040000
v 0.558066 1.672331 -0.040000
v 0.574216 1.578983 -0.040000
v 0.543751 1.756874 -0.040000
v 0.555080 1.822961 -0.040000
v 0.606089 1.817483 -0.040000
v 0.261870 1.566387 -0.040000
v 0.211916 1.502065 -0.040000
v 0.630470 1.892125 -0.040000
v 0.023193 1.042648 -0.040000
v 0.139309 1.061884 -0.040000
v 0.118350 1.010522 -0.040000
v 0.219567 1.017888 -0.040000
v 0.045439 1.211621 -0.040000
v 0.152619 1.162988 -0.040000
v 0.246417 1.188331 -0.040000
v 0.169437 1.255297 -0.040000
v 0.204484 1.157279 -0.040000
v 0.258467 1.120552 -0.040000
v 0.142192 1.212574 -0.040000
v 0.103472 1.267315 -0.040000
v 0.300944 1.045756 -0.040000
v 0.143415 1.299511 -0.040000
v 0.077567 0.878559 -0.040000
v 0.107875 1.369530 -0.040000
v 0.506276 1.215597 -0.040000
v 0.574552 1.143029 -0.040000
v 0.634261 1.123835 -0.040000
v 0.680547 1.187341 -0.040000
v 0.507489 0.576263 -0.040000
v 0.405223 0.224872 -0.040000
v 0.453700 0.323527 -0.040000
v 0.504699 0.299192 -0.040000
v 0.589244 0.291575 -0.040000
v 0.576140 0.235853 -0.040000
v 0.548859 0.133366 -0.040000
v 0.580112 0.462809 -0.040000
v 0.385391 1.158298 -0.040000
v 0.327557 1.227238 -0.040000
v 0.382047 1.085051 -0.040000
v 0.401419 1.028425 -0.040000
v 0.345005 1.001282 -0.040000
v 0.335135 0.925070 -0.040000
v 0.343423 0.835972 -0.040000
v 0.313457 0.687900 -0.040000
v 0.311385 0.745669 -0.040000
v 0.258039 0.654446 -0.040000
v 0.258851 0.784414 -0.040000
v 0.207872 0.688364 -0.040000
v 0.195980 0.756229 -0.040000
v 0.162778 0.796578 -0.040000
v 0.149200 0.867740 -0.040000
v 0.160938 0.715114 -0.040000
v 0.225132 0.908499 -0.040000
v 0.119620 0.914443 -0.040000
v 1.775691 0.404791 -0.040000
v 1.784888 0.499971 -0.040000
v 1.669542 0.455635 -0.040000
v 1.629665 0.527312 -0.040000
v 1.660550 0.279136 -0.040000
v 1.600648 0.380450 -0.040000
v 1.527848 0.413984 -0.040000
v 1.576846 0.332237 -0.040000
v 1.509712 0.345747 -0.040000
v 1.428694 0.586183 -0.040000
v 1.459425 0.436366 -0.040000
v 1.565434 0.808407 -0.040000
v 1.596862 0.939831 -0.040000
v 1.543940 0.975165 -0.040000
v 1.922433 0.878559 -0.040000
v 1.976807 1.042648 -0.040000
v 1.862810 1.013366 -0.040000
v 1.879212 1.066359 -0.040000
v 1.779022 1.050199 -0.040000
v 1.606307 1.095936 -0.040000
v 1.532508 1.202345 -0.040000
v 1.339849 1.195629 -0.040000
v 1.283757 1.047131 -0.040000
v 1.248899 1.093558 -0.040000
v 1.252883 1.181564 -0.040000
v 1.366901 0.979338 -0.040000
v 1.903312 0.625836 -0.040000
v 1.887561 0.720153 -0.040000
v 1.787620 0.647474 -0.040000
v 1.666669 0.810099 -0.040000
v 1.750071 0.822097 -0.040000
v 1.684829 0.665916 -0.040000
v 1.510806 0.526071 -0.040000
v 1.598864 0.584030 -0.040000
v 1.374164 0.096688 -0.040000
v 1.330534 0.224155 -0.040000
v 1.525222 0.175566 -0.040000
v 1.448987 0.252744 -0.040000
v 1.381855 0.271207 -0.040000
v 1.490407 0.290505 -0.040000
v 1.383037 0.329444 -0.040000
v 1.308500 0.353444 -0.040000
v 1.318634 0.288650 -0.040000
v 1.237223 0.309106 -0.040000
v 0.677448 0.467221 -0.040000
v 0.647801 0.408735 -0.040000
v 0.753107 0.472188 -0.040000
v 0.899236 0.461806 -0.040000
v 1.954561 1.211621 -0.040000
v 1.836870 1.210401 -0.040000
v 1.766133 1.154359 -0.040000
v 1.866429 1.163459 -0.040000
v 1.642199 1.599669 -0.040000
v 1.642659 1.665408 -0.040000
v 1.584054 1.681689 -0.040000
v 1.565534 1.463281 -0.040000
v 1.435057 1.543259 -0.040000
v 1.485441 1.479037 -0.040000
v 1.565983 1.349980 -0.040000
v 1.452007 1.310850 -0.040000
v 1.652786 1.326217 -0.040000
v 1.502979 1.347937 -0.040000
v 1.435624 1.405650 -0.040000
v 1.510876 1.283514 -0.040000
v 1.450795 1.231184 -0.040000
v 1.443864 1.740072 -0.040000
v 1.432745 1.648739 -0.040000
v 1.498424 1.729041 -0.040000
v 1.419007 1.696755 -0.040000
v 1.369062 1.656492 -0.040000
v 1.393905 1.595123 -0.040000
v 1.249995 1.572579 -0.040000
v 1.319320 1.600643 -0.040000
v 1.350746 1.518619 -0.040000
v 1.232818 1.863731 -0.040000
v 1.144226 1.834668 -0.040000
v 0.799347 1.854606 -0.040000
v 0.738693 1.895591 -0.040000
v 0.704624 1.853155 -0.040000
v 0.878480 1.712895 -0.040000
v 0.774515 1.684405 -0.040000
v 0.821267 1.717735 -0.040000
v 0.760164 1.753990 -0.040000
v 0.838082 1.644694 -0.040000
v 1.007709 1.760894 -0.040000
v 1.055022 1.625202 -0.040000
v 1.105792 1.742591 -0.040000
v 1.015259 1.687432 -0.040000
v 1.059979 1.769043 -0.040000
v 0.962611 1.671105 -0.040000
v 0.975531 1.581143 -0.040000
v 1.079152 1.684439 -0.040000
v 1.157648 1.617931 -0.040000
v 1.107524 1.638349 -0.040000
v 1.101372 1.551512 -0.040000
v 1.158325 1.691329 -0.040000
v 1.232642 1.653941 -0.040000
v 1.179713 1.765795 -0.040000
v 1.156617 0.115063 -0.040000
v 1.219137 0.144905 -0.040000
v 1.185866 0.220043 -0.040000
v 1.182743 0.281183 -0.040000
v 1.164242 0.384388 -0.040000
v 1.189243 0.335609 -0.040000
v 1.243887 0.377853 -0.040000
v 1.111262 0.326436 -0.040000
v 1.229436 0.439961 -0.040000
v 0.315587 1.576033 -0.040000
v 0.344385 1.502476 -0.040000
v 0.204890 1.418480 -0.040000
v 0.264814 1.512542 -0.040000
v 0.248706 1.065549 -0.040000
v 0.460761 1.194023 -0.040000
v 0.513615 1.154337 -0.040000
v 0.741994 1.336341 -0.040000
v 0.629400 1.175998 -0.040000
v 0.613709 0.352410 -0.040000
v 0.559847 0.360317 -0.040000
v 0.389143 0.914384 -0.040000
v 0.277220 0.971315 -0.040000
v 0.223050 0.963229 -0.040000
v 0.280287 0.915769 -0.040000
v 0.244059 0.860390 -0.040000
v 1.739979 0.555958 -0.040000
v 1.719290 0.495596 -0.040000
v 1.684964 0.541088 -0.040000
v 1.576535 0.504645 -0.040000
v 1.624817 0.887879 -0.040000
v 1.673828 0.947749 -0.040000
v 1.561183 0.887135 -0.040000
v 1.858318 0.910491 -0.040000
v 1.782869 0.892410 -0.040000
v 1.871378 0.856381 -0.040000
v 1.508438 1.159150 -0.040000
v 1.578778 1.155639 -0.040000
v 1.343272 1.144190 -0.040000
v 1.401091 1.177678 -0.040000
v 1.288291 1.238528 -0.040000
v 1.205259 1.360519 -0.040000
v 1.199150 1.254450 -0.040000
v 1.261009 1.309212 -0.040000
v 1.864398 0.769654 -0.040000
v 1.786369 0.750388 -0.040000
v 1.825349 0.699398 -0.040000
v 1.714641 0.772508 -0.040000
v 1.286807 0.187221 -0.040000
v 1.366685 0.190012 -0.040000
v 1.270617 0.269780 -0.040000
v 0.684323 0.369787 -0.040000
v 0.842448 0.465840 -0.040000
v 0.881130 0.364743 -0.040000
v 1.655827 1.715710 -0.040000
v 1.512727 1.552319 -0.040000
v 1.672103 1.380342 -0.040000
v 1.479549 1.429434 -0.040000
v 1.413362 1.474364 -0.040000
v 1.321193 1.406541 -0.040000
v 1.378556 1.425125 -0.040000
v 1.370631 1.351765 -0.040000
v 1.309638 1.346414 -0.040000
v 1.261946 1.386753 -0.040000
v 1.263677 1.480162 -0.040000
v 1.205426 1.434520 -0.040000
v 1.393527 1.295922 -0.040000
v 1.188402 1.516240 -0.040000
v 1.046788 1.397879 -0.040000
v 1.384937 1.236008 -0.040000
v 1.130382 1.397689 -0.040000
v 1.498726 1.236809 -0.040000
v 1.303763 1.664574 -0.040000
v 1.300877 1.546544 -0.040000
v 1.091843 1.865176 -0.040000
v 1.095200 1.810716 -0.040000
v 0.725308 1.534905 -0.040000
v 0.878551 1.551808 -0.040000
v 1.037630 1.562841 -0.040000
v 0.978534 1.476825 -0.040000
v 1.056903 1.486291 -0.040000
v 0.994050 1.529474 -0.040000
v 0.932137 1.519110 -0.040000
v 0.838618 1.426109 -0.040000
v 0.873984 1.484066 -0.040000
v 0.804197 1.522796 -0.040000
v 0.921737 1.415159 -0.040000
v 1.209311 1.606434 -0.040000
v 1.271283 1.619651 -0.040000
v 1.216726 1.714860 -0.040000
v 1.242569 1.762488 -0.040000
v 1.198424 1.819015 -0.040000
v 1.066191 0.420834 -0.040000
v 1.095852 0.278856 -0.040000
v 0.386385 1.362493 -0.040000
v 0.408672 1.522075 -0.040000
v 0.397882 1.442235 -0.040000
v 0.494523 1.469823 -0.040000
v 0.460867 1.511178 -0.040000
v 0.526454 1.530182 -0.040000
v 0.628132 1.437769 -0.040000
v 0.516816 1.587388 -0.040000
v 0.598564 1.507379 -0.040000
v 0.173948 1.463169 -0.040000
v 0.216861 1.360297 -0.040000
v 0.298695 1.378921 -0.040000
v 0.729997 1.254118 -0.040000
v 1.534014 0.469076 -0.040000
v 1.666456 1.033866 -0.040000
v 1.743384 0.949704 -0.040000
v 1.768577 0.997336 -0.040000
v 1.707333 0.993991 -0.040000
v 1.728704 0.897335 -0.040000
v 1.794199 0.844319 -0.040000
v 1.207647 1.307171 -0.040000
v 1.143964 1.331048 -0.040000
v 1.767534 0.698695 -0.040000
v 0.827177 0.375567 -0.040000
v 1.531846 1.503480 -0.040000
v 1.561368 1.577406 -0.040000
v 1.468181 1.596750 -0.040000
v 1.423062 1.354663 -0.040000
v 1.238220 1.523615 -0.040000
v 1.156296 1.562026 -0.040000
v 1.144202 1.464399 -0.040000
v 1.091806 1.440467 -0.040000
v 0.768237 1.603624 -0.040000
v 0.876806 1.606307 -0.040000
v 1.022075 1.445491 -0.040000
v 0.982644 1.394804 -0.040000
v 0.928970 1.335500 -0.040000
v 1.018469 1.318038 -0.040000
v 0.752645 1.449972 -0.040000
v 1.107838 0.382760 -0.040000
v 1.134283 0.444447 -0.040000
v 1.043059 0.353716 -0.040000
v 1.119180 0.516002 -0.040000
v 0.976093 0.414342 -0.040000
v 0.959063 0.314714 -0.040000
v 1.078307 0.476424 -0.040000
v 1.013927 0.467236 -0.040000
v 1.086791 0.558105 -0.040000
v 1.009153 0.316787 -0.040000
v 0.993366 0.516650 -0.040000
v 0.336321 1.441441 -0.040000
v 0.346649 1.392643 -0.040000
v 0.464501 1.391930 -0.040000
v 0.560441 1.450101 -0.040000
v 0.573966 1.332400 -0.040000
v 0.585062 1.393303 -0.040000
v 0.524687 1.400868 -0.040000
v 0.657646 1.348616 -0.040000
v 0.667490 1.495571 -0.040000
v 0.691039 1.437236 -0.040000
v 0.655243 1.575733 -0.040000
v 0.731974 1.394595 -0.040000
v 0.795581 1.375547 -0.040000
v 0.812643 1.296001 -0.040000
v 0.863914 1.360981 -0.040000
v 0.877541 1.299986 -0.040000
v 0.257203 1.411532 -0.040000
v 0.328266 1.305961 -0.040000
v 0.656513 1.256838 -0.040000
v 0.694948 1.301218 -0.040000
v 0.598889 1.276758 -0.040000
v 0.530545 1.279548 -0.040000
v 0.503114 1.339025 -0.040000
v 0.456770 1.281587 -0.040000
v 0.389965 1.280313 -0.040000
v 1.652643 1.080659 -0.040000
v 1.608452 1.037836 -0.040000
v 1.719043 1.067505 -0.040000
v 1.761155 1.100866 -0.040000
v 1.106753 1.500072 -0.040000
v 0.698922 1.649645 -0.040000
v 0.977396 1.345613 -0.040000
v 1.028562 1.244957 -0.040000
v 0.982185 1.204430 -0.040000
v 1.101512 1.236372 -0.040000
v 1.152975 1.231130 -0.040000
v 1.079475 1.341342 -0.040000
v 1.070207 1.284599 -0.040000
v 0.760212 1.499274 -0.040000
v 0.450152 1.442193 -0.040000
v 0.711311 1.591418 -0.040000
v 0.616076 1.610917 -0.040000
v 0.763103 1.291274 -0.040000
v 0.791844 1.232340 -0.040000
v 0.286433 1.266973 -0.040000
v 0.440146 1.338194 -0.040000
v 1.631057 0.985475 -0.040000
v 0.720397 1.702519 -0.040000
v 0.662668 1.698920 -0.040000
v 1.010341 1.163805 -0.040000
v 0.833198 1.201551 -0.040000
v 0.229396 1.246493 -0.040000
v 0.194063 1.208274 -0.040000
v 0.733742 1.063654 -0.040000
v 0.753576 1.118173 -0.040000
v 0.922172 1.213810 -0.040000
v 0.878815 0.537420 -0.040000
v 0.828294 0.567487 -0.040000
v 0.760954 0.554668 -0.040000
v 0.371163 0.404203 -0.040000
v 1.805369 1.310308 -0.040000
v 1.734761 1.303002 -0.040000
v 1.675650 1.220147 -0.040000
v 1.720620 1.250578 -0.040000
v 1.782377 1.360158 -0.040000
v 0.510609 0.425765 -0.040000
v 0.796782 0.275595 -0.040000
v 0.859370 0.300854 -0.040000
v 0.902367 0.258404 -0.040000
v 0.907503 0.320111 -0.040000
v 1.005765 0.239636 -0.040000
v 0.640751 0.263571 -0.040000
v 0.300731 1.179121 -0.040000
v 1.200955 1.156932 -0.040000
v 1.152443 1.887294 -0.040000
v 1.000086 1.630578 -0.040000
v 1.321823 1.466310 -0.040000
v 1.521544 1.619688 -0.040000
v 0.823147 1.579640 -0.040000
v 1.170713 0.548639 -0.040000
v 0.919027 0.407894 -0.040000
v 1.709549 1.171653 -0.040000
v 1.635863 1.267070 -0.040000
v 1.613802 1.208034 -0.040000
v 1.652896 1.166737 -0.040000
v 1.571315 1.231481 -0.040000
vn -0.0000 -0.0000 1.0000
vn -0.0000 -0.0000 -1.0000
vn -0.9239 0.3827 -0.0000
vn 0.7373 -0.6756 -0.0000
vn 0.7934 0.6088 -0.0000
vn -0.5373 -0.8434 -0.0000
vn -0.9537 -0.3007 -0.0000
vn 0.2164 0.9763 -0.0000
vn 0.1305 -0.9914 -0.0000
vn -0.4617 0.8870 -0.0000
vn 0.9990 -0.0436 -0.0000
vn -0.9239 -0.3827 -0.0000
vn 0.1305 0.9914 -0.0000
vn 0.2164 -0.9763 -0.0000
vn 0.7373 0.6756 -0.0000
vn -0.5373 0.8434 -0.0000
vn -0.9537 0.3007 -0.0000
vn -0.4617 -0.8870 -0.0000
vn 0.7934 -0.6088 -0.0000
vn 0.9990 0.0436 -0.0000
vn 0.0436 0.9990 -0.0000
vn 0.3007 -0.9537 -0.0000
vn -0.6088 0.7934 -0.0000
vn -0.8870 -0.4617 -0.0000
vn 0.9914 0.1305 -0.0000
vn 0.8434 -0.5373 -0.0000
vn -0.3827 -0.9239 -0.0000
vn -0.9763 0.2164 -0.0000
vn 0.6756 0.7373 -0.0000
vn -0.3007 -0.9537 -0.0000
vn 0.8870 -0.4617 -0.0000
vn 0.6088 0.7934 -0.0000
vn -0.9914 0.1305 -0.0000
vn -0.8434 -0.5373 -0.0000
vn -0.0436 0.9990 -0.0000
vn -0.6756 0.7373 -0.0000
vn 0.3827 -0.9239 -0.0000
vn 0.9763 0.2164 -0.0000
vn -0.7373 0.6756 -0.0000
vn 0.9537 0.3007 -0.0000
vn -0.7934 -0.6088 -0.0000
vn 0.4617 -0.8870 -0.0000
vn -0.1305 0.9914 -0.0000
vn 0.5373 0.8434 -0.0000
vn -0.2164 -0.9763 -0.0000
vn -0.9990 0.0436 -0.0000
vn 0.9239 -0.3827 -0.0000
vn -0.9990 -0.0436 -0.0000
vn -0.1305 -0.9914 -0.0000
vn 0.4617 0.8870 -0.0000
vn 0.9239 0.3827 -0.0000
vn -0.7934 0.6088 -0.0000
vn -0.7373 -0.6756 -0.0000
vn 0.9537 -0.3007 -0.0000
vn -0.2164 0.9763 -0.0000
vn 0.5373 -0.8434 -0.0000
vn -0.6756 -0.7373 -0.0000
vn -0.8434 0.5373 -0.0000
vn 0.8870 0.4617 -0.0000
vn 0.9763 -0.2164 -0.0000
vn 0.6088 -0.7934 -0.0000
vn -0.9914 -0.1305 -0.0000
vn 0.3827 0.9239 -0.0000
vn -0.0436 -0.9990 -0.0000
vn -0.3007 0.9537 -0.0000
vn 0.0436 -0.9990 -0.0000
vn -0.3827 0.9239 -0.0000
vn 0.3007 0.9537 -0.0000
vn -0.9763 -0.2164 -0.0000
vn 0.9914 -0.1305 -0.0000
vn 0.8434 0.5373 -0.0000
vn -0.6088 -0.7934 -0.0000
vn 0.6756 -0.7373 -0.0000
vn -0.8870 0.4617 -0.0000
s 0
f 171//1 170//1 246//1
f 830//1 153//1 144//1
f 123//1 854//1 241//1
f 156//1 114//1 124//1
f 236//1 184//1 270//1
f 138//1 562//1 31//1
f 337//1 92//1 335//1
f 854//1 563//1 564//1
f 377//1 427//1 519//1
f 562//1 138//1 403//1
f 702//1 700//1 701//1
f 93//1 335//1 92//1
f 312//1 385//1 315//1
f 155//1 814//1 836//1
f 203//1 198//1 200//1
f 188//1 183//1 191//1
f 294//1 374//1 375//1
f 28//1 146//1 122//1
f 177//1 184//1 246//1
f 234//1 122//1 146//1
f 198//1 191//1 196//1
f 34//1 147//1 35//1
f 17//1 154//1 148//1
f 87//1 88//1 374//1
f 335//1 336//1 272//1
f 234//1 125//1 115//1
f 237//1 7//1 235//1
f 121//1 131//1 142//1
f 117//1 141//1 132//1
f 97//1 354//1 96//1
f 8//1 124//1 7//1
f 355//1 98//1 468//1
f 124//1 8//1 9//1
f 9//1 8//1 5//1
f 7//1 6//1 8//1
f 135//1 7//1 237//1
f 12//1 141//1 36//1
f 124//1 114//1 7//1
f 15//1 127//1 16//1
f 124//1 128//1 156//1
f 129//1 14//1 15//1
f 126//1 23//1 22//1
f 128//1 12//1 116//1
f 9//1 130//1 10//1
f 12//1 13//1 14//1
f 13//1 12//1 36//1
f 11//1 130//1 132//1
f 14//1 116//1 12//1
f 11//1 12//1 128//1
f 26//1 125//1 146//1
f 130//1 117//1 132//1
f 354//1 356//1 96//1
f 2//1 142//1 131//1
f 18//1 19//1 154//1
f 185//1 165//1 182//1
f 79//1 367//1 78//1
f 198//1 203//1 186//1
f 162//1 116//1 129//1
f 127//1 115//1 16//1
f 504//1 505//1 366//1
f 14//1 129//1 116//1
f 364//1 366//1 76//1
f 73//1 74//1 509//1
f 16//1 129//1 15//1
f 20//1 134//1 19//1
f 14//1 127//1 15//1
f 479//1 283//1 359//1
f 481//1 284//1 732//1
f 491//1 361//1 70//1
f 121//1 34//1 141//1
f 415//1 686//1 685//1
f 172//1 118//1 163//1
f 178//1 223//1 179//1
f 175//1 831//1 149//1
f 71//1 72//1 492//1
f 6//1 135//1 5//1
f 69//1 70//1 361//1
f 21//1 133//1 20//1
f 192//1 306//1 249//1
f 41//1 40//1 142//1
f 19//1 18//1 20//1
f 134//1 834//1 19//1
f 20//1 18//1 21//1
f 133//1 21//1 22//1
f 17//1 21//1 18//1
f 115//1 126//1 16//1
f 155//1 149//1 23//1
f 126//1 115//1 125//1
f 126//1 22//1 21//1
f 134//1 133//1 118//1
f 129//1 148//1 162//1
f 155//1 24//1 25//1
f 489//1 482//1 360//1
f 133//1 149//1 163//1
f 4//1 131//1 117//1
f 141//1 35//1 36//1
f 360//1 488//1 489//1
f 125//1 23//1 126//1
f 34//1 122//1 147//1
f 493//1 64//1 65//1
f 451//1 453//1 242//1
f 714//1 764//1 859//1
f 149//1 133//1 23//1
f 146//1 28//1 27//1
f 24//1 26//1 25//1
f 20//1 133//1 134//1
f 148//1 129//1 17//1
f 1//1 120//1 152//1
f 36//1 14//1 13//1
f 360//1 67//1 358//1
f 7//1 135//1 6//1
f 776//1 773//1 168//1
f 102//1 576//1 417//1
f 117//1 130//1 4//1
f 5//1 135//1 137//1
f 138//1 31//1 151//1
f 4//1 3//1 131//1
f 5//1 137//1 4//1
f 137//1 150//1 4//1
f 119//1 137//1 135//1
f 38//1 33//1 140//1
f 2//1 131//1 3//1
f 132//1 12//1 11//1
f 11//1 10//1 130//1
f 40//1 39//1 142//1
f 125//1 234//1 146//1
f 1//1 41//1 2//1
f 150//1 1//1 2//1
f 34//1 35//1 141//1
f 152//1 40//1 41//1
f 39//1 152//1 139//1
f 39//1 140//1 142//1
f 2//1 3//1 150//1
f 38//1 140//1 39//1
f 214//1 224//1 230//1
f 5//1 8//1 6//1
f 391//1 225//1 269//1
f 45//1 46//1 434//1
f 138//1 151//1 164//1
f 209//1 211//1 220//1
f 106//1 388//1 105//1
f 239//1 119//1 159//1
f 208//1 210//1 120//1
f 136//1 150//1 239//1
f 209//1 225//1 549//1
f 120//1 1//1 208//1
f 136//1 1//1 150//1
f 405//1 108//1 109//1
f 213//1 215//1 217//1
f 235//1 7//1 114//1
f 249//1 201//1 195//1
f 229//1 551//1 221//1
f 261//1 174//1 565//1
f 23//1 24//1 155//1
f 152//1 39//1 40//1
f 12//1 132//1 141//1
f 22//1 23//1 133//1
f 42//1 397//1 113//1
f 118//1 133//1 163//1
f 228//1 229//1 221//1
f 95//1 357//1 94//1
f 269//1 233//1 391//1
f 164//1 139//1 178//1
f 178//1 179//1 164//1
f 29//1 122//1 33//1
f 140//1 34//1 121//1
f 32//1 33//1 38//1
f 30//1 33//1 32//1
f 31//1 32//1 37//1
f 151//1 37//1 38//1
f 31//1 143//1 30//1
f 30//1 32//1 31//1
f 123//1 145//1 143//1
f 37//1 32//1 38//1
f 142//1 140//1 121//1
f 29//1 33//1 30//1
f 277//1 347//1 451//1
f 125//1 24//1 23//1
f 830//1 26//1 153//1
f 153//1 26//1 27//1
f 29//1 145//1 28//1
f 28//1 122//1 29//1
f 9//1 10//1 124//1
f 350//1 60//1 455//1
f 143//1 145//1 29//1
f 28//1 145//1 27//1
f 146//1 27//1 26//1
f 30//1 143//1 29//1
f 139//1 151//1 39//1
f 33//1 122//1 34//1
f 265//1 174//1 263//1
f 143//1 562//1 563//1
f 17//1 18//1 154//1
f 16//1 17//1 129//1
f 121//1 117//1 131//1
f 47//1 340//1 342//1
f 4//1 130//1 5//1
f 48//1 340//1 47//1
f 142//1 2//1 41//1
f 343//1 341//1 437//1
f 439//1 438//1 240//1
f 9//1 5//1 130//1
f 21//1 17//1 126//1
f 351//1 59//1 349//1
f 234//1 127//1 147//1
f 59//1 60//1 349//1
f 26//1 24//1 125//1
f 57//1 348//1 56//1
f 116//1 169//1 128//1
f 241//1 144//1 153//1
f 14//1 36//1 127//1
f 607//1 345//1 449//1
f 147//1 36//1 35//1
f 53//1 449//1 345//1
f 345//1 52//1 53//1
f 16//1 126//1 17//1
f 124//1 10//1 128//1
f 151//1 31//1 37//1
f 404//1 174//1 265//1
f 128//1 10//1 11//1
f 141//1 117//1 121//1
f 127//1 36//1 147//1
f 34//1 140//1 33//1
f 440//1 443//1 442//1
f 4//1 150//1 3//1
f 239//1 150//1 137//1
f 39//1 151//1 38//1
f 164//1 151//1 139//1
f 1//1 152//1 41//1
f 120//1 139//1 152//1
f 27//1 145//1 153//1
f 241//1 153//1 145//1
f 834//1 167//1 19//1
f 378//1 80//1 81//1
f 25//1 26//1 830//1
f 813//1 814//1 830//1
f 170//1 180//1 176//1
f 169//1 171//1 156//1
f 505//1 498//1 366//1
f 834//1 134//1 835//1
f 156//1 171//1 184//1
f 356//1 95//1 474//1
f 237//1 778//1 135//1
f 232//1 214//1 230//1
f 179//1 261//1 565//1
f 261//1 263//1 174//1
f 560//1 866//1 708//1
f 160//1 328//1 675//1
f 170//1 171//1 180//1
f 128//1 169//1 156//1
f 175//1 149//1 836//1
f 835//1 157//1 834//1
f 120//1 213//1 178//1
f 44//1 588//1 435//1
f 154//1 19//1 182//1
f 167//1 182//1 19//1
f 752//1 815//1 816//1
f 457//1 456//1 243//1
f 364//1 76//1 77//1
f 185//1 182//1 167//1
f 586//1 433//1 271//1
f 100//1 414//1 99//1
f 116//1 162//1 169//1
f 148//1 176//1 162//1
f 170//1 176//1 183//1
f 372//1 516//1 251//1
f 180//1 169//1 162//1
f 184//1 171//1 246//1
f 831//1 163//1 149//1
f 68//1 358//1 67//1
f 208//1 136//1 211//1
f 672//1 396//1 554//1
f 222//1 179//1 223//1
f 669//1 395//1 667//1
f 458//1 460//1 243//1
f 280//1 352//1 353//1
f 148//1 181//1 176//1
f 176//1 181//1 183//1
f 183//1 188//1 170//1
f 293//1 303//1 300//1
f 120//1 178//1 139//1
f 178//1 173//1 223//1
f 219//1 173//1 217//1
f 403//1 565//1 174//1
f 169//1 180//1 171//1
f 162//1 176//1 180//1
f 154//1 181//1 148//1
f 183//1 181//1 165//1
f 165//1 181//1 182//1
f 154//1 182//1 181//1
f 165//1 190//1 189//1
f 204//1 207//1 199//1
f 236//1 235//1 114//1
f 114//1 156//1 184//1
f 157//1 512//1 292//1
f 197//1 254//1 196//1
f 183//1 165//1 189//1
f 200//1 198//1 193//1
f 190//1 187//1 189//1
f 197//1 196//1 187//1
f 183//1 189//1 191//1
f 188//1 186//1 379//1
f 190//1 165//1 185//1
f 189//1 187//1 191//1
f 190//1 185//1 195//1
f 539//1 367//1 508//1
f 196//1 191//1 187//1
f 186//1 188//1 191//1
f 195//1 290//1 289//1
f 289//1 192//1 195//1
f 201//1 187//1 190//1
f 257//1 321//1 320//1
f 307//1 306//1 192//1
f 314//1 82//1 83//1
f 290//1 248//1 289//1
f 249//1 195//1 192//1
f 187//1 201//1 197//1
f 198//1 196//1 193//1
f 254//1 304//1 382//1
f 314//1 83//1 311//1
f 199//1 200//1 204//1
f 191//1 198//1 186//1
f 515//1 376//1 375//1
f 321//1 206//1 320//1
f 193//1 205//1 204//1
f 200//1 199//1 203//1
f 195//1 201//1 190//1
f 197//1 201//1 194//1
f 202//1 204//1 205//1
f 535//1 386//1 537//1
f 371//1 206//1 321//1
f 186//1 203//1 298//1
f 193//1 204//1 200//1
f 258//1 317//1 318//1
f 193//1 254//1 205//1
f 658//1 304//1 305//1
f 311//1 83//1 84//1
f 86//1 315//1 85//1
f 318//1 204//1 202//1
f 293//1 300//1 514//1
f 1//1 136//1 208//1
f 211//1 210//1 208//1
f 230//1 224//1 860//1
f 389//1 542//1 322//1
f 215//1 210//1 209//1
f 178//1 213//1 173//1
f 136//1 159//1 224//1
f 209//1 210//1 211//1
f 216//1 212//1 215//1
f 112//1 396//1 111//1
f 120//1 210//1 213//1
f 213//1 210//1 215//1
f 778//1 860//1 119//1
f 268//1 578//1 577//1
f 216//1 215//1 209//1
f 215//1 212//1 217//1
f 220//1 225//1 209//1
f 107//1 541//1 389//1
f 219//1 217//1 221//1
f 173//1 213//1 217//1
f 218//1 219//1 221//1
f 329//1 406//1 568//1
f 221//1 217//1 212//1
f 219//1 218//1 222//1
f 211//1 136//1 224//1
f 214//1 269//1 220//1
f 226//1 228//1 216//1
f 221//1 212//1 228//1
f 551//1 395//1 669//1
f 434//1 435//1 45//1
f 173//1 219//1 223//1
f 222//1 223//1 219//1
f 214//1 220//1 224//1
f 224//1 220//1 211//1
f 269//1 232//1 233//1
f 548//1 546//1 394//1
f 549//1 393//1 216//1
f 567//1 406//1 110//1
f 471//1 473//1 244//1
f 416//1 101//1 102//1
f 216//1 228//1 212//1
f 229//1 228//1 226//1
f 226//1 407//1 229//1
f 396//1 112//1 554//1
f 860//1 224//1 159//1
f 227//1 646//1 232//1
f 244//1 469//1 471//1
f 416//1 417//1 332//1
f 227//1 232//1 230//1
f 232//1 231//1 233//1
f 580//1 582//1 578//1
f 388//1 390//1 105//1
f 127//1 234//1 115//1
f 122//1 234//1 147//1
f 236//1 114//1 184//1
f 235//1 158//1 237//1
f 838//1 837//1 236//1
f 158//1 235//1 236//1
f 780//1 237//1 158//1
f 778//1 237//1 168//1
f 236//1 837//1 158//1
f 177//1 246//1 297//1
f 119//1 239//1 137//1
f 136//1 239//1 159//1
f 340//1 341//1 274//1
f 343//1 49//1 50//1
f 123//1 241//1 145//1
f 144//1 241//1 161//1
f 54//1 55//1 346//1
f 347//1 277//1 346//1
f 349//1 350//1 279//1
f 352//1 61//1 62//1
f 354//1 355//1 281//1
f 837//1 587//1 158//1
f 359//1 283//1 358//1
f 620//1 763//1 623//1
f 170//1 188//1 246//1
f 253//1 379//1 298//1
f 365//1 286//1 364//1
f 291//1 192//1 289//1
f 512//1 157//1 513//1
f 522//1 652//1 308//1
f 249//1 306//1 305//1
f 201//1 249//1 194//1
f 365//1 495//1 286//1
f 197//1 304//1 254//1
f 376//1 89//1 90//1
f 302//1 253//1 299//1
f 310//1 205//1 382//1
f 247//1 495//1 497//1
f 253//1 298//1 299//1
f 432//1 430//1 429//1
f 196//1 254//1 193//1
f 197//1 194//1 304//1
f 534//1 532//1 252//1
f 205//1 310//1 202//1
f 207//1 317//1 206//1
f 258//1 318//1 529//1
f 316//1 86//1 387//1
f 312//1 257//1 320//1
f 530//1 529//1 202//1
f 319//1 258//1 531//1
f 388//1 389//1 322//1
f 391//1 393//1 549//1
f 398//1 326//1 397//1
f 222//1 218//1 669//1
f 179//1 222//1 261//1
f 553//1 222//1 669//1
f 44//1 436//1 43//1
f 404//1 265//1 328//1
f 222//1 263//1 261//1
f 399//1 327//1 265//1
f 264//1 265//1 327//1
f 597//1 444//1 595//1
f 399//1 263//1 262//1
f 328//1 265//1 264//1
f 329//1 405//1 406//1
f 408//1 411//1 330//1
f 583//1 643//1 641//1
f 281//1 355//1 469//1
f 103//1 104//1 418//1
f 233//1 231//1 419//1
f 220//1 269//1 225//1
f 232//1 269//1 214//1
f 184//1 177//1 270//1
f 177//1 839//1 838//1
f 297//1 302//1 177//1
f 238//1 421//1 423//1
f 336//1 93//1 420//1
f 427//1 377//1 337//1
f 673//1 674//1 560//1
f 556//1 558//1 747//1
f 439//1 274//1 438//1
f 338//1 342//1 841//1
f 448//1 344//1 50//1
f 445//1 592//1 593//1
f 160//1 564//1 563//1
f 275//1 343//1 344//1
f 347//1 55//1 450//1
f 277//1 605//1 449//1
f 57//1 454//1 348//1
f 243//1 624//1 457//1
f 457//1 279//1 456//1
f 59//1 465//1 58//1
f 466//1 353//1 62//1
f 463//1 616//1 617//1
f 355//1 97//1 467//1
f 475//1 356//1 281//1
f 476//1 849//1 282//1
f 421//1 272//1 336//1
f 359//1 68//1 478//1
f 483//1 360//1 283//1
f 72//1 740//1 492//1
f 247//1 502//1 499//1
f 822//1 486//1 487//1
f 461//1 460//1 458//1
f 365//1 77//1 494//1
f 499//1 366//1 286//1
f 79//1 508//1 367//1
f 538//1 536//1 252//1
f 307//1 525//1 306//1
f 361//1 647//1 284//1
f 290//1 195//1 185//1
f 291//1 289//1 248//1
f 185//1 167//1 290//1
f 167//1 834//1 292//1
f 512//1 655//1 511//1
f 522//1 524//1 309//1
f 248//1 290//1 292//1
f 167//1 292//1 290//1
f 370//1 199//1 207//1
f 431//1 584//1 585//1
f 373//1 370//1 371//1
f 316//1 257//1 315//1
f 377//1 520//1 337//1
f 91//1 424//1 337//1
f 386//1 82//1 313//1
f 536//1 508//1 296//1
f 379//1 246//1 188//1
f 302//1 297//1 253//1
f 299//1 298//1 203//1
f 379//1 253//1 297//1
f 300//1 299//1 203//1
f 586//1 839//1 301//1
f 199//1 514//1 203//1
f 293//1 514//1 370//1
f 302//1 299//1 303//1
f 301//1 302//1 303//1
f 299//1 300//1 303//1
f 302//1 301//1 839//1
f 521//1 846//1 380//1
f 303//1 293//1 521//1
f 305//1 304//1 194//1
f 304//1 255//1 382//1
f 249//1 305//1 194//1
f 305//1 250//1 658//1
f 307//1 192//1 291//1
f 250//1 305//1 306//1
f 307//1 291//1 309//1
f 524//1 307//1 309//1
f 510//1 652//1 653//1
f 781//1 733//1 648//1
f 291//1 248//1 511//1
f 309//1 652//1 522//1
f 310//1 382//1 528//1
f 662//1 532//1 383//1
f 84//1 85//1 385//1
f 256//1 313//1 314//1
f 256//1 311//1 312//1
f 311//1 84//1 385//1
f 529//1 531//1 258//1
f 82//1 386//1 81//1
f 256//1 314//1 311//1
f 82//1 314//1 313//1
f 316//1 315//1 86//1
f 312//1 315//1 257//1
f 316//1 387//1 374//1
f 840//1 316//1 294//1
f 318//1 317//1 207//1
f 319//1 317//1 258//1
f 204//1 318//1 207//1
f 529//1 318//1 202//1
f 312//1 319//1 256//1
f 317//1 319//1 206//1
f 206//1 319//1 320//1
f 312//1 320//1 319//1
f 840//1 257//1 316//1
f 516//1 372//1 294//1
f 389//1 106//1 540//1
f 550//1 546//1 744//1
f 233//1 392//1 391//1
f 408//1 330//1 407//1
f 409//1 395//1 551//1
f 667//1 668//1 552//1
f 671//1 749//1 570//1
f 569//1 324//1 395//1
f 398//1 42//1 555//1
f 326//1 670//1 554//1
f 559//1 327//1 262//1
f 693//1 439//1 240//1
f 264//1 673//1 604//1
f 328//1 160//1 403//1
f 406//1 109//1 566//1
f 329//1 663//1 541//1
f 410//1 226//1 216//1
f 412//1 409//1 330//1
f 415//1 100//1 574//1
f 281//1 469//1 244//1
f 687//1 685//1 575//1
f 415//1 331//1 414//1
f 390//1 418//1 544//1
f 390//1 322//1 545//1
f 582//1 580//1 581//1
f 334//1 394//1 392//1
f 336//1 335//1 93//1
f 337//1 335//1 272//1
f 357//1 336//1 94//1
f 272//1 421//1 238//1
f 425//1 272//1 238//1
f 377//1 295//1 376//1
f 46//1 47//1 447//1
f 589//1 435//1 338//1
f 273//1 842//1 844//1
f 556//1 326//1 398//1
f 341//1 340//1 48//1
f 342//1 340//1 274//1
f 437//1 341//1 48//1
f 341//1 440//1 438//1
f 274//1 439//1 845//1
f 342//1 338//1 434//1
f 344//1 343//1 50//1
f 341//1 343//1 275//1
f 594//1 593//1 691//1
f 441//1 443//1 592//1
f 53//1 54//1 449//1
f 858//1 594//1 276//1
f 347//1 346//1 55//1
f 449//1 346//1 277//1
f 348//1 347//1 56//1
f 277//1 451//1 242//1
f 454//1 57//1 58//1
f 348//1 278//1 452//1
f 350//1 349//1 60//1
f 351//1 349//1 279//1
f 350//1 455//1 352//1
f 350//1 458//1 456//1
f 628//1 712//1 457//1
f 614//1 278//1 348//1
f 353//1 352//1 62//1
f 350//1 352//1 280//1
f 363//1 285//1 618//1
f 459//1 461//1 616//1
f 355//1 354//1 97//1
f 356//1 354//1 281//1
f 468//1 98//1 99//1
f 472//1 639//1 640//1
f 475//1 281//1 244//1
f 356//1 477//1 357//1
f 356//1 357//1 95//1
f 357//1 282//1 422//1
f 359//1 358//1 68//1
f 360//1 358//1 283//1
f 361//1 359//1 69//1
f 283//1 479//1 245//1
f 483//1 283//1 245//1
f 488//1 360//1 483//1
f 491//1 70//1 71//1
f 361//1 284//1 480//1
f 509//1 649//1 73//1
f 742//1 288//1 798//1
f 482//1 489//1 66//1
f 285//1 463//1 618//1
f 365//1 364//1 77//1
f 366//1 364//1 286//1
f 367//1 365//1 78//1
f 286//1 495//1 247//1
f 499//1 286//1 247//1
f 504//1 366//1 499//1
f 79//1 80//1 508//1
f 367//1 287//1 496//1
f 498//1 505//1 75//1
f 797//1 741//1 742//1
f 172//1 743//1 513//1
f 481//1 245//1 479//1
f 371//1 207//1 206//1
f 371//1 372//1 373//1
f 371//1 321//1 372//1
f 207//1 371//1 370//1
f 372//1 321//1 840//1
f 846//1 372//1 251//1
f 846//1 373//1 372//1
f 293//1 370//1 373//1
f 375//1 374//1 88//1
f 316//1 374//1 294//1
f 515//1 375//1 88//1
f 375//1 517//1 516//1
f 377//1 376//1 90//1
f 375//1 376//1 295//1
f 520//1 377//1 90//1
f 425//1 337//1 272//1
f 386//1 378//1 81//1
f 508//1 378//1 296//1
f 298//1 379//1 186//1
f 246//1 379//1 297//1
f 518//1 656//1 657//1
f 517//1 518//1 657//1
f 825//1 853//1 523//1
f 506//1 503//1 651//1
f 254//1 382//1 205//1
f 528//1 382//1 255//1
f 658//1 527//1 255//1
f 525//1 526//1 250//1
f 534//1 533//1 384//1
f 533//1 256//1 531//1
f 315//1 385//1 85//1
f 311//1 385//1 312//1
f 533//1 537//1 313//1
f 378//1 386//1 296//1
f 86//1 87//1 387//1
f 374//1 387//1 87//1
f 389//1 388//1 106//1
f 390//1 388//1 322//1
f 541//1 107//1 108//1
f 411//1 543//1 665//1
f 545//1 322//1 259//1
f 418//1 390//1 333//1
f 233//1 419//1 392//1
f 391//1 323//1 393//1
f 334//1 580//1 394//1
f 391//1 392//1 550//1
f 323//1 744//1 572//1
f 410//1 408//1 226//1
f 268//1 579//1 548//1
f 391//1 550//1 323//1
f 229//1 407//1 409//1
f 395//1 324//1 667//1
f 112//1 113//1 554//1
f 683//1 568//1 406//1
f 398//1 397//1 42//1
f 554//1 397//1 326//1
f 436//1 398//1 43//1
f 326//1 556//1 260//1
f 263//1 399//1 265//1
f 262//1 327//1 399//1
f 827//1 552//1 668//1
f 273//1 590//1 589//1
f 442//1 240//1 440//1
f 264//1 327//1 673//1
f 442//1 446//1 240//1
f 596//1 757//1 610//1
f 562//1 403//1 160//1
f 138//1 164//1 565//1
f 328//1 403//1 404//1
f 403//1 174//1 404//1
f 406//1 405//1 109//1
f 541//1 405//1 329//1
f 110//1 111//1 567//1
f 682//1 683//1 681//1
f 408//1 407//1 226//1
f 409//1 407//1 330//1
f 413//1 408//1 410//1
f 411//1 266//1 571//1
f 330//1 571//1 412//1
f 395//1 409//1 569//1
f 216//1 393//1 410//1
f 413//1 410//1 393//1
f 573//1 411//1 408//1
f 542//1 259//1 322//1
f 568//1 266//1 329//1
f 670//1 750//1 672//1
f 323//1 572//1 393//1
f 666//1 543//1 573//1
f 415//1 414//1 100//1
f 468//1 414//1 331//1
f 415//1 574//1 416//1
f 416//1 686//1 415//1
f 417//1 416//1 102//1
f 416//1 332//1 686//1
f 417//1 576//1 418//1
f 417//1 579//1 577//1
f 418//1 104//1 544//1
f 417//1 418//1 333//1
f 581//1 419//1 231//1
f 392//1 419//1 334//1
f 93//1 94//1 420//1
f 94//1 336//1 420//1
f 336//1 422//1 421//1
f 421//1 422//1 423//1
f 357//1 422//1 336//1
f 423//1 422//1 282//1
f 477//1 476//1 282//1
f 430//1 426//1 428//1
f 91//1 92//1 424//1
f 92//1 337//1 424//1
f 238//1 428//1 425//1
f 337//1 425//1 427//1
f 238//1 423//1 847//1
f 584//1 303//1 585//1
f 852//1 425//1 428//1
f 852//1 427//1 425//1
f 238//1 847//1 430//1
f 426//1 518//1 852//1
f 429//1 848//1 754//1
f 433//1 586//1 431//1
f 238//1 430//1 428//1
f 431//1 432//1 433//1
f 303//1 584//1 301//1
f 432//1 688//1 430//1
f 432//1 429//1 433//1
f 431//1 585//1 688//1
f 861//1 689//1 690//1
f 271//1 433//1 689//1
f 434//1 46//1 447//1
f 435//1 434//1 338//1
f 589//1 338//1 273//1
f 435//1 591//1 436//1
f 435//1 436//1 44//1
f 436//1 339//1 557//1
f 48//1 49//1 437//1
f 343//1 437//1 49//1
f 274//1 341//1 438//1
f 440//1 341//1 275//1
f 446//1 600//1 693//1
f 841//1 273//1 338//1
f 443//1 441//1 442//1
f 240//1 438//1 440//1
f 607//1 608//1 276//1
f 442//1 441//1 595//1
f 443//1 440//1 275//1
f 595//1 446//1 442//1
f 344//1 592//1 275//1
f 858//1 606//1 757//1
f 692//1 597//1 755//1
f 598//1 444//1 601//1
f 275//1 592//1 443//1
f 448//1 593//1 344//1
f 444//1 598//1 446//1
f 598//1 600//1 446//1
f 47//1 342//1 447//1
f 434//1 447//1 342//1
f 50//1 51//1 448//1
f 593//1 448//1 51//1
f 346//1 449//1 54//1
f 277//1 242//1 605//1
f 55//1 56//1 450//1
f 56//1 347//1 450//1
f 347//1 452//1 451//1
f 451//1 452//1 453//1
f 348//1 452//1 347//1
f 453//1 452//1 278//1
f 635//1 637//1 626//1
f 610//1 609//1 612//1
f 465//1 454//1 58//1
f 711//1 351//1 279//1
f 60//1 61//1 455//1
f 352//1 455//1 61//1
f 279//1 350//1 456//1
f 458//1 350//1 280//1
f 460//1 464//1 243//1
f 614//1 855//1 728//1
f 461//1 459//1 460//1
f 243//1 456//1 458//1
f 829//1 485//1 484//1
f 460//1 459//1 619//1
f 461//1 458//1 280//1
f 811//1 828//1 829//1
f 280//1 353//1 461//1
f 620//1 621//1 622//1
f 680//1 677//1 402//1
f 619//1 464//1 460//1
f 461//1 353//1 616//1
f 466//1 617//1 353//1
f 627//1 624//1 464//1
f 243//1 464//1 624//1
f 59//1 351//1 465//1
f 465//1 351//1 855//1
f 62//1 63//1 466//1
f 617//1 466//1 63//1
f 97//1 98//1 467//1
f 98//1 355//1 467//1
f 414//1 468//1 99//1
f 267//1 640//1 639//1
f 638//1 355//1 468//1
f 472//1 471//1 469//1
f 267//1 687//1 583//1
f 770//1 645//1 642//1
f 355//1 638//1 469//1
f 471//1 470//1 730//1
f 638//1 639//1 472//1
f 470//1 471//1 472//1
f 470//1 640//1 641//1
f 774//1 777//1 587//1
f 95//1 96//1 474//1
f 96//1 356//1 474//1
f 476//1 475//1 244//1
f 477//1 475//1 476//1
f 244//1 851//1 476//1
f 645//1 772//1 473//1
f 357//1 477//1 282//1
f 356//1 475//1 477//1
f 68//1 69//1 478//1
f 69//1 359//1 478//1
f 359//1 480//1 479//1
f 479//1 480//1 481//1
f 361//1 480//1 359//1
f 481//1 480//1 284//1
f 284//1 647//1 648//1
f 462//1 619//1 623//1
f 66//1 67//1 482//1
f 67//1 360//1 482//1
f 486//1 483//1 245//1
f 65//1 489//1 490//1
f 481//1 736//1 738//1
f 621//1 619//1 459//1
f 488//1 486//1 485//1
f 363//1 490//1 285//1
f 486//1 245//1 738//1
f 485//1 486//1 484//1
f 735//1 481//1 732//1
f 743//1 799//1 513//1
f 486//1 488//1 483//1
f 489//1 488//1 485//1
f 490//1 489//1 485//1
f 65//1 66//1 489//1
f 285//1 490//1 485//1
f 490//1 363//1 493//1
f 492//1 491//1 71//1
f 647//1 491//1 650//1
f 73//1 649//1 740//1
f 650//1 492//1 362//1
f 490//1 493//1 65//1
f 493//1 363//1 618//1
f 77//1 78//1 494//1
f 78//1 365//1 494//1
f 365//1 496//1 495//1
f 495//1 496//1 497//1
f 367//1 496//1 365//1
f 497//1 496//1 287//1
f 287//1 539//1 538//1
f 503//1 506//1 381//1
f 75//1 76//1 498//1
f 76//1 366//1 498//1
f 503//1 500//1 502//1
f 74//1 505//1 507//1
f 522//1 523//1 853//1
f 504//1 833//1 501//1
f 833//1 504//1 499//1
f 368//1 507//1 288//1
f 503//1 502//1 247//1
f 500//1 832//1 833//1
f 651//1 247//1 497//1
f 503//1 381//1 853//1
f 833//1 499//1 502//1
f 505//1 504//1 501//1
f 507//1 505//1 501//1
f 74//1 75//1 505//1
f 527//1 526//1 659//1
f 250//1 306//1 525//1
f 288//1 507//1 501//1
f 507//1 368//1 509//1
f 378//1 508//1 80//1
f 535//1 536//1 296//1
f 507//1 509//1 74//1
f 649//1 509//1 368//1
f 653//1 309//1 291//1
f 788//1 737//1 786//1
f 248//1 292//1 512//1
f 653//1 369//1 510//1
f 157//1 172//1 513//1
f 248//1 512//1 511//1
f 824//1 823//1 743//1
f 655//1 513//1 799//1
f 203//1 514//1 300//1
f 199//1 370//1 514//1
f 88//1 89//1 515//1
f 376//1 515//1 89//1
f 294//1 375//1 516//1
f 517//1 375//1 295//1
f 518//1 517//1 295//1
f 251//1 516//1 517//1
f 295//1 377//1 519//1
f 656//1 518//1 426//1
f 852//1 519//1 427//1
f 295//1 519//1 518//1
f 90//1 91//1 520//1
f 337//1 520//1 91//1
f 846//1 521//1 293//1
f 521//1 380//1 585//1
f 522//1 308//1 523//1
f 522//1 381//1 524//1
f 805//1 798//1 523//1
f 825//1 523//1 798//1
f 381//1 506//1 524//1
f 526//1 525//1 524//1
f 307//1 524//1 525//1
f 526//1 524//1 506//1
f 659//1 506//1 497//1
f 527//1 383//1 528//1
f 250//1 526//1 527//1
f 526//1 506//1 659//1
f 527//1 528//1 255//1
f 528//1 383//1 532//1
f 530//1 202//1 310//1
f 531//1 529//1 384//1
f 310//1 528//1 532//1
f 384//1 529//1 530//1
f 533//1 531//1 384//1
f 531//1 256//1 319//1
f 384//1 530//1 532//1
f 530//1 310//1 532//1
f 532//1 534//1 384//1
f 256//1 533//1 313//1
f 535//1 534//1 252//1
f 537//1 534//1 535//1
f 535//1 252//1 536//1
f 386//1 535//1 296//1
f 538//1 252//1 662//1
f 539//1 536//1 538//1
f 313//1 537//1 386//1
f 533//1 534//1 537//1
f 659//1 661//1 527//1
f 287//1 538//1 660//1
f 367//1 539//1 287//1
f 508//1 536//1 539//1
f 106//1 107//1 540//1
f 107//1 389//1 540//1
f 405//1 541//1 108//1
f 663//1 329//1 266//1
f 664//1 541//1 663//1
f 664//1 542//1 389//1
f 543//1 411//1 573//1
f 259//1 542//1 543//1
f 104//1 105//1 544//1
f 105//1 390//1 544//1
f 546//1 545//1 259//1
f 333//1 390//1 547//1
f 666//1 744//1 259//1
f 546//1 548//1 547//1
f 390//1 545//1 547//1
f 546//1 547//1 545//1
f 268//1 548//1 394//1
f 333//1 547//1 548//1
f 209//1 549//1 216//1
f 391//1 549//1 225//1
f 392//1 394//1 550//1
f 546//1 550//1 394//1
f 221//1 551//1 218//1
f 409//1 551//1 229//1
f 745//1 827//1 748//1
f 553//1 262//1 263//1
f 222//1 553//1 263//1
f 553//1 552//1 827//1
f 397//1 554//1 113//1
f 326//1 260//1 670//1
f 42//1 43//1 555//1
f 43//1 398//1 555//1
f 398//1 557//1 556//1
f 556//1 557//1 558//1
f 436//1 557//1 398//1
f 558//1 557//1 339//1
f 809//1 339//1 590//1
f 400//1 559//1 806//1
f 827//1 745//1 807//1
f 674//1 864//1 866//1
f 674//1 327//1 559//1
f 598//1 603//1 401//1
f 676//1 328//1 264//1
f 561//1 677//1 564//1
f 563//1 562//1 160//1
f 31//1 562//1 143//1
f 675//1 564//1 160//1
f 143//1 563//1 123//1
f 677//1 561//1 402//1
f 854//1 161//1 241//1
f 138//1 565//1 403//1
f 164//1 179//1 565//1
f 109//1 110//1 566//1
f 110//1 406//1 566//1
f 111//1 396//1 567//1
f 325//1 681//1 396//1
f 683//1 682//1 753//1
f 266//1 568//1 753//1
f 412//1 684//1 409//1
f 681//1 325//1 682//1
f 324//1 569//1 570//1
f 684//1 570//1 569//1
f 411//1 571//1 330//1
f 266//1 412//1 571//1
f 550//1 744//1 323//1
f 413//1 393//1 572//1
f 408//1 413//1 573//1
f 573//1 413//1 666//1
f 100//1 101//1 574//1
f 416//1 574//1 101//1
f 578//1 332//1 577//1
f 578//1 575//1 686//1
f 102//1 103//1 576//1
f 418//1 576//1 103//1
f 332//1 417//1 577//1
f 579//1 417//1 333//1
f 268//1 580//1 578//1
f 334//1 581//1 580//1
f 548//1 579//1 333//1
f 268//1 577//1 579//1
f 394//1 580//1 268//1
f 334//1 419//1 581//1
f 644//1 646//1 642//1
f 578//1 582//1 575//1
f 583//1 582//1 581//1
f 575//1 582//1 687//1
f 644//1 643//1 583//1
f 641//1 640//1 267//1
f 303//1 521//1 585//1
f 586//1 584//1 431//1
f 656//1 585//1 380//1
f 688//1 426//1 430//1
f 839//1 586//1 271//1
f 584//1 586//1 301//1
f 433//1 429//1 754//1
f 775//1 774//1 861//1
f 44//1 45//1 588//1
f 45//1 435//1 588//1
f 862//1 273//1 844//1
f 591//1 589//1 590//1
f 400//1 808//1 809//1
f 591//1 590//1 339//1
f 436//1 591//1 339//1
f 435//1 589//1 591//1
f 593//1 592//1 344//1
f 592//1 445//1 756//1
f 51//1 691//1 593//1
f 691//1 345//1 594//1
f 276//1 594//1 345//1
f 445//1 593//1 594//1
f 692//1 596//1 597//1
f 444//1 446//1 595//1
f 608//1 609//1 606//1
f 758//1 601//1 602//1
f 755//1 441//1 692//1
f 613//1 610//1 612//1
f 444//1 694//1 601//1
f 598//1 401//1 600//1
f 706//1 561//1 676//1
f 601//1 603//1 598//1
f 674//1 559//1 865//1
f 841//1 842//1 273//1
f 694//1 444//1 597//1
f 601//1 599//1 603//1
f 695//1 597//1 596//1
f 697//1 698//1 758//1
f 603//1 599//1 604//1
f 603//1 708//1 866//1
f 599//1 758//1 703//1
f 676//1 561//1 675//1
f 608//1 605//1 242//1
f 605//1 608//1 607//1
f 242//1 453//1 709//1
f 606//1 610//1 757//1
f 345//1 607//1 276//1
f 449//1 605//1 607//1
f 609//1 608//1 242//1
f 608//1 606//1 276//1
f 631//1 628//1 627//1
f 606//1 609//1 610//1
f 725//1 709//1 636//1
f 596//1 610//1 613//1
f 633//1 634//1 632//1
f 695//1 697//1 602//1
f 709//1 612//1 609//1
f 612//1 611//1 710//1
f 680//1 700//1 678//1
f 695//1 602//1 694//1
f 348//1 454//1 614//1
f 465//1 855//1 454//1
f 624//1 628//1 457//1
f 855//1 614//1 454//1
f 617//1 616//1 353//1
f 459//1 616//1 463//1
f 63//1 64//1 617//1
f 64//1 493//1 618//1
f 463//1 617//1 618//1
f 618//1 617//1 64//1
f 622//1 285//1 828//1
f 462//1 464//1 619//1
f 487//1 739//1 791//1
f 621//1 623//1 619//1
f 622//1 459//1 463//1
f 621//1 620//1 623//1
f 459//1 622//1 621//1
f 463//1 285//1 622//1
f 821//1 791//1 713//1
f 716//1 719//1 723//1
f 856//1 627//1 629//1
f 711//1 457//1 712//1
f 856//1 630//1 715//1
f 631//1 633//1 635//1
f 631//1 635//1 626//1
f 615//1 712//1 637//1
f 629//1 627//1 464//1
f 631//1 627//1 625//1
f 627//1 628//1 624//1
f 626//1 637//1 712//1
f 464//1 462//1 629//1
f 462//1 630//1 856//1
f 764//1 462//1 623//1
f 760//1 632//1 634//1
f 633//1 631//1 625//1
f 628//1 631//1 626//1
f 856//1 715//1 625//1
f 632//1 636//1 635//1
f 634//1 633//1 625//1
f 633//1 632//1 635//1
f 634//1 715//1 717//1
f 679//1 751//1 752//1
f 636//1 632//1 724//1
f 727//1 637//1 726//1
f 612//1 725//1 611//1
f 635//1 726//1 637//1
f 635//1 636//1 726//1
f 728//1 278//1 614//1
f 639//1 638//1 468//1
f 469//1 638//1 472//1
f 468//1 331//1 639//1
f 639//1 331//1 685//1
f 641//1 267//1 583//1
f 470//1 472//1 640//1
f 642//1 643//1 644//1
f 643//1 645//1 641//1
f 776//1 771//1 773//1
f 641//1 645//1 730//1
f 583//1 581//1 644//1
f 643//1 642//1 645//1
f 581//1 231//1 644//1
f 644//1 231//1 646//1
f 771//1 770//1 642//1
f 730//1 645//1 473//1
f 232//1 646//1 231//1
f 646//1 227//1 771//1
f 361//1 491//1 647//1
f 650//1 648//1 647//1
f 797//1 362//1 649//1
f 284//1 648//1 732//1
f 741//1 649//1 368//1
f 362//1 492//1 649//1
f 648//1 650//1 362//1
f 491//1 492//1 650//1
f 247//1 651//1 503//1
f 497//1 506//1 651//1
f 653//1 652//1 309//1
f 804//1 652//1 510//1
f 291//1 511//1 653//1
f 369//1 653//1 511//1
f 705//1 765//1 766//1
f 735//1 736//1 481//1
f 511//1 655//1 369//1
f 512//1 513//1 655//1
f 656//1 426//1 688//1
f 657//1 656//1 380//1
f 846//1 657//1 380//1
f 657//1 251//1 517//1
f 658//1 255//1 304//1
f 250//1 527//1 658//1
f 497//1 660//1 659//1
f 659//1 660//1 661//1
f 287//1 660//1 497//1
f 661//1 660//1 538//1
f 662//1 661//1 538//1
f 383//1 527//1 661//1
f 532//1 662//1 252//1
f 661//1 662//1 383//1
f 665//1 266//1 411//1
f 665//1 542//1 664//1
f 541//1 664//1 389//1
f 665//1 664//1 663//1
f 665//1 663//1 266//1
f 542//1 665//1 543//1
f 572//1 666//1 413//1
f 259//1 543//1 666//1
f 668//1 667//1 324//1
f 669//1 667//1 552//1
f 749//1 746//1 668//1
f 748//1 808//1 745//1
f 669//1 552//1 553//1
f 669//1 218//1 551//1
f 671//1 670//1 260//1
f 670//1 671//1 750//1
f 671//1 260//1 746//1
f 750//1 671//1 570//1
f 396//1 672//1 325//1
f 554//1 670//1 672//1
f 674//1 673//1 327//1
f 673//1 560//1 708//1
f 400//1 865//1 559//1
f 862//1 865//1 400//1
f 676//1 675//1 328//1
f 564//1 675//1 561//1
f 264//1 604//1 676//1
f 706//1 604//1 703//1
f 700//1 680//1 699//1
f 564//1 677//1 679//1
f 678//1 702//1 707//1
f 816//1 854//1 679//1
f 680//1 679//1 677//1
f 678//1 752//1 751//1
f 696//1 698//1 697//1
f 751//1 680//1 678//1
f 682//1 325//1 750//1
f 567//1 396//1 681//1
f 684//1 682//1 570//1
f 753//1 682//1 412//1
f 406//1 567//1 683//1
f 681//1 683//1 567//1
f 409//1 684//1 569//1
f 682//1 684//1 412//1
f 639//1 685//1 267//1
f 415//1 685//1 331//1
f 578//1 686//1 332//1
f 685//1 686//1 575//1
f 687//1 267//1 685//1
f 582//1 583//1 687//1
f 431//1 688//1 432//1
f 656//1 688//1 585//1
f 689//1 433//1 754//1
f 837//1 689//1 587//1
f 849//1 775//1 850//1
f 772//1 779//1 473//1
f 51//1 52//1 691//1
f 691//1 52//1 345//1
f 441//1 756//1 692//1
f 858//1 757//1 692//1
f 446//1 693//1 240//1
f 600//1 439//1 693//1
f 695//1 694//1 597//1
f 601//1 694//1 602//1
f 596//1 613//1 695//1
f 402//1 698//1 699//1
f 697//1 695//1 857//1
f 701//1 857//1 710//1
f 857//1 695//1 613//1
f 696//1 699//1 698//1
f 703//1 698//1 402//1
f 698//1 703//1 758//1
f 699//1 696//1 700//1
f 402//1 699//1 680//1
f 696//1 701//1 700//1
f 702//1 678//1 700//1
f 857//1 701//1 696//1
f 701//1 704//1 702//1
f 704//1 701//1 759//1
f 810//1 634//1 717//1
f 706//1 402//1 561//1
f 604//1 599//1 703//1
f 704//1 611//1 724//1
f 707//1 702//1 761//1
f 715//1 634//1 625//1
f 813//1 815//1 818//1
f 604//1 706//1 676//1
f 402//1 706//1 703//1
f 761//1 702//1 704//1
f 705//1 766//1 812//1
f 603//1 604//1 708//1
f 673//1 708//1 604//1
f 242//1 709//1 609//1
f 636//1 709//1 453//1
f 710//1 611//1 759//1
f 613//1 612//1 710//1
f 457//1 711//1 279//1
f 855//1 711//1 615//1
f 626//1 712//1 628//1
f 615//1 711//1 712//1
f 487//1 736//1 739//1
f 630//1 462//1 764//1
f 722//1 819//1 720//1
f 812//1 166//1 768//1
f 718//1 715//1 630//1
f 718//1 717//1 715//1
f 719//1 718//1 630//1
f 714//1 721//1 719//1
f 716//1 765//1 717//1
f 761//1 762//1 707//1
f 719//1 630//1 714//1
f 717//1 718//1 716//1
f 720//1 721//1 722//1
f 716//1 718//1 719//1
f 794//1 175//1 796//1
f 721//1 723//1 719//1
f 722//1 721//1 714//1
f 721//1 720//1 723//1
f 859//1 763//1 722//1
f 722//1 713//1 819//1
f 720//1 769//1 793//1
f 766//1 765//1 716//1
f 724//1 632//1 760//1
f 725//1 724//1 611//1
f 709//1 725//1 612//1
f 724//1 725//1 636//1
f 636//1 453//1 726//1
f 727//1 726//1 453//1
f 453//1 278//1 727//1
f 727//1 278//1 728//1
f 615//1 637//1 728//1
f 728//1 637//1 727//1
f 777//1 780//1 587//1
f 770//1 772//1 645//1
f 471//1 730//1 473//1
f 641//1 730//1 470//1
f 804//1 510//1 802//1
f 737//1 784//1 786//1
f 648//1 362//1 781//1
f 733//1 732//1 648//1
f 820//1 783//1 787//1
f 735//1 732//1 820//1
f 733//1 731//1 783//1
f 739//1 789//1 791//1
f 820//1 732//1 733//1
f 736//1 735//1 734//1
f 739//1 736//1 784//1
f 736//1 487//1 738//1
f 784//1 737//1 739//1
f 790//1 769//1 789//1
f 486//1 738//1 487//1
f 481//1 738//1 245//1
f 784//1 736//1 734//1
f 789//1 739//1 737//1
f 73//1 740//1 72//1
f 649//1 492//1 740//1
f 368//1 288//1 741//1
f 741//1 288//1 742//1
f 288//1 825//1 798//1
f 782//1 733//1 781//1
f 823//1 824//1 794//1
f 799//1 743//1 800//1
f 259//1 744//1 546//1
f 572//1 744//1 666//1
f 262//1 807//1 559//1
f 668//1 746//1 748//1
f 747//1 746//1 260//1
f 749//1 668//1 324//1
f 556//1 747//1 260//1
f 808//1 748//1 747//1
f 746//1 747//1 748//1
f 808//1 747//1 558//1
f 570//1 749//1 324//1
f 671//1 746//1 749//1
f 682//1 750//1 570//1
f 672//1 750//1 325//1
f 752//1 678//1 707//1
f 679//1 680//1 751//1
f 817//1 707//1 705//1
f 813//1 144//1 815//1
f 266//1 753//1 412//1
f 683//1 753//1 568//1
f 848//1 429//1 847//1
f 689//1 754//1 690//1
f 597//1 595//1 755//1
f 441//1 755//1 595//1
f 592//1 756//1 441//1
f 445//1 594//1 858//1
f 596//1 692//1 757//1
f 692//1 756//1 858//1
f 601//1 758//1 599//1
f 697//1 758//1 602//1
f 710//1 759//1 701//1
f 611//1 704//1 759//1
f 760//1 634//1 810//1
f 724//1 760//1 704//1
f 704//1 760//1 810//1
f 761//1 810//1 762//1
f 765//1 762//1 717//1
f 705//1 707//1 762//1
f 811//1 763//1 620//1
f 722//1 763//1 713//1
f 859//1 623//1 763//1
f 630//1 764//1 714//1
f 766//1 716//1 723//1
f 762//1 765//1 705//1
f 767//1 766//1 723//1
f 766//1 767//1 812//1
f 795//1 723//1 720//1
f 166//1 767//1 796//1
f 813//1 768//1 166//1
f 707//1 817//1 752//1
f 819//1 789//1 769//1
f 769//1 792//1 793//1
f 642//1 646//1 771//1
f 770//1 729//1 772//1
f 771//1 227//1 773//1
f 729//1 770//1 771//1
f 774//1 772//1 729//1
f 774//1 775//1 779//1
f 227//1 230//1 860//1
f 135//1 778//1 119//1
f 729//1 776//1 777//1
f 861//1 774//1 587//1
f 861//1 850//1 775//1
f 775//1 851//1 779//1
f 777//1 776//1 168//1
f 771//1 776//1 729//1
f 780//1 777//1 168//1
f 729//1 777//1 774//1
f 168//1 773//1 778//1
f 778//1 773//1 860//1
f 774//1 779//1 772//1
f 851//1 775//1 476//1
f 237//1 780//1 168//1
f 587//1 780//1 158//1
f 797//1 781//1 362//1
f 782//1 781//1 742//1
f 798//1 782//1 742//1
f 733//1 782//1 731//1
f 804//1 802//1 803//1
f 801//1 802//1 369//1
f 787//1 734//1 820//1
f 369//1 655//1 799//1
f 785//1 786//1 787//1
f 802//1 510//1 369//1
f 787//1 786//1 784//1
f 788//1 786//1 785//1
f 734//1 787//1 784//1
f 787//1 783//1 803//1
f 801//1 799//1 788//1
f 792//1 790//1 788//1
f 789//1 737//1 790//1
f 789//1 713//1 791//1
f 737//1 788//1 790//1
f 792//1 788//1 654//1
f 821//1 713//1 763//1
f 486//1 822//1 484//1
f 792//1 654//1 793//1
f 769//1 790//1 792//1
f 794//1 793//1 654//1
f 723//1 795//1 767//1
f 823//1 794//1 654//1
f 175//1 166//1 796//1
f 720//1 793//1 795//1
f 794//1 795//1 793//1
f 767//1 795//1 796//1
f 794//1 796//1 795//1
f 741//1 797//1 649//1
f 781//1 797//1 742//1
f 805//1 523//1 308//1
f 782//1 798//1 731//1
f 743//1 823//1 800//1
f 801//1 788//1 785//1
f 654//1 788//1 800//1
f 788//1 799//1 800//1
f 801//1 785//1 802//1
f 369//1 799//1 801//1
f 803//1 785//1 787//1
f 804//1 308//1 652//1
f 826//1 783//1 731//1
f 785//1 803//1 802//1
f 826//1 803//1 783//1
f 805//1 731//1 798//1
f 308//1 804//1 805//1
f 805//1 804//1 826//1
f 807//1 806//1 559//1
f 808//1 806//1 745//1
f 807//1 262//1 553//1
f 806//1 807//1 745//1
f 809//1 808//1 558//1
f 806//1 808//1 400//1
f 339//1 809//1 558//1
f 809//1 590//1 862//1
f 762//1 810//1 717//1
f 810//1 761//1 704//1
f 828//1 811//1 620//1
f 811//1 484//1 822//1
f 166//1 812//1 767//1
f 705//1 812//1 768//1
f 814//1 813//1 166//1
f 144//1 161//1 815//1
f 814//1 166//1 836//1
f 155//1 25//1 830//1
f 816//1 815//1 161//1
f 752//1 817//1 818//1
f 854//1 816//1 161//1
f 752//1 816//1 679//1
f 705//1 768//1 817//1
f 768//1 813//1 818//1
f 752//1 818//1 815//1
f 768//1 818//1 817//1
f 789//1 819//1 713//1
f 720//1 819//1 769//1
f 735//1 820//1 734//1
f 733//1 783//1 820//1
f 763//1 811//1 821//1
f 811//1 791//1 821//1
f 487//1 791//1 822//1
f 811//1 822//1 791//1
f 800//1 823//1 654//1
f 824//1 743//1 172//1
f 831//1 172//1 163//1
f 175//1 794//1 824//1
f 832//1 288//1 501//1
f 853//1 825//1 500//1
f 805//1 826//1 731//1
f 803//1 826//1 804//1
f 827//1 668//1 748//1
f 553//1 827//1 807//1
f 622//1 828//1 620//1
f 829//1 828//1 285//1
f 485//1 829//1 285//1
f 811//1 829//1 484//1
f 813//1 830//1 144//1
f 155//1 830//1 814//1
f 175//1 824//1 831//1
f 172//1 831//1 824//1
f 500//1 825//1 832//1
f 288//1 832//1 825//1
f 500//1 833//1 502//1
f 501//1 833//1 832//1
f 835//1 134//1 118//1
f 292//1 834//1 157//1
f 118//1 172//1 835//1
f 157//1 835//1 172//1
f 836//1 149//1 155//1
f 166//1 175//1 836//1
f 838//1 236//1 270//1
f 837//1 271//1 689//1
f 177//1 838//1 270//1
f 271//1 837//1 838//1
f 838//1 839//1 271//1
f 302//1 839//1 177//1
f 372//1 840//1 294//1
f 257//1 840//1 321//1
f 845//1 342//1 274//1
f 841//1 845//1 842//1
f 439//1 600//1 842//1
f 400//1 809//1 862//1
f 863//1 844//1 600//1
f 401//1 863//1 600//1
f 600//1 844//1 842//1
f 844//1 843//1 862//1
f 842//1 845//1 439//1
f 342//1 845//1 841//1
f 846//1 251//1 657//1
f 373//1 846//1 293//1
f 848//1 847//1 423//1
f 430//1 847//1 429//1
f 848//1 423//1 849//1
f 754//1 848//1 690//1
f 282//1 849//1 423//1
f 775//1 849//1 476//1
f 690//1 848//1 850//1
f 849//1 850//1 848//1
f 244//1 473//1 851//1
f 779//1 851//1 473//1
f 426//1 852//1 428//1
f 519//1 852//1 518//1
f 503//1 853//1 500//1
f 522//1 853//1 381//1
f 563//1 854//1 123//1
f 679//1 854//1 564//1
f 711//1 855//1 351//1
f 728//1 855//1 615//1
f 627//1 856//1 625//1
f 462//1 856//1 629//1
f 697//1 857//1 696//1
f 710//1 857//1 613//1
f 445//1 858//1 756//1
f 606//1 858//1 276//1
f 714//1 859//1 722//1
f 623//1 859//1 764//1
f 860//1 159//1 119//1
f 227//1 860//1 773//1
f 689//1 861//1 587//1
f 861//1 690//1 850//1
f 862//1 590//1 273//1
f 865//1 843//1 864//1
f 866//1 864//1 863//1
f 844//1 863//1 843//1
f 843//1 863//1 864//1
f 863//1 401//1 866//1
f 843//1 865//1 862//1
f 674//1 865//1 864//1
f 866//1 401//1 603//1
f 674//1 866//1 560//1
f 1037//2 1112//2 1036//2
f 1696//2 1010//2 1019//2
f 989//2 1107//2 1720//2
f 1022//2 990//2 980//2
f 1102//2 1136//2 1050//2
f 1004//2 897//2 1428//2
f 1203//2 1201//2 958//2
f 1720//2 1430//2 1429//2
f 1243//2 1385//2 1293//2
f 1428//2 1269//2 1004//2
f 1568//2 1567//2 1566//2
f 959//2 958//2 1201//2
f 1178//2 1181//2 1251//2
f 1021//2 1702//2 1680//2
f 1069//2 1066//2 1064//2
f 1054//2 1057//2 1049//2
f 1160//2 1241//2 1240//2
f 894//2 988//2 1012//2
f 1043//2 1112//2 1050//2
f 1100//2 1012//2 988//2
f 1064//2 1062//2 1057//2
f 900//2 901//2 1013//2
f 883//2 1014//2 1020//2
f 953//2 1240//2 954//2
f 1201//2 1138//2 1202//2
f 1100//2 981//2 991//2
f 1103//2 1101//2 873//2
f 987//2 1008//2 997//2
f 983//2 998//2 1007//2
f 963//2 962//2 1220//2
f 874//2 873//2 990//2
f 1221//2 1334//2 964//2
f 990//2 875//2 874//2
f 875//2 871//2 874//2
f 873//2 874//2 872//2
f 1001//2 1103//2 873//2
f 878//2 902//2 1007//2
f 990//2 873//2 980//2
f 881//2 882//2 993//2
f 990//2 1022//2 994//2
f 995//2 881//2 880//2
f 992//2 888//2 889//2
f 994//2 982//2 878//2
f 875//2 876//2 996//2
f 878//2 880//2 879//2
f 879//2 902//2 878//2
f 877//2 998//2 996//2
f 880//2 878//2 982//2
f 877//2 994//2 878//2
f 892//2 1012//2 991//2
f 996//2 998//2 983//2
f 1220//2 962//2 1222//2
f 868//2 997//2 1008//2
f 884//2 1020//2 885//2
f 1051//2 1048//2 1031//2
f 945//2 944//2 1233//2
f 1064//2 1052//2 1069//2
f 1028//2 995//2 982//2
f 993//2 882//2 981//2
f 1370//2 1232//2 1371//2
f 880//2 982//2 995//2
f 1230//2 942//2 1232//2
f 939//2 1375//2 940//2
f 882//2 881//2 995//2
f 886//2 885//2 1000//2
f 880//2 881//2 993//2
f 1345//2 1225//2 1149//2
f 1347//2 1598//2 1150//2
f 1357//2 936//2 1227//2
f 987//2 1007//2 900//2
f 1281//2 1551//2 1552//2
f 1038//2 1029//2 984//2
f 1044//2 1045//2 1089//2
f 1041//2 1015//2 1697//2
f 937//2 1358//2 938//2
f 872//2 871//2 1001//2
f 935//2 1227//2 936//2
f 887//2 886//2 999//2
f 1058//2 1115//2 1172//2
f 907//2 1008//2 906//2
f 885//2 886//2 884//2
f 1000//2 885//2 1700//2
f 886//2 887//2 884//2
f 999//2 888//2 887//2
f 883//2 884//2 887//2
f 981//2 882//2 992//2
f 1021//2 889//2 1015//2
f 992//2 991//2 981//2
f 992//2 887//2 888//2
f 1000//2 984//2 999//2
f 995//2 1028//2 1014//2
f 1021//2 891//2 890//2
f 1355//2 1226//2 1348//2
f 999//2 1029//2 1015//2
f 870//2 983//2 997//2
f 1007//2 902//2 901//2
f 1226//2 1355//2 1354//2
f 991//2 992//2 889//2
f 900//2 1013//2 988//2
f 1359//2 931//2 930//2
f 1317//2 1108//2 1319//2
f 1580//2 1725//2 1630//2
f 1015//2 889//2 999//2
f 1012//2 893//2 894//2
f 890//2 891//2 892//2
f 886//2 1000//2 999//2
f 1014//2 883//2 995//2
f 867//2 1018//2 986//2
f 902//2 879//2 880//2
f 1226//2 1224//2 933//2
f 873//2 872//2 1001//2
f 1642//2 1034//2 1639//2
f 968//2 1283//2 1442//2
f 983//2 870//2 996//2
f 871//2 1003//2 1001//2
f 1004//2 1017//2 897//2
f 870//2 997//2 869//2
f 871//2 870//2 1003//2
f 1003//2 870//2 1016//2
f 985//2 1001//2 1003//2
f 904//2 1006//2 899//2
f 868//2 869//2 997//2
f 998//2 877//2 878//2
f 877//2 996//2 876//2
f 906//2 1008//2 905//2
f 991//2 1012//2 1100//2
f 867//2 868//2 907//2
f 1016//2 868//2 867//2
f 900//2 1007//2 901//2
f 1018//2 907//2 906//2
f 905//2 1005//2 1018//2
f 905//2 1008//2 1006//2
f 868//2 1016//2 869//2
f 904//2 905//2 1006//2
f 1080//2 1096//2 1090//2
f 871//2 872//2 874//2
f 1257//2 1135//2 1091//2
f 911//2 1300//2 912//2
f 1004//2 1030//2 1017//2
f 1075//2 1086//2 1077//2
f 972//2 971//2 1254//2
f 1105//2 1025//2 985//2
f 1074//2 986//2 1076//2
f 1002//2 1105//2 1016//2
f 1075//2 1415//2 1091//2
f 986//2 1074//2 867//2
f 1002//2 1016//2 867//2
f 1271//2 975//2 974//2
f 1079//2 1083//2 1081//2
f 1101//2 980//2 873//2
f 1115//2 1061//2 1067//2
f 1095//2 1087//2 1417//2
f 1127//2 1431//2 1040//2
f 889//2 1021//2 890//2
f 1018//2 906//2 905//2
f 878//2 1007//2 998//2
f 888//2 999//2 889//2
f 908//2 979//2 1263//2
f 984//2 1029//2 999//2
f 1094//2 1087//2 1095//2
f 961//2 960//2 1223//2
f 1135//2 1257//2 1099//2
f 1030//2 1044//2 1005//2
f 1044//2 1030//2 1045//2
f 895//2 899//2 988//2
f 1006//2 987//2 900//2
f 898//2 904//2 899//2
f 896//2 898//2 899//2
f 897//2 903//2 898//2
f 1017//2 904//2 903//2
f 897//2 896//2 1009//2
f 896//2 897//2 898//2
f 989//2 1009//2 1011//2
f 903//2 904//2 898//2
f 1008//2 987//2 1006//2
f 895//2 896//2 899//2
f 1143//2 1317//2 1213//2
f 991//2 889//2 890//2
f 1696//2 1019//2 892//2
f 1019//2 893//2 892//2
f 895//2 894//2 1011//2
f 894//2 895//2 988//2
f 875//2 990//2 876//2
f 1216//2 1321//2 926//2
f 1009//2 895//2 1011//2
f 894//2 893//2 1011//2
f 1012//2 892//2 893//2
f 896//2 895//2 1009//2
f 1005//2 905//2 1017//2
f 899//2 900//2 988//2
f 1131//2 1129//2 1040//2
f 1009//2 1429//2 1428//2
f 883//2 1020//2 884//2
f 882//2 995//2 883//2
f 987//2 997//2 983//2
f 913//2 1208//2 1206//2
f 870//2 871//2 996//2
f 914//2 913//2 1206//2
f 1008//2 907//2 868//2
f 1209//2 1303//2 1207//2
f 1305//2 1106//2 1304//2
f 875//2 996//2 871//2
f 887//2 992//2 883//2
f 1217//2 1215//2 925//2
f 1100//2 1013//2 993//2
f 925//2 1215//2 926//2
f 892//2 991//2 890//2
f 923//2 922//2 1214//2
f 982//2 994//2 1035//2
f 1107//2 1019//2 1010//2
f 880//2 993//2 902//2
f 1473//2 1315//2 1211//2
f 1013//2 901//2 902//2
f 919//2 1211//2 1315//2
f 1211//2 919//2 918//2
f 882//2 883//2 992//2
f 990//2 994//2 876//2
f 1017//2 903//2 897//2
f 1270//2 1131//2 1040//2
f 994//2 877//2 876//2
f 1007//2 987//2 983//2
f 993//2 1013//2 902//2
f 900//2 899//2 1006//2
f 1306//2 1308//2 1309//2
f 870//2 869//2 1016//2
f 1105//2 1003//2 1016//2
f 905//2 904//2 1017//2
f 1030//2 1005//2 1017//2
f 867//2 907//2 1018//2
f 986//2 1018//2 1005//2
f 893//2 1019//2 1011//2
f 1107//2 1011//2 1019//2
f 1700//2 885//2 1033//2
f 1244//2 947//2 946//2
f 891//2 1696//2 892//2
f 1679//2 1696//2 1680//2
f 1036//2 1042//2 1046//2
f 1035//2 1022//2 1037//2
f 1371//2 1232//2 1364//2
f 1700//2 1701//2 1000//2
f 1022//2 1050//2 1037//2
f 1222//2 1340//2 961//2
f 1103//2 1001//2 1644//2
f 1098//2 1096//2 1080//2
f 1045//2 1431//2 1127//2
f 1127//2 1040//2 1129//2
f 1426//2 1574//2 1732//2
f 1026//2 1541//2 1194//2
f 1036//2 1046//2 1037//2
f 994//2 1022//2 1035//2
f 1041//2 1702//2 1015//2
f 1701//2 1700//2 1023//2
f 986//2 1044//2 1079//2
f 910//2 1301//2 1454//2
f 1020//2 1048//2 885//2
f 1033//2 885//2 1048//2
f 1618//2 1682//2 1681//2
f 1323//2 1109//2 1322//2
f 1230//2 943//2 942//2
f 1051//2 1033//2 1048//2
f 1452//2 1137//2 1299//2
f 966//2 965//2 1280//2
f 982//2 1035//2 1028//2
f 1014//2 1028//2 1042//2
f 1036//2 1049//2 1042//2
f 1238//2 1117//2 1382//2
f 1046//2 1028//2 1035//2
f 1050//2 1112//2 1037//2
f 1697//2 1015//2 1029//2
f 934//2 933//2 1224//2
f 1074//2 1077//2 1002//2
f 1538//2 1420//2 1262//2
f 1088//2 1089//2 1045//2
f 1535//2 1533//2 1261//2
f 1324//2 1109//2 1326//2
f 1146//2 1219//2 1218//2
f 1014//2 1042//2 1047//2
f 1042//2 1049//2 1047//2
f 1049//2 1036//2 1054//2
f 1159//2 1166//2 1169//2
f 986//2 1005//2 1044//2
f 1044//2 1089//2 1039//2
f 1085//2 1083//2 1039//2
f 1269//2 1040//2 1431//2
f 1035//2 1037//2 1046//2
f 1028//2 1046//2 1042//2
f 1020//2 1014//2 1047//2
f 1049//2 1031//2 1047//2
f 1031//2 1048//2 1047//2
f 1020//2 1047//2 1048//2
f 1031//2 1055//2 1056//2
f 1070//2 1065//2 1073//2
f 1102//2 980//2 1101//2
f 980//2 1050//2 1022//2
f 1023//2 1158//2 1378//2
f 1063//2 1062//2 1120//2
f 1049//2 1055//2 1031//2
f 1066//2 1059//2 1064//2
f 1056//2 1055//2 1053//2
f 1063//2 1053//2 1062//2
f 1049//2 1057//2 1055//2
f 1054//2 1245//2 1052//2
f 1056//2 1051//2 1031//2
f 1055//2 1057//2 1053//2
f 1056//2 1061//2 1051//2
f 1405//2 1374//2 1233//2
f 1062//2 1053//2 1057//2
f 1052//2 1057//2 1054//2
f 1061//2 1155//2 1156//2
f 1155//2 1061//2 1058//2
f 1067//2 1056//2 1053//2
f 1123//2 1186//2 1187//2
f 1173//2 1058//2 1172//2
f 1180//2 949//2 948//2
f 1156//2 1155//2 1114//2
f 1115//2 1058//2 1061//2
f 1053//2 1063//2 1067//2
f 1064//2 1059//2 1062//2
f 1120//2 1248//2 1170//2
f 1180//2 1177//2 949//2
f 1065//2 1070//2 1066//2
f 1057//2 1052//2 1064//2
f 1381//2 1241//2 1242//2
f 1187//2 1186//2 1072//2
f 1059//2 1070//2 1071//2
f 1066//2 1069//2 1065//2
f 1061//2 1056//2 1067//2
f 1063//2 1060//2 1067//2
f 1068//2 1071//2 1070//2
f 1401//2 1403//2 1252//2
f 1237//2 1187//2 1072//2
f 1052//2 1164//2 1069//2
f 1059//2 1066//2 1070//2
f 1124//2 1184//2 1183//2
f 1059//2 1071//2 1120//2
f 1524//2 1171//2 1170//2
f 1177//2 950//2 949//2
f 952//2 951//2 1181//2
f 1184//2 1068//2 1070//2
f 1159//2 1380//2 1166//2
f 867//2 1074//2 1002//2
f 1077//2 1074//2 1076//2
f 1096//2 1726//2 1090//2
f 1255//2 1188//2 1408//2
f 1081//2 1075//2 1076//2
f 1044//2 1039//2 1079//2
f 1002//2 1090//2 1025//2
f 1075//2 1077//2 1076//2
f 1082//2 1081//2 1078//2
f 978//2 977//2 1262//2
f 986//2 1079//2 1076//2
f 1079//2 1081//2 1076//2
f 1644//2 985//2 1726//2
f 1134//2 1443//2 1444//2
f 1082//2 1075//2 1081//2
f 1081//2 1083//2 1078//2
f 1086//2 1075//2 1091//2
f 973//2 1255//2 1407//2
f 1085//2 1087//2 1083//2
f 1039//2 1083//2 1079//2
f 1084//2 1087//2 1085//2
f 1195//2 1434//2 1272//2
f 1087//2 1078//2 1083//2
f 1085//2 1088//2 1084//2
f 1077//2 1090//2 1002//2
f 1080//2 1086//2 1135//2
f 1092//2 1082//2 1094//2
f 1087//2 1094//2 1078//2
f 1417//2 1535//2 1261//2
f 1300//2 911//2 1301//2
f 1039//2 1089//2 1085//2
f 1088//2 1085//2 1089//2
f 1080//2 1090//2 1086//2
f 1090//2 1077//2 1086//2
f 1135//2 1099//2 1098//2
f 1414//2 1260//2 1412//2
f 1415//2 1082//2 1259//2
f 1433//2 976//2 1272//2
f 1337//2 1110//2 1339//2
f 1282//2 968//2 967//2
f 1082//2 1078//2 1094//2
f 1095//2 1092//2 1094//2
f 1092//2 1095//2 1273//2
f 1262//2 1420//2 978//2
f 1726//2 1025//2 1090//2
f 1093//2 1098//2 1512//2
f 1110//2 1337//2 1335//2
f 1282//2 1198//2 1283//2
f 1093//2 1096//2 1098//2
f 1098//2 1099//2 1097//2
f 1446//2 1444//2 1448//2
f 1254//2 971//2 1256//2
f 993//2 981//2 1100//2
f 988//2 1013//2 1100//2
f 1102//2 1050//2 980//2
f 1101//2 1103//2 1024//2
f 1704//2 1102//2 1703//2
f 1024//2 1102//2 1101//2
f 1646//2 1024//2 1103//2
f 1644//2 1034//2 1103//2
f 1102//2 1024//2 1703//2
f 1043//2 1163//2 1112//2
f 985//2 1003//2 1105//2
f 1002//2 1025//2 1105//2
f 1206//2 1140//2 1207//2
f 1209//2 916//2 915//2
f 989//2 1011//2 1107//2
f 1010//2 1027//2 1107//2
f 920//2 1212//2 921//2
f 1213//2 1212//2 1143//2
f 1215//2 1145//2 1216//2
f 1218//2 928//2 927//2
f 1220//2 1147//2 1221//2
f 1703//2 1024//2 1453//2
f 1225//2 1224//2 1149//2
f 1486//2 1489//2 1629//2
f 1036//2 1112//2 1054//2
f 1119//2 1164//2 1245//2
f 1231//2 1230//2 1152//2
f 1157//2 1155//2 1058//2
f 1378//2 1379//2 1023//2
f 1388//2 1174//2 1518//2
f 1115//2 1171//2 1172//2
f 1067//2 1060//2 1115//2
f 1231//2 1152//2 1361//2
f 1063//2 1120//2 1170//2
f 1242//2 956//2 955//2
f 1168//2 1165//2 1119//2
f 1176//2 1248//2 1071//2
f 1113//2 1363//2 1361//2
f 1119//2 1165//2 1164//2
f 1298//2 1295//2 1296//2
f 1062//2 1059//2 1120//2
f 1063//2 1170//2 1060//2
f 1400//2 1118//2 1398//2
f 1071//2 1068//2 1176//2
f 1073//2 1072//2 1183//2
f 1124//2 1395//2 1184//2
f 1182//2 1253//2 952//2
f 1178//2 1186//2 1123//2
f 1396//2 1068//2 1395//2
f 1185//2 1397//2 1124//2
f 1254//2 1188//2 1255//2
f 1257//2 1415//2 1259//2
f 1264//2 1263//2 1192//2
f 1088//2 1535//2 1084//2
f 1045//2 1127//2 1088//2
f 1419//2 1535//2 1088//2
f 910//2 909//2 1302//2
f 1270//2 1194//2 1131//2
f 1088//2 1127//2 1129//2
f 1265//2 1131//2 1193//2
f 1130//2 1193//2 1131//2
f 1463//2 1461//2 1310//2
f 1265//2 1128//2 1129//2
f 1194//2 1130//2 1131//2
f 1195//2 1272//2 1271//2
f 1274//2 1196//2 1277//2
f 1449//2 1507//2 1509//2
f 1147//2 1335//2 1221//2
f 969//2 1284//2 970//2
f 1099//2 1285//2 1097//2
f 1086//2 1091//2 1135//2
f 1098//2 1080//2 1135//2
f 1050//2 1136//2 1043//2
f 1043//2 1704//2 1705//2
f 1163//2 1043//2 1168//2
f 1104//2 1289//2 1287//2
f 1202//2 1286//2 959//2
f 1293//2 1203//2 1243//2
f 1539//2 1426//2 1540//2
f 1422//2 1613//2 1424//2
f 1305//2 1304//2 1140//2
f 1204//2 1707//2 1208//2
f 1314//2 916//2 1210//2
f 1311//2 1459//2 1458//2
f 1026//2 1429//2 1430//2
f 1141//2 1210//2 1209//2
f 1213//2 1316//2 921//2
f 1143//2 1315//2 1471//2
f 923//2 1214//2 1320//2
f 1109//2 1323//2 1490//2
f 1323//2 1322//2 1145//2
f 925//2 924//2 1331//2
f 1332//2 928//2 1219//2
f 1329//2 1483//2 1482//2
f 1221//2 1333//2 963//2
f 1341//2 1147//2 1222//2
f 1342//2 1148//2 1715//2
f 1287//2 1202//2 1138//2
f 1225//2 1344//2 934//2
f 1349//2 1149//2 1226//2
f 938//2 1358//2 1606//2
f 1113//2 1365//2 1368//2
f 1688//2 1353//2 1352//2
f 1327//2 1324//2 1326//2
f 1231//2 1360//2 943//2
f 1365//2 1152//2 1232//2
f 945//2 1233//2 1374//2
f 1404//2 1118//2 1402//2
f 1173//2 1172//2 1391//2
f 1227//2 1150//2 1513//2
f 1156//2 1051//2 1061//2
f 1157//2 1114//2 1155//2
f 1051//2 1156//2 1033//2
f 1033//2 1158//2 1700//2
f 1378//2 1377//2 1521//2
f 1388//2 1175//2 1390//2
f 1114//2 1158//2 1156//2
f 1033//2 1156//2 1158//2
f 1236//2 1073//2 1065//2
f 1297//2 1451//2 1450//2
f 1239//2 1237//2 1236//2
f 1182//2 1181//2 1123//2
f 1243//2 1203//2 1386//2
f 957//2 1203//2 1290//2
f 1252//2 1179//2 948//2
f 1402//2 1162//2 1374//2
f 1245//2 1054//2 1112//2
f 1168//2 1119//2 1163//2
f 1165//2 1069//2 1164//2
f 1245//2 1163//2 1119//2
f 1166//2 1069//2 1165//2
f 1452//2 1167//2 1705//2
f 1065//2 1069//2 1380//2
f 1159//2 1236//2 1380//2
f 1168//2 1169//2 1165//2
f 1167//2 1169//2 1168//2
f 1165//2 1169//2 1166//2
f 1168//2 1705//2 1167//2
f 1387//2 1246//2 1712//2
f 1169//2 1387//2 1159//2
f 1171//2 1060//2 1170//2
f 1170//2 1248//2 1121//2
f 1115//2 1060//2 1171//2
f 1171//2 1524//2 1116//2
f 1173//2 1157//2 1058//2
f 1116//2 1172//2 1171//2
f 1173//2 1175//2 1157//2
f 1390//2 1175//2 1173//2
f 1376//2 1519//2 1518//2
f 1647//2 1514//2 1599//2
f 1157//2 1377//2 1114//2
f 1175//2 1388//2 1518//2
f 1176//2 1394//2 1248//2
f 1528//2 1249//2 1398//2
f 950//2 1251//2 951//2
f 1122//2 1180//2 1179//2
f 1122//2 1178//2 1177//2
f 1177//2 1251//2 950//2
f 1395//2 1124//2 1397//2
f 948//2 947//2 1252//2
f 1122//2 1177//2 1180//2
f 948//2 1179//2 1180//2
f 1182//2 952//2 1181//2
f 1178//2 1123//2 1181//2
f 1182//2 1240//2 1253//2
f 1706//2 1160//2 1182//2
f 1184//2 1073//2 1183//2
f 1185//2 1124//2 1183//2
f 1070//2 1073//2 1184//2
f 1395//2 1068//2 1184//2
f 1178//2 1122//2 1185//2
f 1183//2 1072//2 1185//2
f 1072//2 1186//2 1185//2
f 1178//2 1185//2 1186//2
f 1706//2 1182//2 1123//2
f 1382//2 1160//2 1238//2
f 1255//2 1406//2 972//2
f 1416//2 1610//2 1412//2
f 1099//2 1257//2 1258//2
f 1274//2 1273//2 1196//2
f 1275//2 1417//2 1261//2
f 1533//2 1418//2 1534//2
f 1537//2 1436//2 1615//2
f 1435//2 1261//2 1190//2
f 1264//2 1421//2 908//2
f 1192//2 1420//2 1536//2
f 1425//2 1128//2 1193//2
f 1559//2 1106//2 1305//2
f 1130//2 1470//2 1539//2
f 1194//2 1269//2 1026//2
f 1272//2 1432//2 975//2
f 1195//2 1407//2 1529//2
f 1276//2 1082//2 1092//2
f 1278//2 1196//2 1275//2
f 1281//2 1440//2 966//2
f 1147//2 1110//2 1335//2
f 1553//2 1441//2 1551//2
f 1281//2 1280//2 1197//2
f 1256//2 1410//2 1284//2
f 1256//2 1411//2 1188//2
f 1448//2 1447//2 1446//2
f 1200//2 1258//2 1260//2
f 1202//2 959//2 1201//2
f 1203//2 1138//2 1201//2
f 1223//2 960//2 1202//2
f 1138//2 1104//2 1287//2
f 1291//2 1104//2 1138//2
f 1243//2 1242//2 1161//2
f 912//2 1313//2 913//2
f 1455//2 1204//2 1301//2
f 1139//2 1710//2 1708//2
f 1422//2 1264//2 1192//2
f 1207//2 914//2 1206//2
f 1208//2 1140//2 1206//2
f 1303//2 914//2 1207//2
f 1207//2 1304//2 1306//2
f 1140//2 1711//2 1305//2
f 1208//2 1300//2 1204//2
f 1210//2 916//2 1209//2
f 1207//2 1141//2 1209//2
f 1460//2 1557//2 1459//2
f 1307//2 1458//2 1309//2
f 919//2 1315//2 920//2
f 1724//2 1142//2 1460//2
f 1213//2 921//2 1212//2
f 1315//2 1143//2 1212//2
f 1214//2 922//2 1213//2
f 1143//2 1108//2 1317//2
f 1320//2 924//2 923//2
f 1214//2 1318//2 1144//2
f 1216//2 926//2 1215//2
f 1217//2 1145//2 1215//2
f 1216//2 1218//2 1321//2
f 1216//2 1322//2 1324//2
f 1494//2 1323//2 1578//2
f 1480//2 1214//2 1144//2
f 1219//2 928//2 1218//2
f 1216//2 1146//2 1218//2
f 1229//2 1484//2 1151//2
f 1325//2 1482//2 1327//2
f 1221//2 963//2 1220//2
f 1222//2 1147//2 1220//2
f 1334//2 965//2 964//2
f 1338//2 1506//2 1505//2
f 1341//2 1110//2 1147//2
f 1222//2 1223//2 1343//2
f 1222//2 961//2 1223//2
f 1223//2 1288//2 1148//2
f 1225//2 934//2 1224//2
f 1226//2 1149//2 1224//2
f 1227//2 935//2 1225//2
f 1149//2 1111//2 1345//2
f 1349//2 1111//2 1149//2
f 1354//2 1349//2 1226//2
f 1357//2 937//2 936//2
f 1227//2 1346//2 1150//2
f 1375//2 939//2 1515//2
f 1608//2 1664//2 1154//2
f 1348//2 932//2 1355//2
f 1151//2 1484//2 1329//2
f 1231//2 943//2 1230//2
f 1232//2 1152//2 1230//2
f 1233//2 944//2 1231//2
f 1152//2 1113//2 1361//2
f 1365//2 1113//2 1152//2
f 1370//2 1365//2 1232//2
f 945//2 1374//2 946//2
f 1233//2 1362//2 1153//2
f 1364//2 941//2 1371//2
f 1663//2 1608//2 1607//2
f 1038//2 1379//2 1609//2
f 1347//2 1345//2 1111//2
f 1237//2 1072//2 1073//2
f 1237//2 1239//2 1238//2
f 1237//2 1238//2 1187//2
f 1073//2 1236//2 1237//2
f 1238//2 1706//2 1187//2
f 1712//2 1117//2 1238//2
f 1712//2 1238//2 1239//2
f 1159//2 1239//2 1236//2
f 1241//2 954//2 1240//2
f 1182//2 1160//2 1240//2
f 1381//2 954//2 1241//2
f 1241//2 1382//2 1383//2
f 1243//2 956//2 1242//2
f 1241//2 1161//2 1242//2
f 1386//2 956//2 1243//2
f 1291//2 1138//2 1203//2
f 1252//2 947//2 1244//2
f 1374//2 1162//2 1244//2
f 1164//2 1052//2 1245//2
f 1112//2 1163//2 1245//2
f 1384//2 1523//2 1522//2
f 1383//2 1523//2 1384//2
f 1691//2 1389//2 1719//2
f 1372//2 1517//2 1369//2
f 1120//2 1071//2 1248//2
f 1394//2 1121//2 1248//2
f 1524//2 1121//2 1393//2
f 1391//2 1116//2 1392//2
f 1400//2 1250//2 1399//2
f 1399//2 1397//2 1122//2
f 1181//2 951//2 1251//2
f 1177//2 1178//2 1251//2
f 1399//2 1179//2 1403//2
f 1244//2 1162//2 1252//2
f 952//2 1253//2 953//2
f 1240//2 953//2 1253//2
f 1255//2 972//2 1254//2
f 1256//2 1188//2 1254//2
f 1407//2 974//2 973//2
f 1277//2 1531//2 1409//2
f 1411//2 1125//2 1188//2
f 1284//2 1199//2 1256//2
f 1099//2 1258//2 1285//2
f 1257//2 1259//2 1189//2
f 1200//2 1260//2 1446//2
f 1257//2 1416//2 1258//2
f 1189//2 1438//2 1610//2
f 1276//2 1092//2 1274//2
f 1134//2 1414//2 1445//2
f 1257//2 1189//2 1416//2
f 1095//2 1275//2 1273//2
f 1261//2 1533//2 1190//2
f 978//2 1420//2 979//2
f 1549//2 1272//2 1434//2
f 1264//2 908//2 1263//2
f 1420//2 1192//2 1263//2
f 1302//2 909//2 1264//2
f 1192//2 1126//2 1422//2
f 1129//2 1131//2 1265//2
f 1128//2 1265//2 1193//2
f 1693//2 1534//2 1418//2
f 1139//2 1455//2 1456//2
f 1308//2 1306//2 1106//2
f 1130//2 1539//2 1193//2
f 1308//2 1106//2 1312//2
f 1462//2 1476//2 1623//2
f 1428//2 1026//2 1269//2
f 1004//2 1431//2 1030//2
f 1194//2 1270//2 1269//2
f 1269//2 1270//2 1040//2
f 1272//2 975//2 1271//2
f 1407//2 1195//2 1271//2
f 976//2 1433//2 977//2
f 1548//2 1547//2 1549//2
f 1274//2 1092//2 1273//2
f 1275//2 1196//2 1273//2
f 1279//2 1276//2 1274//2
f 1277//2 1437//2 1132//2
f 1196//2 1278//2 1437//2
f 1261//2 1435//2 1275//2
f 1082//2 1276//2 1259//2
f 1279//2 1259//2 1276//2
f 1439//2 1274//2 1277//2
f 1408//2 1188//2 1125//2
f 1434//2 1195//2 1132//2
f 1536//2 1538//2 1616//2
f 1189//2 1259//2 1438//2
f 1532//2 1439//2 1409//2
f 1281//2 966//2 1280//2
f 1334//2 1197//2 1280//2
f 1281//2 1282//2 1440//2
f 1282//2 1281//2 1552//2
f 1283//2 968//2 1282//2
f 1282//2 1552//2 1198//2
f 1283//2 1284//2 1442//2
f 1283//2 1443//2 1445//2
f 1284//2 1410//2 970//2
f 1283//2 1199//2 1284//2
f 1447//2 1097//2 1285//2
f 1258//2 1200//2 1285//2
f 959//2 1286//2 960//2
f 960//2 1286//2 1202//2
f 1202//2 1287//2 1288//2
f 1287//2 1289//2 1288//2
f 1223//2 1202//2 1288//2
f 1289//2 1148//2 1288//2
f 1343//2 1148//2 1342//2
f 1296//2 1294//2 1292//2
f 957//2 1290//2 958//2
f 958//2 1290//2 1203//2
f 1104//2 1291//2 1294//2
f 1203//2 1293//2 1291//2
f 1104//2 1713//2 1289//2
f 1450//2 1451//2 1169//2
f 1718//2 1294//2 1291//2
f 1718//2 1291//2 1293//2
f 1104//2 1296//2 1713//2
f 1292//2 1718//2 1384//2
f 1295//2 1620//2 1714//2
f 1299//2 1297//2 1452//2
f 1104//2 1294//2 1296//2
f 1297//2 1299//2 1298//2
f 1169//2 1167//2 1450//2
f 1298//2 1296//2 1554//2
f 1298//2 1299//2 1295//2
f 1297//2 1554//2 1451//2
f 1727//2 1556//2 1555//2
f 1137//2 1555//2 1299//2
f 1300//2 1313//2 912//2
f 1301//2 1204//2 1300//2
f 1455//2 1139//2 1204//2
f 1301//2 1302//2 1457//2
f 1301//2 910//2 1302//2
f 1302//2 1423//2 1205//2
f 914//2 1303//2 915//2
f 1209//2 915//2 1303//2
f 1140//2 1304//2 1207//2
f 1306//2 1141//2 1207//2
f 1312//2 1559//2 1466//2
f 1707//2 1204//2 1139//2
f 1309//2 1308//2 1307//2
f 1106//2 1306//2 1304//2
f 1473//2 1142//2 1474//2
f 1308//2 1461//2 1307//2
f 1309//2 1141//2 1306//2
f 1461//2 1308//2 1312//2
f 1210//2 1141//2 1458//2
f 1724//2 1623//2 1472//2
f 1558//2 1621//2 1463//2
f 1464//2 1467//2 1310//2
f 1141//2 1309//2 1458//2
f 1314//2 1210//2 1459//2
f 1310//2 1312//2 1464//2
f 1464//2 1312//2 1466//2
f 913//2 1313//2 1208//2
f 1300//2 1208//2 1313//2
f 916//2 1314//2 917//2
f 1459//2 917//2 1314//2
f 1212//2 920//2 1315//2
f 1143//2 1471//2 1108//2
f 921//2 1316//2 922//2
f 922//2 1316//2 1213//2
f 1213//2 1317//2 1318//2
f 1317//2 1319//2 1318//2
f 1214//2 1213//2 1318//2
f 1319//2 1144//2 1318//2
f 1501//2 1492//2 1503//2
f 1476//2 1478//2 1475//2
f 1331//2 924//2 1320//2
f 1577//2 1145//2 1217//2
f 926//2 1321//2 927//2
f 1218//2 927//2 1321//2
f 1145//2 1322//2 1216//2
f 1324//2 1146//2 1216//2
f 1326//2 1109//2 1330//2
f 1480//2 1594//2 1721//2
f 1327//2 1326//2 1325//2
f 1109//2 1324//2 1322//2
f 1695//2 1350//2 1351//2
f 1326//2 1485//2 1325//2
f 1327//2 1146//2 1324//2
f 1677//2 1695//2 1694//2
f 1146//2 1327//2 1219//2
f 1486//2 1488//2 1487//2
f 1546//2 1268//2 1543//2
f 1485//2 1326//2 1330//2
f 1327//2 1482//2 1219//2
f 1332//2 1219//2 1483//2
f 1493//2 1330//2 1490//2
f 1109//2 1490//2 1330//2
f 925//2 1331//2 1217//2
f 1331//2 1721//2 1217//2
f 928//2 1332//2 929//2
f 1483//2 929//2 1332//2
f 963//2 1333//2 964//2
f 964//2 1333//2 1221//2
f 1280//2 965//2 1334//2
f 1133//2 1505//2 1506//2
f 1504//2 1334//2 1221//2
f 1338//2 1335//2 1337//2
f 1133//2 1449//2 1553//2
f 1636//2 1508//2 1511//2
f 1221//2 1335//2 1504//2
f 1337//2 1596//2 1336//2
f 1504//2 1338//2 1505//2
f 1336//2 1338//2 1337//2
f 1336//2 1507//2 1506//2
f 1640//2 1453//2 1643//2
f 961//2 1340//2 962//2
f 962//2 1340//2 1222//2
f 1342//2 1110//2 1341//2
f 1343//2 1342//2 1341//2
f 1110//2 1342//2 1717//2
f 1511//2 1339//2 1638//2
f 1223//2 1148//2 1343//2
f 1222//2 1343//2 1341//2
f 934//2 1344//2 935//2
f 935//2 1344//2 1225//2
f 1225//2 1345//2 1346//2
f 1345//2 1347//2 1346//2
f 1227//2 1225//2 1346//2
f 1347//2 1150//2 1346//2
f 1150//2 1514//2 1513//2
f 1328//2 1489//2 1485//2
f 932//2 1348//2 933//2
f 933//2 1348//2 1226//2
f 1352//2 1111//2 1349//2
f 931//2 1356//2 1355//2
f 1347//2 1604//2 1602//2
f 1487//2 1325//2 1485//2
f 1354//2 1351//2 1352//2
f 1229//2 1151//2 1356//2
f 1352//2 1604//2 1111//2
f 1351//2 1350//2 1352//2
f 1601//2 1598//2 1347//2
f 1609//2 1379//2 1665//2
f 1352//2 1349//2 1354//2
f 1355//2 1351//2 1354//2
f 1356//2 1351//2 1355//2
f 931//2 1355//2 932//2
f 1151//2 1351//2 1356//2
f 1356//2 1359//2 1229//2
f 1358//2 937//2 1357//2
f 1513//2 1516//2 1357//2
f 939//2 1606//2 1515//2
f 1516//2 1228//2 1358//2
f 1356//2 931//2 1359//2
f 1359//2 1484//2 1229//2
f 943//2 1360//2 944//2
f 944//2 1360//2 1231//2
f 1231//2 1361//2 1362//2
f 1361//2 1363//2 1362//2
f 1233//2 1231//2 1362//2
f 1363//2 1153//2 1362//2
f 1153//2 1404//2 1405//2
f 1369//2 1247//2 1372//2
f 941//2 1364//2 942//2
f 942//2 1364//2 1232//2
f 1369//2 1368//2 1366//2
f 940//2 1373//2 1371//2
f 1388//2 1719//2 1389//2
f 1370//2 1367//2 1699//2
f 1699//2 1365//2 1370//2
f 1234//2 1154//2 1373//2
f 1369//2 1113//2 1368//2
f 1366//2 1699//2 1698//2
f 1517//2 1363//2 1113//2
f 1369//2 1719//2 1247//2
f 1699//2 1368//2 1365//2
f 1371//2 1367//2 1370//2
f 1373//2 1367//2 1371//2
f 940//2 1371//2 941//2
f 1393//2 1525//2 1392//2
f 1116//2 1391//2 1172//2
f 1154//2 1367//2 1373//2
f 1373//2 1375//2 1234//2
f 1244//2 946//2 1374//2
f 1401//2 1162//2 1402//2
f 1373//2 940//2 1375//2
f 1515//2 1234//2 1375//2
f 1519//2 1157//2 1175//2
f 1654//2 1652//2 1603//2
f 1114//2 1378//2 1158//2
f 1519//2 1376//2 1235//2
f 1023//2 1379//2 1038//2
f 1114//2 1377//2 1378//2
f 1690//2 1609//2 1689//2
f 1521//2 1665//2 1379//2
f 1069//2 1166//2 1380//2
f 1065//2 1380//2 1236//2
f 954//2 1381//2 955//2
f 1242//2 955//2 1381//2
f 1160//2 1382//2 1241//2
f 1383//2 1161//2 1241//2
f 1384//2 1161//2 1383//2
f 1117//2 1383//2 1382//2
f 1161//2 1385//2 1243//2
f 1522//2 1292//2 1384//2
f 1718//2 1293//2 1385//2
f 1161//2 1384//2 1385//2
f 956//2 1386//2 957//2
f 1203//2 957//2 1386//2
f 1712//2 1159//2 1387//2
f 1387//2 1451//2 1246//2
f 1388//2 1389//2 1174//2
f 1388//2 1390//2 1247//2
f 1671//2 1389//2 1664//2
f 1691//2 1664//2 1389//2
f 1247//2 1390//2 1372//2
f 1392//2 1390//2 1391//2
f 1173//2 1391//2 1390//2
f 1392//2 1372//2 1390//2
f 1525//2 1363//2 1372//2
f 1393//2 1394//2 1249//2
f 1116//2 1393//2 1392//2
f 1392//2 1525//2 1372//2
f 1393//2 1121//2 1394//2
f 1394//2 1398//2 1249//2
f 1396//2 1176//2 1068//2
f 1397//2 1250//2 1395//2
f 1176//2 1398//2 1394//2
f 1250//2 1396//2 1395//2
f 1399//2 1250//2 1397//2
f 1397//2 1185//2 1122//2
f 1250//2 1398//2 1396//2
f 1396//2 1398//2 1176//2
f 1398//2 1250//2 1400//2
f 1122//2 1179//2 1399//2
f 1401//2 1118//2 1400//2
f 1403//2 1401//2 1400//2
f 1401//2 1402//2 1118//2
f 1252//2 1162//2 1401//2
f 1404//2 1528//2 1118//2
f 1405//2 1404//2 1402//2
f 1179//2 1252//2 1403//2
f 1399//2 1403//2 1400//2
f 1525//2 1393//2 1527//2
f 1153//2 1526//2 1404//2
f 1233//2 1153//2 1405//2
f 1374//2 1405//2 1402//2
f 972//2 1406//2 973//2
f 973//2 1406//2 1255//2
f 1271//2 974//2 1407//2
f 1529//2 1132//2 1195//2
f 1530//2 1529//2 1407//2
f 1530//2 1255//2 1408//2
f 1409//2 1439//2 1277//2
f 1125//2 1409//2 1408//2
f 970//2 1410//2 971//2
f 971//2 1410//2 1256//2
f 1412//2 1125//2 1411//2
f 1199//2 1413//2 1256//2
f 1532//2 1125//2 1610//2
f 1412//2 1413//2 1414//2
f 1256//2 1413//2 1411//2
f 1412//2 1411//2 1413//2
f 1134//2 1260//2 1414//2
f 1199//2 1414//2 1413//2
f 1075//2 1082//2 1415//2
f 1257//2 1091//2 1415//2
f 1258//2 1416//2 1260//2
f 1412//2 1260//2 1416//2
f 1087//2 1084//2 1417//2
f 1275//2 1095//2 1417//2
f 1611//2 1614//2 1693//2
f 1419//2 1129//2 1128//2
f 1088//2 1129//2 1419//2
f 1419//2 1693//2 1418//2
f 1263//2 979//2 1420//2
f 1192//2 1536//2 1126//2
f 908//2 1421//2 909//2
f 909//2 1421//2 1264//2
f 1264//2 1422//2 1423//2
f 1422//2 1424//2 1423//2
f 1302//2 1264//2 1423//2
f 1424//2 1205//2 1423//2
f 1675//2 1456//2 1205//2
f 1266//2 1672//2 1425//2
f 1693//2 1673//2 1611//2
f 1540//2 1732//2 1730//2
f 1540//2 1425//2 1193//2
f 1464//2 1267//2 1469//2
f 1542//2 1130//2 1194//2
f 1427//2 1430//2 1543//2
f 1429//2 1026//2 1428//2
f 897//2 1009//2 1428//2
f 1541//2 1026//2 1430//2
f 1009//2 989//2 1429//2
f 1543//2 1268//2 1427//2
f 1720//2 1107//2 1027//2
f 1004//2 1269//2 1431//2
f 1030//2 1431//2 1045//2
f 975//2 1432//2 976//2
f 976//2 1432//2 1272//2
f 977//2 1433//2 1262//2
f 1191//2 1262//2 1547//2
f 1549//2 1619//2 1548//2
f 1132//2 1619//2 1434//2
f 1278//2 1275//2 1550//2
f 1547//2 1548//2 1191//2
f 1190//2 1436//2 1435//2
f 1550//2 1435//2 1436//2
f 1277//2 1196//2 1437//2
f 1132//2 1437//2 1278//2
f 1416//2 1189//2 1610//2
f 1279//2 1438//2 1259//2
f 1274//2 1439//2 1279//2
f 1439//2 1532//2 1279//2
f 966//2 1440//2 967//2
f 1282//2 967//2 1440//2
f 1444//2 1443//2 1198//2
f 1444//2 1552//2 1441//2
f 968//2 1442//2 969//2
f 1284//2 969//2 1442//2
f 1198//2 1443//2 1283//2
f 1445//2 1199//2 1283//2
f 1134//2 1444//2 1446//2
f 1200//2 1446//2 1447//2
f 1414//2 1199//2 1445//2
f 1134//2 1445//2 1443//2
f 1260//2 1134//2 1446//2
f 1200//2 1447//2 1285//2
f 1510//2 1508//2 1512//2
f 1444//2 1441//2 1448//2
f 1449//2 1447//2 1448//2
f 1441//2 1553//2 1448//2
f 1510//2 1449//2 1509//2
f 1507//2 1133//2 1506//2
f 1169//2 1451//2 1387//2
f 1452//2 1297//2 1450//2
f 1522//2 1246//2 1451//2
f 1554//2 1296//2 1292//2
f 1705//2 1137//2 1452//2
f 1450//2 1167//2 1452//2
f 1299//2 1620//2 1295//2
f 1641//2 1727//2 1640//2
f 910//2 1454//2 911//2
f 911//2 1454//2 1301//2
f 1728//2 1710//2 1139//2
f 1457//2 1456//2 1455//2
f 1266//2 1675//2 1674//2
f 1457//2 1205//2 1456//2
f 1302//2 1205//2 1457//2
f 1301//2 1457//2 1455//2
f 1459//2 1210//2 1458//2
f 1458//2 1622//2 1311//2
f 917//2 1459//2 1557//2
f 1557//2 1460//2 1211//2
f 1142//2 1211//2 1460//2
f 1311//2 1460//2 1459//2
f 1558//2 1463//2 1462//2
f 1310//2 1461//2 1312//2
f 1474//2 1472//2 1475//2
f 1624//2 1468//2 1467//2
f 1621//2 1558//2 1307//2
f 1479//2 1478//2 1476//2
f 1310//2 1467//2 1560//2
f 1464//2 1466//2 1267//2
f 1572//2 1542//2 1427//2
f 1467//2 1464//2 1469//2
f 1540//2 1731//2 1425//2
f 1707//2 1139//2 1708//2
f 1560//2 1463//2 1310//2
f 1467//2 1469//2 1465//2
f 1561//2 1462//2 1463//2
f 1563//2 1624//2 1564//2
f 1469//2 1470//2 1465//2
f 1469//2 1732//2 1574//2
f 1465//2 1569//2 1624//2
f 1542//2 1541//2 1427//2
f 1474//2 1108//2 1471//2
f 1471//2 1473//2 1474//2
f 1108//2 1575//2 1319//2
f 1472//2 1623//2 1476//2
f 1211//2 1142//2 1473//2
f 1315//2 1473//2 1471//2
f 1475//2 1108//2 1474//2
f 1474//2 1142//2 1472//2
f 1497//2 1493//2 1494//2
f 1472//2 1476//2 1475//2
f 1591//2 1502//2 1575//2
f 1462//2 1479//2 1476//2
f 1499//2 1498//2 1500//2
f 1561//2 1468//2 1563//2
f 1575//2 1475//2 1478//2
f 1478//2 1576//2 1477//2
f 1546//2 1544//2 1566//2
f 1561//2 1560//2 1468//2
f 1214//2 1480//2 1320//2
f 1331//2 1320//2 1721//2
f 1490//2 1323//2 1494//2
f 1721//2 1320//2 1480//2
f 1483//2 1219//2 1482//2
f 1325//2 1329//2 1482//2
f 929//2 1483//2 930//2
f 930//2 1484//2 1359//2
f 1329//2 1484//2 1483//2
f 1484//2 930//2 1483//2
f 1488//2 1694//2 1151//2
f 1328//2 1485//2 1330//2
f 1353//2 1657//2 1605//2
f 1487//2 1485//2 1489//2
f 1488//2 1329//2 1325//2
f 1487//2 1489//2 1486//2
f 1325//2 1487//2 1488//2
f 1329//2 1488//2 1151//2
f 1687//2 1579//2 1657//2
f 1582//2 1589//2 1585//2
f 1722//2 1495//2 1493//2
f 1577//2 1578//2 1323//2
f 1722//2 1581//2 1496//2
f 1497//2 1501//2 1499//2
f 1497//2 1492//2 1501//2
f 1481//2 1503//2 1578//2
f 1495//2 1330//2 1493//2
f 1497//2 1491//2 1493//2
f 1493//2 1490//2 1494//2
f 1492//2 1578//2 1503//2
f 1330//2 1495//2 1328//2
f 1328//2 1722//2 1496//2
f 1630//2 1489//2 1328//2
f 1626//2 1500//2 1498//2
f 1499//2 1491//2 1497//2
f 1494//2 1492//2 1497//2
f 1722//2 1491//2 1581//2
f 1498//2 1501//2 1502//2
f 1500//2 1491//2 1499//2
f 1499//2 1501//2 1498//2
f 1500//2 1583//2 1581//2
f 1545//2 1618//2 1617//2
f 1502//2 1590//2 1498//2
f 1593//2 1592//2 1503//2
f 1478//2 1477//2 1591//2
f 1501//2 1503//2 1592//2
f 1501//2 1592//2 1502//2
f 1594//2 1480//2 1144//2
f 1505//2 1334//2 1504//2
f 1335//2 1338//2 1504//2
f 1334//2 1505//2 1197//2
f 1505//2 1551//2 1197//2
f 1507//2 1449//2 1133//2
f 1336//2 1506//2 1338//2
f 1508//2 1510//2 1509//2
f 1509//2 1507//2 1511//2
f 1642//2 1639//2 1637//2
f 1507//2 1596//2 1511//2
f 1449//2 1510//2 1447//2
f 1509//2 1511//2 1508//2
f 1447//2 1510//2 1097//2
f 1510//2 1512//2 1097//2
f 1637//2 1508//2 1636//2
f 1596//2 1339//2 1511//2
f 1098//2 1097//2 1512//2
f 1512//2 1637//2 1093//2
f 1227//2 1513//2 1357//2
f 1516//2 1513//2 1514//2
f 1663//2 1515//2 1228//2
f 1150//2 1598//2 1514//2
f 1607//2 1234//2 1515//2
f 1228//2 1515//2 1358//2
f 1514//2 1228//2 1516//2
f 1357//2 1516//2 1358//2
f 1113//2 1369//2 1517//2
f 1363//2 1517//2 1372//2
f 1519//2 1175//2 1518//2
f 1670//2 1376//2 1518//2
f 1157//2 1519//2 1377//2
f 1235//2 1377//2 1519//2
f 1571//2 1632//2 1631//2
f 1601//2 1347//2 1602//2
f 1377//2 1235//2 1521//2
f 1378//2 1521//2 1379//2
f 1522//2 1554//2 1292//2
f 1523//2 1246//2 1522//2
f 1712//2 1246//2 1523//2
f 1523//2 1383//2 1117//2
f 1524//2 1170//2 1121//2
f 1116//2 1524//2 1393//2
f 1363//2 1525//2 1526//2
f 1525//2 1527//2 1526//2
f 1153//2 1363//2 1526//2
f 1527//2 1404//2 1526//2
f 1528//2 1404//2 1527//2
f 1249//2 1527//2 1393//2
f 1398//2 1118//2 1528//2
f 1527//2 1249//2 1528//2
f 1531//2 1277//2 1132//2
f 1531//2 1530//2 1408//2
f 1407//2 1255//2 1530//2
f 1531//2 1529//2 1530//2
f 1531//2 1132//2 1529//2
f 1408//2 1409//2 1531//2
f 1438//2 1279//2 1532//2
f 1125//2 1532//2 1409//2
f 1534//2 1190//2 1533//2
f 1535//2 1418//2 1533//2
f 1615//2 1534//2 1612//2
f 1614//2 1611//2 1674//2
f 1535//2 1419//2 1418//2
f 1535//2 1417//2 1084//2
f 1537//2 1126//2 1536//2
f 1536//2 1616//2 1537//2
f 1537//2 1612//2 1126//2
f 1616//2 1436//2 1537//2
f 1262//2 1191//2 1538//2
f 1420//2 1538//2 1536//2
f 1540//2 1193//2 1539//2
f 1539//2 1574//2 1426//2
f 1266//2 1425//2 1731//2
f 1728//2 1266//2 1731//2
f 1542//2 1194//2 1541//2
f 1430//2 1427//2 1541//2
f 1130//2 1542//2 1470//2
f 1572//2 1569//2 1470//2
f 1566//2 1565//2 1546//2
f 1430//2 1545//2 1543//2
f 1544//2 1573//2 1568//2
f 1682//2 1545//2 1720//2
f 1546//2 1543//2 1545//2
f 1544//2 1617//2 1618//2
f 1562//2 1563//2 1564//2
f 1617//2 1544//2 1546//2
f 1548//2 1616//2 1191//2
f 1433//2 1547//2 1262//2
f 1550//2 1436//2 1548//2
f 1619//2 1278//2 1548//2
f 1272//2 1549//2 1433//2
f 1547//2 1433//2 1549//2
f 1275//2 1435//2 1550//2
f 1548//2 1278//2 1550//2
f 1505//2 1133//2 1551//2
f 1281//2 1197//2 1551//2
f 1444//2 1198//2 1552//2
f 1551//2 1441//2 1552//2
f 1553//2 1551//2 1133//2
f 1448//2 1553//2 1449//2
f 1297//2 1298//2 1554//2
f 1522//2 1451//2 1554//2
f 1555//2 1620//2 1299//2
f 1703//2 1453//2 1555//2
f 1715//2 1716//2 1641//2
f 1638//2 1339//2 1645//2
f 917//2 1557//2 918//2
f 1557//2 1211//2 918//2
f 1307//2 1558//2 1622//2
f 1724//2 1558//2 1623//2
f 1312//2 1106//2 1559//2
f 1466//2 1559//2 1305//2
f 1561//2 1463//2 1560//2
f 1467//2 1468//2 1560//2
f 1462//2 1561//2 1479//2
f 1268//2 1565//2 1564//2
f 1563//2 1723//2 1561//2
f 1567//2 1576//2 1723//2
f 1723//2 1479//2 1561//2
f 1562//2 1564//2 1565//2
f 1569//2 1268//2 1564//2
f 1564//2 1624//2 1569//2
f 1565//2 1566//2 1562//2
f 1268//2 1546//2 1565//2
f 1562//2 1566//2 1567//2
f 1568//2 1566//2 1544//2
f 1723//2 1562//2 1567//2
f 1567//2 1568//2 1570//2
f 1570//2 1625//2 1567//2
f 1676//2 1583//2 1500//2
f 1572//2 1427//2 1268//2
f 1470//2 1569//2 1465//2
f 1570//2 1590//2 1477//2
f 1573//2 1627//2 1568//2
f 1581//2 1491//2 1500//2
f 1679//2 1684//2 1681//2
f 1470//2 1542//2 1572//2
f 1268//2 1569//2 1572//2
f 1627//2 1570//2 1568//2
f 1571//2 1678//2 1632//2
f 1469//2 1574//2 1470//2
f 1539//2 1470//2 1574//2
f 1108//2 1475//2 1575//2
f 1502//2 1319//2 1575//2
f 1576//2 1625//2 1477//2
f 1479//2 1576//2 1478//2
f 1323//2 1145//2 1577//2
f 1721//2 1481//2 1577//2
f 1492//2 1494//2 1578//2
f 1481//2 1578//2 1577//2
f 1353//2 1605//2 1602//2
f 1496//2 1630//2 1328//2
f 1588//2 1586//2 1685//2
f 1678//2 1634//2 1032//2
f 1584//2 1496//2 1581//2
f 1584//2 1581//2 1583//2
f 1585//2 1496//2 1584//2
f 1580//2 1585//2 1587//2
f 1582//2 1583//2 1631//2
f 1627//2 1573//2 1628//2
f 1585//2 1580//2 1496//2
f 1583//2 1582//2 1584//2
f 1586//2 1588//2 1587//2
f 1582//2 1585//2 1584//2
f 1660//2 1662//2 1041//2
f 1587//2 1585//2 1589//2
f 1588//2 1580//2 1587//2
f 1587//2 1589//2 1586//2
f 1725//2 1588//2 1629//2
f 1588//2 1685//2 1579//2
f 1586//2 1659//2 1635//2
f 1632//2 1582//2 1631//2
f 1590//2 1626//2 1498//2
f 1591//2 1477//2 1590//2
f 1575//2 1478//2 1591//2
f 1590//2 1502//2 1591//2
f 1502//2 1592//2 1319//2
f 1593//2 1319//2 1592//2
f 1319//2 1593//2 1144//2
f 1593//2 1594//2 1144//2
f 1481//2 1594//2 1503//2
f 1594//2 1593//2 1503//2
f 1643//2 1453//2 1646//2
f 1636//2 1511//2 1638//2
f 1337//2 1339//2 1596//2
f 1507//2 1336//2 1596//2
f 1670//2 1668//2 1376//2
f 1603//2 1652//2 1650//2
f 1514//2 1647//2 1228//2
f 1599//2 1514//2 1598//2
f 1686//2 1653//2 1649//2
f 1601//2 1686//2 1598//2
f 1599//2 1649//2 1597//2
f 1605//2 1657//2 1655//2
f 1686//2 1599//2 1598//2
f 1602//2 1600//2 1601//2
f 1605//2 1650//2 1602//2
f 1602//2 1604//2 1353//2
f 1650//2 1605//2 1603//2
f 1656//2 1655//2 1635//2
f 1352//2 1353//2 1604//2
f 1347//2 1111//2 1604//2
f 1650//2 1600//2 1602//2
f 1655//2 1603//2 1605//2
f 939//2 938//2 1606//2
f 1515//2 1606//2 1358//2
f 1234//2 1607//2 1154//2
f 1607//2 1608//2 1154//2
f 1154//2 1664//2 1691//2
f 1648//2 1647//2 1599//2
f 1689//2 1660//2 1690//2
f 1665//2 1666//2 1609//2
f 1125//2 1412//2 1610//2
f 1438//2 1532//2 1610//2
f 1128//2 1425//2 1673//2
f 1534//2 1614//2 1612//2
f 1613//2 1126//2 1612//2
f 1615//2 1190//2 1534//2
f 1422//2 1126//2 1613//2
f 1674//2 1613//2 1614//2
f 1612//2 1614//2 1613//2
f 1674//2 1424//2 1613//2
f 1436//2 1190//2 1615//2
f 1537//2 1615//2 1612//2
f 1548//2 1436//2 1616//2
f 1538//2 1191//2 1616//2
f 1618//2 1573//2 1544//2
f 1545//2 1617//2 1546//2
f 1683//2 1571//2 1573//2
f 1679//2 1681//2 1010//2
f 1132//2 1278//2 1619//2
f 1549//2 1434//2 1619//2
f 1714//2 1713//2 1295//2
f 1555//2 1556//2 1620//2
f 1463//2 1621//2 1461//2
f 1307//2 1461//2 1621//2
f 1458//2 1307//2 1622//2
f 1311//2 1724//2 1460//2
f 1462//2 1623//2 1558//2
f 1558//2 1724//2 1622//2
f 1467//2 1465//2 1624//2
f 1563//2 1468//2 1624//2
f 1576//2 1567//2 1625//2
f 1477//2 1625//2 1570//2
f 1626//2 1676//2 1500//2
f 1590//2 1570//2 1626//2
f 1570//2 1676//2 1626//2
f 1627//2 1628//2 1676//2
f 1631//2 1583//2 1628//2
f 1571//2 1628//2 1573//2
f 1677//2 1486//2 1629//2
f 1588//2 1579//2 1629//2
f 1725//2 1629//2 1489//2
f 1496//2 1580//2 1630//2
f 1632//2 1589//2 1582//2
f 1628//2 1571//2 1631//2
f 1633//2 1589//2 1632//2
f 1632//2 1678//2 1633//2
f 1661//2 1586//2 1589//2
f 1032//2 1662//2 1633//2
f 1679//2 1032//2 1634//2
f 1573//2 1618//2 1683//2
f 1685//2 1635//2 1655//2
f 1635//2 1659//2 1658//2
f 1508//2 1637//2 1512//2
f 1636//2 1638//2 1595//2
f 1637//2 1639//2 1093//2
f 1595//2 1637//2 1636//2
f 1640//2 1595//2 1638//2
f 1640//2 1645//2 1641//2
f 1093//2 1726//2 1096//2
f 1001//2 985//2 1644//2
f 1595//2 1643//2 1642//2
f 1727//2 1453//2 1640//2
f 1727//2 1641//2 1716//2
f 1641//2 1645//2 1717//2
f 1643//2 1034//2 1642//2
f 1637//2 1595//2 1642//2
f 1646//2 1034//2 1643//2
f 1595//2 1640//2 1643//2
f 1034//2 1644//2 1639//2
f 1644//2 1726//2 1639//2
f 1640//2 1638//2 1645//2
f 1717//2 1342//2 1641//2
f 1103//2 1034//2 1646//2
f 1453//2 1024//2 1646//2
f 1663//2 1228//2 1647//2
f 1648//2 1608//2 1647//2
f 1664//2 1608//2 1648//2
f 1599//2 1597//2 1648//2
f 1670//2 1669//2 1668//2
f 1667//2 1235//2 1668//2
f 1653//2 1686//2 1600//2
f 1235//2 1665//2 1521//2
f 1651//2 1653//2 1652//2
f 1668//2 1235//2 1376//2
f 1653//2 1650//2 1652//2
f 1654//2 1651//2 1652//2
f 1600//2 1650//2 1653//2
f 1653//2 1669//2 1649//2
f 1667//2 1654//2 1665//2
f 1658//2 1654//2 1656//2
f 1655//2 1656//2 1603//2
f 1655//2 1657//2 1579//2
f 1603//2 1656//2 1654//2
f 1658//2 1520//2 1654//2
f 1687//2 1629//2 1579//2
f 1352//2 1350//2 1688//2
f 1658//2 1659//2 1520//2
f 1635//2 1658//2 1656//2
f 1660//2 1520//2 1659//2
f 1589//2 1633//2 1661//2
f 1689//2 1520//2 1660//2
f 1041//2 1662//2 1032//2
f 1586//2 1661//2 1659//2
f 1660//2 1659//2 1661//2
f 1633//2 1662//2 1661//2
f 1660//2 1661//2 1662//2
f 1607//2 1515//2 1663//2
f 1647//2 1608//2 1663//2
f 1671//2 1174//2 1389//2
f 1648//2 1597//2 1664//2
f 1609//2 1666//2 1689//2
f 1667//2 1651//2 1654//2
f 1520//2 1666//2 1654//2
f 1654//2 1666//2 1665//2
f 1667//2 1668//2 1651//2
f 1235//2 1667//2 1665//2
f 1669//2 1653//2 1651//2
f 1670//2 1518//2 1174//2
f 1692//2 1597//2 1649//2
f 1651//2 1668//2 1669//2
f 1692//2 1649//2 1669//2
f 1671//2 1664//2 1597//2
f 1174//2 1671//2 1670//2
f 1671//2 1692//2 1670//2
f 1673//2 1425//2 1672//2
f 1674//2 1611//2 1672//2
f 1673//2 1419//2 1128//2
f 1672//2 1611//2 1673//2
f 1675//2 1424//2 1674//2
f 1672//2 1266//2 1674//2
f 1205//2 1424//2 1675//2
f 1675//2 1728//2 1456//2
f 1628//2 1583//2 1676//2
f 1676//2 1570//2 1627//2
f 1694//2 1486//2 1677//2
f 1677//2 1688//2 1350//2
f 1032//2 1633//2 1678//2
f 1571//2 1634//2 1678//2
f 1680//2 1032//2 1679//2
f 1010//2 1681//2 1027//2
f 1680//2 1702//2 1032//2
f 1021//2 1696//2 891//2
f 1682//2 1027//2 1681//2
f 1618//2 1684//2 1683//2
f 1720//2 1027//2 1682//2
f 1618//2 1545//2 1682//2
f 1571//2 1683//2 1634//2
f 1634//2 1684//2 1679//2
f 1618//2 1681//2 1684//2
f 1634//2 1683//2 1684//2
f 1655//2 1579//2 1685//2
f 1586//2 1635//2 1685//2
f 1601//2 1600//2 1686//2
f 1599//2 1686//2 1649//2
f 1629//2 1687//2 1677//2
f 1677//2 1687//2 1657//2
f 1353//2 1688//2 1657//2
f 1677//2 1657//2 1688//2
f 1666//2 1520//2 1689//2
f 1690//2 1038//2 1609//2
f 1697//2 1029//2 1038//2
f 1041//2 1690//2 1660//2
f 1698//2 1367//2 1154//2
f 1719//2 1366//2 1691//2
f 1671//2 1597//2 1692//2
f 1669//2 1670//2 1692//2
f 1693//2 1614//2 1534//2
f 1419//2 1673//2 1693//2
f 1488//2 1486//2 1694//2
f 1695//2 1151//2 1694//2
f 1351//2 1151//2 1695//2
f 1677//2 1350//2 1695//2
f 1679//2 1010//2 1696//2
f 1021//2 1680//2 1696//2
f 1041//2 1697//2 1690//2
f 1038//2 1690//2 1697//2
f 1366//2 1698//2 1691//2
f 1154//2 1691//2 1698//2
f 1366//2 1368//2 1699//2
f 1367//2 1698//2 1699//2
f 1701//2 984//2 1000//2
f 1158//2 1023//2 1700//2
f 984//2 1701//2 1038//2
f 1023//2 1038//2 1701//2
f 1702//2 1021//2 1015//2
f 1032//2 1702//2 1041//2
f 1704//2 1136//2 1102//2
f 1703//2 1555//2 1137//2
f 1043//2 1136//2 1704//2
f 1137//2 1704//2 1703//2
f 1704//2 1137//2 1705//2
f 1168//2 1043//2 1705//2
f 1238//2 1160//2 1706//2
f 1123//2 1187//2 1706//2
f 1711//2 1140//2 1208//2
f 1707//2 1708//2 1711//2
f 1305//2 1708//2 1466//2
f 1266//2 1728//2 1675//2
f 1729//2 1466//2 1710//2
f 1267//2 1466//2 1729//2
f 1466//2 1708//2 1710//2
f 1710//2 1728//2 1709//2
f 1708//2 1305//2 1711//2
f 1208//2 1707//2 1711//2
f 1712//2 1523//2 1117//2
f 1239//2 1159//2 1712//2
f 1714//2 1289//2 1713//2
f 1296//2 1295//2 1713//2
f 1714//2 1715//2 1289//2
f 1620//2 1556//2 1714//2
f 1148//2 1289//2 1715//2
f 1641//2 1342//2 1715//2
f 1556//2 1716//2 1714//2
f 1715//2 1714//2 1716//2
f 1110//2 1717//2 1339//2
f 1645//2 1339//2 1717//2
f 1292//2 1294//2 1718//2
f 1385//2 1384//2 1718//2
f 1369//2 1366//2 1719//2
f 1388//2 1247//2 1719//2
f 1429//2 989//2 1720//2
f 1545//2 1430//2 1720//2
f 1577//2 1217//2 1721//2
f 1594//2 1481//2 1721//2
f 1493//2 1491//2 1722//2
f 1328//2 1495//2 1722//2
f 1563//2 1562//2 1723//2
f 1576//2 1479//2 1723//2
f 1311//2 1622//2 1724//2
f 1472//2 1142//2 1724//2
f 1580//2 1588//2 1725//2
f 1489//2 1630//2 1725//2
f 1726//2 985//2 1025//2
f 1093//2 1639//2 1726//2
f 1555//2 1453//2 1727//2
f 1727//2 1716//2 1556//2
f 1728//2 1139//2 1456//2
f 1731//2 1730//2 1709//2
f 1732//2 1729//2 1730//2
f 1710//2 1709//2 1729//2
f 1709//2 1730//2 1729//2
f 1729//2 1732//2 1267//2
f 1709//2 1728//2 1731//2
f 1540//2 1730//2 1731//2
f 1732//2 1469//2 1267//2
f 1540//2 1426//2 1732//2
f 74//3 73//3 939//3 940//3
f 106//4 105//4 971//4 972//4
f 50//5 49//5 915//5 916//5
f 90//6 89//6 955//6 956//6
f 82//7 81//7 947//7 948//7
f 58//8 57//8 923//8 924//8
f 98//9 97//9 963//9 964//9
f 66//10 65//10 931//10 932//10
f 42//11 113//11 979//11 908//11
f 83//12 82//12 948//12 949//12
f 59//13 58//13 924//13 925//13
f 99//14 98//14 964//14 965//14
f 51//15 50//15 916//15 917//15
f 67//16 66//16 932//16 933//16
f 75//17 74//17 940//17 941//17
f 91//18 90//18 956//18 957//18
f 107//19 106//19 972//19 973//19
f 43//20 42//20 908//20 909//20
f 60//21 59//21 925//21 926//21
f 100//22 99//22 965//22 966//22
f 68//23 67//23 933//23 934//23
f 84//24 83//24 949//24 950//24
f 44//25 43//25 909//25 910//25
f 108//26 107//26 973//26 974//26
f 92//27 91//27 957//27 958//27
f 76//28 75//28 941//28 942//28
f 52//29 51//29 917//29 918//29
f 93//30 92//30 958//30 959//30
f 109//31 108//31 974//31 975//31
f 53//32 52//32 918//32 919//32
f 77//33 76//33 942//33 943//33
f 85//34 84//34 950//34 951//34
f 61//35 60//35 926//35 927//35
f 69//36 68//36 934//36 935//36
f 101//37 100//37 966//37 967//37
f 45//38 44//38 910//38 911//38
f 70//39 69//39 935//39 936//39
f 46//40 45//40 911//40 912//40
f 86//41 85//41 951//41 952//41
f 102//42 101//42 967//42 968//42
f 62//43 61//43 927//43 928//43
f 54//44 53//44 919//44 920//44
f 94//45 93//45 959//45 960//45
f 78//46 77//46 943//46 944//46
f 110//47 109//47 975//47 976//47
f 79//48 78//48 944//48 945//48
f 95//49 94//49 960//49 961//49
f 55//50 54//50 920//50 921//50
f 47//51 46//51 912//51 913//51
f 71//52 70//52 936//52 937//52
f 87//53 86//53 952//53 953//53
f 111//54 110//54 976//54 977//54
f 63//55 62//55 928//55 929//55
f 103//56 102//56 968//56 969//56
f 88//57 87//57 953//57 954//57
f 72//58 71//58 937//58 938//58
f 48//59 47//59 913//59 914//59
f 112//60 111//60 977//60 978//60
f 104//61 103//61 969//61 970//61
f 80//62 79//62 945//62 946//62
f 56//63 55//63 921//63 922//63
f 96//64 95//64 961//64 962//64
f 64//65 63//65 929//65 930//65
f 97//66 96//66 962//66 963//66
f 65//67 64//67 930//67 931//67
f 57//68 56//68 922//68 923//68
f 81//69 80//69 946//69 947//69
f 113//70 112//70 978//70 979//70
f 49//71 48//71 914//71 915//71
f 89//72 88//72 954//72 955//72
f 105//73 104//73 970//73 971//73
f 73//74 72//74 938//74 939//74
