v 0.65797984600067005 0.060307379812002002 0
v 0.74118095636367998 0.034074172377585997 0
v 0.65797984600067005 0.060307379812002002 0.029999999329448
v 0.74118095636367998 0.034074172377585997 0.029999999329448
v 0.29289323091507002 0.29289323091507002 0
v 0.35721239447594 0.23395556211471999 0
v 0.29289323091507002 0.29289323091507002 0.029999999329448
v 0.35721239447594 0.23395556211471999 0.029999999329448
v 1 0 0
v 1.0871556997298999 0.0038053018506615998 0
v 1 0 0.029999999329448
v 1.0871556997298999 0.0038053018506615998 0.029999999329448
v 0 1 0
v 0.0038053018506615998 0.91284424066544001 0
v 0 1 0.029999999329448
v 0.0038053018506615998 0.91284424066544001 0.029999999329448
v 0.093692213296889995 1.4226182699203 0
v 0.060307379812002002 1.3420201539993 0
v 0.093692213296889995 1.4226182699203 0.029999999329448
v 0.060307379812002002 1.3420201539993 0.029999999329448
v 0.18084795773029 1.5735764503478999 0
v 0.13397459685801999 1.5 0
v 0.18084795773029 1.5735764503478999 0.029999999329448
v 0.13397459685801999 1.5 0.029999999329448
v 0.29289323091507002 1.7071068286896001 0
v 0.23395556211471999 1.6427875757217001 0
v 0.29289323091507002 1.7071068286896001 0.029999999329448
v 0.23395556211471999 1.6427875757217001 0.029999999329448
v 0.65797984600067005 1.9396926164627 0
v 0.57738173007964999 1.9063078165053999 0
v 0.65797984600067005 1.9396926164627 0.029999999329448
v 0.57738173007964999 1.9063078165053999 0.029999999329448
v 1.9659258127213 1.2588191032410001 0
v 1.9396926164627 1.3420201539993 0
v 1.9659258127213 1.2588191032410001 0.029999999329448
v 1.9396926164627 1.3420201539993 0.029999999329448
v 1.7071068286896001 0.29289323091507002 0
v 1.7660444974898999 0.35721239447594 0
v 1.7071068286896001 0.29289323091507002 0.029999999329448
v 1.7660444974898999 0.35721239447594 0.029999999329448
v 1.8660254478455001 0.5 0
v 1.9063078165053999 0.57738173007964999 0
v 1.8660254478455001 0.5 0.029999999329448
v 1.9063078165053999 0.57738173007964999 0.029999999329448
v 1.9961947202682 0.91284424066544001 0
v 2 1 0
v 1.9961947202682 0.91284424066544001 0.029999999329448
v 2 1 0.029999999329448
v 0.82635182142258001 0.015192246995866 0
v 0.91284424066544001 0.0038053018506615998 0
v 0.82635182142258001 0.015192246995866 0.029999999329448
v 0.91284424066544001 0.0038053018506615998 0.029999999329448
v 1.9063078165053999 1.4226182699203 0
v 1.8660254478455001 1.5 0
v 1.9063078165053999 1.4226182699203 0.029999999329448
v 1.8660254478455001 1.5 0.029999999329448
v 1.0871556997298999 1.9961947202682 0
v 1 2 0
v 1.0871556997298999 1.9961947202682 0.029999999329448
v 1 2 0.029999999329448
v 1.3420201539993 1.9396926164627 0
v 1.2588191032410001 1.9659258127213 0
v 1.3420201539993 1.9396926164627 0.029999999329448
v 1.2588191032410001 1.9659258127213 0.029999999329448
v 1.6427875757217001 1.7660444974898999 0
v 1.5735764503478999 1.8191519975662001 0
v 1.6427875757217001 1.7660444974898999 0.029999999329448
v 1.5735764503478999 1.8191519975662001 0.029999999329448
v 0.015192246995866 0.82635182142258001 0
v 0.034074172377585997 0.74118095636367998 0
v 0.015192246995866 0.82635182142258001 0.029999999329448
v 0.034074172377585997 0.74118095636367998 0.029999999329448
v 0.015192246995866 1.1736481189728001 0
v 0.0038053018506615998 1.0871556997298999 0
v 0.015192246995866 1.1736481189728001 0.029999999329448
v 0.0038053018506615998 1.0871556997298999 0.029999999329448
v 1.2588191032410001 0.034074172377585997 0
v 1.3420201539993 0.060307379812002002 0
v 1.2588191032410001 0.034074172377585997 0.029999999329448
v 1.3420201539993 0.060307379812002002 0.029999999329448
v 0.4264235496521 1.8191519975662001 0
v 0.35721239447594 1.7660444974898999 0
v 0.4264235496521 1.8191519975662001 0.029999999329448
v 0.35721239447594 1.7660444974898999 0.029999999329448
v 0.060307379812002002 0.65797984600067005 0
v 0.093692213296889995 0.57738173007964999 0
v 0.060307379812002002 0.65797984600067005 0.029999999329448
v 0.093692213296889995 0.57738173007964999 0.029999999329448
v 0.13397459685801999 0.5 0
v 0.13397459685801999 0.5 0.029999999329448
v 0.18084795773029 0.4264235496521 0
v 0.23395556211471999 0.35721239447594 0
v 0.18084795773029 0.4264235496521 0.029999999329448
v 0.23395556211471999 0.35721239447594 0.029999999329448
v 1.9659258127213 0.74118095636367998 0
v 1.9848077297211 0.82635182142258001 0
v 1.9659258127213 0.74118095636367998 0.029999999329448
v 1.9848077297211 0.82635182142258001 0.029999999329448
v 1.4226182699203 0.093692213296889995 0
v 1.5 0.13397459685801999 0
v 1.4226182699203 0.093692213296889995 0.029999999329448
v 1.5 0.13397459685801999 0.029999999329448
v 1.8191519975662001 1.5735764503478999 0
v 1.7660444974898999 1.6427875757217001 0
v 1.8191519975662001 1.5735764503478999 0.029999999329448
v 1.7660444974898999 1.6427875757217001 0.029999999329448
v 1.5 1.8660254478455001 0
v 1.4226182699203 1.9063078165053999 0
v 1.5 1.8660254478455001 0.029999999329448
v 1.4226182699203 1.9063078165053999 0.029999999329448
v 0.91284424066544001 1.9961947202682 0
v 0.82635182142258001 1.9848077297211 0
v 0.91284424066544001 1.9961947202682 0.029999999329448
v 0.82635182142258001 1.9848077297211 0.029999999329448
v 0.4264235496521 0.18084795773029 0
v 0.5 0.13397459685801999 0
v 0.4264235496521 0.18084795773029 0.029999999329448
v 0.5 0.13397459685801999 0.029999999329448
v 1.9961947202682 1.0871556997298999 0
v 1.9848077297211 1.1736481189728001 0
v 1.9961947202682 1.0871556997298999 0.029999999329448
v 1.9848077297211 1.1736481189728001 0.029999999329448
v 1.5735764503478999 0.18084795773029 0
v 1.6427875757217001 0.23395556211471999 0
v 1.5735764503478999 0.18084795773029 0.029999999329448
v 1.6427875757217001 0.23395556211471999 0.029999999329448
v 1.1736481189728001 1.9848077297211 0
v 1.1736481189728001 1.9848077297211 0.029999999329448
v 1.1736481189728001 0.015192246995866 0
v 1.1736481189728001 0.015192246995866 0.029999999329448
v 1.8191519975662001 0.4264235496521 0
v 1.8191519975662001 0.4264235496521 0.029999999329448
v 1.9396926164627 0.65797984600067005 0
v 1.9396926164627 0.65797984600067005 0.029999999329448
v 0.57738173007964999 0.093692213296889995 0
v 0.57738173007964999 0.093692213296889995 0.029999999329448
v 1.7071068286896001 1.7071068286896001 0
v 1.7071068286896001 1.7071068286896001 0.029999999329448
v 0.74118095636367998 1.9659258127213 0
v 0.74118095636367998 1.9659258127213 0.029999999329448
v 0.5 1.8660254478455001 0
v 0.5 1.8660254478455001 0.029999999329448
v 0.034074172377585997 1.2588191032410001 0
v 0.034074172377585997 1.2588191032410001 0.029999999329448
v 0.81631672382355003 0.75929290056229004 0
v 0.74906778335571 0.76604944467545 0
v 0.75424826145171997 0.69174641370773005 0
v 0.81631672382355003 0.75929290056229004 0.029999999329448
v 0.74906778335571 0.76604944467545 0.029999999329448
v 0.75424826145171997 0.69174641370773005 0.029999999329448
v 1.01034116745 1.1638045310973999 0
v 1.0739853382111 1.1281464099884 0
v 1.0579007863998 1.177267074585 0
v 1.01034116745 1.1638045310973999 0.029999999329448
v 1.0739853382111 1.1281464099884 0.029999999329448
v 1.0579007863998 1.177267074585 0.029999999329448
v 1.1912341117859 1.1002870798111 0
v 1.2009550333023 1.1569324731827 0
v 1.1231999397278001 1.1364084482193 0
v 1.1912341117859 1.1002870798111 0.029999999329448
v 1.2009550333023 1.1569324731827 0.029999999329448
v 1.1231999397278001 1.1364084482193 0.029999999329448
v 0.88113886117935003 0.74015736579894997 0
v 0.91753178834914995 0.67283487319946 0
v 0.95202928781509 0.71132487058640004 0
v 0.88113886117935003 0.74015736579894997 0.029999999329448
v 0.91753178834914995 0.67283487319946 0.029999999329448
v 0.95202928781509 0.71132487058640004 0.029999999329448
v 0.86946427822113004 0.61111176013946999 0
v 0.82725292444229004 0.67697852849960005 0
v 0.81963640451430997 0.62563818693161 0
v 0.86946427822113004 0.61111176013946999 0.029999999329448
v 0.82725292444229004 0.67697852849960005 0.029999999329448
v 0.81963640451430997 0.62563818693161 0.029999999329448
v 1.2824681997298999 0.98075497150420998 0
v 1.28375685215 1.0471314191818 0
v 1.2000000476837001 1 0
v 1.2824681997298999 0.98075497150420998 0.029999999329448
v 1.28375685215 1.0471314191818 0.029999999329448
v 1.2000000476837001 1 0.029999999329448
v 0.64441412687302002 0.14153970777988001 0
v 0.70962965488434004 0.079063005745411002 0
v 0.64441412687302002 0.14153970777988001 0.029999999329448
v 0.70962965488434004 0.079063005745411002 0.029999999329448
v 1.2488988637923999 1.0935580730437999 0
v 1.2528827190398999 1.1815643310546999 0
v 1.2488988637923999 1.0935580730437999 0.029999999329448
v 1.2528827190398999 1.1815643310546999 0.029999999329448
v 0.56297302246094005 0.18014545738696999 0
v 0.62554949522018 0.20694892108439999 0
v 0.57614046335220004 0.23585277795792001 0
v 0.56297302246094005 0.18014545738696999 0.029999999329448
v 0.62554949522018 0.20694892108439999 0.029999999329448
v 0.57614046335220004 0.23585277795792001 0.029999999329448
v 1.3500117063521999 1.0429162979126001 0
v 1.3500117063521999 1.0429162979126001 0.029999999329448
v 1.2054262161255 1.434520483017 0
v 1.261946439743 1.3867530822754 0
v 1.2636767625809 1.4801619052887001 0
v 1.2054262161255 1.434520483017 0.029999999329448
v 1.261946439743 1.3867530822754 0.029999999329448
v 1.2636767625809 1.4801619052887001 0.029999999329448
v 0.23032762110232999 0.51412791013717996 0
v 0.18591812252998 0.48137265443802002 0
v 0.24026496708393 0.41703480482101002 0
v 0.23032762110232999 0.51412791013717996 0.029999999329448
v 0.18591812252998 0.48137265443802002 0.029999999329448
v 0.24026496708393 0.41703480482101002 0.029999999329448
v 0.95946854352951005 1.1471825838089 0
v 0.98218542337418002 1.2044297456741 0
v 0.92217218875884999 1.2138097286224001 0
v 0.95946854352951005 1.1471825838089 0.029999999329448
v 0.98218542337418002 1.2044297456741 0.029999999329448
v 0.92217218875884999 1.2138097286224001 0.029999999329448
v 0.57255798578261996 0.62542051076889005 0
v 0.56111454963684004 0.72627305984497004 0
v 0.51367336511612005 0.68282103538512995 0
v 0.57255798578261996 0.62542051076889005 0.029999999329448
v 0.56111454963684004 0.72627305984497004 0.029999999329448
v 0.51367336511612005 0.68282103538512995 0.029999999329448
v 0.6719776391983 0.74830412864685003 0
v 0.70477545261383001 0.82029086351394997 0
v 0.61491739749908003 0.78541237115859996 0
v 0.6719776391983 0.74830412864685003 0.029999999329448
v 0.70477545261383001 0.82029086351394997 0.029999999329448
v 0.61491739749908003 0.78541237115859996 0.029999999329448
v 0.39476063847541998 0.33949714899062999 0
v 0.35367777943611001 0.29466307163238997 0
v 0.42724621295928999 0.26848983764647999 0
v 0.39476063847541998 0.33949714899062999 0.029999999329448
v 0.35367777943611001 0.29466307163238997 0.029999999329448
v 0.42724621295928999 0.26848983764647999 0.029999999329448
v 1.1000000238419001 1.0577350854873999 0
v 1.0255348682404 1.0442277193069001 0
v 1.0888888835907 1 0
v 1.1000000238419001 1.0577350854873999 0.029999999329448
v 1.0255348682404 1.0442277193069001 0.029999999329448
v 1.0888888835907 1 0.029999999329448
v 0.76821577548981002 0.61858439445496005 0
v 0.76821577548981002 0.61858439445496005 0.029999999329448
v 1.0045213699341 1 0
v 1.0045213699341 1 0.029999999329448
v 0.55543035268784002 0.78293913602829002 0
v 0.55543035268784002 0.78293913602829002 0.029999999329448
v 1.1000000238419001 0.94226497411728005 0
v 1.0255348682404 0.95577234029769997 0
v 1.0666667222977 0.92301994562149003 0
v 1.1000000238419001 0.94226497411728005 0.029999999329448
v 1.0255348682404 0.95577234029769997 0.029999999329448
v 1.0666667222977 0.92301994562149003 0.029999999329448
v 0.86666667461394997 0.96151000261306996 0
v 0.79280185699463002 0.94904243946074995 0
v 0.80905449390410999 0.90021276473999001 0
v 0.86666667461394997 0.96151000261306996 0.029999999329448
v 0.79280185699463002 0.94904243946074995 0.029999999329448
v 0.80905449390410999 0.90021276473999001 0.029999999329448
v 0.7988862991333 0.092834800481796001 0
v 0.72615337371826005 0.13146954774857 0
v 0.7988862991333 0.092834800481796001 0.029999999329448
v 0.72615337371826005 0.13146954774857 0.029999999329448
v 0.97301584482193004 1.0467379093169999 0
v 0.95555555820464999 1 0
v 0.97301584482193004 1.0467379093169999 0.029999999329448
v 0.95555555820464999 1 0.029999999329448
v 0.99633926153182995 0.58603948354721003 0
v 1 0.65358984470366999 0
v 0.94758415222168002 0.61529666185378995 0
v 0.99633926153182995 0.58603948354721003 0.029999999329448
v 1 0.65358984470366999 0.029999999329448
v 0.94758415222168002 0.61529666185378995 0.029999999329448
v 1.1222221851348999 0.86528491973876998 0
v 1.1269841194153001 0.78005701303482 0
v 1.1539682149887001 0.82679492235184004 0
v 1.1222221851348999 0.86528491973876998 0.029999999329448
v 1.1269841194153001 0.78005701303482 0.029999999329448
v 1.1539682149887001 0.82679492235184004 0.029999999329448
v 1.0777777433394999 0.78830492496490001 0
v 1.0730159282684 0.87353277206420998 0
v 1.0460317134857 0.82679492235184004 0
v 1.0777777433394999 0.78830492496490001 0.029999999329448
v 1.0730159282684 0.87353277206420998 0.029999999329448
v 1.0460317134857 0.82679492235184004 0.029999999329448
v 1.0421200990677 0.035289805382489998 0
v 1.0421200990677 0.035289805382489998 0.029999999329448
v 1 0.69207984209061002 0
v 1 0.69207984209061002 0.029999999329448
v 1.1212837696075 0.078758627176284998 0
v 1.2014259099960001 0.091426357626915006 0
v 1.1212837696075 0.078758627176284998 0.029999999329448
v 1.2014259099960001 0.091426357626915006 0.029999999329448
v 1 0.73056989908217995 0
v 1 0.73056989908217995 0.029999999329448
v 1.0666667222977 0.69207984209061002 0
v 1.0666667222977 0.69207984209061002 0.029999999329448
v 1.0333333015441999 0.67283487319946 0
v 1.0333333015441999 0.67283487319946 0.029999999329448
v 1.0406520366669001 0.62166851758956998 0
v 1.0406520366669001 0.62166851758956998 0.029999999329448
v 1 0.84603995084762995 0
v 1.0333333015441999 0.90377497673035001 0
v 1 0.84603995084762995 0.029999999329448
v 1.0333333015441999 0.90377497673035001 0.029999999329448
v 0.93333333730697998 0.92301994562149003 0
v 0.97301584482193004 0.95326215028762995 0
v 0.89999997615813998 0.94226497411728005 0
v 0.93333333730697998 0.92301994562149003 0.029999999329448
v 0.97301584482193004 0.95326215028762995 0.029999999329448
v 0.89999997615813998 0.94226497411728005 0.029999999329448
v 0.94062483310698997 0.78830492496490001 0
v 0.94062483310698997 0.78830492496490001 0.029999999329448
v 0.89268130064010998 0.89109861850739003 0
v 0.96666663885116999 0.90377497673035001 0
v 0.89268130064010998 0.89109861850739003 0.029999999329448
v 0.96666663885116999 0.90377497673035001 0.029999999329448
v 0.90634918212891002 1.0082478523253999 0
v 0.93333333730697998 1.0769799947739001 0
v 0.89999997615813998 1.0577350854873999 0
v 0.90634918212891002 1.0082478523253999 0.029999999329448
v 0.93333333730697998 1.0769799947739001 0.029999999329448
v 0.89999997615813998 1.0577350854873999 0.029999999329448
v 0.90876591205597002 0.84197789430617997 0
v 0.90876591205597002 0.84197789430617997 0.029999999329448
v 1.0460317134857 0.74981486797332997 0
v 1 0.76905989646911999 0
v 1.0460317134857 0.74981486797332997 0.029999999329448
v 1 0.76905989646911999 0.029999999329448
v 1 0.88452994823455999 0
v 1 0.88452994823455999 0.029999999329448
v 1 0.80754989385605003 0
v 1 0.80754989385605003 0.029999999329448
v 1.0333333015441999 1.0962250232696999 0
v 1.0333333015441999 1.0962250232696999 0.029999999329448
v 0.95946925878525002 0.071693658828735005 0
v 0.95946925878525002 0.071693658828735005 0.029999999329448
v 1.1666666269302 0.74981486797332997 0
v 1.1666666269302 0.74981486797332997 0.029999999329448
v 0.83333331346511996 0.98075497150420998 0
v 0.80000001192092995 1 0
v 0.83333331346511996 0.98075497150420998 0.029999999329448
v 0.80000001192092995 1 0.029999999329448
v 0.64059764146804998 0.95394384860991999 0
v 0.69630628824233998 0.88980495929717995 0
v 0.72544437646866 0.94966763257980003 0
v 0.64059764146804998 0.95394384860991999 0.029999999329448
v 0.69630628824233998 0.88980495929717995 0.029999999329448
v 0.72544437646866 0.94966763257980003 0.029999999329448
v 0.067647814750670998 0.95929265022277999 0
v 0.067647814750670998 0.95929265022277999 0.029999999329448
v 0.61070466041564997 0.69827002286911 0
v 0.61070466041564997 0.69827002286911 0.029999999329448
v 0.84573203325271995 0.84853124618529996 0
v 0.84573203325271995 0.84853124618529996 0.029999999329448
v 0.14219227433205001 1.2125742435455 0
v 0.10347243398427999 1.2673151493073 0
v 0.092834800481796001 1.2011137008667001 0
v 0.14219227433205001 1.2125742435455 0.029999999329448
v 0.10347243398427999 1.2673151493073 0.029999999329448
v 0.092834800481796001 1.2011137008667001 0.029999999329448
v 0.042631834745407 1.1260398626328001 0
v 0.042631834745407 1.1260398626328001 0.029999999329448
v 0.10787489265203 1.3695303201675 0
v 0.10787489265203 1.3695303201675 0.029999999329448
v 0.83333331346511996 1.0192450284957999 0
v 0.79268133640288996 1.0511662960052 0
v 0.83333331346511996 1.0192450284957999 0.029999999329448
v 0.79268133640288996 1.0511662960052 0.029999999329448
v 0.43515774607657998 1.6523592472076001 0
v 0.44561344385147 1.7224905490875 0
v 0.37224784493446 1.6850712299346999 0
v 0.43515774607657998 1.6523592472076001 0.029999999329448
v 0.44561344385147 1.7224905490875 0.029999999329448
v 0.37224784493446 1.6850712299346999 0.029999999329448
v 0.46079969406128002 1.5644983053207 0
v 0.37015202641486999 1.577149271965 0
v 0.40867239236831998 1.5220752954482999 0
v 0.46079969406128002 1.5644983053207 0.029999999329448
v 0.37015202641486999 1.577149271965 0.029999999329448
v 0.40867239236831998 1.5220752954482999 0.029999999329448
v 0.26186990737915 1.5663871765137001 0
v 0.31194299459456998 1.630488038063 0
v 0.26186990737915 1.5663871765137001 0.029999999329448
v 0.31194299459456998 1.630488038063 0.029999999329448
v 1.3555859327316 0.14153970777988001 0
v 1.3666850328444999 0.19001170992850999 0
v 1.2868067026137999 0.18722099065781 0
v 1.3555859327316 0.14153970777988001 0.029999999329448
v 1.3666850328444999 0.19001170992850999 0.029999999329448
v 1.2868067026137999 0.18722099065781 0.029999999329448
v 0.75830686092376998 1.1759959459305001 0
v 0.80876588821411 1.1002870798111 0
v 0.84595823287964 1.1515992879868 0
v 0.75830686092376998 1.1759959459305001 0.029999999329448
v 0.80876588821411 1.1002870798111 0.029999999329448
v 0.84595823287964 1.1515992879868 0.029999999329448
v 1.3323574066162001 0.86777055263518998 0
v 1.4174091815948 0.87398082017899004 0
v 1.4023622274398999 0.92393195629119995 0
v 1.3323574066162001 0.86777055263518998 0.029999999329448
v 1.4174091815948 0.87398082017899004 0.029999999329448
v 1.4023622274398999 0.92393195629119995 0.029999999329448
v 0.86967521905899003 1.2379844188689999 0
v 0.83319753408431996 1.2015510797500999 0
v 0.90905445814133001 1.1575223207473999 0
v 0.86967521905899003 1.2379844188689999 0.029999999329448
v 0.83319753408431996 1.2015510797500999 0.029999999329448
v 0.90905445814133001 1.1575223207473999 0.029999999329448
v 0.21191594004631001 1.5020649433136 0
v 0.21191594004631001 1.5020649433136 0.029999999329448
v 0.86666667461394997 1.0384900569916 0
v 0.85934799909591997 1.0896563529968 0
v 0.86666667461394997 1.0384900569916 0.029999999329448
v 0.85934799909591997 1.0896563529968 0.029999999329448
v 0.50609219074249001 1.0122328996658001 0
v 0.45330390334129 0.98786741495132002 0
v 0.51426237821579002 0.96007829904555997 0
v 0.50609219074249001 1.0122328996658001 0.029999999329448
v 0.45330390334129 0.98786741495132002 0.029999999329448
v 0.51426237821579002 0.96007829904555997 0.029999999329448
v 1.2000000476837001 0.80754989385605003 0
v 1.2000000476837001 0.84603995084762995 0
v 1.2000000476837001 0.80754989385605003 0.029999999329448
v 1.2000000476837001 0.84603995084762995 0.029999999329448
v 0.733742415905 1.063653588295 0
v 0.733742415905 1.063653588295 0.029999999329448
v 0.96666663885116999 1.0962250232696999 0
v 1 1.1154700517653999 0
v 0.96666663885116999 1.0962250232696999 0.029999999329448
v 1 1.1154700517653999 0.029999999329448
v 0.55507957935332997 1.8229610919952 0
v 0.47466200590134 1.8246154785155999 0
v 0.50074619054794001 1.7836714982985999 0
v 0.55507957935332997 1.8229610919952 0.029999999329448
v 0.47466200590134 1.8246154785155999 0.029999999329448
v 0.50074619054794001 1.7836714982985999 0.029999999329448
v 1.1000000238419001 0.71132487058640004 0
v 1.1000000238419001 0.71132487058640004 0.029999999329448
v 0.54375100135803001 1.7568743228912 0
v 0.54375100135803001 1.7568743228912 0.029999999329448
v 0.63046967983246005 1.8921251296996999 0
v 0.63046967983246005 1.8921251296996999 0.029999999329448
v 1.3525255918503001 1.7876198291779 0
v 1.2837333679198999 1.7272487878799001 0
v 1.3750005960464 1.7203695774078001 0
v 1.3525255918503001 1.7876198291779 0.029999999329448
v 1.2837333679198999 1.7272487878799001 0.029999999329448
v 1.3750005960464 1.7203695774078001 0.029999999329448
v 0.87855070829391002 1.5518079996109 0
v 0.87680572271347001 1.6063067913055 0
v 0.82314717769623003 1.5796399116516 0
v 0.87855070829391002 1.5518079996109 0.029999999329448
v 0.87680572271347001 1.6063067913055 0.029999999329448
v 0.82314717769623003 1.5796399116516 0.029999999329448
v 1.0666667222977 1.0769799947739001 0
v 1.0666667222977 1.0769799947739001 0.029999999329448
v 1.2000000476837001 0.76905989646911999 0
v 1.2824681997298999 0.78830492496490001 0
v 1.2448741197586 0.82679492235184004 0
v 1.2000000476837001 0.76905989646911999 0.029999999329448
v 1.2824681997298999 0.78830492496490001 0.029999999329448
v 1.2448741197586 0.82679492235184004 0.029999999329448
v 0.41216215491295 1.7660851478577 0
v 0.41216215491295 1.7660851478577 0.029999999329448
v 1.078307390213 0.47642371058464 0
v 1.1191804409027 0.51600229740143 0
v 1.0464403629303001 0.52355712652205999 0
v 1.078307390213 0.47642371058464 0.029999999329448
v 1.1191804409027 0.51600229740143 0.029999999329448
v 1.0464403629303001 0.52355712652205999 0.029999999329448
v 1.5252224206924001 0.17556585371493999 0
v 1.4903657436371001 0.20949247479439001 0
v 1.5252224206924001 0.17556585371493999 0.029999999329448
v 1.4903657436371001 0.20949247479439001 0.029999999329448
v 1.1073186397552 0.66015851497650002 0
v 1.1073186397552 0.66015851497650002 0.029999999329448
v 1.2479707002639999 0.94226497411728005 0
v 1.2479707002639999 0.94226497411728005 0.029999999329448
v 1.1333333253860001 0.73056989908217995 0
v 1.1333333253860001 0.73056989908217995 0.029999999329448
v 1.1739853620528999 0.69864851236342995 0
v 1.1739853620528999 0.69864851236342995 0.029999999329448
v 1.0912340879439999 0.61103779077529996 0
v 1.0912340879439999 0.61103779077529996 0.029999999329448
v 1.2000000476837001 0.92301994562149003 0
v 1.1333333253860001 0.96151000261306996 0
v 1.1539682149887001 0.90377497673035001 0
v 1.2000000476837001 0.92301994562149003 0.029999999329448
v 1.1333333253860001 0.96151000261306996 0.029999999329448
v 1.1539682149887001 0.90377497673035001 0.029999999329448
v 1.2000000476837001 0.88452994823455999 0
v 1.2000000476837001 0.88452994823455999 0.029999999329448
v 1.2749171257019001 0.86528491973876998 0
v 1.2749171257019001 0.86528491973876998 0.029999999329448
v 1.2902499437332 0.55047374963759999 0
v 1.2437753677368 0.59435367584229004 0
v 1.2296224832535001 0.53281271457671997 0
v 1.2902499437332 0.55047374963759999 0.029999999329448
v 1.2437753677368 0.59435367584229004 0.029999999329448
v 1.2296224832535001 0.53281271457671997 0.029999999329448
v 1.4189329147339 0.50506335496902 0
v 1.3850243091583001 0.56073588132857999 0
v 1.3402035236359 0.53190392255783003 0
v 1.4189329147339 0.50506335496902 0.029999999329448
v 1.3850243091583001 0.56073588132857999 0.029999999329448
v 1.3402035236359 0.53190392255783003 0.029999999329448
v 1.9209369421005 1.2903703451157 0
v 1.9209369421005 1.2903703451157 0.029999999329448
v 1.3104835748671999 0.92094099521636996 0
v 1.3104835748671999 0.92094099521636996 0.029999999329448
v 1.3488880395889 0.65900605916976995 0
v 1.2867914438248 0.67378520965576005 0
v 1.3050343990326001 0.61259263753891002 0
v 1.3488880395889 0.65900605916976995 0.029999999329448
v 1.2867914438248 0.67378520965576005 0.029999999329448
v 1.3050343990326001 0.61259263753891002 0.029999999329448
v 1.7119365930557 0.34763032197951999 0
v 1.7119365930557 0.34763032197951999 0.029999999329448
v 1.156533241272 0.65189647674561002 0
v 1.1814848184586 0.60867899656295998 0
v 1.156533241272 0.65189647674561002 0.029999999329448
v 1.1814848184586 0.60867899656295998 0.029999999329448
v 1.2502498626709 0.74004811048508001 0
v 1.3221060037612999 0.72695744037627996 0
v 1.2502498626709 0.74004811048508001 0.029999999329448
v 1.3221060037612999 0.72695744037627996 0.029999999329448
v 1.2245674133301001 0.68801784515381004 0
v 1.2245674133301001 0.68801784515381004 0.029999999329448
v 1.4286935329437001 0.58618324995041005 0
v 1.4286935329437001 0.58618324995041005 0.029999999329448
v 1.8565236330032 0.55412203073501998 0
v 1.8565236330032 0.55412203073501998 0.029999999329448
v 1.3450886011123999 0.78528606891632002 0
v 1.3824648857116999 0.71149337291717996 0
v 1.4046801328659 0.78212016820908004 0
v 1.3450886011123999 0.78528606891632002 0.029999999329448
v 1.3824648857116999 0.71149337291717996 0.029999999329448
v 1.4046801328659 0.78212016820908004 0.029999999329448
v 0.54811763763428001 0.88752681016921997 0
v 0.56654363870621005 0.96739411354064997 0
v 0.54811763763428001 0.88752681016921997 0.029999999329448
v 0.56654363870621005 0.96739411354064997 0.029999999329448
v 1.5651735067368 0.76004230976105003 0
v 1.5654344558716 0.80840671062469005 0
v 1.4882220029830999 0.77992868423462003 0
v 1.5651735067368 0.76004230976105003 0.029999999329448
v 1.5654344558716 0.80840671062469005 0.029999999329448
v 1.4882220029830999 0.77992868423462003 0.029999999329448
v 1.4498332738876001 0.95809519290923995 0
v 1.4246325492859 1.0108734369278001 0
v 1.3669010400771999 0.97933846712112005 0
v 1.4498332738876001 0.95809519290923995 0.029999999329448
v 1.4246325492859 1.0108734369278001 0.029999999329448
v 1.3669010400771999 0.97933846712112005 0.029999999329448
v 1.9647102355957 0.95787984132767001 0
v 1.9647102355957 0.95787984132767001 0.029999999329448
v 1.4927184581757 0.72737330198287997 0
v 1.4927184581757 0.72737330198287997 0.029999999329448
v 0.87818765640259 0.074743576347827995 0
v 0.87818765640259 0.074743576347827995 0.029999999329448
v 1.3580784797668 0.48169755935669001 0
v 1.3580784797668 0.48169755935669001 0.029999999329448
v 1.1333333253860001 1.0384900569916 0
v 1.1333333253860001 1.0384900569916 0.029999999329448
v 1.1666666269302 0.98075497150420998 0
v 1.1666666269302 0.98075497150420998 0.029999999329448
v 1.1666666269302 1.0192450284957999 0
v 1.1666666269302 1.0192450284957999 0.029999999329448
v 1.2000000476837001 0.96151000261306996 0
v 1.2000000476837001 0.96151000261306996 0.029999999329448
v 1.2073186635971001 1.0511662960052 0
v 1.2073186635971001 1.0511662960052 0.029999999329448
v 1.1406520605087 1.0896563529968 0
v 1.1406520605087 1.0896563529968 0.029999999329448
v 1.4205050468445 1.8077825307846001 0
v 1.3555859327316 1.8584603071212999 0
v 1.4205050468445 1.8077825307846001 0.029999999329448
v 1.3555859327316 1.8584603071212999 0.029999999329448
v 0.96854919195175004 1.9285283088684 0
v 0.95738261938095004 1.9760978221893 0
v 0.96854919195175004 1.9285283088684 0.029999999329448
v 0.95738261938095004 1.9760978221893 0.029999999329448
v 1.4585367441177 1.0773603916168 0
v 1.4906947612762 1.0100115537643 0
v 1.4585367441177 1.0773603916168 0.029999999329448
v 1.4906947612762 1.0100115537643 0.029999999329448
v 1.8485836982727 1.441744685173 0
v 1.8548241853714 1.3639088869095 0
v 1.8485836982727 1.441744685173 0.029999999329448
v 1.8548241853714 1.3639088869095 0.029999999329448
v 1.7589836120605 1.5823886394501001 0
v 1.7884037494659 1.4915013313293 0
v 1.8240169286728001 1.5249565839767001 0
v 1.7589836120605 1.5823886394501001 0.029999999329448
v 1.7884037494659 1.4915013313293 0.029999999329448
v 1.8240169286728001 1.5249565839767001 0.029999999329448
v 1.7291945219039999 1.3737691640854 0
v 1.7447217702866 1.4488310813904 0
v 1.6849448680878001 1.4363579750061 0
v 1.7291945219039999 1.3737691640854 0.029999999329448
v 1.7447217702866 1.4488310813904 0.029999999329448
v 1.6849448680878001 1.4363579750061 0.029999999329448
v 1.1122577190398999 1.9222538471221999 0
v 1.0417296886444001 1.9557673931121999 0
v 1.1122577190398999 1.9222538471221999 0.029999999329448
v 1.0417296886444001 1.9557673931121999 0.029999999329448
v 1.2806308269501001 1.8900471925735001 0
v 1.2806308269501001 1.8900471925735001 0.029999999329448
v 0.87225562334061002 0.79722595214844005 0
v 0.87225562334061002 0.79722595214844005 0.029999999329448
v 1.4984236955643 1.7290407419205001 0
v 1.5681207180023 1.7403893470764 0
v 1.4998996257782 1.7846851348877 0
v 1.4984236955643 1.7290407419205001 0.029999999329448
v 1.5681207180023 1.7403893470764 0.029999999329448
v 1.4998996257782 1.7846851348877 0.029999999329448
v 1.4046287536621 1.0629621744155999 0
v 1.4046287536621 1.0629621744155999 0.029999999329448
v 1.7051208019257 1.4891414642334 0
v 1.6478809118271001 1.5466660261153999 0
v 1.6378856897353999 1.4845936298369999 0
v 1.7051208019257 1.4891414642334 0.029999999329448
v 1.6478809118271001 1.5466660261153999 0.029999999329448
v 1.6378856897353999 1.4845936298369999 0.029999999329448
v 0.70247280597687001 1.0121566057205 0
v 0.70247280597687001 1.0121566057205 0.029999999329448
v 0.057260010391473999 0.79099959135055997 0
v 0.057260010391473999 0.79099959135055997 0.029999999329448
v 1.0285621881485001 1.2449573278427 0
v 1.0285621881485001 1.2449573278427 0.029999999329448
v 0.81517839431762995 0.80913531780242998 0
v 0.77306151390075994 0.83581364154815996 0
v 0.81517839431762995 0.80913531780242998 0.029999999329448
v 0.77306151390075994 0.83581364154815996 0.029999999329448
v 0.045438721776009001 1.2116211652755999 0
v 0.045438721776009001 1.2116211652755999 0.029999999329448
v 0.75357633829116999 1.1181734800339 0
v 0.75357633829116999 1.1181734800339 0.029999999329448
v 0.95735168457030995 0.023193027824163 0
v 0.95735168457030995 0.023193027824163 0.029999999329448
v 1.0867908000946001 0.55810451507568004 0
v 1.0867908000946001 0.55810451507568004 0.029999999329448
v 1.2749851942062 0.48998245596885998 0
v 1.2749851942062 0.48998245596885998 0.029999999329448
v 1.5325081348419001 1.2023447751998999 0
v 1.5713150501251001 1.2314808368682999 0
v 1.4987258911132999 1.2368085384369001 0
v 1.5325081348419001 1.2023447751998999 0.029999999329448
v 1.5713150501251001 1.2314808368682999 0.029999999329448
v 1.4987258911132999 1.2368085384369001 0.029999999329448
v 1.3045217990875 1.1101893186569001 0
v 1.3861864805221999 1.1156238317489999 0
v 1.3432723283768 1.1441903114319001 0
v 1.3045217990875 1.1101893186569001 0.029999999329448
v 1.3861864805221999 1.1156238317489999 0.029999999329448
v 1.3432723283768 1.1441903114319001 0.029999999329448
v 0.69547820091248003 1.1101893186569001 0
v 0.69547820091248003 1.1101893186569001 0.029999999329448
v 1.9545612335205 1.2116211652755999 0
v 1.9071651697159 1.2011137008667001 0
v 1.9545612335205 1.2116211652755999 0.029999999329448
v 1.9071651697159 1.2011137008667001 0.029999999329448
v 1.1439641714096001 1.3310478925705 0
v 1.1015121936798 1.2363724708557 0
v 1.1529754400253001 1.2311301231384 0
v 1.1439641714096001 1.3310478925705 0.029999999329448
v 1.1015121936798 1.2363724708557 0.029999999329448
v 1.1529754400253001 1.2311301231384 0.029999999329448
v 1.0409036874771 1.8183854818344001 0
v 0.98366177082062001 1.8693635463714999 0
v 0.96457529067992998 1.8113585710525999 0
v 1.0409036874771 1.8183854818344001 0.029999999329448
v 0.98366177082062001 1.8693635463714999 0.029999999329448
v 0.96457529067992998 1.8113585710525999 0.029999999329448
v 0.75310653448105003 0.47218787670134998 0
v 0.80285763740539995 0.42492887377739003 0
v 0.80903947353363004 0.51193815469741999 0
v 0.75310653448105003 0.47218787670134998 0.029999999329448
v 0.80285763740539995 0.42492887377739003 0.029999999329448
v 0.80903947353363004 0.51193815469741999 0.029999999329448
v 1.2903703451157 0.079063005745411002 0
v 1.2903703451157 0.079063005745411002 0.029999999329448
v 0.44037437438964999 0.42425516247749001 0
v 0.45369970798491999 0.32352685928344999 0
v 0.50560563802719005 0.35569268465041998 0
v 0.44037437438964999 0.42425516247749001 0.029999999329448
v 0.45369970798491999 0.32352685928344999 0.029999999329448
v 0.50560563802719005 0.35569268465041998 0.029999999329448
v 1.8713783025741999 0.85638064146042003 0
v 1.9111188650130999 0.79800981283187999 0
v 1.9224330186844001 0.87855941057205 0
v 1.8713783025741999 0.85638064146042003 0.029999999329448
v 1.9111188650130999 0.79800981283187999 0.029999999329448
v 1.9224330186844001 0.87855941057205 0.029999999329448
v 1.4898738861084 0.91546446084975996 0
v 1.4898738861084 0.91546446084975996 0.029999999329448
v 1.5611834526062001 0.88713526725768999 0
v 1.6080250740051001 0.83132433891295998 0
v 1.6248170137405 0.88787913322448997 0
v 1.5611834526062001 0.88713526725768999 0.029999999329448
v 1.6080250740051001 0.83132433891295998 0.029999999329448
v 1.6248170137405 0.88787913322448997 0.029999999329448
v 0.92895138263702004 1.8552232980728001 0
v 0.89927244186401001 1.7947220802307 0
v 0.92895138263702004 1.8552232980728001 0.029999999329448
v 0.89927244186401001 1.7947220802307 0.029999999329448
v 0.88306581974029996 1.8882032632828001 0
v 0.87512850761413996 1.9484933614730999 0
v 0.80778974294661998 1.9089605808257999 0
v 0.88306581974029996 1.8882032632828001 0.029999999329448
v 0.87512850761413996 1.9484933614730999 0.029999999329448
v 0.80778974294661998 1.9089605808257999 0.029999999329448
v 0.75322020053864003 0.88916087150573997 0
v 0.75322020053864003 0.88916087150573997 0.029999999329448
v 0.53559821844100997 0.49142131209373002 0
v 0.62218028306961004 0.49490866065025002 0
v 0.55383998155594005 0.55848658084868996 0
v 0.53559821844100997 0.49142131209373002 0.029999999329448
v 0.62218028306961004 0.49490866065025002 0.029999999329448
v 0.55383998155594005 0.55848658084868996 0.029999999329448
v 1.3808040618896 0.83681118488312001 0
v 1.3808040618896 0.83681118488312001 0.029999999329448
v 1.4528646469116 0.83571296930312999 0
v 1.4528646469116 0.83571296930312999 0.029999999329448
v 0.60090440511703003 0.90042960643768 0
v 0.64189553260803001 0.84790295362473 0
v 0.60090440511703003 0.90042960643768 0.029999999329448
v 0.64189553260803001 0.84790295362473 0.029999999329448
v 0.44128027558326999 0.67644989490509 0
v 0.41153734922409002 0.59993362426758001 0
v 0.49036517739295998 0.62285870313643998 0
v 0.44128027558326999 0.67644989490509 0.029999999329448
v 0.41153734922409002 0.59993362426758001 0.029999999329448
v 0.49036517739295998 0.62285870313643998 0.029999999329448
v 0.63426142930983997 1.1238348484039 0
v 0.65590566396713001 1.0649687051773 0
v 0.63426142930983997 1.1238348484039 0.029999999329448
v 0.65590566396713001 1.0649687051773 0.029999999329448
v 0.49729692935943998 0.83299183845519997 0
v 0.47249478101730003 0.78618633747100997 0
v 0.49729692935943998 0.83299183845519997 0.029999999329448
v 0.47249478101730003 0.78618633747100997 0.029999999329448
v 0.50803333520889005 0.74690645933151001 0
v 0.50803333520889005 0.74690645933151001 0.029999999329448
v 0.57372421026230003 0.83959740400313998 0
v 0.57372421026230003 0.83959740400313998 0.029999999329448
v 0.67158174514770996 0.68625372648239003 0
v 0.67158174514770996 0.68625372648239003 0.029999999329448
v 0.11962045729159999 0.91444259881973 0
v 0.077567033469676999 0.87855941057205 0
v 0.11962045729159999 0.91444259881973 0.029999999329448
v 0.077567033469676999 0.87855941057205 0.029999999329448
v 0.62373238801955999 1.0142166614532 0
v 0.56198042631149003 1.0244115591048999 0
v 0.62373238801955999 1.0142166614532 0.029999999329448
v 0.56198042631149003 1.0244115591048999 0.029999999329448
v 0.28798851370811002 0.45365437865257002 0
v 0.35862231254577998 0.47192615270615001 0
v 0.29867547750473 0.51351177692412997 0
v 0.28798851370811002 0.45365437865257002 0.029999999329448
v 0.35862231254577998 0.47192615270615001 0.029999999329448
v 0.29867547750473 0.51351177692412997 0.029999999329448
v 0.45142057538032998 1.0613137483596999 0
v 0.45142057538032998 1.0613137483596999 0.029999999329448
v 0.13572070002556 0.60959613323212003 0
v 0.13572070002556 0.60959613323212003 0.029999999329448
v 0.59605669975280995 1.0703530311584 0
v 0.59605669975280995 1.0703530311584 0.029999999329448
v 0.45056059956550998 0.87208813428878995 0
v 0.40814292430878002 0.80459797382355003 0
v 0.45056059956550998 0.87208813428878995 0.029999999329448
v 0.40814292430878002 0.80459797382355003 0.029999999329448
v 0.16382266581058999 0.56471365690231001 0
v 0.16382266581058999 0.56471365690231001 0.029999999329448
v 0.40522316098213002 0.22487175464629999 0
v 0.48597735166549999 0.19314604997634999 0
v 0.40522316098213002 0.22487175464629999 0.029999999329448
v 0.48597735166549999 0.19314604997634999 0.029999999329448
v 0.35099890828133001 0.54448562860489003 0
v 0.35099890828133001 0.54448562860489003 0.029999999329448
v 0.43177968263625999 0.75230151414871005 0
v 0.43177968263625999 0.75230151414871005 0.029999999329448
v 0.49850392341614003 0.90969455242157005 0
v 0.49850392341614003 0.90969455242157005 0.029999999329448
v 0.37354478240013 0.70277959108353005 0
v 0.37354478240013 0.70277959108353005 0.029999999329448
v 0.16277752816676999 0.79657799005508001 0
v 0.10701850801706 0.71844398975372004 0
v 0.16093790531158 0.71511447429657005 0
v 0.16277752816676999 0.79657799005508001 0.029999999329448
v 0.10701850801706 0.71844398975372004 0.029999999329448
v 0.16093790531158 0.71511447429657005 0.029999999329448
v 0.41052198410034002 0.51405912637711004 0
v 0.41052198410034002 0.51405912637711004 0.029999999329448
v 0.62255674600600996 0.64565163850784002 0
v 0.62255674600600996 0.64565163850784002 0.029999999329448
v 0.32995298504829002 0.62823575735091997 0
v 0.36309978365897999 0.59204590320587003 0
v 0.38237184286117998 0.64759993553161999 0
v 0.32995298504829002 0.62823575735091997 0.029999999329448
v 0.36309978365897999 0.59204590320587003 0.029999999329448
v 0.38237184286117998 0.64759993553161999 0.029999999329448
v 0.3891433775425 0.91438406705856001 0
v 0.44340357184410001 0.93057638406753995 0
v 0.3891433775425 0.91438406705856001 0.029999999329448
v 0.44340357184410001 0.93057638406753995 0.029999999329448
v 0.50748926401137995 0.57626301050186002 0
v 0.50748926401137995 0.57626301050186002 0.029999999329448
v 1.1707130670546999 0.54863929748535001 0
v 1.1707130670546999 0.54863929748535001 0.029999999329448
v 1.7371765375137 0.43434453010558999 0
v 1.6695420742035001 0.45563542842865001 0
v 1.6714233160019001 0.38475385308266002 0
v 1.7371765375137 0.43434453010558999 0.029999999329448
v 1.6695420742035001 0.45563542842865001 0.029999999329448
v 1.6714233160019001 0.38475385308266002 0.029999999329448
v 1.4467318058014 0.63339745998383001 0
v 1.4404332637787001 0.73434066772461004 0
v 1.4467318058014 0.63339745998383001 0.029999999329448
v 1.4404332637787001 0.73434066772461004 0.029999999329448
v 1.4385104179382 0.31167644262313998 0
v 1.3818545341491999 0.27120682597160001 0
v 1.4489871263503999 0.25274357199669001 0
v 1.4385104179382 0.31167644262313998 0.029999999329448
v 1.3818545341491999 0.27120682597160001 0.029999999329448
v 1.4489871263503999 0.25274357199669001 0.029999999329448
v 1.7848882675171001 0.49997106194495999 0
v 1.7848882675171001 0.49997106194495999 0.029999999329448
v 1.5249283313751001 0.83483469486237005 0
v 1.5249283313751001 0.83483469486237005 0.029999999329448
v 1.8077825307846001 0.57949501276016002 0
v 1.8584603071212999 0.64441412687302002 0
v 1.7876198291779 0.64747440814972002 0
v 1.8077825307846001 0.57949501276016002 0.029999999329448
v 1.8584603071212999 0.64441412687302002 0.029999999329448
v 1.7876198291779 0.64747440814972002 0.029999999329448
v 1.5291273593903001 0.68920677900313998 0
v 1.5291273593903001 0.68920677900313998 0.029999999329448
v 1.5097124576569001 0.34574738144875 0
v 1.5278483629227 0.41398382186889998 0
v 1.4532935619353999 0.38455951213836997 0
v 1.5097124576569001 0.34574738144875 0.029999999329448
v 1.5278483629227 0.41398382186889998 0.029999999329448
v 1.4532935619353999 0.38455951213836997 0.029999999329448
v 1.4723273515701001 0.56067532300948997 0
v 1.4723273515701001 0.56067532300948997 0.029999999329448
v 1.8875608444214 0.72015315294266002 0
v 1.8875608444214 0.72015315294266002 0.029999999329448
v 1.0936254262923999 0.20089502632618 0
v 1.0459939241409 0.28278496861458002 0
v 1.0354247093200999 0.18864136934280001 0
v 1.0936254262923999 0.20089502632618 0.029999999329448
v 1.0459939241409 0.28278496861458002 0.029999999329448
v 1.0354247093200999 0.18864136934280001 0.029999999329448
v 1.4422048330307 0.15053232014178999 0
v 1.4422048330307 0.15053232014178999 0.029999999329448
v 1.5826447010039999 0.70656251907348999 0
v 1.5826447010039999 0.70656251907348999 0.029999999329448
v 1.1862705945969001 0.48689743876456998 0
v 1.2294360399246 0.43996137380599998 0
v 1.1862705945969001 0.48689743876456998 0.029999999329448
v 1.2294360399246 0.43996137380599998 0.029999999329448
v 1.0885138511657999 0.14163841307163 0
v 1.0885138511657999 0.14163841307163 0.029999999329448
v 1.4144444465637001 0.20385955274105 0
v 1.4144444465637001 0.20385955274105 0.029999999329448
v 1.2924337387085001 0.43008458614348999 0
v 1.2924337387085001 0.43008458614348999 0.029999999329448
v 1.3830369710921999 0.32944443821906999 0
v 1.3186339139937999 0.28864952921866999 0
v 1.3830369710921999 0.32944443821906999 0.029999999329448
v 1.3186339139937999 0.28864952921866999 0.029999999329448
v 1.6277521848679 0.31492874026299 0
v 1.6277521848679 0.31492874026299 0.029999999329448
v 0.95193177461624001 0.55052870512009 0
v 0.95193177461624001 0.55052870512009 0.029999999329448
v 0.82829368114471003 0.56748747825623003 0
v 0.87881487607955999 0.53741991519928001 0
v 0.82829368114471003 0.56748747825623003 0.029999999329448
v 0.87881487607955999 0.53741991519928001 0.029999999329448
v 0.99336630105972001 0.51665031909943004 0
v 0.99336630105972001 0.51665031909943004 0.029999999329448
v 0.71985572576523005 0.64726620912552002 0
v 0.71985572576523005 0.64726620912552002 0.029999999329448
v 1.7946442365646 1.4136656522751001 0
v 1.7946442365646 1.4136656522751001 0.029999999329448
v 1.1481515169144001 1.1796258687973 0
v 1.1481515169144001 1.1796258687973 0.029999999329448
v 1.4458780288696 1.8565236330032 0
v 1.4458780288696 1.8565236330032 0.029999999329448
v 1.0390771627426001 1.8950148820877 0
v 1.0390771627426001 1.8950148820877 0.029999999329448
v 1.039723277092 0.090187281370163006 0
v 1.039723277092 0.090187281370163006 0.029999999329448
v 0.89923584461212003 0.46180561184883001 0
v 0.89923584461212003 0.46180561184883001 0.029999999329448
v 0.77451461553573997 1.6844053268432999 0
v 0.76823693513869995 1.6036236286162999 0
v 0.83808165788651001 1.6446943283080999 0
v 0.77451461553573997 1.6844053268432999 0.029999999329448
v 0.76823693513869995 1.6036236286162999 0.029999999329448
v 0.83808165788651001 1.6446943283080999 0.029999999329448
v 0.67033898830413996 0.62063109874724998 0
v 0.67033898830413996 0.62063109874724998 0.029999999329448
v 0.071693658828735005 1.0405306816101001 0
v 0.097111508250236997 1.1188675165176001 0
v 0.071693658828735005 1.0405306816101001 0.029999999329448
v 0.097111508250236997 1.1188675165176001 0.029999999329448
v 0.51781064271927002 1.0927821397780999 0
v 0.51781064271927002 1.0927821397780999 0.029999999329448
v 0.68054658174515004 1.1873413324355999 0
v 0.68054658174515004 1.1873413324355999 0.029999999329448
v 0.38539054989815003 1.1582978963852 0
v 0.46076145768165999 1.1940232515335001 0
v 0.41719168424606001 1.2192944288254 0
v 0.38539054989815003 1.1582978963852 0.029999999329448
v 0.46076145768165999 1.1940232515335001 0.029999999329448
v 0.41719168424606001 1.2192944288254 0.029999999329448
v 0.13930858671665 1.0618838071823 0
v 0.13930858671665 1.0618838071823 0.029999999329448
v 0.67192500829696999 0.56585985422134 0
v 0.61941534280777 0.58151680231094005 0
v 0.67192500829696999 0.56585985422134 0.029999999329448
v 0.61941534280777 0.58151680231094005 0.029999999329448
v 0.35451659560204002 0.78415703773499001 0
v 0.35451659560204002 0.78415703773499001 0.029999999329448
v 0.19481630623341001 1.1060044765471999 0
v 0.21956720948219 1.0178884267807 0
v 0.19481630623341001 1.1060044765471999 0.029999999329448
v 0.21956720948219 1.0178884267807 0.029999999329448
v 0.73764401674270996 0.36699771881103999 0
v 0.73079913854598999 0.31200703978539002 0
v 0.78570055961608998 0.33940422534942999 0
v 0.73764401674270996 0.36699771881103999 0.029999999329448
v 0.73079913854598999 0.31200703978539002 0.029999999329448
v 0.78570055961608998 0.33940422534942999 0.029999999329448
v 0.19597989320754999 0.75622946023940996 0
v 0.25885114073753002 0.78441363573073997 0
v 0.20711916685104001 0.82422256469726995 0
v 0.19597989320754999 0.75622946023940996 0.029999999329448
v 0.25885114073753002 0.78441363573073997 0.029999999329448
v 0.20711916685104001 0.82422256469726995 0.029999999329448
v 0.31345748901366999 0.68789976835250999 0
v 0.31345748901366999 0.68789976835250999 0.029999999329448
v 0.30676513910294001 0.37977716326714001 0
v 0.27931186556816001 0.33961099386214999 0
v 0.30676513910294001 0.37977716326714001 0.029999999329448
v 0.27931186556816001 0.33961099386214999 0.029999999329448
v 0.31138521432876998 0.7456693649292 0
v 0.31138521432876998 0.7456693649292 0.029999999329448
v 0.29015898704528997 0.57371634244919001 0
v 0.25803938508034002 0.65444570779800004 0
v 0.29015898704528997 0.57371634244919001 0.029999999329448
v 0.25803938508034002 0.65444570779800004 0.029999999329448
v 1.9283063411713 1.0405306816101001 0
v 1.9098126888275 0.96027672290802002 0
v 1.9283063411713 1.0405306816101001 0.029999999329448
v 1.9098126888275 0.96027672290802002 0.029999999329448
v 1.543939948082 0.97516506910323997 0
v 1.543939948082 0.97516506910323997 0.029999999329448
v 1.9252563714980999 1.1218123435973999 0
v 1.9252563714980999 1.1218123435973999 0.029999999329448
v 1.5082703828812001 1.0669946670532 0
v 1.5280874967575 1.1137723922728999 0
v 1.5082703828812001 1.0669946670532 0.029999999329448
v 1.5280874967575 1.1137723922728999 0.029999999329448
v 1.4595104455948 1.1519865989685001 0
v 1.4595104455948 1.1519865989685001 0.029999999329448
v 1.4854410886764999 1.4790371656418 0
v 1.5243079662323 1.4072567224503001 0
v 1.5655337572098 1.4632812738419001 0
v 1.4854410886764999 1.4790371656418 0.029999999329448
v 1.5243079662323 1.4072567224503001 0.029999999329448
v 1.5655337572098 1.4632812738419001 0.029999999329448
v 1.5503149032593 1.0384792089462 0
v 1.5503149032593 1.0384792089462 0.029999999329448
v 1.5768681764603001 0.63318473100661998 0
v 1.6473814249039 0.60739821195601995 0
v 1.6327871084212999 0.68104648590088002 0
v 1.5768681764603001 0.63318473100661998 0.029999999329448
v 1.6473814249039 0.60739821195601995 0.029999999329448
v 1.6327871084212999 0.68104648590088002 0.029999999329448
v 1.2372232675552 0.30910637974739003 0
v 1.1892434358596999 0.33560883998870999 0
v 1.1827433109283001 0.28118279576302002 0
v 1.2372232675552 0.30910637974739003 0.029999999329448
v 1.1892434358596999 0.33560883998870999 0.029999999329448
v 1.1827433109283001 0.28118279576302002 0.029999999329448
v 1.5829952955246001 0.24022571742535001 0
v 1.5829952955246001 0.24022571742535001 0.029999999329448
v 1.3459240198135001 0.42960426211357 0
v 1.3459240198135001 0.42960426211357 0.029999999329448
v 0.76095438003539995 0.5546680688858 0
v 0.76095438003539995 0.5546680688858 0.029999999329448
v 0.75578731298446999 0.22545632719993999 0
v 0.78959882259368996 0.16313044726848999 0
v 0.84686261415482 0.23453003168106001 0
v 0.75578731298446999 0.22545632719993999 0.029999999329448
v 0.78959882259368996 0.16313044726848999 0.029999999329448
v 0.84686261415482 0.23453003168106001 0.029999999329448
v 0.78837883472443004 0.045438721776009001 0
v 0.78837883472443004 0.045438721776009001 0.029999999329448
v 1.5084378719330001 1.1591496467589999 0
v 1.5787775516510001 1.1556389331818 0
v 1.5084378719330001 1.1591496467589999 0.029999999329448
v 1.5787775516510001 1.1556389331818 0.029999999329448
v 1.8628097772598 1.0133658647537001 0
v 1.7790220975876001 1.0501989126205 0
v 1.768577337265 0.99733644723892001 0
v 1.8628097772598 1.0133658647537001 0.029999999329448
v 1.7790220975876001 1.0501989126205 0.029999999329448
v 1.768577337265 0.99733644723892001 0.029999999329448
v 1.8685305118561 1.2738466262817001 0
v 1.8053689002991 1.3103083372116 0
v 1.8685305118561 1.2738466262817001 0.029999999329448
v 1.8053689002991 1.3103083372116 0.029999999329448
v 1.7203404903412001 1.6600704193114999 0
v 1.6910778284073 1.6209392547607 0
v 1.7203404903412001 1.6600704193114999 0.029999999329448
v 1.6910778284073 1.6209392547607 0.029999999329448
v 1.5936220884323 1.6216217279434 0
v 1.6421985626221001 1.5996688604355001 0
v 1.6426589488983001 1.6654082536696999 0
v 1.5936220884323 1.6216217279434 0.029999999329448
v 1.6421985626221001 1.5996688604355001 0.029999999329448
v 1.6426589488983001 1.6654082536696999 0.029999999329448
v 1.7107394933700999 1.5453696250916 0
v 1.7107394933700999 1.5453696250916 0.029999999329448
v 1.3741639852523999 1.9033117294312001 0
v 1.3741639852523999 1.9033117294312001 0.029999999329448
v 1.4438637495041 1.7400722503662001 0
v 1.4438637495041 1.7400722503662001 0.029999999329448
v 1.2013738155364999 1.9083385467528999 0
v 1.2013738155364999 1.9083385467528999 0.029999999329448
v 1.0077087879180999 1.7608942985535001 0
v 1.0077087879180999 1.7608942985535001 0.029999999329448
v 1.1275277137755999 1.9686691761016999 0
v 1.1275277137755999 1.9686691761016999 0.029999999329448
v 0.78853249549866 1.9538682699203 0
v 0.78853249549866 1.9538682699203 0.029999999329448
v 0.75206613540649003 1.8264948129653999 0
v 0.79934722185134999 1.8546057939528999 0
v 0.73869258165358997 1.8955911397934 0
v 0.75206613540649003 1.8264948129653999 0.029999999329448
v 0.79934722185134999 1.8546057939528999 0.029999999329448
v 0.73869258165358997 1.8955911397934 0.029999999329448
v 1.1276203393936 0.030627118423580998 0
v 1.1276203393936 0.030627118423580998 0.029999999329448
v 0.98663413524627996 0.1371902525425 0
v 0.98663413524627996 0.1371902525425 0.029999999329448
v 0.94980114698410001 0.22097791731357999 0
v 0.90236705541610995 0.25840437412262002 0
v 0.88849288225173995 0.15301950275897999 0
v 0.94980114698410001 0.22097791731357999 0.029999999329448
v 0.90236705541610995 0.25840437412262002 0.029999999329448
v 0.88849288225173995 0.15301950275897999 0.029999999329448
v 0.33945009112357999 1.720863699913 0
v 0.33945009112357999 1.720863699913 0.029999999329448
v 0.51606130599975997 1.7144386768341 0
v 0.51606130599975997 1.7144386768341 0.029999999329448
v 0.17394840717316001 1.4631687402725 0
v 0.17394840717316001 1.4631687402725 0.029999999329448
v 0.20448404550551999 1.1572791337967001 0
v 0.15261922776699 1.1629881858825999 0
v 0.20448404550551999 1.1572791337967001 0.029999999329448
v 0.15261922776699 1.1629881858825999 0.029999999329448
v 0.61607593297957997 1.6109172105789 0
v 0.55806642770767001 1.6723312139511 0
v 0.57421642541884999 1.5789828300476001 0
v 0.61607593297957997 1.6109172105789 0.029999999329448
v 0.55806642770767001 1.6723312139511 0.029999999329448
v 0.57421642541884999 1.5789828300476001 0.029999999329448
v 0.85051387548446999 1.8344143629073999 0
v 0.85051387548446999 1.8344143629073999 0.029999999329448
v 0.023193027824163 1.0426483154296999 0
v 0.023193027824163 1.0426483154296999 0.029999999329448
v 0.22513228654861001 0.90849876403809005 0
v 0.14920023083687001 0.86774003505706998 0
v 0.22513228654861001 0.90849876403809005 0.029999999329448
v 0.14920023083687001 0.86774003505706998 0.029999999329448
v 0.40141874551772999 1.0284245014191 0
v 0.40141874551772999 1.0284245014191 0.029999999329448
v 0.31558704376220997 1.5760334730148 0
v 0.31558704376220997 1.5760334730148 0.029999999329448
v 0.62940001487732 1.1759980916977 0
v 0.57455158233643 1.1430293321609 0
v 0.62940001487732 1.1759980916977 0.029999999329448
v 0.57455158233643 1.1430293321609 0.029999999329448
v 0.38204652070999001 1.0850512981414999 0
v 0.45273953676223999 1.1442979574203 0
v 0.38204652070999001 1.0850512981414999 0.029999999329448
v 0.45273953676223999 1.1442979574203 0.029999999329448
v 0.47093823552132003 0.54267108440399003 0
v 0.47093823552132003 0.54267108440399003 0.029999999329448
v 0.71290034055710005 0.41658174991607999 0
v 0.67744815349579002 0.46722072362900002 0
v 0.64780098199844005 0.40873539447784002 0
v 0.71290034055710005 0.41658174991607999 0.029999999329448
v 0.67744815349579002 0.46722072362900002 0.029999999329448
v 0.64780098199844005 0.40873539447784002 0.029999999329448
v 0.46287748217583002 0.48159930109978 0
v 0.46287748217583002 0.48159930109978 0.029999999329448
v 0.54885876178741 0.13336578011513001 0
v 0.54885876178741 0.13336578011513001 0.029999999329448
v 0.62583601474761996 0.096688278019428003 0
v 0.62583601474761996 0.096688278019428003 0.029999999329448
v 0.15494425594806999 0.65893799066544001 0
v 0.15494425594806999 0.65893799066544001 0.029999999329448
v 0.11090725660324 0.80289286375045998 0
v 0.11090725660324 0.80289286375045998 0.029999999329448
v 0.70530271530151001 0.52240478992462003 0
v 0.70530271530151001 0.52240478992462003 0.029999999329448
v 0.58011192083358998 0.46280938386916998 0
v 0.51060903072357 0.42576515674590998 0
v 0.58224153518677002 0.40993618965148998 0
v 0.58011192083358998 0.46280938386916998 0.029999999329448
v 0.51060903072357 0.42576515674590998 0.029999999329448
v 0.58224153518677002 0.40993618965148998 0.029999999329448
v 0.39097216725348999 0.85935914516448997 0
v 0.39097216725348999 0.85935914516448997 0.029999999329448
v 0.39843153953552002 0.96865022182464999 0
v 0.39843153953552002 0.96865022182464999 0.029999999329448
v 0.50627565383911 1.2155966758728001 0
v 0.51361501216887995 1.1543370485305999 0
v 0.50627565383911 1.2155966758728001 0.029999999329448
v 0.51361501216887995 1.1543370485305999 0.029999999329448
v 0.33632117509842002 1.4414409399032999 0
v 0.39788186550139998 1.4422348737716999 0
v 0.34438517689705 1.5024763345718 0
v 0.33632117509842002 1.4414409399032999 0.029999999329448
v 0.39788186550139998 1.4422348737716999 0.029999999329448
v 0.34438517689705 1.5024763345718 0.029999999329448
v 0.34342250227928001 0.83597236871719005 0
v 0.34342250227928001 0.83597236871719005 0.029999999329448
v 0.24405887722969 0.86039024591446001 0
v 0.29574009776115001 0.85908728837966997 0
v 0.24405887722969 0.86039024591446001 0.029999999329448
v 0.29574009776115001 0.85908728837966997 0.029999999329448
v 0.22703588008881001 0.59762036800384999 0
v 0.22703588008881001 0.59762036800384999 0.029999999329448
v 0.37116292119026001 0.40420296788215998 0
v 0.37116292119026001 0.40420296788215998 0.029999999329448
v 1.7756913900375 0.40479108691215998 0
v 1.7756913900375 0.40479108691215998 0.029999999329448
v 1.4594247341155999 0.43636596202849998 0
v 1.5340138673782 0.46907633543014998 0
v 1.4594247341155999 0.43636596202849998 0.029999999329448
v 1.5340138673782 0.46907633543014998 0.029999999329448
v 1.4077235460280999 0.44332903623580999 0
v 1.4077235460280999 0.44332903623580999 0.029999999329448
v 1.6385636329651001 0.75442427396774003 0
v 1.6385636329651001 0.75442427396774003 0.029999999329448
v 1.6738283634186 0.94774854183196999 0
v 1.5968623161316 0.93983060121536 0
v 1.6738283634186 0.94774854183196999 0.029999999329448
v 1.5968623161316 0.93983060121536 0.029999999329448
v 1.7828686237335001 0.89240974187850997 0
v 1.7287044525146 0.89733517169952004 0
v 1.7500705718994001 0.82209724187850997 0
v 1.7828686237335001 0.89240974187850997 0.029999999329448
v 1.7287044525146 0.89733517169952004 0.029999999329448
v 1.7500705718994001 0.82209724187850997 0.029999999329448
v 1.6666694879532 0.81009948253632003 0
v 1.6812658309937001 0.87073457241058005 0
v 1.6666694879532 0.81009948253632003 0.029999999329448
v 1.6812658309937001 0.87073457241058005 0.029999999329448
v 1.9768069982529 1.0426483154296999 0
v 1.9768069982529 1.0426483154296999 0.029999999329448
v 1.8583180904387999 0.91049081087112005 0
v 1.8583180904387999 0.91049081087112005 0.029999999329448
v 1.6063072681427 1.0959362983704 0
v 1.6063072681427 1.0959362983704 0.029999999329448
v 1.6721028089523 1.3803423643112001 0
v 1.6721028089523 1.3803423643112001 0.029999999329448
v 1.450795173645 1.2311836481094001 0
v 1.450795173645 1.2311836481094001 0.029999999329448
v 1.9033117294312001 0.62583601474761996 0
v 1.9033117294312001 0.62583601474761996 0.029999999329448
v 1.7399791479111 0.55595755577087003 0
v 1.7399791479111 0.55595755577087003 0.029999999329448
v 1.5117882490157999 0.62607777118682995 0
v 1.5117882490157999 0.62607777118682995 0.029999999329448
v 1.7140421867371001 0.71156615018845004 0
v 1.7140421867371001 0.71156615018845004 0.029999999329448
v 1.3741639852523999 0.096688278019428003 0
v 1.3741639852523999 0.096688278019428003 0.029999999329448
v 1.2706167697905999 0.26977959275246 0
v 1.3305335044861 0.22415539622307001 0
v 1.2706167697905999 0.26977959275246 0.029999999329448
v 1.3305335044861 0.22415539622307001 0.029999999329448
v 1.2738466262817001 0.13146954774857 0
v 1.2738466262817001 0.13146954774857 0.029999999329448
v 1.6605498790741 0.27913624048232999 0
v 1.6605498790741 0.27913624048232999 0.029999999329448
v 1.6006475687027 0.38045027852058 0
v 1.6006475687027 0.38045027852058 0.029999999329448
v 1.3084995746613 0.35344448685646002 0
v 1.3084995746613 0.35344448685646002 0.029999999329448
v 1.3789865970612001 0.38755303621291998 0
v 1.3789865970612001 0.38755303621291998 0.029999999329448
v 0.69234192371367997 0.19379542768002 0
v 0.69234192371367997 0.19379542768002 0.029999999329448
v 0.51865071058273005 0.24443297088145999 0
v 0.51865071058273005 0.24443297088145999 0.029999999329448
v 1.9026559591293 1.3738923072814999 0
v 1.9026559591293 1.3738923072814999 0.029999999329448
v 1.836869597435 1.2104011774062999 0
v 1.836869597435 1.2104011774062999 0.029999999329448
v 1.7745436429977 1.2442126274109 0
v 1.7347605228423999 1.3030023574828999 0
v 1.7206196784973 1.2505776882171999 0
v 1.7745436429977 1.2442126274109 0.029999999329448
v 1.7347605228423999 1.3030023574828999 0.029999999329448
v 1.7206196784973 1.2505776882171999 0.029999999329448
v 1.7823765277863 1.3601576089859 0
v 1.7823765277863 1.3601576089859 0.029999999329448
v 1.5840538740157999 1.6816889047623 0
v 1.6558270454407 1.71570956707 0
v 1.5840538740157999 1.6816889047623 0.029999999329448
v 1.6558270454407 1.71570956707 0.029999999329448
v 1.5874565839767001 1.5292942523955999 0
v 1.5874565839767001 1.5292942523955999 0.029999999329448
v 1.5215438604355001 1.6196881532669001 0
v 1.5200582742691 1.6777530908585001 0
v 1.5215438604355001 1.6196881532669001 0.029999999329448
v 1.5200582742691 1.6777530908585001 0.029999999329448
v 1.2568897008896001 1.8147499561310001 0
v 1.3114298582077 1.8248815536498999 0
v 1.2568897008896001 1.8147499561310001 0.029999999329448
v 1.3114298582077 1.8248815536498999 0.029999999329448
v 1.0599787235260001 1.76904296875 0
v 1.0952004194260001 1.8107155561446999 0
v 1.0599787235260001 1.76904296875 0.029999999329448
v 1.0952004194260001 1.8107155561446999 0.029999999329448
v 1.2328182458878001 1.8637310266495 0
v 1.2328182458878001 1.8637310266495 0.029999999329448
v 0.65149807929992998 1.8413581848145 0
v 0.68921071290970004 1.7503117322921999 0
v 0.70462387800216997 1.8531548976898 0
v 0.65149807929992998 1.8413581848145 0.029999999329448
v 0.68921071290970004 1.7503117322921999 0.029999999329448
v 0.70462387800216997 1.8531548976898 0.029999999329448
v 0.83534604310989002 1.7733994722366 0
v 0.83534604310989002 1.7733994722366 0.029999999329448
v 1.1664197444916 0.16476687788962999 0
v 1.2191371917725 0.14490476250647999 0
v 1.1858658790587999 0.22004336118698001 0
v 1.1664197444916 0.16476687788962999 0.029999999329448
v 1.2191371917725 0.14490476250647999 0.029999999329448
v 1.1858658790587999 0.22004336118698001 0.029999999329448
v 0.93364137411117998 0.12078749388456 0
v 0.93364137411117998 0.12078749388456 0.029999999329448
v 0.83654057979583996 0.13357105851173001 0
v 0.83654057979583996 0.13357105851173001 0.029999999329448
v 0.50560563802719005 1.6443073749542001 0
v 0.50560563802719005 1.6443073749542001 0.029999999329448
v 0.38401943445205999 1.6308614015578999 0
v 0.38401943445205999 1.6308614015578999 0.029999999329448
v 0.20488980412482999 1.4184800386429 0
v 0.20488980412482999 1.4184800386429 0.029999999329448
v 0.29869472980499001 1.3789212703705001 0
v 0.24968823790549999 1.3107893466949001 0
v 0.32826551795005998 1.3059605360030999 0
v 0.29869472980499001 1.3789212703705001 0.029999999329448
v 0.24968823790549999 1.3107893466949001 0.029999999329448
v 0.32826551795005998 1.3059605360030999 0.029999999329448
v 0.14652402698993999 0.96273642778396995 0
v 0.11834962666035 1.0105222463607999 0
v 0.14652402698993999 0.96273642778396995 0.029999999329448
v 0.11834962666035 1.0105222463607999 0.029999999329448
v 0.25720325112343001 1.4115316867828001 0
v 0.21686117351055001 1.3602967262268 0
v 0.25720325112343001 1.4115316867828001 0.029999999329448
v 0.21686117351055001 1.3602967262268 0.029999999329448
v 0.72999715805054 1.2541180849075 0
v 0.72999715805054 1.2541180849075 0.029999999329448
v 0.50469946861267001 0.29919180274009999 0
v 0.50469946861267001 0.29919180274009999 0.029999999329448
v 0.58924412727356001 0.29157513380050998 0
v 0.61370861530303999 0.35241019725799999 0
v 0.55984735488892001 0.36031708121299999 0
v 0.58924412727356001 0.29157513380050998 0.029999999329448
v 0.61370861530303999 0.35241019725799999 0.029999999329448
v 0.55984735488892001 0.36031708121299999 0.029999999329448
v 0.28643262386321999 1.2669727802277 0
v 0.30073139071464999 1.1791205406189 0
v 0.32755684852599998 1.2272381782532 0
v 0.28643262386321999 1.2669727802277 0.029999999329448
v 0.30073139071464999 1.1791205406189 0.029999999329448
v 0.32755684852599998 1.2272381782532 0.029999999329448
v 0.30094417929648998 1.0457557439803999 0
v 0.25846678018570002 1.1205519437789999 0
v 0.24870596826076999 1.0655490159987999 0
v 0.30094417929648998 1.0457557439803999 0.029999999329448
v 0.25846678018570002 1.1205519437789999 0.029999999329448
v 0.24870596826076999 1.0655490159987999 0.029999999329448
v 0.33513504266739003 0.92507004737854004 0
v 0.33513504266739003 0.92507004737854004 0.029999999329448
v 0.34500476717949002 1.0012819766998 0
v 0.34500476717949002 1.0012819766998 0.029999999329448
v 0.20787189900875 0.68836402893065995 0
v 0.26002132892608998 0.71914821863174005 0
v 0.20787189900875 0.68836402893065995 0.029999999329448
v 0.26002132892608998 0.71914821863174005 0.029999999329448
v 1.6296648979187001 0.52731186151505005 0
v 1.6849640607834 0.54108768701553001 0
v 1.6296648979187001 0.52731186151505005 0.029999999329448
v 1.6849640607834 0.54108768701553001 0.029999999329448
v 1.598766207695 0.45133185386657998 0
v 1.598766207695 0.45133185386657998 0.029999999329448
v 1.5463964939117001 0.28792223334312 0
v 1.5463964939117001 0.28792223334312 0.029999999329448
v 1.4806319475173999 0.48402884602547003 0
v 1.4806319475173999 0.48402884602547003 0.029999999329448
v 1.5108058452605999 0.52607131004332996 0
v 1.5108058452605999 0.52607131004332996 0.029999999329448
v 1.4904069900513 0.29050457477570002 0
v 1.4904069900513 0.29050457477570002 0.029999999329448
v 1.8253492116928001 0.69939756393432995 0
v 1.8253492116928001 0.69939756393432995 0.029999999329448
v 1.8113585710525999 0.96457529067992998 0
v 1.8113585710525999 0.96457529067992998 0.029999999329448
v 1.6310569047928001 0.98547470569610995 0
v 1.6310569047928001 0.98547470569610995 0.029999999329448
v 1.7661329507828001 1.1543594598769999 0
v 1.7661329507828001 1.1543594598769999 0.029999999329448
v 1.6072028875351001 1.4075856208801001 0
v 1.6072028875351001 1.4075856208801001 0.029999999329448
v 1.4350566864014001 1.5432593822478999 0
v 1.4681808948516999 1.5967503786087001 0
v 1.3939046859741 1.5951226949691999 0
v 1.4350566864014001 1.5432593822478999 0.029999999329448
v 1.4681808948516999 1.5967503786087001 0.029999999329448
v 1.3939046859741 1.5951226949691999 0.029999999329448
v 1.7863692045212001 0.75038844347 0
v 1.8643984794616999 0.76965415477752996 0
v 1.7863692045212001 0.75038844347 0.029999999329448
v 1.8643984794616999 0.76965415477752996 0.029999999329448
v 1.5522534847260001 0.55705714225768999 0
v 1.5522534847260001 0.55705714225768999 0.029999999329448
v 1.7203695774078001 0.62499934434891002 0
v 1.6848292350769001 0.66591632366179998 0
v 1.7203695774078001 0.62499934434891002 0.029999999329448
v 1.6848292350769001 0.66591632366179998 0.029999999329448
v 1.5988639593124001 0.58402955532073997 0
v 1.5988639593124001 0.58402955532073997 0.029999999329448
v 1.7941987514496001 0.84431886672973999 0
v 1.7941987514496001 0.84431886672973999 0.029999999329448
v 1.5765348672866999 0.50464546680449995 0
v 1.5765348672866999 0.50464546680449995 0.029999999329448
v 0.66977679729462003 0.31841346621513 0
v 0.69922882318497004 0.25939446687697998 0
v 0.66977679729462003 0.31841346621513 0.029999999329448
v 0.69922882318497004 0.25939446687697998 0.029999999329448
v 0.79678171873092996 0.27559491991996998 0
v 0.79678171873092996 0.27559491991996998 0.029999999329448
v 0.64075058698653997 0.26357111334800998 0
v 0.64075058698653997 0.26357111334800998 0.029999999329448
v 0.85937011241912997 0.30085417628288003 0
v 0.82717734575271995 0.37556684017181002 0
v 0.85937011241912997 0.30085417628288003 0.029999999329448
v 0.82717734575271995 0.37556684017181002 0.029999999329448
v 0.68432348966598999 0.36978712677955999 0
v 0.68432348966598999 0.36978712677955999 0.029999999329448
v 0.91902667284011996 0.40789410471915999 0
v 0.84244793653488004 0.46584030985831998 0
v 0.88113021850586004 0.36474338173866 0
v 0.91902667284011996 0.40789410471915999 0.029999999329448
v 0.84244793653488004 0.46584030985831998 0.029999999329448
v 0.88113021850586004 0.36474338173866 0.029999999329448
v 1.8664289712905999 1.1634594202041999 0
v 1.8664289712905999 1.1634594202041999 0.029999999329448
v 1.8469804525375 1.1115070581436 0
v 1.8792124986648999 1.0663586854935001 0
v 1.8469804525375 1.1115070581436 0.029999999329448
v 1.8792124986648999 1.0663586854935001 0.029999999329448
v 1.6527862548828001 1.3262170553207 0
v 1.6527862548828001 1.3262170553207 0.029999999329448
v 1.4190073013305999 1.6967548131943 0
v 1.4190073013305999 1.6967548131943 0.029999999329448
v 1.432745218277 1.6487389802932999 0
v 1.432745218277 1.6487389802932999 0.029999999329448
v 1.5127266645432 1.5523188114166 0
v 1.5318455696105999 1.5034795999527 0
v 1.5127266645432 1.5523188114166 0.029999999329448
v 1.5318455696105999 1.5034795999527 0.029999999329448
v 1.5659832954407 1.3499796390533001 0
v 1.5029792785645 1.3479374647141 0
v 1.5659832954407 1.3499796390533001 0.029999999329448
v 1.5029792785645 1.3479374647141 0.029999999329448
v 1.1583249568939 1.6913285255432 0
v 1.1797126531601001 1.7657952308655001 0
v 1.1057918071746999 1.7425909042358001 0
v 1.1583249568939 1.6913285255432 0.029999999329448
v 1.1797126531601001 1.7657952308655001 0.029999999329448
v 1.1057918071746999 1.7425909042358001 0.029999999329448
v 1.3690619468689 1.6564915180205999 0
v 1.3193196058273 1.6006426811218 0
v 1.3690619468689 1.6564915180205999 0.029999999329448
v 1.3193196058273 1.6006426811218 0.029999999329448
v 1.0918434858321999 1.8651758432387999 0
v 1.0918434858321999 1.8651758432387999 0.029999999329448
v 0.95176750421524003 1.7251491546630999 0
v 0.95176750421524003 1.7251491546630999 0.029999999329448
v 1.1524432897568 1.8872940540314 0
v 1.1984242200851001 1.8190150260925 0
v 1.1524432897568 1.8872940540314 0.029999999329448
v 1.1984242200851001 1.8190150260925 0.029999999329448
v 0.66266787052154996 1.6989201307296999 0
v 0.59322547912598 1.7678186893462999 0
v 0.61689293384552002 1.6635608673096001 0
v 0.66266787052154996 1.6989201307296999 0.029999999329448
v 0.59322547912598 1.7678186893462999 0.029999999329448
v 0.61689293384552002 1.6635608673096001 0.029999999329448
v 0.87847971916198997 1.7128953933716 0
v 0.87847971916198997 1.7128953933716 0.029999999329448
v 0.69892233610152998 1.6496449708939001 0
v 0.72039717435837003 1.7025185823441 0
v 0.69892233610152998 1.6496449708939001 0.029999999329448
v 0.72039717435837003 1.7025185823441 0.029999999329448
v 0.82126718759536999 1.7177354097366 0
v 0.76016432046890003 1.753989815712 0
v 0.82126718759536999 1.7177354097366 0.029999999329448
v 0.76016432046890003 1.753989815712 0.029999999329448
v 1.2610088586807 1.3092117309569999 0
v 1.2882907390594001 1.2385278940201001 0
v 1.3337101936339999 1.2878803014755 0
v 1.2610088586807 1.3092117309569999 0.029999999329448
v 1.2882907390594001 1.2385278940201001 0.029999999329448
v 1.3337101936339999 1.2878803014755 0.029999999329448
v 1.0152586698532 1.6874319314957 0
v 1.0152586698532 1.6874319314957 0.029999999329448
v 1.2442126274109 0.22545632719993999 0
v 1.2442126274109 0.22545632719993999 0.029999999329448
v 1.1566174030303999 0.11506347358227 0
v 1.1566174030303999 0.11506347358227 0.029999999329448
v 1.1078379154205 0.38275957107544001 0
v 1.1112616062164 0.32643601298331998 0
v 1.1642419099807999 0.38438758254050998 0
v 1.1078379154205 0.38275957107544001 0.029999999329448
v 1.1112616062164 0.32643601298331998 0.029999999329448
v 1.1642419099807999 0.38438758254050998 0.029999999329448
v 1.1330516338348 0.24542641639709001 0
v 1.0958523750305 0.27885586023330999 0
v 1.1330516338348 0.24542641639709001 0.029999999329448
v 1.0958523750305 0.27885586023330999 0.029999999329448
v 0.97609293460846003 0.41434159874915999 0
v 1.0139273405075 0.46723562479018999 0
v 0.97609293460846003 0.41434159874915999 0.029999999329448
v 1.0139273405075 0.46723562479018999 0.029999999329448
v 1.0057654380798 0.23963619768620001 0
v 1.0057654380798 0.23963619768620001 0.029999999329448
v 1.0430587530136 0.35371619462967002 0
v 1.0430587530136 0.35371619462967002 0.029999999329448
v 0.91299480199813998 1.6470928192139001 0
v 0.91299480199813998 1.6470928192139001 0.029999999329448
v 0.60608923435211004 1.8174827098846 0
v 0.60608923435211004 1.8174827098846 0.029999999329448
v 0.52645385265349998 1.5301821231842001 0
v 0.51681619882583996 1.5873883962630999 0
v 0.52645385265349998 1.5301821231842001 0.029999999329448
v 0.51681619882583996 1.5873883962630999 0.029999999329448
v 0.46086704730987998 1.5111783742905001 0
v 0.46086704730987998 1.5111783742905001 0.029999999329448
v 0.65651261806488004 1.2568376064300999 0
v 0.65651261806488004 1.2568376064300999 0.029999999329448
v 0.26481389999389998 1.5125420093535999 0
v 0.26481389999389998 1.5125420093535999 0.029999999329448
v 0.27767407894134999 1.4601724147796999 0
v 0.27767407894134999 1.4601724147796999 0.029999999329448
v 0.32323104143143 1.128834605217 0
v 0.32323104143143 1.128834605217 0.029999999329448
v 0.24641673266888001 1.1883307695389 0
v 0.24641673266888001 1.1883307695389 0.029999999329448
v 0.14341542124748 1.2995105981827 0
v 0.14341542124748 1.2995105981827 0.029999999329448
v 0.19406332075596 1.2082742452621 0
v 0.16943718492984999 1.2552968263626001 0
v 0.19406332075596 1.2082742452621 0.029999999329448
v 0.16943718492984999 1.2552968263626001 0.029999999329448
v 0.15864185988903001 1.3485019207001001 0
v 0.15864185988903001 1.3485019207001001 0.029999999329448
v 0.22939610481261999 1.2464932203293 0
v 0.22939610481261999 1.2464932203293 0.029999999329448
v 0.27721953392028997 0.97131538391113004 0
v 0.27721953392028997 0.97131538391113004 0.029999999329448
v 0.65764564275741999 1.3486164808273 0
v 0.62813210487366 1.4377685785294001 0
v 0.58506190776824996 1.3933027982712001 0
v 0.65764564275741999 1.3486164808273 0.029999999329448
v 0.62813210487366 1.4377685785294001 0.029999999329448
v 0.58506190776824996 1.3933027982712001 0.029999999329448
v 0.59543591737747004 1.2158863544464 0
v 0.59543591737747004 1.2158863544464 0.029999999329448
v 0.79184448719025002 1.2323397397995 0
v 0.76310276985168002 1.2912744283676001 0
v 0.79184448719025002 1.2323397397995 0.029999999329448
v 0.76310276985168002 1.2912744283676001 0.029999999329448
v 0.38996484875678999 1.2803131341934 0
v 0.38996484875678999 1.2803131341934 0.029999999329448
v 0.28028669953346003 0.91576850414276001 0
v 0.28028669953346003 0.91576850414276001 0.029999999329448
v 0.22304971516131999 0.96322917938232 0
v 0.22304971516131999 0.96322917938232 0.029999999329448
v 1.7192895412445 0.49559554457664001 0
v 1.7192895412445 0.49559554457664001 0.029999999329448
v 1.5768461227417001 0.33223724365233998 0
v 1.5768461227417001 0.33223724365233998 0.029999999329448
v 1.6664563417435001 1.0338662862778001 0
v 1.7073332071303999 0.99399107694625999 0
v 1.6664563417435001 1.0338662862778001 0.029999999329448
v 1.7073332071303999 0.99399107694625999 0.029999999329448
v 1.7611552476882999 1.1008657217026001 0
v 1.7611552476882999 1.1008657217026001 0.029999999329448
v 1.6832519769669001 1.1186512708664 0
v 1.6526426076889 1.0806587934494001 0
v 1.6832519769669001 1.1186512708664 0.029999999329448
v 1.6526426076889 1.0806587934494001 0.029999999329448
v 1.6084516048430999 1.0378355979919001 0
v 1.6084516048430999 1.0378355979919001 0.029999999329448
v 1.6138018369675 1.2080339193344001 0
v 1.6138018369675 1.2080339193344001 0.029999999329448
v 1.5108758211136 1.2835136651993 0
v 1.5756762027739999 1.2798117399216 0
v 1.5108758211136 1.2835136651993 0.029999999329448
v 1.5756762027739999 1.2798117399216 0.029999999329448
v 1.4010912179946999 1.1776777505875 0
v 1.4010912179946999 1.1776777505875 0.029999999329448
v 1.3398492336273 1.1956290006638 0
v 1.3398492336273 1.1956290006638 0.029999999329448
v 1.8340389728546 0.81509798765181996 0
v 1.8340389728546 0.81509798765181996 0.029999999329448
v 1.767533659935 0.69869494438170998 0
v 1.767533659935 0.69869494438170998 0.029999999329448
v 1.7146407365798999 0.77250844240188998 0
v 1.7146407365798999 0.77250844240188998 0.029999999329448
v 1.2438873052596999 0.3778532743454 0
v 1.2438873052596999 0.3778532743454 0.029999999329448
v 0.95906299352645996 0.31471410393714999 0
v 0.95906299352645996 0.31471410393714999 0.029999999329448
v 1.7095494270325 1.1716532707214 0
v 1.7095494270325 1.1716532707214 0.029999999329448
v 1.7190432548523 1.0675050020218 0
v 1.7190432548523 1.0675050020218 0.029999999329448
v 1.5613681077957 1.5774060487746999 0
v 1.5613681077957 1.5774060487746999 0.029999999329448
v 1.4230620861053001 1.3546630144119001 0
v 1.4356235265732 1.4056497812271 0
v 1.4230620861053001 1.3546630144119001 0.029999999329448
v 1.4356235265732 1.4056497812271 0.029999999329448
v 1.3507460355759 1.5186194181442001 0
v 1.3507460355759 1.5186194181442001 0.029999999329448
v 1.4795494079589999 1.4294341802596999 0
v 1.4795494079589999 1.4294341802596999 0.029999999329448
v 1.3849371671677 1.2360082864760999 0
v 1.3849371671677 1.2360082864760999 0.029999999329448
v 1.6528961658478001 1.1667374372482 0
v 1.6528961658478001 1.1667374372482 0.029999999329448
v 1.4520070552826001 1.3108495473862001 0
v 1.4520070552826001 1.3108495473862001 0.029999999329448
v 1.4133621454239 1.4743640422821001 0
v 1.4133621454239 1.4743640422821001 0.029999999329448
v 1.3785564899445 1.4251248836517001 0
v 1.3706308603287001 1.3517652750014999 0
v 1.3785564899445 1.4251248836517001 0.029999999329448
v 1.3706308603287001 1.3517652750014999 0.029999999329448
v 1.3935271501541 1.2959218025207999 0
v 1.3935271501541 1.2959218025207999 0.029999999329448
v 1.3037631511687999 1.6645743846893 0
v 1.3037631511687999 1.6645743846893 0.029999999329448
v 1.0791519880295 1.6844391822814999 0
v 1.0791519880295 1.6844391822814999 0.029999999329448
v 1.2712825536728001 1.6196510791779 0
v 1.2326422929764 1.6539412736893 0
v 1.2712825536728001 1.6196510791779 0.029999999329448
v 1.2326422929764 1.6539412736893 0.029999999329448
v 1.1075239181519001 1.6383489370346001 0
v 1.1013721227646001 1.5515120029449001 0
v 1.1576478481293 1.6179314851761 0
v 1.1075239181519001 1.6383489370346001 0.029999999329448
v 1.1013721227646001 1.5515120029449001 0.029999999329448
v 1.1576478481293 1.6179314851761 0.029999999329448
v 1.2499952316284 1.5725793838501001 0
v 1.3008767366409 1.5465444326401001 0
v 1.2499952316284 1.5725793838501001 0.029999999329448
v 1.3008767366409 1.5465444326401001 0.029999999329448
v 1.2052587270737001 1.3605189323425 0
v 1.2052587270737001 1.3605189323425 0.029999999329448
v 0.59856438636779996 1.5073792934418 0
v 0.65524339675902998 1.5757330656052 0
v 0.59856438636779996 1.5073792934418 0.029999999329448
v 0.65524339675902998 1.5757330656052 0.029999999329448
v 0.71131080389023005 1.5914177894592001 0
v 0.72530800104141002 1.5349054336548 0
v 0.71131080389023005 1.5914177894592001 0.029999999329448
v 0.72530800104141002 1.5349054336548 0.029999999329448
v 0.97853356599807995 1.4768251180648999 0
v 0.93213671445847002 1.5191096067429 0
v 0.92173683643340998 1.4151588678360001 0
v 0.97853356599807995 1.4768251180648999 0.029999999329448
v 0.93213671445847002 1.5191096067429 0.029999999329448
v 0.92173683643340998 1.4151588678360001 0.029999999329448
v 1.0000864267348999 1.6305780410766999 0
v 0.96261096000670998 1.6711050271987999 0
v 1.0000864267348999 1.6305780410766999 0.029999999329448
v 0.96261096000670998 1.6711050271987999 0.029999999329448
v 0.97553050518036 1.5811426639557 0
v 1.0376304388046 1.5628410577773999 0
v 0.97553050518036 1.5811426639557 0.029999999329448
v 1.0376304388046 1.5628410577773999 0.029999999329448
v 1.1442257165909 1.8346676826477 0
v 1.1442257165909 1.8346676826477 0.029999999329448
v 1.0550222396850999 1.6252018213271999 0
v 1.0550222396850999 1.6252018213271999 0.029999999329448
v 1.1562962532043 1.5620263814926001 0
v 1.1562962532043 1.5620263814926001 0.029999999329448
v 1.0569025278091 1.4862911701202 0
v 1.0569025278091 1.4862911701202 0.029999999329448
v 1.1991502046585001 1.2544504404068 0
v 1.207646727562 1.3071712255478001 0
v 1.1991502046585001 1.2544504404068 0.029999999329448
v 1.207646727562 1.3071712255478001 0.029999999329448
v 1.2093112468719001 1.6064336299896 0
v 1.2093112468719001 1.6064336299896 0.029999999329448
v 1.2425689697266 1.7624884843826001 0
v 1.2167259454727 1.7148598432541 0
v 1.2425689697266 1.7624884843826001 0.029999999329448
v 1.2167259454727 1.7148598432541 0.029999999329448
v 1.1342828273773 0.44444739818572998 0
v 1.1342828273773 0.44444739818572998 0.029999999329448
v 0.45677030086517001 1.2815870046616 0
v 0.45677030086517001 1.2815870046616 0.029999999329448
v 1.0467878580093 1.3978787660598999 0
v 1.0220745801925999 1.4454908370971999 0
v 0.98264354467392001 1.3948041200637999 0
v 1.0467878580093 1.3978787660598999 0.029999999329448
v 1.0220745801925999 1.4454908370971999 0.029999999329448
v 0.98264354467392001 1.3948041200637999 0.029999999329448
v 1.7433835268021001 0.94970440864562999 0
v 1.7433835268021001 0.94970440864562999 0.029999999329448
v 1.3096379041671999 1.3464138507843 0
v 1.3096379041671999 1.3464138507843 0.029999999329448
v 1.1303824186325 1.3976894617080999 0
v 1.1303824186325 1.3976894617080999 0.029999999329448
v 1.3211930990219001 1.4065408706664999 0
v 1.3211930990219001 1.4065408706664999 0.029999999329448
v 0.90750283002853005 0.32011085748672002 0
v 0.90750283002853005 0.32011085748672002 0.029999999329448
v 1.0091533660889001 0.31678685545920998 0
v 1.0091533660889001 0.31678685545920998 0.029999999329448
v 1.3218225240707 1.4663103818893 0
v 1.3218225240707 1.4663103818893 0.029999999329448
v 1.1884022951126001 1.5162397623062001 0
v 1.1884022951126001 1.5162397623062001 0.029999999329448
v 1.2382199764252 1.5236147642136 0
v 1.2382199764252 1.5236147642136 0.029999999329448
v 1.1067531108855999 1.5000722408295 0
v 1.1067531108855999 1.5000722408295 0.029999999329448
v 1.1442019939423 1.4643989801407 0
v 1.1442019939423 1.4643989801407 0.029999999329448
v 1.0702074766159 1.2845985889435001 0
v 1.0702074766159 1.2845985889435001 0.029999999329448
v 0.97739565372466997 1.3456126451492001 0
v 0.97739565372466997 1.3456126451492001 0.029999999329448
v 0.80419719219207997 1.5227957963943 0
v 0.76021248102187999 1.4992740154266 0
v 0.83861833810805997 1.4261093139648 0
v 0.80419719219207997 1.5227957963943 0.029999999329448
v 0.76021248102187999 1.4992740154266 0.029999999329448
v 0.83861833810805997 1.4261093139648 0.029999999329448
v 0.95641517639160001 1.2603689432144001 0
v 1.0184688568114999 1.3180384635925 0
v 0.95641517639160001 1.2603689432144001 0.029999999329448
v 1.0184688568114999 1.3180384635925 0.029999999329448
v 0.99404984712600997 1.5294737815857 0
v 0.99404984712600997 1.5294737815857 0.029999999329448
v 0.87398397922516002 1.4840664863585999 0
v 0.87398397922516002 1.4840664863585999 0.029999999329448
v 1.0918059349060001 1.4404671192169001 0
v 1.0918059349060001 1.4404671192169001 0.029999999329448
v 0.81264299154282005 1.2960011959076001 0
v 0.87754124403 1.2999862432480001 0
v 0.81264299154282005 1.2960011959076001 0.029999999329448
v 0.87754124403 1.2999862432480001 0.029999999329448
v 0.75264453887938998 1.4499722719193 0
v 0.79558122158051003 1.3755469322205001 0
v 0.75264453887938998 1.4499722719193 0.029999999329448
v 0.79558122158051003 1.3755469322205001 0.029999999329448
v 0.53054481744766002 1.2795479297637999 0
v 0.53054481744766002 1.2795479297637999 0.029999999329448
v 0.56044143438339 1.4501013755798 0
v 0.56044143438339 1.4501013755798 0.029999999329448
v 0.45015245676040999 1.4421929121017001 0
v 0.46450084447861001 1.391930103302 0
v 0.52468746900558005 1.4008675813675 0
v 0.45015245676040999 1.4421929121017001 0.029999999329448
v 0.46450084447861001 1.391930103302 0.029999999329448
v 0.52468746900558005 1.4008675813675 0.029999999329448
v 0.38638478517531999 1.3624931573868 0
v 0.38638478517531999 1.3624931573868 0.029999999329448
v 0.66748982667922996 1.4955708980560001 0
v 0.66748982667922996 1.4955708980560001 0.029999999329448
v 0.49452349543571 1.4698230028152 0
v 0.49452349543571 1.4698230028152 0.029999999329448
v 0.69103854894637995 1.4372360706328999 0
v 0.69103854894637995 1.4372360706328999 0.029999999329448
v 0.34664922952652 1.3926428556442001 0
v 0.34664922952652 1.3926428556442001 0.029999999329448
v 0.69494771957396995 1.3012183904648 0
v 0.69494771957396995 1.3012183904648 0.029999999329448
v 1.0794750452041999 1.3413423299789 0
v 1.0794750452041999 1.3413423299789 0.029999999329448
v 0.92896968126296997 1.3354997634888 0
v 0.92896968126296997 1.3354997634888 0.029999999329448
v 0.86391407251357999 1.3609813451767001 0
v 0.86391407251357999 1.3609813451767001 0.029999999329448
v 0.73197358846663996 1.3945949077605999 0
v 0.73197358846663996 1.3945949077605999 0.029999999329448
v 1.0661913156509 0.42083355784415999 0
v 1.0661913156509 0.42083355784415999 0.029999999329448
v 0.50311398506164995 1.3390247821807999 0
v 0.50311398506164995 1.3390247821807999 0.029999999329448
v 0.59888935089110995 1.2767578363419001 0
v 0.59888935089110995 1.2767578363419001 0.029999999329448
v 0.57396590709686002 1.3324003219603999 0
v 0.57396590709686002 1.3324003219603999 0.029999999329448
v 0.74199354648589999 1.3363407850266 0
v 0.74199354648589999 1.3363407850266 0.029999999329448
v 0.44014605879784002 1.3381940126419001 0
v 0.44014605879784002 1.3381940126419001 0.029999999329448
v 1.6358629465103001 1.2670698165894001 0
v 1.6358629465103001 1.2670698165894001 0.029999999329448
v 1.6756501197814999 1.2201466560364 0
v 1.6756501197814999 1.2201466560364 0.029999999329448
v 0.19877838239840001 0.51216562184086001 0.014788715475662
v 0.25546839778128999 1.4935986215114001 0.01319243071403
v 1.9684315919876001 1.2146961291631 0.014999999664724
v 0.11375302437489 1.2219227680013001 0.015316109577159001
v 0.56280630826949996 1.1020548343658001 0.014999999664724
v 0.40077094671218 1.7808391034566999 0.015047663427094
v 0.75914984683740006 1.7809349431807 0.014999999664724
v 0.83756078453371996 1.1102968270503 0.01535836116412
v 0.91322749853134 1.0476543108622001 0.014999999664724
v 0.81688360163984997 0.30266169195391002 0.015277873220915001
v 0.52553217609723002 0.64370008309682003 0.014999999664724
v 1.0700342731901999 0.75557390921383005 0.016097623648802
v 1.1803557872771999 1.3975762923559001 0.014999999664724
v 1.0511651679275 1.6669151335268 0.014754688963281
v 1.8302688546132999 1.4112605223279999 0.015115992938825
v 1.8730314846005001 0.54546587352733999 0.014952335905079
v 1.2767503297185001 0.95115633598997995 0.015008138224062001
v 1.1845171998951001 0.68361825126159004 0.013309894395958
v 1.3474325727454 0.73880764991585002 0.014344691766012
f 1242 1422 1042 1739
f 43 44 42 1748
f 41 43 42 1748
f 83 84 82 1738
f 82 81 83 1738
f 1241 1039 1420 1739
f 732 220 218 1743
f 217 729 215 1743
f 120 33 657 1735
f 35 122 659 1735
f 1359 1354 934 1742
f 1357 931 1353 1742
f 587 588 884 1747
f 585 883 586 1747
f 532 531 522 1751
f 11 637 52 638
f 999 4 51 1000
f 136 3 1103 1104
f 1046 129 10 1045
f 61 108 1028 1027
f 133 42 1176 1175
f 46 1166 119 1165
f 74 13 1073 1074
f 131 38 1142 1141
f 27 1055 84 1056
f 203 771 204 1733
f 207 772 206 1733
f 1042 1241 1242 1739
f 1039 1241 1042 1739
f 535 524 534 1751
f 534 531 532 1751
f 325 280 436 1744
f 1569 1429 1611 1746
f 1467 1465 407 1734
f 1612 1430 1570 1746
f 217 215 220 1743
f 218 729 732 1743
f 42 529 41 1748
f 84 83 462 1738
f 535 534 532 1751
f 43 530 44 1748
f 81 82 461 1738
f 1084 1086 908 1737
f 765 907 766 1737
f 766 907 908 1737
f 318 320 319 1741
f 204 771 772 1733
f 204 772 207 1733
f 637 11 52 9
f 52 637 9 50
f 51 49 4 999
f 136 1 135 1103
f 49 2 4 999
f 3 1 136 1103
f 12 129 10 1046
f 110 61 1028 63
f 110 61 108 1028
f 119 48 121 1166
f 133 42 44 1176
f 1166 46 119 48
f 133 44 134 1176
f 13 74 76 1074
f 12 129 1046 130
f 15 13 76 1074
f 40 131 38 1142
f 40 131 1142 132
f 1055 25 84 82
f 1055 27 84 25
f 479 517 525 1750
f 907 1084 908 1737
f 119 1166 953 1165
f 1176 42 830 1175
f 1055 369 84 1056
f 74 1073 903 1074
f 1046 10 287 1045
f 334 637 11 638
f 659 658 35 657
f 27 369 1055 1056
f 1028 108 574 1027
f 52 637 334 638
f 1142 38 812 1141
f 812 1141 131 1142
f 1028 574 61 1027
f 4 999 257 1000
f 51 257 999 1000
f 903 1073 13 1074
f 658 659 120 657
f 1175 1176 133 830
f 953 1166 46 1165
f 1046 129 1045 287
f 314 327 302 328
f 215 218 220 1743
f 277 323 435 1744
f 215 729 218 1743
f 1642 1586 1641 1745
f 1641 1586 1585 1745
f 315 316 317 1741
f 200 1642 197 1745
f 197 1642 1641 1745
f 460 422 490 420
f 136 1103 181 1104
f 1103 3 181 1104
f 358 357 356 1736
f 1602 1604 1454 1603
f 357 353 356 1736
f 301 302 327 328
f 420 422 490 273
f 286 295 294 296
f 567 568 563 483
f 425 426 428 331
f 295 298 294 296
f 114 140 1037 1038
f 633 144 73 634
f 430 142 81 433
f 1357 1353 1354 1742
f 477 436 480 478
f 1017 137 104 1015
f 245 250 249 247
f 586 587 585 1747
f 1602 1402 1454 1604
f 355 353 354 1736
f 588 883 884 1747
f 901 921 882 902
f 1429 1612 1611 1746
f 303 308 306 307
f 327 301 328 314
f 1084 765 1086 1737
f 1359 1357 1354 1742
f 144 633 73 143
f 73 144 75 634
f 142 81 433 83
f 142 430 81 141
f 1430 1612 1429 1746
f 1468 408 1466 1734
f 1192 37 124 1191
f 1184 99 78 1183
f 1086 765 766 1737
f 1585 200 197 1745
f 1586 200 1585 1745
f 771 206 772 1733
f 100 471 123 469
f 114 139 112 1037
f 114 139 1037 140
f 478 436 275 477
f 944 94 7 946
f 317 316 410 320
f 137 106 1017 104
f 106 137 1017 138
f 306 313 303 314
f 1204 53 36 1203
f 278 250 245 247
f 295 286 294 285
f 563 568 564 483
f 124 126 37 1192
f 126 39 37 1192
f 80 99 78 1184
f 99 80 101 1184
f 425 428 427 332
f 594 103 56 591
f 773 8 117 775
f 578 60 113 580
f 1623 445 1225 1625
f 354 353 357 1736
f 123 471 102 125
f 471 100 123 102
f 5 92 94 944
f 7 5 94 944
f 616 653 583 615
f 420 489 460 457
f 526 519 480 1750
f 53 36 1203 34
f 53 1204 36 55
f 967 1384 969 1382
f 103 594 56 105
f 54 56 103 591
f 115 6 8 773
f 117 115 8 773
f 60 111 58 578
f 111 60 113 578
f 476 178 508 1749
f 475 507 175 1749
f 588 587 586 1747
f 642 859 498 495
f 203 206 771 1733
f 586 883 588 1747
f 1079 1087 1297 1080
f 154 210 213 627
f 568 177 475 567
f 1581 1654 1652 1653
f 489 460 490 420
f 428 426 151 331
f 726 226 724 225
f 961 963 973 962
f 724 342 723 726
f 1340 1182 977 1342
f 1478 1481 1263 1482
f 1415 1588 1591 1593
f 904 1064 927 1062
f 368 1058 1253 1057
f 834 829 1339 831
f 210 211 212 213
f 961 583 963 962
f 297 295 294 293
f 294 295 285 293
f 486 564 568 483
f 393 394 412 1740
f 573 1030 446 1029
f 832 1178 1339 1177
f 1708 1463 1485 1707
f 273 489 490 420
f 1514 1515 1170 1516
f 57 128 59 1036
f 128 1035 57 127
f 298 295 294 297
f 118 135 1102 136
f 135 118 1102 116
f 477 479 480 435
f 249 246 245 247
f 490 276 273 422
f 882 919 901 881
f 1014 1013 1210 1012
f 332 425 428 331
f 1603 1454 1602 1601
f 197 1642 1658 1657
f 493 496 501 511
f 1350 1200 1352 1356
f 1124 1086 1084 1492
f 1127 1082 1465 1130
f 561 569 566 565
f 1056 369 84 372
f 121 953 1166 955
f 830 44 1176 833
f 905 76 903 1074
f 658 659 35 660
f 27 369 1056 372
f 637 334 11 333
f 287 12 1046 289
f 637 333 50 334
f 38 812 1141 809
f 1141 812 131 809
f 110 576 1028 574
f 1000 257 4 259
f 574 1028 61 576
f 1000 51 257 259
f 660 659 120 658
f 905 903 15 1074
f 1176 833 133 830
f 955 1166 46 953
f 130 1046 289 287
f 1465 1082 1466 1130
f 1082 1127 1465 1081
f 1035 128 57 1036
f 1337 844 1179 843
f 1180 1338 844 1179
f 1179 1338 844 1337
f 1592 1593 896 1591
f 1592 1591 1588 1593
f 1692 1698 1126 1697
f 1129 1698 1126 1695
f 1698 1692 1126 1695
f 615 196 551 616
f 492 490 476 489
f 728 729 732 1092
f 729 728 1091 1092
f 1453 1602 1454 1601
f 1481 1472 1286 1482
f 1726 1494 1681 1496
f 1620 1617 664 1618
f 1101 116 135 1102
f 250 245 249 248
f 436 477 480 435
f 196 653 616 615
f 565 564 566 484
f 484 565 564 563
f 369 84 82 1055
f 1166 119 953 121
f 42 1176 830 44
f 903 76 74 1074
f 10 1046 287 12
f 25 27 369 1055
f 38 1142 812 40
f 333 9 11 637
f 33 35 658 657
f 637 50 52 334
f 576 61 63 1028
f 108 1028 574 110
f 1142 131 812 132
f 999 4 257 2
f 257 49 51 999
f 13 15 903 1074
f 120 122 659 660
f 833 133 134 1176
f 1166 46 48 955
f 1046 130 129 287
f 1381 1384 967 1382
f 1291 1292 1293 1294
f 1221 1331 1379 1328
f 964 1170 974 962
f 973 974 1170 962
f 1461 1462 378 1694
f 1200 190 193 1356
f 1504 813 1306 1503
f 1654 199 1652 1653
f 304 308 303 307
f 183 190 192 193
f 728 796 778 799
f 366 338 424 364
f 445 1625 1227 1225
f 993 1350 1352 933
f 1402 1602 1454 1401
f 728 732 731 1092
f 1270 1479 1260 1272
f 1381 1383 1330 967
f 302 327 312 300
f 1593 1415 896 1591
f 923 936 947 948
f 475 476 507 1749
f 965 583 653 581
f 650 965 653 581
f 583 653 966 965
f 489 476 492 491
f 489 475 476 491
f 304 308 305 303
f 337 252 251 339
f 874 267 172 270
f 149 146 147 221
f 357 358 354 1736
f 1425 1554 1527 1553
f 1342 1182 1341 1340
f 390 410 391 1740
f 1100 791 1099 684
f 1275 1277 1279 1282
f 889 1400 670 1399
f 1430 1034 1229 1033
f 319 425 209 427
f 1169 973 1170 962
f 254 253 311 313
f 311 251 253 254
f 254 256 253 313
f 1103 136 181 135
f 3 1103 181 1
f 970 1330 1383 967
f 1602 1401 1453 1454
f 1730 1212 1732 1731
f 1390 1394 1232 1391
f 173 164 163 166
f 282 281 277 279
f 1375 1326 1172 1171
f 1375 1172 595 1171
f 1651 197 1658 1657
f 419 458 460 421
f 570 179 180 569
f 165 163 168 310
f 874 172 876 878
f 165 286 266 285
f 798 949 952 795
f 1275 1276 1280 1282
f 1277 1275 1280 1282
f 1338 1314 844 1313
f 1519 647 1002 1520
f 636 389 393 635
f 273 421 335 419
f 427 263 425 332
f 1401 1414 704 1413
f 1274 909 392 910
f 1274 909 1273 392
f 1654 1581 1652 1583
f 1416 895 1418 1417
f 380 28 379 382
f 23 379 28 381
f 382 28 379 381
f 355 354 358 1736
f 272 271 276 273
f 95 691 688 845
f 691 95 846 845
f 583 962 965 964
f 389 655 635 636
f 95 133 846 845
f 728 796 777 778
f 1515 1514 1170 1513
f 967 970 971 969
f 970 972 971 969
f 401 214 211 1669
f 401 211 214 406
f 183 136 181 1104
f 183 181 3 1104
f 909 392 910 656
f 571 566 569 570
f 570 562 571 566
f 569 561 566 571
f 571 561 566 562
f 1384 967 969 970
f 1384 970 969 972
f 1088 762 1087 761
f 1232 1610 1390 1609
f 1555 1170 1004 1002
f 449 900 896 452
f 1180 978 1338 1179
f 1179 975 1338 1337
f 975 1338 978 1179
f 337 411 365 339
f 921 901 882 919
f 1384 1381 1219 1382
f 616 583 551 615
f 1549 1396 1332 1329
f 1332 1550 1398 1549
f 1396 1332 1398 1549
f 1599 1675 1597 1676
f 1720 1719 1696 1724
f 301 300 327 302
f 1278 1277 1351 1281
f 327 314 302 312
f 1342 980 1182 977
f 1182 1340 977 1181
f 962 583 965 581
f 964 583 966 965
f 969 971 967 968
f 19 1059 1060 1258
f 1294 926 925 1291
f 1666 449 896 452
f 445 1574 1626 1624
f 1034 1401 669 1033
f 391 410 412 1740
f 740 737 767 739
f 817 1179 836 1180
f 1414 1401 704 1402
f 1413 1401 702 704
f 1598 1599 1595 1600
f 403 410 316 412
f 412 316 403 319
f 1079 762 1080 417
f 1690 1459 1701 1702
f 217 215 219 220
f 213 211 212 214
f 209 210 211 212
f 1574 1624 1392 1626
f 1307 811 1194 1193
f 601 603 1405 1035
f 898 895 896 1417
f 740 768 770 769
f 671 668 889 667
f 889 670 671 667
f 900 896 898 897
f 445 1623 1225 442
f 174 239 170 171
f 1641 1710 1634 1709
f 890 604 603 889
f 604 889 602 601
f 889 604 603 601
f 646 1003 648 643
f 1339 1178 1304 1177
f 1022 1215 1019 1221
f 1295 803 1117 801
f 615 653 583 581
f 653 615 650 581
f 601 1400 889 1399
f 566 561 565 484
f 563 564 484 483
f 285 286 294 291
f 564 487 566 484
f 1327 1381 1330 967
f 477 436 275 435
f 1002 1520 1555 1519
f 381 407 23 379
f 1510 1322 1509 1507
f 163 165 309 310
f 1151 700 1152 697
f 1151 700 1154 1152
f 1153 700 1154 1151
f 644 1002 646 643
f 652 653 196 650
f 837 841 840 1505
f 168 163 166 310
f 639 265 298 297
f 1076 1077 749 1078
f 799 778 728 731
f 1030 609 1377 1029
f 890 670 671 889
f 245 281 248 250
f 339 255 252 254
f 861 892 862 849
f 170 164 163 173
f 166 173 164 167
f 1642 200 197 1658
f 1642 197 1641 1657
f 310 168 324 326
f 1089 1469 1292 1470
f 897 895 896 898
f 1423 1427 1426 1617
f 1678 1631 1677 1641
f 133 846 845 830
f 557 51 50 558
f 959 121 120 960
f 779 727 741 780
f 28 380 27 382
f 347 13 14 348
f 606 64 63 605
f 691 96 95 688
f 1185 1188 388 1186
f 309 299 330 329
f 1635 1633 1595 1632
f 1543 1019 1022 1020
f 1170 1513 1514 1169
f 1725 1494 1679 1681
f 670 889 1399 667
f 221 745 150 746
f 236 454 453 234
f 1113 1112 1279 1116
f 1149 1182 980 977
f 1182 1149 1181 977
f 318 317 320 1741
f 1686 1679 1714 1681
f 1684 1714 1679 1713
f 1497 1288 916 1498
f 628 154 213 627
f 151 210 154 627
f 419 457 460 455
f 476 508 507 1749
f 1014 586 1013 1012
f 1507 1510 1542 1509
f 1592 1663 896 1594
f 1526 1525 965 650
f 236 453 233 234
f 407 381 23 408
f 820 824 864 821
f 991 239 919 992
f 396 720 395 719
f 1562 1561 1564 1545
f 324 330 325 329
f 908 1088 761 762
f 1088 761 907 908
f 981 870 868 1195
f 981 870 1195 984
f 1728 1727 1497 1698
f 278 277 281 279
f 351 632 352 256
f 253 630 351 632
f 236 152 453 454
f 1480 1260 1479 1272
f 874 876 893 878
f 1506 1193 841 1194
f 780 783 923 779
f 783 780 923 784
f 1400 889 670 890
f 256 352 351 313
f 1503 1178 1504 825
f 963 964 974 962
f 973 963 974 962
f 364 423 338 424
f 1726 1485 1707 1708
f 645 1003 648 1173
f 1606 1674 1673 1615
f 857 495 642 641
f 495 642 859 857
f 672 704 669 1402
f 1401 704 669 702
f 704 1401 669 1402
f 718 717 920 922
f 984 1196 870 1195
f 453 572 236 233
f 639 468 265 465
f 121 955 960 959
f 50 333 557 558
f 51 557 257 558
f 658 120 960 959
f 369 27 380 382
f 63 576 606 605
f 903 13 347 348
f 909 389 1273 392
f 1100 1099 1091 716
f 1392 1389 1572 1577
f 502 844 1312 1311
f 1080 1087 1297 1298
f 1680 1711 1712 1671
f 321 299 312 314
f 277 276 275 272
f 1114 1116 1113 1098
f 609 1222 612 1377
f 899 898 896 1417
f 723 344 345 341
f 403 406 412 319
f 1614 1621 1651 1613
f 330 324 325 326
f 996 1353 933 1354
f 454 236 237 234
f 1731 1730 1520 1732
f 1731 1520 1729 1519
f 1651 1658 1656 1657
f 319 209 212 427
f 1494 1726 1681 1725
f 324 165 168 310
f 1316 1309 472 1315
f 1136 1131 936 1134
f 255 256 252 254
f 412 410 316 320
f 319 412 316 320
f 1155 1158 1345 1167
f 1087 1080 1089 1298
f 687 1168 1345 690
f 1637 1153 1156 1638
f 1440 1628 860 1437
f 1376 1211 1212 1208
f 789 787 785 790
f 1504 1503 825 809
f 1292 1291 926 1294
f 389 909 655 656
f 909 389 392 656
f 761 413 907 416
f 750 347 14 348
f 96 691 689 688
f 1162 1157 1164 1161
f 1157 1160 1164 1161
f 1160 1163 1164 1161
f 1075 1135 937 1133
f 1675 1666 1668 1676
f 325 330 282 329
f 742 730 217 220
f 864 863 853 384
f 1335 1346 1530 1529
f 313 311 303 314
f 1640 1562 1425 1639
f 1679 1686 1714 1684
f 1292 1469 1087 1289
f 453 571 572 233
f 453 572 152 236
f 454 572 236 152
f 310 321 299 309
f 913 914 1285 911
f 916 1285 914 1288
f 914 913 1285 916
f 1332 1330 1549 1327
f 1327 1549 1332 1329
f 1332 1330 1550 1549
f 583 964 963 962
f 630 146 629 632
f 398 534 459 531
f 714 1097 1098 1094
f 531 524 522 1751
f 292 324 168 326
f 1426 1618 1617 1620
f 1659 665 661 1660
f 957 1154 695 1152
f 1653 1652 1581 1651
f 1608 1576 1615 1606
f 1616 1608 1579 1615
f 1730 1209 1729 1375
f 1463 1708 1485 1464
f 1681 1493 404 1495
f 494 498 808 495
f 466 465 464 463
f 1501 1265 1075 1502
f 252 340 346 255
f 312 303 311 314
f 1182 980 1150 1149
f 795 950 949 952
f 949 798 952 951
f 1198 1197 839 867
f 1173 1554 1565 1553
f 244 743 737 744
f 737 739 244 744
f 275 272 477 435
f 200 199 198 197
f 1403 601 1405 1035
f 1531 834 1339 831
f 1579 1613 1580 1614
f 1319 1155 1638 1637
f 1149 1534 1182 1533
f 391 412 394 1740
f 323 324 325 329
f 194 1201 1280 191
f 1090 1087 762 1089
f 762 1088 1087 1090
f 1555 1169 1170 1002
f 1004 1556 1170 1555
f 1159 1157 1164 1156
f 908 761 416 762
f 761 908 416 907
f 724 223 222 225
f 223 724 226 225
f 649 652 196 650
f 280 282 281 277
f 1556 1515 1170 1513
f 1606 1608 1674 1615
f 1608 1616 1674 1615
f 726 342 723 345
f 723 726 345 725
f 1432 1248 1245 1244
f 896 900 898 899
f 454 572 152 155
f 571 453 572 152
f 175 195 552 549
f 600 1172 1326 1171
f 379 23 28 21
f 28 21 26 379
f 694 722 827 828
f 722 693 827 721
f 245 281 250 278
f 895 1415 896 1417
f 1397 1568 443 1395
f 844 502 843 1311
f 989 1198 1196 1197
f 1313 844 1311 1314
f 961 581 583 962
f 234 233 236 235
f 544 545 1150 541
f 1350 1355 1199 1356
f 1200 1350 1199 1356
f 869 819 842 822
f 325 436 323 1744
f 134 95 133 846
f 134 95 846 97
f 26 28 379 380
f 1331 1380 1223 1379
f 1331 1221 1379 1223
f 1469 1089 1292 1087
f 1384 1381 967 1383
f 97 95 846 691
f 1066 1058 437 1057
f 1634 1642 1710 1641
f 365 409 337 363
f 1358 1368 1364 1360
f 492 395 459 491
f 275 274 276 277
f 271 272 276 277
f 904 925 1062 927
f 1064 904 927 906
f 1058 368 1253 371
f 1058 371 1253 1254
f 1341 834 832 1339
f 829 834 1339 832
f 1337 1313 844 843
f 1313 844 1338 1337
f 1570 1430 1231 1569
f 292 165 324 291
f 413 754 907 416
f 754 752 907 766
f 754 413 907 752
f 752 765 907 766
f 761 1079 414 417
f 1572 1580 1392 1577
f 697 1164 1151 700
f 700 1153 1164 1151
f 1634 1710 1672 1709
f 286 168 165 266
f 1341 1306 979 976
f 524 513 523 522
f 1029 446 573 443
f 575 1030 446 573
f 81 433 434 430
f 358 633 73 634
f 767 768 738 740
f 767 768 740 769
f 1292 1290 1291 1293
f 832 1178 1341 1339
f 1177 1339 832 829
f 495 642 493 498
f 900 1414 1419 1421
f 251 339 411 337
f 1469 1290 1292 1293
f 1293 1292 1469 1470
f 1490 1486 1485 1487
f 216 350 215 349
f 1012 1013 1210 1011
f 1210 1012 1011 1207
f 1498 1698 1497 1264
f 607 166 310 608
f 198 1640 1423 1639
f 329 325 323 279
f 282 325 329 279
f 1708 1488 1485 1464
f 338 346 623 343
f 238 249 241 246
f 241 234 237 235
f 1471 1283 1481 1472
f 1640 1643 1562 1639
f 324 168 165 292
f 540 415 537 418
f 23 22 407 408
f 1492 1121 1122 1123
f 586 1204 506 1203
f 190 1199 1355 1356
f 1199 190 1200 1356
f 713 716 717 718
f 570 562 572 571
f 1245 1431 1432 1244
f 1248 1432 1247 1244
f 234 236 237 235
f 985 986 1436 982
f 1698 1497 1728 1498
f 701 708 703 577
f 593 620 1026 617
f 393 635 389 390
f 389 636 393 392
f 1671 1682 1680 404
f 1617 1423 1427 1424
f 1674 1595 1673 1615
f 671 672 668 667
f 672 671 670 667
f 1702 1701 1696 1694
f 618 1023 1219 621
f 981 1535 1536 1195
f 276 421 336 335
f 421 273 335 276
f 263 261 425 331
f 332 263 425 331
f 642 498 496 493
f 1635 1595 1615 1632
f 1491 1122 1084 1492
f 1124 1084 1122 1492
f 778 777 728 792
f 1472 1283 1481 1286
f 907 754 766 908
f 907 754 908 416
f 642 560 866 865
f 560 865 641 559
f 378 1127 1129 1130
f 832 1178 1177 825
f 1666 899 896 1594
f 1233 1406 1403 1404
f 965 1526 1173 1525
f 338 366 424 340
f 974 973 1517 957
f 1481 1478 1263 1476
f 145 146 147 149
f 792 1091 728 1092
f 1285 913 1497 916
f 1288 1285 1497 916
f 375 1461 378 1694
f 1461 375 1691 1694
f 1030 573 614 1029
f 1092 806 729 732
f 1091 806 729 1092
f 1326 622 600 597
f 619 1326 597 622
f 1261 1497 1697 1698
f 936 923 924 948
f 324 309 165 310
f 848 852 1450 1449
f 1566 1558 1174 1557
f 409 365 337 411
f 1411 437 1069 438
f 457 492 489 460
f 389 655 636 656
f 636 392 389 656
f 417 415 804 414
f 1152 1322 957 1154
f 349 215 793 794
f 1686 1725 1679 1681
f 786 785 1107 1108
f 890 603 1400 889
f 889 603 1400 601
f 864 820 821 863
f 496 504 501 511
f 1392 1574 1580 1572
f 715 717 920 718
f 717 715 920 714
f 549 552 507 397
f 1099 1115 716 1100
f 649 196 195 650
f 1722 1485 1723 1724
f 389 393 390 394
f 389 393 394 392
f 391 389 390 394
f 679 1190 383 1189
f 421 458 335 419
f 1727 1697 1497 1698
f 1434 1243 1433 861
f 605 606 64 1031
f 1680 401 1669 404
f 1671 1680 1669 404
f 1340 1181 1182 1339
f 1693 1719 1723 1696
f 846 133 833 830
f 1719 1723 1696 1724
f 1289 926 1483 1484
f 1669 213 210 627
f 459 457 455 460
f 1189 679 1190 288
f 981 986 1432 984
f 1480 1263 1260 1272
f 299 321 322 314
f 299 322 301 314
f 401 214 1669 404
f 1671 1669 214 404
f 211 401 403 406
f 406 214 401 404
f 901 794 745 793
f 499 843 502 1311
f 520 525 497 518
f 1503 1177 1178 825
f 159 153 162 885
f 510 526 497 513
f 1672 628 1669 627
f 965 1003 1173 966
f 1681 401 1493 1679
f 870 1185 981 868
f 1187 870 981 984
f 473 297 474 293
f 297 294 474 293
f 1583 1652 1622 1581
f 840 842 819 822
f 839 840 819 837
f 1593 1592 896 1594
f 418 537 540 539
f 538 415 537 540
f 1185 870 981 1187
f 767 738 737 740
f 769 740 767 739
f 240 881 919 882
f 1057 431 368 1058
f 831 834 829 830
f 904 1062 355 1064
f 21 23 407 379
f 1590 1592 1593 1594
f 983 981 1432 1431
f 510 523 522 521
f 1612 1606 1576 1608
f 1634 1631 1641 1709
f 1403 1032 1035 1405
f 323 436 435 1744
f 1645 1537 1363 1646
f 1640 1425 1423 1639
f 147 150 149 221
f 150 149 221 224
f 1188 388 1187 1185
f 1186 388 1185 385
f 1406 1233 1403 1234
f 1459 1701 1457 1690
f 1701 1689 1457 1690
f 984 1187 1432 981
f 1391 1390 1394 1389
f 1704 1715 1716 1488
f 518 482 808 520
f 1543 1220 1023 1544
f 1416 895 1420 1418
f 310 299 330 309
f 1087 1289 1297 1292
f 1658 200 197 1651
f 631 629 146 632
f 277 274 276 271
f 860 1536 1437 1535
f 1004 647 1520 1002
f 1109 1097 714 1094
f 204 205 203 207
f 1349 1278 1277 1351
f 1280 1351 1277 1281
f 1432 1185 981 1187
f 1155 1159 1157 1158
f 1115 1279 1112 1116
f 1453 1414 1401 1413
f 1170 1555 1513 1169
f 1555 1170 1513 1556
f 1034 669 667 1033
f 146 149 631 632
f 1384 970 1383 967
f 693 550 584 547
f 440 439 31 1240
f 339 252 251 254
f 813 1304 1503 810
f 1199 258 993 1200
f 1185 1432 981 1431
f 820 864 384 863
f 1170 964 1004 1002
f 813 814 1308 810
f 332 428 151 331
f 1394 1232 1393 1390
f 1230 1390 1232 1391
f 1115 1282 1279 1116
f 189 181 190 192
f 1428 1527 1554 1528
f 1554 1425 1527 1428
f 1117 803 1296 1118
f 1376 598 1211 1208
f 1159 1155 1157 1156
f 587 884 585 1747
f 884 883 585 1747
f 1616 1598 1674 1615
f 1276 229 1275 1202
f 429 32 141 432
f 144 354 20 357
f 244 737 740 739
f 762 908 1088 1090
f 486 487 564 483
f 484 564 487 483
f 566 561 484 562
f 286 294 291 292
f 294 285 291 293
f 562 566 487 484
f 1712 1661 1671 1711
f 1670 1672 1669 627
f 1526 966 653 965
f 965 653 1526 650
f 134 133 833 846
f 794 901 745 902
f 1648 1451 1445 1452
f 121 959 120 119
f 51 557 50 49
f 51 50 558 52
f 120 121 122 960
f 380 28 27 26
f 26 25 27 380
f 15 14 13 348
f 15 14 348 16
f 62 63 605 61
f 63 62 605 64
f 97 96 691 98
f 96 97 691 95
f 568 180 476 475
f 980 975 979 978
f 1680 1712 1682 1671
f 1405 1234 1406 1403
f 1289 1290 1291 1292
f 1091 1092 716 806
f 474 298 294 297
f 1289 1469 1290 1292
f 480 479 473 435
f 474 436 480 473
f 1430 1034 1231 1229
f 1033 1229 1430 1429
f 1517 1322 957 1321
f 1588 1415 1590 1593
f 524 535 522 1751
f 669 672 1402 1034
f 1401 1034 669 1402
f 1303 1305 813 1304
f 375 1127 1126 1129
f 1292 1297 1087 1298
f 1686 1726 1725 1681
f 987 471 472 469
f 1542 1010 1510 1508
f 363 409 410 365
f 615 551 195 548
f 1004 646 647 1002
f 713 714 715 717
f 717 715 713 718
f 198 202 1644 1643
f 198 202 201 1644
f 202 198 199 1643
f 195 196 178 552
f 175 195 178 552
f 109 611 68 614
f 748 14 69 750
f 45 98 692 689
f 1692 1728 1698 1727
f 1346 1335 1160 1157
f 1385 1326 1387 1375
f 121 955 959 953
f 50 333 558 334
f 558 257 51 259
f 660 120 960 658
f 27 369 372 382
f 605 61 576 574
f 15 903 905 348
f 1096 674 673 676
f 967 971 970 1551
f 782 739 781 539
f 737 537 781 739
f 537 737 743 744
f 737 537 739 744
f 200 199 197 1651
f 243 743 737 244
f 1157 1164 1156 1162
f 1157 1159 1164 1160
f 1040 1241 1043 1042
f 924 939 936 948
f 732 728 730 729
f 1703 1486 1485 1489
f 728 731 792 1092
f 494 493 498 495
f 826 41 131 825
f 290 77 129 288
f 686 1112 681 1115
f 316 425 209 319
f 1547 1564 1561 1545
f 1547 1564 1563 1561
f 1580 1578 1575 1576
f 1577 1580 1575 1576
f 1578 1580 1579 1576
f 1578 1575 1576 1611
f 1576 1612 1578 1611
f 1578 1579 1612 1576
f 1087 1089 1292 1298
f 659 120 657 1735
f 731 778 728 792
f 932 1093 674 929
f 1679 1684 1725 1686
f 945 944 228 946
f 366 363 410 365
f 1370 1205 1324 1206
f 14 748 347 750
f 98 691 692 689
f 693 722 827 694
f 176 177 179 569
f 177 180 179 569
f 696 1150 699 542
f 1100 792 791 684
f 1186 387 823 1188
f 178 175 508 1749
f 1536 984 981 1195
f 900 449 896 897
f 403 212 319 209
f 986 981 1432 983
f 508 175 507 1749
f 1108 625 748 1107
f 1135 1077 937 940
f 1453 1454 451 1607
f 645 648 1003 643
f 1091 1092 1100 716
f 299 322 310 301
f 321 310 299 322
f 1153 1637 1156 1151
f 1711 1680 1669 1671
f 1283 1471 1284 1472
f 485 490 488 273
f 1311 1145 1146 1312
f 1589 1590 1588 1070
f 1588 1067 1587 1589
f 1437 1628 860 1627
f 1627 860 1437 858
f 414 802 415 804
f 1229 1231 1430 1569
f 1429 1229 1430 1569
f 1489 1485 1703 1488
f 1703 1704 1489 1488
f 423 623 338 424
f 651 652 188 649
f 884 596 595 599
f 1335 1336 1318 1317
f 1336 1333 1334 1317
f 238 249 246 245
f 172 169 267 874
f 300 301 327 299
f 299 327 312 314
f 1301 1105 1299 1138
f 720 531 395 719
f 1147 1148 1197 839
f 1198 989 1196 990
f 1196 1195 989 1197
f 498 497 496 493
f 1401 1402 1414 1454
f 1577 1613 1580 1576
f 1613 1579 1580 1576
f 196 653 615 650
f 1551 967 971 968
f 598 1376 1172 595
f 489 273 490 485
f 1576 1608 1615 1579
f 727 780 730 742
f 780 727 741 742
f 1543 1023 1022 1544
f 1582 1396 1584 1549
f 1559 1563 1649 1561
f 1442 1439 986 1436
f 897 1453 1414 900
f 254 253 252 251
f 253 254 252 256
f 1373 1371 1372 1006
f 441 445 444 1226
f 1256 374 373 377
f 917 1268 928 918
f 995 994 1252 997
f 1049 1249 1047 1048
f 1226 445 1227 1225
f 1255 370 373 367
f 984 1536 1196 1195
f 694 958 698 695
f 923 947 784 948
f 304 264 308 307
f 578 579 580 709
f 773 774 232 775
f 594 589 591 590
f 1283 1472 1287 1286
f 1472 1284 1283 1287
f 670 1034 672 667
f 489 486 475 483
f 909 1274 1464 910
f 1273 1463 909 1274
f 1569 1391 1394 1389
f 35 659 657 1735
f 977 979 975 976
f 1721 1463 1485 1464
f 1126 375 1129 1694
f 1551 1388 1552 1546
f 342 341 723 345
f 344 723 345 725
f 873 267 169 874
f 519 520 482 517
f 958 694 957 695
f 632 351 253 256
f 311 253 351 313
f 256 351 253 313
f 1322 957 958 1518
f 1322 1517 957 1518
f 1153 1638 1159 1156
f 853 387 864 384
f 1265 1501 928 1502
f 174 171 875 239
f 1387 1522 1375 1524
f 1522 1387 1375 1385
f 959 119 121 953
f 558 52 50 334
f 557 49 51 257
f 122 120 960 660
f 25 27 380 369
f 576 63 61 605
f 15 13 903 348
f 1402 1604 1602 1430
f 1157 1534 1161 1533
f 492 460 490 489
f 365 409 410 411
f 1350 993 930 933
f 1211 1012 1214 1014
f 708 706 577 705
f 1201 229 774 1202
f 1026 1025 589 590
f 1324 1371 1369 1373
f 602 57 604 601
f 57 603 604 601
f 642 560 865 641
f 490 486 476 489
f 900 1419 898 1421
f 276 490 273 488
f 1155 1638 1158 1319
f 751 624 753 344
f 1116 1113 1112 1114
f 385 388 1432 1244
f 1419 897 1414 900
f 107 68 611 66
f 68 107 611 109
f 16 69 750 71
f 69 16 750 14
f 98 45 96 689
f 45 98 47 692
f 686 682 681 683
f 1394 1231 1391 1569
f 271 277 281 278
f 1261 1497 1698 1264
f 1182 1149 1533 1181
f 609 1030 1377 612
f 1386 1547 1546 1545
f 780 924 923 784
f 1609 1390 1232 1230
f 1232 1610 1393 1390
f 619 1326 972 969
f 1468 1127 1465 1130
f 1247 1432 388 1244
f 1431 385 1432 1244
f 803 1295 1117 1296
f 1636 1595 1635 1633
f 1507 1542 1514 1509
f 820 819 824 821
f 169 172 876 874
f 1415 1417 1590 1593
f 458 419 460 455
f 596 884 595 883
f 985 986 1439 1436
f 1164 697 1151 1162
f 1392 1389 1624 1572
f 1433 290 1434 287
f 647 1519 1002 644
f 1026 1016 1023 1018
f 1480 361 1258 1479
f 531 459 398 395
f 531 456 459 395
f 1617 1620 664 1619
f 131 132 41 826
f 77 130 79 290
f 130 77 129 290
f 132 43 41 826
f 1685 1664 1668 1683
f 173 163 145 166
f 1519 647 1520 1729
f 494 497 525 518
f 520 525 526 497
f 1464 1485 1721 1722
f 526 510 497 525
f 525 510 497 494
f 1540 1513 1511 1515
f 199 200 198 202
f 200 202 201 198
f 466 468 467 464
f 929 931 674 934
f 674 932 929 934
f 168 286 269 266
f 1555 1004 1520 1002
f 1634 1672 1661 1670
f 405 401 406 402
f 750 14 16 348
f 691 96 689 98
f 1723 1485 1487 1724
f 1490 1485 1724 1487
f 1137 1299 1105 1138
f 1105 1301 1106 1138
f 1427 1619 1426 1617
f 852 1450 851 848
f 577 579 709 708
f 706 708 577 709
f 774 232 776 1202
f 232 774 229 1202
f 592 1026 589 590
f 1026 592 593 590
f 199 1652 1653 1651
f 1375 1385 1326 1325
f 1452 1445 1718 1451
f 1451 1445 1718 1717
f 1475 1062 1061 1477
f 1353 996 995 1354
f 1698 1261 1705 1697
f 1304 1306 813 1503
f 473 436 480 435
f 225 630 711 632
f 964 1170 962 1002
f 1465 1466 1468 1130
f 876 873 169 874
f 696 700 1164 697
f 413 761 414 417
f 364 363 410 366
f 971 1552 970 1551
f 228 227 943 230
f 17 1257 1059 1258
f 1059 19 17 1258
f 237 238 242 241
f 237 238 241 235
f 249 242 238 241
f 246 241 238 235
f 895 898 1418 1417
f 1217 1022 1223 1215
f 1614 1651 1656 1613
f 346 338 623 340
f 623 624 346 340
f 1506 840 841 1505
f 837 838 841 1505
f 508 552 400 507
f 552 400 507 397
f 496 501 642 493
f 1036 1405 603 1035
f 168 164 165 266
f 1093 932 674 1096
f 1096 932 674 677
f 811 1194 814 1307
f 1194 1308 814 1307
f 1715 1485 1725 1726
f 464 1628 466 463
f 728 732 730 731
f 640 265 298 639
f 265 640 298 268
f 1634 1678 1642 1641
f 514 500 511 509
f 747 1267 1075 1265
f 1220 1543 1023 1219
f 1219 1543 1023 1020
f 1314 1312 844 1311
f 1213 1214 1208 1012
f 1597 1599 1676 1600
f 1596 1675 1597 1599
f 1688 1121 1492 1123
f 735 655 733 909
f 988 1309 472 1310
f 1376 598 1208 595
f 1326 972 622 619
f 945 228 943 230
f 230 945 228 231
f 1305 813 1308 1303
f 1661 1633 1636 1634
f 217 215 216 219
f 219 215 218 220
f 199 1654 1652 202
f 1672 1669 1661 1670
f 854 387 864 853
f 720 396 395 399
f 1341 1306 976 1304
f 835 817 1179 836
f 986 1442 1436 983
f 986 1444 1439 1442
f 1486 1490 1485 1489
f 644 646 648 643
f 238 237 236 235
f 949 203 757 760
f 1566 1565 1557 1173
f 264 304 308 262
f 308 262 304 305
f 1002 646 647 644
f 806 1091 729 805
f 1520 1732 1555 1731
f 1731 1555 1520 1519
f 850 1442 848 1444
f 1248 1441 1245 1243
f 23 22 21 407
f 22 23 24 408
f 920 794 901 793
f 249 238 248 245
f 911 1285 1284 1287
f 1507 1510 1322 1508
f 1390 1392 1394 1389
f 167 267 269 270
f 1404 1610 1403 1609
f 1536 1440 860 1437
f 791 792 759 684
f 756 791 759 684
f 417 1080 1079 1120
f 628 1669 1671 1672
f 1595 1636 1635 1598
f 1171 1375 1326 1325
f 1597 1595 1596 1599
f 1599 1597 1595 1600
f 685 681 227 230
f 1198 842 869 867
f 842 1198 839 867
f 1709 1672 1634 1670
f 1151 1153 1164 1156
f 941 795 797 798
f 1464 1488 1485 1722
f 1023 621 1220 1219
f 1023 618 1219 1020
f 1078 937 1077 940
f 937 1078 1077 1076
f 1622 1652 1614 1651
f 1621 1614 1651 1622
f 861 891 892 849
f 852 862 892 849
f 866 1536 1535 1195
f 1674 1595 1615 1598
f 824 820 864 823
f 1304 813 1303 810
f 178 177 176 175
f 1383 1220 1384 1381
f 1412 1407 1408 1410
f 1562 1640 1425 1564
f 1489 1490 1485 1488
f 1190 680 290 288
f 1723 1721 1485 1722
f 415 417 804 418
f 401 402 403 406
f 401 405 406 404
f 746 150 221 224
f 150 147 745 221
f 1190 383 1189 388
f 190 183 192 181
f 674 676 675 673
f 472 470 1309 987
f 1309 988 472 987
f 504 496 514 511
f 1173 645 1003 1001
f 1174 648 1003 1173
f 1111 1095 714 1114
f 1681 401 404 1493
f 680 383 1190 386
f 1190 679 383 680
f 1414 1453 1401 1454
f 982 986 1436 983
f 428 151 154 332
f 1378 1379 1224 1380
f 1076 1075 747 749
f 1075 1076 1077 749
f 867 842 819 839
f 819 869 842 867
f 963 582 583 961
f 1631 1634 1661 1670
f 354 144 20 143
f 32 141 432 142
f 897 1453 1413 1414
f 763 1105 764 1138
f 1193 1506 841 1505
f 838 1193 841 1505
f 1218 65 138 1216
f 914 1285 911 1287
f 914 1285 1287 1288
f 1445 893 1447 1446
f 1523 1174 1558 1557
f 430 81 431 434
f 355 633 73 358
f 680 1190 679 288
f 1206 1210 1011 1205
f 1195 866 989 865
f 735 1084 765 1086
f 1704 1715 1488 1703
f 1703 1485 1715 1488
f 1330 1559 1549 1327
f 1550 1330 1560 1549
f 826 131 809 825
f 129 290 288 287
f 265 640 468 639
f 640 268 265 468
f 315 318 308 264
f 456 523 455 521
f 192 189 181 1101
f 1111 1113 1095 1114
f 1121 1688 1492 1687
f 346 341 345 344
f 383 387 853 384
f 1153 1159 1164 1156
f 698 958 1154 695
f 534 524 531 1751
f 145 147 170 173
f 1263 1481 1476 1260
f 1587 1457 1689 1690
f 1589 1457 1690 1459
f 1197 1148 1198 839
f 579 604 890 889
f 579 604 889 602
f 590 587 884 585
f 883 590 884 585
f 781 418 782 539
f 1570 1569 1611 1746
f 1154 957 695 958
f 1044 29 140 1041
f 1594 1590 1592 1700
f 517 474 480 473
f 517 480 479 473
f 1108 748 1078 1107
f 1145 1311 1146 1143
f 1146 1143 1311 1144
f 1715 1716 1488 1726
f 1546 1551 1388 1386
f 1388 1548 1552 1546
f 474 517 480 519
f 864 820 384 823
f 1168 687 1345 1167
f 275 274 277 280
f 277 281 274 271
f 281 274 280 277
f 1160 1159 1158 1157
f 1395 1398 1332 1397
f 812 131 809 826
f 289 290 130 287
f 1706 1259 1264 1262
f 1331 1381 1330 1328
f 674 932 934 677
f 739 537 781 539
f 537 739 744 539
f 1419 897 1413 1414
f 541 545 1150 542
f 542 1150 541 1149
f 1209 1731 1730 1729
f 480 335 458 479
f 29 139 140 1041
f 785 786 787 789
f 785 788 789 790
f 901 922 902 794
f 1346 1335 1333 1529
f 1529 1333 1346 1345
f 687 691 690 1529
f 1465 1467 1127 1468
f 1672 1661 1662 1634
f 1612 1570 1611 1746
f 737 244 740 243
f 979 1340 977 1342
f 392 1493 1273 1495
f 1079 761 762 417
f 625 1108 748 626
f 748 626 1108 750
f 714 1114 713 1111
f 550 552 551 548
f 354 143 20 18
f 32 429 141 30
f 174 170 172 171
f 848 850 852 847
f 850 852 851 848
f 1593 1594 896 899
f 595 600 599 596
f 65 138 67 1218
f 383 1189 388 385
f 65 137 138 1216
f 1353 930 993 933
f 694 957 695 693
f 1476 1263 1474 1478
f 502 1145 1148 1147
f 1526 965 1173 966
f 1158 1168 1345 1167
f 1316 1309 1310 472
f 1341 1304 1178 1306
f 730 217 727 742
f 217 741 727 742
f 1498 1497 1288 1264
f 1510 1507 1542 1508
f 936 1132 1136 939
f 1131 1136 936 1132
f 1434 862 1246 861
f 1182 1150 1534 1149
f 1127 378 1129 375
f 848 852 1449 849
f 1722 1488 1485 1724
f 1396 1398 1584 1549
f 1550 1584 1398 1549
f 1115 1099 716 1112
f 1437 985 1436 982
f 716 713 1091 806
f 713 805 1091 806
f 1297 1483 1295 1484
f 1606 1612 1576 1611
f 1579 1608 1612 1576
f 584 958 694 957
f 821 472 1315 824
f 866 1195 989 1196
f 1196 866 990 989
f 1588 1067 1589 1070
f 1518 974 1517 957
f 974 1518 958 957
f 393 390 394 1740
f 390 391 394 1740
f 1592 1590 1593 1588
f 1634 1631 1709 1670
f 1616 1635 1598 1615
f 1065 1588 1415 1590
f 492 457 489 491
f 1627 857 859 858
f 1730 1212 1209 1375
f 1212 1730 1376 1375
f 975 980 979 977
f 145 150 173 148
f 1184 383 853 1183
f 1275 1276 1202 1280
f 1275 1201 1277 1280
f 475 476 486 489
f 1222 1224 612 1377
f 1378 612 1224 1377
f 623 424 624 340
f 424 623 338 340
f 395 456 459 491
f 395 492 459 398
f 1652 1622 1581 1651
f 1621 1581 1622 1651
f 226 724 743 726
f 1208 1209 1212 1375
f 1208 1212 1376 1375
f 1696 1701 1693 1694
f 400 395 507 397
f 398 508 400 507
f 1672 1661 1671 1662
f 1095 1094 714 1098
f 992 239 919 240
f 919 992 240 921
f 610 1216 1217 1215
f 701 708 577 705
f 617 1025 1026 590
f 844 1313 1311 843
f 335 480 458 336
f 386 854 1184 853
f 1023 1543 1022 1020
f 81 433 83 434
f 358 73 75 634
f 396 400 395 399
f 1678 1634 1631 1641
f 1131 924 936 923
f 791 681 1099 684
f 523 525 455 521
f 1570 1430 1569 1746
f 630 225 146 632
f 547 582 584 693
f 550 693 584 694
f 310 299 301 330
f 526 480 458 479
f 854 386 387 853
f 1066 1412 1408 1069
f 1661 1712 1671 1662
f 1477 1475 1062 356
f 1457 1589 1690 1587
f 1284 1285 1283 1287
f 1288 1283 1287 1286
f 748 1107 1076 1078
f 1565 1566 1554 1173
f 1692 1697 1727 1698
f 1728 1692 1698 1695
f 445 1574 1624 1572
f 127 62 64 1031
f 64 128 127 1031
f 1479 1260 1480 1474
f 1455 1235 1238 1239
f 1326 619 597 1325
f 546 536 721 533
f 533 721 546 543
f 1613 1651 1656 1655
f 470 1315 472 1309
f 1105 763 1137 1138
f 1105 1106 764 1138
f 1093 674 673 1096
f 676 1096 674 677
f 1171 1326 600 597
f 441 444 446 573
f 918 927 917 906
f 892 1047 1048 849
f 994 993 258 997
f 367 371 370 1254
f 409 337 251 411
f 665 1659 661 662
f 661 1660 665 664
f 341 346 623 344
f 980 855 975 856
f 812 131 826 132
f 290 129 130 287
f 1343 1348 1338 1337
f 672 669 668 667
f 1137 952 950 1299
f 886 153 162 156
f 153 886 162 885
f 1546 1388 1547 1386
f 1388 1546 1547 1548
f 1569 1394 1392 1389
f 1617 1427 186 1424
f 613 66 65 610
f 1168 690 1346 1345
f 200 1658 1652 1651
f 54 53 587 585
f 57 604 58 602
f 1121 1492 1122 1491
f 1123 1124 1122 1492
f 1649 1650 199 1643
f 1322 1152 957 1321
f 1183 78 1184 383
f 37 1192 872 1191
f 577 579 708 703
f 617 1026 593 590
f 1032 1403 1035 1031
f 1405 1036 1032 1035
f 1655 1651 1656 1657
f 808 481 518 807
f 482 518 808 481
f 1588 1587 1699 1589
f 1588 1590 1589 1700
f 714 1098 1114 1095
f 896 899 1666 452
f 373 367 370 1254
f 927 917 928 918
f 1047 1049 1048 849
f 997 993 995 994
f 445 446 441 444
f 1643 1564 1640 1562
f 1099 713 1091 716
f 1170 1169 962 1002
f 816 818 532 815
f 532 818 535 815
f 763 1105 85 764
f 1390 1626 1392 1624
f 798 800 941 942
f 800 941 797 798
f 1197 1198 1196 867
f 966 1174 1003 1173
f 1003 965 1173 1001
f 188 187 185 652
f 185 188 652 649
f 1108 785 788 789
f 786 785 1108 789
f 343 252 338 346
f 1396 1581 1573 1571
f 64 62 605 1031
f 696 1150 542 1149
f 545 699 1150 542
f 1707 1725 1485 1726
f 1283 1288 1287 1285
f 375 378 1129 1694
f 375 1126 1691 1694
f 1261 1698 1705 1264
f 1264 1698 1705 1706
f 1062 1063 1061 1477
f 158 160 159 157
f 1633 1711 1661 1712
f 1084 735 765 733
f 1158 1168 1346 1345
f 1195 1535 866 865
f 938 787 785 935
f 682 686 681 685
f 685 681 684 686
f 1160 1161 1534 1163
f 1534 1157 1161 1160
f 1168 1320 956 1167
f 691 1530 690 1529
f 909 910 735 656
f 1137 772 763 771
f 623 344 751 341
f 1201 1275 229 1202
f 1204 586 506 588
f 1203 506 586 505
f 1186 820 823 384
f 1426 1618 1423 1617
f 1560 1550 1549 1649
f 1618 1617 664 661
f 1173 648 645 1521
f 989 866 560 865
f 559 560 865 989
f 1303 813 1308 810
f 835 817 815 1179
f 864 387 823 384
f 300 304 249 246
f 237 263 332 234
f 786 1107 625 1108
f 685 684 681 230
f 227 682 681 685
f 1594 1664 1700 1592
f 1661 1633 1634 1631
f 350 216 215 219
f 219 218 215 350
f 179 178 180 177
f 179 178 177 176
f 395 398 400 507
f 1669 1672 1661 1671
f 1114 1113 1095 1098
f 1210 1206 1324 1205
f 928 1266 1265 1267
f 238 246 235 245
f 896 900 899 452
f 716 1114 713 717
f 305 262 315 308
f 308 262 315 264
f 1419 900 898 897
f 327 301 314 299
f 1215 1022 1223 1221
f 199 200 1652 1651
f 840 839 819 842
f 1008 1372 1005 1006
f 1306 813 1305 1304
f 403 316 209 319
f 66 67 68 613
f 67 66 65 613
f 1336 1335 1530 1529
f 1334 1333 1336 1529
f 728 791 1091 792
f 1326 971 972 969
f 835 556 817 836
f 545 544 546 541
f 1666 1675 1668 1663
f 1509 1516 1542 1514
f 1044 1237 29 1041
f 1527 1528 186 651
f 777 791 728 792
f 1368 1358 1364 1365
f 1368 1364 1360 1367
f 208 203 205 207
f 208 206 203 207
f 1711 1661 1671 1669
f 1277 1201 191 1280
f 1624 1574 1392 1572
f 1694 1126 1692 1695
f 1694 1129 1126 1695
f 1559 1330 1549 1560
f 677 675 676 678
f 447 451 450 1607
f 149 150 145 148
f 970 1330 967 1559
f 1542 1541 1007 1508
f 1590 1417 1065 1068
f 1417 1065 1415 1590
f 415 781 537 418
f 1241 1043 1042 1242
f 1241 1040 1039 1042
f 1340 1182 1341 1339
f 1444 986 1443 1442
f 1442 986 1443 983
f 1432 385 1185 388
f 1187 388 1432 1185
f 1650 1644 202 1643
f 1650 202 199 1643
f 1246 1443 1248 1441
f 1441 1248 1246 1243
f 896 1593 899 1417
f 304 249 302 300
f 249 307 304 302
f 234 263 332 331
f 261 263 234 331
f 926 1289 1292 1484
f 1276 232 229 1202
f 569 570 157 571
f 572 157 570 571
f 1403 1406 1610 1404
f 538 753 344 751
f 687 688 691 1529
f 1586 1618 1426 1620
f 157 572 570 160
f 152 162 155 572
f 572 152 159 571
f 1661 1636 1662 1634
f 700 696 1164 699
f 385 1432 1185 1431
f 852 848 847 849
f 459 524 523 522
f 260 993 258 1200
f 260 996 993 1200
f 1447 1363 1538 1366
f 1537 1445 1363 1538
f 1345 1333 1346 1157
f 1335 1346 1333 1157
f 261 319 318 263
f 520 517 525 518
f 199 200 202 1652
f 619 621 617 618
f 1441 1442 1443 983
f 810 814 1308 1307
f 814 810 811 1307
f 447 448 451 1607
f 448 447 1605 1607
f 691 1336 1334 845
f 1714 1711 1597 1712
f 1536 866 1196 1195
f 807 640 481 639
f 1557 1174 1566 1173
f 722 399 694 396
f 1458 1067 1066 1460
f 459 460 455 458
f 1646 1537 1363 1538
f 1538 1363 1646 1366
f 410 365 411 412
f 1436 1438 1440 1435
f 866 989 560 990
f 472 988 471 987
f 472 470 987 469
f 1563 1650 1560 1649
f 1563 1559 1649 1560
f 1217 613 1218 1216
f 1216 1217 613 610
f 163 173 145 170
f 577 578 706 709
f 578 577 579 709
f 773 774 229 232
f 776 232 774 775
f 592 594 593 590
f 594 592 589 590
f 1205 1370 1324 1369
f 1369 1324 1205 1323
f 654 652 188 651
f 651 188 186 649
f 1087 1088 911 914
f 923 947 783 784
f 556 816 815 818
f 613 614 68 611
f 1058 1069 437 438
f 1567 443 1568 1395
f 666 665 664 663
f 621 1023 1026 618
f 1070 1066 1067 1460
f 1515 1540 1512 1511
f 231 945 228 946
f 944 945 228 943
f 1381 1331 1330 1383
f 1595 1633 1636 1600
f 957 1154 1322 958
f 1666 896 1663 1594
f 924 1131 936 1132
f 936 939 924 1132
f 1263 1264 1259 1262
f 1235 1237 1238 1239
f 345 343 341 346
f 1326 971 969 968
f 383 1184 853 386
f 1344 1348 1338 1343
f 1348 1343 1347 1337
f 1373 1324 1370 1369
f 1324 1371 1323 1369
f 318 315 261 264
f 128 64 1032 1031
f 1042 1237 1039 1239
f 1097 714 1098 717
f 691 690 692 687
f 99 1184 853 1183
f 1533 1182 1333 1534
f 1660 1710 664 1709
f 1016 1024 1017 1021
f 1017 1021 1015 1016
f 173 172 164 167
f 164 170 172 173
f 504 500 501 511
f 387 383 853 386
f 1352 996 993 933
f 1106 87 85 764
f 1106 85 1105 764
f 1274 1463 909 1464
f 441 445 1226 442
f 1228 444 445 1226
f 373 1256 377 376
f 374 1256 373 1255
f 1373 1374 1009 1372
f 1372 1009 1373 1006
f 917 928 1266 926
f 1268 917 928 1266
f 994 1251 995 1252
f 997 1252 995 998
f 1048 1052 1049 1250
f 1049 1249 1048 1250
f 1225 1226 445 442
f 445 1227 1228 1226
f 370 1255 373 1256
f 1256 373 370 376
f 1339 1532 834 1531
f 1261 1705 1259 1264
f 1264 1705 1259 1706
f 1097 1109 714 1110
f 791 756 681 684
f 365 410 366 412
f 1118 1131 1296 1117
f 402 394 405 392
f 194 190 1356 193
f 1636 1633 1661 1712
f 724 723 743 726
f 421 458 336 335
f 1453 448 1605 1607
f 448 1453 451 1607
f 1326 1376 1387 1375
f 1719 1688 1720 1630
f 1016 1024 1018 1017
f 164 168 269 266
f 548 550 552 547
f 549 548 552 547
f 1615 1678 1635 1632
f 1632 1615 1678 1677
f 696 697 1164 1162
f 1184 854 101 853
f 1101 181 192 1102
f 183 192 181 1102
f 1299 1300 935 938
f 938 1299 1300 1302
f 1532 1182 1181 1339
f 1452 1447 1445 1648
f 1648 1451 1647 1445
f 486 485 488 487
f 292 325 294 323
f 486 485 487 483
f 485 487 483 484
f 323 294 292 291
f 294 323 293 291
f 1336 691 846 845
f 1334 688 691 845
f 1535 985 1437 982
f 893 873 876 874
f 1368 1363 1364 1366
f 921 240 919 882
f 881 240 919 239
f 957 694 584 693
f 584 582 957 693
f 164 269 267 266
f 361 1480 1258 362
f 1363 1447 1538 1445
f 465 466 464 468
f 1043 1071 707 1072
f 707 710 1043 1072
f 976 1339 1341 1304
f 818 817 535 815
f 1108 748 750 1078
f 1267 1075 1265 1502
f 897 1419 895 898
f 1699 1703 1683 1704
f 1157 1333 1534 1533
f 507 175 552 549
f 606 1032 64 1031
f 1186 388 387 1188
f 610 613 66 611
f 1186 387 384 823
f 722 719 536 720
f 166 145 173 148
f 1495 1274 1273 392
f 418 781 537 539
f 1430 1033 1401 1034
f 309 607 163 310
f 936 1134 1133 1135
f 502 1312 1145 1311
f 80 386 1184 383
f 871 37 872 1191
f 1098 714 1114 717
f 1339 1181 1532 1531
f 1082 1465 379 1081
f 1466 379 1082 1465
f 1259 1128 1269 1262
f 263 318 261 264
f 735 1086 765 766
f 437 1066 1408 1069
f 572 159 157 571
f 1044 29 31 140
f 196 615 551 195
f 1392 1570 1394 1569
f 1442 850 848 847
f 850 851 1444 848
f 1112 1115 1116 1114
f 621 619 617 622
f 1664 1666 1668 1663
f 789 87 85 1106
f 85 1105 789 1106
f 157 160 159 572
f 443 1568 445 1567
f 1412 1411 1408 1069
f 1412 1066 1408 1409
f 379 1466 1082 381
f 166 607 310 163
f 856 541 1150 855
f 861 862 1246 847
f 1454 1414 1453 900
f 648 1521 644 645
f 500 512 514 503
f 1123 1629 915 1630
f 912 1123 1629 915
f 1665 1664 1683 1668
f 1664 1685 1668 1667
f 898 1419 1420 1421
f 379 1082 1081 382
f 1537 1648 1445 1538
f 379 1081 380 382
f 1231 1394 1570 1569
f 1701 1691 1693 1694
f 1595 1636 1598 1600
f 162 161 160 159
f 1305 1348 1344 1303
f 243 737 738 740
f 379 1082 382 381
f 722 546 536 721
f 1653 1654 199 1582
f 1305 979 1306 976
f 1305 1303 976 1304
f 1156 1164 1151 1162
f 622 617 621 620
f 1324 1511 1371 1512
f 1557 1523 1174 1521
f 1603 1607 1454 1601
f 1336 1334 845 1317
f 1336 846 1318 1317
f 761 416 417 413
f 1262 1128 1269 1271
f 1128 1259 1269 1125
f 29 31 439 1240
f 1595 1635 1615 1598
f 1082 1127 374 1130
f 1087 1089 1090 914
f 1088 1087 1090 914
f 895 1416 1415 1417
f 615 195 196 650
f 1485 1490 1724 1488
f 674 1360 1364 677
f 936 1302 938 1300
f 1300 936 935 938
f 1407 1412 1408 1409
f 1408 1411 1412 1410
f 676 674 675 677
f 1343 1344 1348 1303
f 1348 1343 1303 1347
f 68 66 613 611
f 985 1535 1437 1536
f 1326 1172 1376 1375
f 1267 747 1075 749
f 1077 1267 1075 749
f 880 894 879 1448
f 1560 1549 1559 1649
f 1550 1560 1650 1649
f 693 722 396 721
f 1405 1406 1610 1403
f 1678 1658 1642 1657
f 1112 686 681 683
f 708 707 1071 1072
f 707 708 710 1072
f 346 341 623 343
f 1190 383 388 386
f 1167 1155 1158 1319
f 500 528 512 503
f 1125 1467 1269 1468
f 1173 1525 1554 1553
f 19 361 1258 362
f 523 456 522 521
f 1415 1593 896 1417
f 1597 1713 1711 1714
f 1114 714 713 717
f 583 551 615 548
f 1556 1004 1520 1555
f 395 720 399 398
f 193 183 190 1200
f 1376 1524 1387 1375
f 1525 1554 1526 1173
f 1512 1511 1371 1006
f 1172 1375 595 1376
f 1246 850 1443 1441
f 1246 847 1441 1243
f 1497 1261 1288 1264
f 85 1105 786 789
f 1206 1210 1013 1011
f 1207 1011 1210 1205
f 600 595 597 596
f 1485 1715 1488 1726
f 1627 859 860 858
f 1628 859 860 1627
f 1243 1434 1246 861
f 136 181 135 1102
f 753 538 344 540
f 1465 379 407 1466
f 1211 1014 1210 1012
f 374 1081 1127 1082
f 1704 1683 1700 1685
f 1700 1699 1683 1704
f 149 146 225 632
f 1450 1049 1537 1449
f 1628 466 467 464
f 1503 1504 813 809
f 440 1455 30 439
f 1440 985 1439 1436
f 818 556 817 815
f 816 556 815 555
f 665 661 663 662
f 665 661 664 663
f 1466 379 407 381
f 1665 1675 1663 1668
f 1360 674 931 934
f 1297 1120 1296 1119
f 1447 1538 1445 1648
f 1648 1537 1445 1647
f 361 1258 1479 1257
f 824 823 822 819
f 846 1336 845 1317
f 898 1422 1420 1418
f 1123 912 1629 1121
f 669 1034 667 672
f 190 194 1356 191
f 1128 1125 1269 1468
f 1271 1128 1269 1468
f 1094 673 1109 1097
f 541 546 545 543
f 644 648 647 1523
f 1224 1222 1379 1377
f 1379 1378 1224 1377
f 1184 78 80 383
f 1192 37 872 39
f 556 815 835 817
f 815 556 835 555
f 1590 1588 1592 1700
f 952 1299 1138 1301
f 548 615 583 581
f 162 152 159 572
f 1296 1134 1131 1136
f 1386 1551 971 968
f 1223 1222 1221 1379
f 1224 1223 1380 1379
f 1566 1174 1554 1173
f 534 398 720 531
f 1360 674 1364 1358
f 1281 1351 1278 1362
f 620 596 593 599
f 703 668 579 671
f 137 1017 1021 1015
f 1024 138 1017 1021
f 400 396 395 397
f 417 1079 414 1120
f 1633 1597 1711 1712
f 1035 127 128 1031
f 1295 1131 1117 1296
f 1178 1339 1304 1341
f 391 402 389 394
f 394 402 389 392
f 396 694 400 399
f 1020 1016 1023 1025
f 1137 771 206 772
f 858 860 1437 1535
f 262 261 315 264
f 1054 1052 1049 1053
f 1054 995 998 1053
f 1108 625 786 626
f 689 691 687 688
f 631 351 632 352
f 629 351 630 632
f 416 761 417 762
f 707 1040 1071 1043
f 1344 975 1338 978
f 1343 1338 975 1337
f 444 575 446 573
f 446 441 573 443
f 904 917 927 906
f 904 917 925 927
f 1047 892 891 849
f 852 892 1048 849
f 997 993 258 260
f 993 997 996 260
f 368 367 1253 371
f 371 367 1253 1254
f 815 535 532 509
f 1528 188 186 651
f 1528 654 188 651
f 928 1268 1266 1267
f 1265 926 1266 928
f 1307 1194 841 1193
f 523 510 522 513
f 1372 1008 1009 1006
f 1374 1008 1009 1372
f 1147 499 1145 1143
f 1305 1344 979 976
f 1344 1305 1303 976
f 985 1437 1436 1440
f 1260 1473 1476 1474
f 1263 1260 1476 1474
f 772 86 771 89
f 763 764 772 1138
f 632 711 225 712
f 1285 1497 1261 1288
f 1694 1692 1693 1695
f 1607 1453 1454 1601
f 781 418 804 782
f 369 461 84 372
f 516 809 38 515
f 516 809 812 38
f 372 461 84 462
f 529 833 44 830
f 44 530 833 529
f 679 680 78 383
f 110 888 576 574
f 108 888 574 887
f 872 516 39 515
f 12 284 289 283
f 287 12 289 283
f 75 359 358 360
f 680 386 80 383
f 359 76 903 905
f 182 4 257 184
f 257 184 4 259
f 953 46 554 553
f 955 46 554 953
f 871 872 37 515
f 76 359 360 905
f 461 431 81 462
f 462 431 81 434
f 11 333 334 284
f 73 359 355 358
f 284 11 333 283
f 93 204 90 207
f 969 619 1326 1325
f 1430 1429 1569 1746
f 1619 1427 188 1617
f 819 840 822 1316
f 819 840 1316 837
f 150 145 173 147
f 781 415 802 804
f 956 954 1167 1319
f 1167 1320 956 1319
f 1508 1638 1153 1637
f 1382 1219 1384 969
f 458 335 455 479
f 32 429 1456 432
f 20 354 1473 357
f 833 1318 846 1317
f 1013 1012 586 1011
f 1428 1528 1427 1424
f 1561 1564 1643 1562
f 188 161 1619 1617
f 158 188 1617 161
f 1099 1112 713 716
f 367 373 1253 1254
f 852 1048 1049 849
f 917 927 928 925
f 993 997 995 996
f 445 443 441 446
f 1260 1479 1473 1474
f 1260 1263 1480 1474
f 1235 1455 1236 1239
f 1455 1238 1456 1239
f 996 1353 993 933
f 1427 186 188 1617
f 500 512 509 514
f 894 1447 893 1446
f 1447 894 1448 1446
f 728 729 727 730
f 1303 1343 1344 976
f 212 403 319 406
f 1641 1678 1657 1677
f 1204 36 506 1203
f 17 1258 361 1257
f 361 19 1258 17
f 864 824 472 821
f 595 1208 1376 1375
f 1214 586 1213 883
f 798 941 795 952
f 188 158 1617 186
f 1015 104 1017 1016
f 1261 1259 1260 1264
f 1420 1421 1422 898
f 980 978 856 975
f 1718 1447 1445 1452
f 1242 1420 1422 1739
f 586 1014 1013 588
f 455 459 458 523
f 29 1240 1044 31
f 778 760 757 759
f 1042 1240 1237 1239
f 1475 353 1062 356
f 1237 1240 1238 1239
f 748 69 625 626
f 69 748 750 626
f 699 1164 1163 696
f 106 1018 1017 1016
f 488 271 245 485
f 1008 956 1320 1005
f 893 874 879 873
f 1196 1195 1197 867
f 517 520 482 518
f 1349 1361 1278 1362
f 1079 762 1087 1080
f 1617 1619 664 663
f 1137 952 1299 1138
f 1336 1335 1333 1317
f 1499 1484 1501 1500
f 1178 832 826 825
f 455 526 458 479
f 512 527 500 509
f 528 500 512 527
f 598 599 884 595
f 759 1139 755 756
f 1628 859 464 467
f 1631 1635 1678 1632
f 1632 1678 1631 1677
f 1466 1465 1468 1734
f 1438 1436 1451 1435
f 971 1388 1552 1551
f 614 888 109 611
f 45 692 554 689
f 160 162 159 572
f 1664 1665 1663 1668
f 1666 1664 1668 1667
f 1254 1458 1066 1460
f 1317 845 846 830
f 398 400 399 395
f 815 512 527 817
f 808 640 482 481
f 640 807 481 808
f 1289 1291 926 1292
f 177 568 475 180
f 1589 1699 1588 1700
f 439 31 30 440
f 1459 1462 1461 1702
f 1330 1327 967 1559
f 77 290 680 288
f 825 826 41 529
f 1269 1262 1272 1259
f 1270 1259 1269 1272
f 381 407 1466 408
f 614 573 611 1029
f 339 251 411 254
f 1062 1063 1477 1064
f 909 1464 1083 910
f 476 492 491 507
f 491 475 476 507
f 1512 1371 1324 1373
f 45 554 553 689
f 888 107 611 887
f 744 226 743 726
f 1012 1211 1214 1208
f 1184 101 99 853
f 1633 1636 1600 1712
f 784 941 800 942
f 797 783 941 800
f 1692 1691 1126 1694
f 1693 1696 1694 1695
f 1687 1121 1491 1492
f 1145 502 499 1147
f 437 1411 1069 1408
f 1001 645 1003 643
f 1419 1242 1420 1421
f 679 77 680 288
f 826 530 41 529
f 342 343 341 345
f 1164 696 1162 1161
f 696 1164 1163 1161
f 287 10 12 283
f 461 84 82 369
f 516 38 812 40
f 529 44 42 830
f 80 78 680 383
f 888 108 574 110
f 462 81 83 434
f 903 74 76 359
f 4 182 257 2
f 554 48 46 955
f 359 75 358 73
f 872 39 37 515
f 11 9 333 283
f 538 341 751 344
f 1387 971 1326 968
f 1011 506 586 1013
f 1311 1145 499 1143
f 674 1360 677 934
f 870 1195 867 868
f 1680 1713 1679 1714
f 1681 1680 1679 1714
f 1428 1425 1527 1424
f 1528 1428 1527 1424
f 1685 1684 1668 1686
f 1101 135 181 1102
f 183 181 136 1102
f 1262 1269 1272 1271
f 1201 1275 1202 1280
f 1207 1210 1324 1205
f 830 834 1317 831
f 787 938 785 790
f 340 252 346 338
f 235 561 562 484
f 562 487 238 484
f 1097 714 717 1110
f 1373 1512 1371 1006
f 506 1013 588 586
f 506 1011 586 505
f 1070 1069 1066 1460
f 779 783 727 780
f 780 783 727 784
f 1661 1636 1712 1662
f 1315 819 1316 837
f 925 1294 927 928
f 164 168 167 269
f 772 1137 763 1138
f 128 1032 1035 1031
f 128 1032 1036 1035
f 641 501 560 559
f 735 655 909 656
f 1363 1368 1364 1365
f 1366 1364 1368 1367
f 523 455 526 458
f 975 1344 1338 1343
f 1322 1507 1508 1321
f 1113 1111 1112 1114
f 758 757 203 760
f 698 828 694 827
f 1281 1113 1098 1278
f 312 304 307 302
f 312 304 302 300
f 1002 1003 646 643
f 1200 993 1350 1352
f 203 758 208 755
f 1542 1507 1541 1508
f 267 167 269 164
f 1701 1696 1690 1702
f 1277 1278 1279 1281
f 1523 648 1174 1521
f 512 535 817 815
f 1392 1394 1393 1390
f 603 59 57 604
f 1381 1220 1384 1219
f 1448 894 879 1446
f 894 893 879 1446
f 150 145 147 149
f 1651 1614 1656 1652
f 1494 1707 1273 1708
f 1494 1708 1274 1496
f 1630 1720 1719 1728
f 373 370 376 1254
f 1049 1052 1048 852
f 925 928 917 926
f 996 997 995 998
f 443 445 441 442
f 872 1192 988 1191
f 1193 811 1194 871
f 1195 870 867 1196
f 595 1172 600 1171
f 1262 1259 1263 1272
f 1260 1259 1270 1272
f 1008 1010 1009 1007
f 1006 1005 1008 1007
f 755 1140 759 758
f 1140 755 759 1139
f 500 504 514 511
f 1174 966 1526 1173
f 71 69 750 626
f 673 1094 1096 1097
f 552 178 175 508
f 824 823 819 820
f 1236 1039 1237 1239
f 439 1237 29 1240
f 1355 1349 1277 1351
f 1277 1356 1351 1280
f 949 1137 203 951
f 1237 1235 1236 1239
f 1358 674 931 1360
f 842 1198 1148 839
f 508 175 552 507
f 1540 1210 1324 1539
f 1387 1521 1522 1523
f 1423 1640 201 1426
f 188 185 186 649
f 1135 936 1134 1136
f 1113 1281 1098 1116
f 1129 1127 1128 1130
f 276 336 275 335
f 276 273 335 272
f 1534 1160 1335 1157
f 321 313 314 311
f 839 841 840 837
f 666 664 1619 663
f 208 205 203 755
f 758 203 208 206
f 1214 1012 586 1014
f 107 888 611 109
f 692 45 554 47
f 1005 956 1320 1319
f 956 1005 954 1319
f 1500 1484 1501 1502
f 383 388 387 385
f 1119 414 1079 1120
f 165 163 164 168
f 781 769 739 782
f 737 781 767 739
f 1246 1243 861 847
f 676 673 1109 992
f 784 947 941 948
f 394 406 402 405
f 1050 1051 1049 1053
f 1054 1049 1051 1053
f 1050 995 1051 1053
f 1054 1051 995 1053
f 1658 1651 1656 1652
f 1070 1065 1066 1068
f 1083 910 1464 1085
f 290 77 680 79
f 530 41 43 826
f 826 1504 825 809
f 418 781 804 415
f 1397 1568 446 443
f 1173 1557 1174 1521
f 499 502 1145 1311
f 155 151 152 331
f 371 431 434 1058
f 834 833 829 830
f 358 904 355 1064
f 541 856 1150 544
f 1726 1488 1485 1708
f 675 673 676 992
f 613 65 1216 610
f 1218 613 65 1216
f 419 458 335 455
f 1020 1023 618 1025
f 321 312 311 314
f 1248 983 1432 1245
f 807 467 640 464
f 1231 1229 1391 1569
f 1296 1297 1295 1484
f 1320 1005 1007 1008
f 1008 1320 1010 1007
f 755 943 1139 1140
f 755 758 945 1140
f 826 1504 1178 825
f 1324 1207 1205 1323
f 1693 1723 1487 1696
f 942 941 798 952
f 528 512 817 527
f 512 815 527 509
f 1696 1723 1487 1724
f 1490 1696 1487 1724
f 248 488 274 245
f 1071 1043 1242 1072
f 1465 1467 1468 1734
f 149 221 225 146
f 704 1242 1413 1414
f 597 1171 1326 1325
f 203 949 951 760
f 1289 1483 1297 1484
f 1539 1210 1324 1207
f 695 698 694 827
f 1504 826 812 809
f 1440 1536 985 1437
f 943 755 945 1140
f 1469 1287 1470 914
f 1629 1727 1497 1728
f 883 1214 588 884
f 1629 916 915 1630
f 916 912 1629 915
f 85 86 763 764
f 923 779 768 770
f 254 311 305 308
f 643 648 644 645
f 88 86 87 764
f 1362 1278 1281 1098
f 384 383 387 385
f 254 315 411 318
f 409 251 315 411
f 751 623 734 736
f 277 325 282 279
f 277 323 325 279
f 396 694 722 693
f 1568 445 446 443
f 796 798 949 799
f 1421 1242 1420 1422
f 686 681 684 1115
f 824 1316 472 1315
f 1010 1542 1007 1508
f 1547 1561 1546 1545
f 1563 1546 1547 1561
f 1458 1066 1253 1254
f 1201 194 1280 1202
f 1342 1341 979 1340
f 1016 1026 1023 1025
f 151 155 332 331
f 1378 1030 612 1377
f 613 65 67 1218
f 628 156 154 627
f 151 154 156 627
f 1012 1214 586 1213
f 1356 1355 1277 1351
f 1182 1533 1333 1181
f 457 459 455 456
f 1551 971 1388 1386
f 223 226 224 225
f 221 225 222 223
f 926 1294 925 928
f 862 289 892 861
f 1529 1336 691 1530
f 1336 1529 691 1334
f 1572 1624 445 442
f 1295 1134 1131 1296
f 170 174 173 240
f 1075 1135 1077 937
f 1493 392 1273 389
f 1484 1499 1501 1483
f 898 1420 895 1418
f 713 715 805 806
f 713 716 718 806
f 1396 1395 1332 1329
f 1398 1395 1332 1396
f 1212 1731 1540 1732
f 182 181 3 184
f 744 743 723 726
f 1198 869 1196 867
f 1330 970 1560 1559
f 980 856 1150 855
f 1726 1707 1494 1708
f 1708 1494 1726 1496
f 874 894 879 880
f 402 391 403 406
f 786 1108 626 789
f 1513 1540 1511 1539
f 512 535 815 509
f 631 351 629 632
f 1237 1044 29 1240
f 624 736 751 753
f 252 346 712 255
f 941 784 800 783
f 501 499 502 559
f 1062 1477 356 1064
f 1730 1731 1520 1729
f 810 1308 1303 1307
f 1428 1640 1423 1426
f 547 550 397 693
f 847 1246 1441 850
f 1188 870 823 1186
f 1340 979 977 976
f 772 86 89 88
f 88 90 89 772
f 488 271 485 273
f 825 832 826 529
f 1433 288 290 287
f 723 538 537 540
f 540 537 723 539
f 554 692 956 689
f 611 888 573 614
f 90 91 204 93
f 89 91 204 90
f 801 1119 1295 803
f 863 470 864 853
f 1727 1629 1719 1728
f 213 211 1669 210
f 560 501 502 559
f 829 833 529 830
f 530 832 833 529
f 431 462 371 434
f 461 371 431 462
f 573 574 888 887
f 888 575 576 574
f 809 814 516 812
f 516 811 809 515
f 461 369 371 372
f 258 184 257 259
f 182 184 257 258
f 372 371 461 462
f 289 287 283 891
f 892 283 289 284
f 359 358 904 355
f 358 359 904 360
f 903 904 359 905
f 871 811 872 515
f 554 953 954 955
f 953 554 954 553
f 516 872 811 515
f 360 904 905 359
f 284 333 334 892
f 598 600 599 595
f 892 284 333 283
f 1140 943 1139 230
f 227 1139 943 230
f 400 396 397 693
f 58 604 579 602
f 54 587 590 585
f 106 592 1018 1016
f 1296 1298 1297 1484
f 1207 1324 1539 1323
f 926 1292 928 1484
f 1521 648 644 1523
f 552 548 195 551
f 1267 1265 928 1502
f 798 796 949 795
f 346 623 344 624
f 596 620 593 617
f 577 701 668 703
f 1095 1278 1361 1362
f 1431 1432 983 1245
f 69 626 70 625
f 691 688 1334 1529
f 888 611 573 887
f 554 954 553 689
f 317 316 320 1741
f 646 644 648 647
f 745 902 746 794
f 871 872 988 1191
f 530 826 832 529
f 1353 934 1354 1742
f 1038 1037 114 710
f 661 1617 664 663
f 1127 1129 1128 1126
f 289 1434 290 287
f 1381 1330 1328 1327
f 1502 1267 1075 1077
f 1140 945 943 230
f 1720 1688 1719 1724
f 1192 124 988 1191
f 662 886 153 885
f 886 153 156 665
f 817 843 1179 844
f 1180 844 817 1179
f 551 583 584 548
f 388 1186 387 385
f 968 969 1326 1325
f 589 103 594 591
f 773 117 774 775
f 580 113 578 709
f 542 541 545 543
f 1692 1694 1693 1691
f 1387 1523 1386 1521
f 1097 673 1109 676
f 1617 161 1619 663
f 1617 158 161 663
f 771 89 204 772
f 90 204 772 207
f 893 894 874 878
f 1419 898 1420 895
f 1005 1320 1007 1319
f 705 707 1071 708
f 1065 1070 1066 1067
f 1729 1524 1730 1375
f 1588 1699 1592 1700
f 912 916 1629 913
f 429 30 32 1456
f 20 354 18 1473
f 951 1137 952 949
f 952 949 1137 950
f 1523 1387 1524 1522
f 1521 1387 1522 1385
f 86 85 87 764
f 402 391 406 394
f 1242 1413 702 704
f 36 34 506 1203
f 355 356 353 1736
f 987 123 471 469
f 642 501 504 560
f 276 271 488 273
f 167 172 267 270
f 1040 1241 1071 1043
f 356 1062 355 353
f 976 1306 1305 1304
f 46 45 554 553
f 182 3 4 184
f 516 38 39 515
f 359 75 76 360
f 888 108 107 887
f 78 77 680 679
f 284 12 11 283
f 281 274 245 248
f 1234 1403 1031 1233
f 72 786 85 70
f 1730 1212 1731 1209
f 583 548 581 582
f 181 3 1 182
f 702 701 1072 703
f 944 7 228 946
f 1637 1155 1638 1156
f 1616 1678 1635 1615
f 170 169 164 172
f 619 972 1219 969
f 1423 1426 201 1585
f 442 443 445 1567
f 852 1049 1450 1449
f 856 835 855 975
f 1330 1332 1331 1328
f 192 190 194 193
f 1287 911 1469 1284
f 1341 1532 834 1339
f 1568 1397 1398 1395
f 870 1196 869 867
f 397 552 550 547
f 397 549 552 547
f 1656 1616 1579 1615
f 835 541 856 855
f 623 344 624 751
f 1243 1245 1248 1244
f 1126 1128 1127 1125
f 1709 661 1660 1659
f 794 349 215 350
f 1146 841 1145 1143
f 1144 1146 1143 838
f 1408 1407 1236 1410
f 1461 1701 1459 1702
f 772 206 1137 1138
f 470 864 821 863
f 1456 1411 1455 1239
f 1408 1236 1455 1239
f 1223 1224 1222 1379
f 1714 1681 1680 1682
f 1411 1408 1455 1239
f 642 501 560 641
f 1069 1254 1066 1460
f 387 385 1186 384
f 440 32 30 1456
f 176 196 178 195
f 176 195 178 175
f 733 909 1083 735
f 1154 1322 1151 1152
f 1154 1322 1153 1151
f 1182 1532 1341 1339
f 855 980 975 977
f 896 1663 449 1666
f 55 54 53 587
f 55 54 587 56
f 604 57 58 59
f 58 59 60 604
f 858 857 642 641
f 857 642 859 858
f 647 1519 644 1729
f 213 1669 628 627
f 221 223 349 350
f 460 492 459 457
f 1434 1433 287 861
f 1127 1128 1130 1468
f 1146 1314 1348 1313
f 1582 1584 199 1649
f 784 924 923 948
f 1629 1123 1688 1630
f 35 506 658 660
f 221 225 223 224
f 1244 1189 1190 288
f 1006 1008 1009 1007
f 1214 595 883 1213
f 1109 676 992 1110
f 676 675 992 678
f 1681 1494 1495 1496
f 911 1287 1469 914
f 1426 1586 201 1585
f 592 1016 1026 1018
f 948 941 784 942
f 595 1214 1208 1213
f 803 1120 1119 1296
f 889 671 579 668
f 599 593 884 596
f 1508 1153 1510 1322
f 626 69 70 71
f 71 70 626 72
f 1405 1032 1234 1403
f 923 779 770 780
f 1638 1508 1153 1510
f 694 396 400 693
f 691 689 687 692
f 1118 1131 1132 1296
f 1076 1077 937 1075
f 1220 622 972 619
f 1173 1174 648 1521
f 308 254 311 313
f 251 311 305 254
f 983 1248 1432 986
f 1163 696 1150 699
f 47 46 554 48
f 47 46 45 554
f 3 2 182 4
f 3 2 1 182
f 39 40 38 516
f 109 108 888 110
f 76 74 75 359
f 37 39 38 515
f 109 108 107 888
f 79 78 680 80
f 11 10 283 12
f 74 73 75 359
f 10 11 283 9
f 79 78 77 680
f 827 694 695 693
f 1335 1336 1333 1529
f 1592 1699 1664 1700
f 1387 1523 1388 1386
f 1385 1387 1326 968
f 1708 1273 1463 1707
f 164 166 168 163
f 161 666 1619 663
f 1250 1049 1249 1054
f 1250 1052 1049 1054
f 998 1252 995 1054
f 995 1251 1051 1252
f 1508 1153 1322 1151
f 715 713 718 806
f 1023 1026 618 1025
f 1683 1664 1699 1700
f 1683 1664 1700 1685
f 1637 1153 1508 1151
f 374 377 1082 1130
f 1003 964 965 962
f 72 85 789 87
f 889 577 579 602
f 587 590 884 593
f 587 53 586 585
f 450 1596 447 1607
f 375 373 374 378
f 721 536 719 533
f 1123 1629 1688 1121
f 825 1177 832 829
f 871 988 872 1309
f 686 1279 1112 1115
f 388 387 386 383
f 1619 1620 1426 1617
f 1248 1247 1243 1244
f 307 314 312 302
f 801 804 803 769
f 1290 1471 1061 1063
f 1656 1579 1614 1613
f 455 459 523 456
f 726 724 342 225
f 1244 1190 1247 288
f 1547 1557 1386 1558
f 702 701 1071 1072
f 239 875 174 877
f 1320 1158 1638 1319
f 398 720 531 395
f 146 145 629 631
f 696 1163 1150 1161
f 190 191 189 194
f 671 889 579 890
f 884 596 590 883
f 33 506 658 35
f 573 1030 614 575
f 1511 1324 1371 1323
f 1186 870 1185 1188
f 1596 1605 447 1607
f 874 893 879 894
f 344 538 723 540
f 366 635 364 424
f 366 636 635 424
f 686 1282 1279 1115
f 145 146 149 631
f 1607 1605 1453 1601
f 476 180 178 475
f 1729 1522 1524 1375
f 1386 1387 1521 1385
f 1389 1390 1392 1624
f 1464 909 1083 1463
f 235 562 238 484
f 1546 1563 1547 1548
f 206 203 771 1137
f 1643 1563 1564 1561
f 757 777 778 759
f 951 1137 206 1138
f 1728 1497 1629 1498
f 673 991 1109 992
f 1317 846 833 830
f 1097 1096 673 676
f 31 32 30 440
f 1049 1538 1450 1537
f 1471 1477 1481 1475
f 1539 1210 1209 1540
f 1049 1538 1052 1450
f 313 321 314 322
f 151 155 154 332
f 184 181 3 183
f 786 72 85 789
f 501 560 502 504
f 548 552 195 549
f 1440 1439 1438 1436
f 191 189 194 1201
f 673 675 991 992
f 778 796 949 799
f 862 850 1246 847
f 663 886 885 161
f 979 980 1342 977
f 966 1003 964 965
f 684 1139 230 1140
f 227 681 1139 230
f 1629 1688 1719 1630
f 377 374 373 378
f 1034 1401 1430 1402
f 374 1127 378 1130
f 1499 1296 1500 1136
f 703 1072 702 704
f 518 482 517 481
f 403 391 410 412
f 335 275 276 272
f 1297 1080 1120 1079
f 544 556 546 541
f 607 148 166 608
f 184 181 258 182
f 996 1353 995 993
f 1629 1121 1687 1688
f 211 209 212 403
f 214 211 212 406
f 854 100 101 853
f 1428 1640 1564 1425
f 463 1628 466 1717
f 1494 1274 1495 1496
f 1512 1373 1009 1006
f 1426 1428 1427 1423
f 1642 1586 664 1641
f 1586 1641 1585 661
f 503 504 514 500
f 684 1099 1100 1115
f 536 534 531 532
f 1420 1418 1236 1416
f 1210 1208 1211 1012
f 1062 356 355 1064
f 676 1109 1097 1110
f 1210 1539 1209 1207
f 315 317 318 1741
f 1127 1467 1125 1468
f 536 531 533 532
f 950 795 941 952
f 1574 445 1568 1572
f 124 1192 988 126
f 1436 848 1439 1451
f 1063 925 1062 1061
f 1139 759 684 756
f 926 1265 1501 928
f 1440 1436 1435 1437
f 1356 1352 1350 1351
f 1058 1066 437 1069
f 653 652 651 650
f 196 176 178 179
f 1618 1585 1426 1423
f 594 105 103 592
f 117 773 774 115
f 706 113 578 111
f 1717 1438 1451 1435
f 1668 1683 1684 1685
f 550 400 397 693
f 1297 1295 1119 1296
f 153 162 155 152
f 834 833 832 829
f 371 431 1058 368
f 1064 358 904 906
f 642 495 493 641
f 1364 1363 893 1366
f 1615 1579 1656 1655
f 525 526 455 479
f 1569 1392 1575 1389
f 492 476 508 507
f 1534 1149 1161 1533
f 968 1326 1385 1325
f 393 635 366 636
f 364 390 635 366
f 497 498 808 494
f 804 801 802 769
f 988 123 125 471
f 153 151 156 627
f 595 884 1214 883
f 1596 450 1599 1607
f 222 630 711 225
f 1127 1128 1468 1125
f 7 944 228 5
f 315 254 411 251
f 947 784 941 783
f 1534 1182 1333 1335
f 271 281 245 278
f 275 277 272 435
f 926 1292 1294 928
f 934 933 1353 1354
f 833 1317 834 1318
f 204 90 772 89
f 910 1083 909 735
f 1168 1158 1320 1167
f 1248 1247 1246 1243
f 1572 445 1568 1567
f 1681 1680 401 1679
f 425 426 209 428
f 1351 1350 933 1352
f 1618 1586 1426 1585
f 1351 1349 1278 1362
f 811 872 1194 871
f 1066 1069 1070 1068
f 1685 1715 1684 1686
f 1203 34 506 505
f 538 344 723 341
f 206 203 1137 951
f 1051 1249 1049 1054
f 1252 1051 995 1054
f 1698 1705 1126 1697
f 1698 1126 1706 1129
f 988 871 1191 987
f 1282 1277 1279 1281
f 973 582 963 961
f 513 514 497 510
f 1693 1689 1701 1696
f 800 727 728 797
f 1379 1331 1332 1328
f 1333 1534 1335 1157
f 271 488 245 274
f 525 523 455 526
f 1541 1513 1515 1511
f 531 524 459 522
f 759 1139 684 1140
f 973 1170 974 1517
f 541 856 544 835
f 550 400 552 397
f 820 870 1186 823
f 833 829 529 832
f 371 461 431 368
f 888 575 574 573
f 283 892 289 891
f 461 369 368 371
f 360 904 358 906
f 811 516 809 814
f 258 184 259 260
f 904 360 905 906
f 516 872 814 811
f 955 954 554 956
f 333 892 283 891
f 1547 1557 1545 1386
f 729 806 218 732
f 841 840 842 839
f 526 480 479 1750
f 770 768 1118 769
f 1279 1275 1282 686
f 888 614 575 573
f 554 954 689 956
f 1656 1579 1613 1655
f 1297 1120 1298 1296
f 891 289 287 861
f 832 825 829 529
f 658 506 1011 660
f 995 996 998 1354
f 836 856 978 975
f 642 860 859 858
f 1507 1517 1509 1514
f 1360 1367 1364 677
f 1155 1345 1158 1157
f 536 721 719 722
f 1540 1212 1210 1209
f 920 717 921 922
f 1136 1131 1296 1132
f 1688 1629 1719 1687
f 1137 951 952 1138
f 400 550 694 693
f 19 1059 24 1060
f 1190 388 1189 1244
f 187 158 188 185
f 1017 137 1021 138
f 714 1109 921 1110
f 1193 841 1307 838
f 1314 1338 1348 1313
f 1573 1572 1568 1571
f 1685 1716 1715 1686
f 646 1004 1003 1002
f 1584 1582 1549 1649
f 1412 1065 1415 1417
f 1417 1412 1065 1068
f 752 753 538 751
f 970 967 1551 1559
f 621 617 618 1026
f 1640 198 1423 201
f 605 1234 606 1031
f 449 1666 450 452
f 1641 664 1710 1709
f 632 711 253 630
f 1083 910 1085 735
f 206 203 951 760
f 1178 1504 1306 1503
f 592 103 594 589
f 776 774 117 775
f 113 706 578 709
f 213 1669 1671 628
f 1219 1220 972 619
f 160 158 159 161
f 358 354 633 634
f 430 433 434 432
f 1696 1689 1701 1690
f 870 820 1186 868
f 1580 1572 1621 1577
f 30 29 31 439
f 1410 1236 1408 1239
f 1408 1411 1410 1239
f 460 422 420 419
f 1139 684 230 681
f 988 1310 872 1309
f 556 546 541 543
f 281 299 279 282
f 626 70 625 786
f 647 1730 1520 1729
f 1190 290 1247 288
f 1719 1695 1728 1720
f 921 1109 992 1110
f 343 711 252 712
f 1654 1584 199 1582
f 730 780 727 784
f 152 153 162 159
f 1017 104 106 1016
f 354 144 633 634
f 433 430 142 432
f 1392 1569 1575 1570
f 1383 1543 1220 1381
f 1644 1564 1640 1643
f 1675 1668 1597 1676
f 1436 1438 1451 1439
f 385 1189 388 1244
f 501 496 642 504
f 112 1037 707 710
f 310 321 607 608
f 541 1150 855 1149
f 1615 1576 1579 1655
f 1499 1296 1484 1500
f 1282 1280 1277 1281
f 1392 1570 1575 1578
f 813 809 814 810
f 690 687 1529 1345
f 388 1190 1247 1244
f 281 271 245 274
f 844 502 528 843
f 1514 1542 1515 1516
f 506 33 658 505
f 1629 1630 1728 1498
f 757 760 758 759
f 582 581 583 961
f 426 151 209 428
f 1493 405 1495 392
f 546 533 543 816
f 533 818 546 536
f 1687 1722 1688 1492
f 1425 1640 1423 1428
f 745 794 349 793
f 99 101 100 853
f 100 101 102 854
f 769 781 739 767
f 1292 1289 1297 1484
f 1275 1276 1282 686
f 1043 1241 1071 1242
f 1523 647 644 1522
f 1309 871 988 987
f 1678 1641 1657 1642
f 183 258 184 181
f 17 22 24 1059
f 226 350 223 224
f 1542 1507 1514 1541
f 600 595 1171 597
f 391 406 412 403
f 1520 1732 1556 1555
f 166 164 168 167
f 1449 852 1049 849
f 1159 1638 1158 1155
f 225 630 146 222
f 1149 696 1150 1161
f 493 501 642 641
f 1038 1044 1037 710
f 1191 124 988 987
f 1302 938 1299 1301
f 1217 1218 1024 1021
f 1396 1583 1573 1581
f 794 920 901 922
f 195 196 552 551
f 1434 289 862 861
f 1650 199 1584 1649
f 621 617 1026 620
f 216 349 223 350
f 35 34 506 36
f 35 34 33 506
f 231 228 7 946
f 938 785 790 788
f 1033 1430 1401 1429
f 457 492 459 491
f 470 854 864 853
f 535 532 522 1751
f 859 1627 464 857
f 605 1234 1031 1233
f 471 988 123 987
f 827 545 546 543
f 851 1452 1439 1451
f 1155 1159 1638 1156
f 404 1493 405 1495
f 1348 1305 1308 1303
f 1622 1572 1580 1574
f 1259 1260 1264 1263
f 1633 1595 1597 1600
f 280 325 282 277
f 1368 1645 1363 1646
f 949 798 951 799
f 495 808 494 807
f 1194 1307 841 1308
f 1367 893 1366 1364
f 300 301 281 302
f 885 161 158 663
f 992 1109 919 991
f 753 752 538 754
f 626 70 786 72
f 273 420 422 419
f 1468 1269 1258 1467
f 456 523 522 459
f 1302 1300 941 952
f 1298 1292 1297 1484
f 1347 1303 1348 1307
f 1112 1115 1114 716
f 186 1427 1528 1424
f 497 511 510 514
f 1540 1324 1512 1511
f 1552 970 1551 1559
f 1576 1613 1579 1655
f 756 1139 681 684
f 406 391 412 394
f 649 651 652 650
f 1355 191 190 1356
f 1472 1481 1477 1482
f 1413 702 1241 1242
f 200 198 1585 197
f 1586 200 201 1585
f 1630 1719 1629 1728
f 1721 1687 1491 1722
f 754 538 753 540
f 511 497 510 494
f 1423 201 198 1585
f 927 1063 1062 1064
f 1094 1093 673 1096
f 796 778 949 777
f 1269 1468 1258 1271
f 404 1680 1681 1682
f 985 1535 981 982
f 1340 1341 979 976
f 1199 190 183 1200
f 1517 973 1170 1169
f 1356 191 194 1280
f 1668 1713 1597 1714
f 872 1506 871 1309
f 1650 199 202 1584
f 1215 1021 1022 1019
f 1705 1698 1126 1706
f 1664 1700 1685 1667
f 1534 1161 1150 1163
f 1346 1529 690 1530
f 1720 1696 1719 1695
f 1608 1601 1612 1606
f 1723 1719 1687 1724
f 1664 1594 1700 1667
f 271 276 488 274
f 579 577 668 703
f 617 593 596 590
f 1692 1727 1719 1728
f 1403 1032 1234 1031
f 376 1462 1461 1459
f 886 662 153 665
f 1167 1158 1320 1319
f 258 183 184 260
f 1493 1681 1494 1495
f 167 172 164 267
f 1322 1151 1152 1321
f 1136 1135 936 939
f 1082 374 1081 382
f 30 429 1455 1456
f 1474 20 1473 357
f 374 380 1081 382
f 601 57 603 1035
f 1460 373 1254 1458
f 1052 1049 1450 852
f 843 502 528 499
f 1547 1388 1558 1386
f 977 980 1149 855
f 243 740 742 244
f 1423 1428 1427 1424
f 1541 1512 1515 1542
f 809 813 814 812
f 870 1186 1185 868
f 728 730 800 731
f 1597 1600 1714 1712
f 1554 1174 1526 1173
f 1550 1584 1549 1649
f 1708 1273 1494 1274
f 1188 1187 870 1185
f 1680 404 1681 401
f 1457 1589 1070 1459
f 1148 560 502 1147
f 1117 803 769 801
f 841 839 838 837
f 186 1528 1527 1424
f 390 364 410 366
f 350 221 223 224
f 936 937 935 938
f 481 474 517 473
f 921 717 714 1110
f 482 474 519 517
f 1535 1536 985 981
f 723 725 540 539
f 1211 598 1214 1208
f 762 1079 1087 761
f 734 623 423 736
f 548 583 584 582
f 663 886 161 666
f 1455 440 30 1456
f 730 732 217 220
f 1499 1295 1483 1484
f 1658 1678 1656 1657
f 604 58 579 60
f 54 587 56 590
f 592 104 1016 106
f 376 377 373 378
f 178 177 175 475
f 1151 1322 1508 1321
f 1147 1145 1148 839
f 1112 1099 681 1115
f 1425 1562 1564 1565
f 732 217 729 730
f 1554 1425 1565 1553
f 1353 931 934 1742
f 717 920 921 714
f 729 806 805 218
f 760 757 949 778
f 213 212 210 154
f 1702 1462 1461 1694
f 1634 1635 1678 1631
f 732 217 220 1743
f 1118 768 1117 769
f 1572 1622 1580 1621
f 1609 1400 1403 1399
f 374 1127 375 378
f 1516 1509 1517 1514
f 770 924 923 780
f 875 675 878 877
f 1461 1701 1457 1459
f 1296 1499 1134 1136
f 677 1364 675 678
f 1643 1563 1644 1564
f 225 146 221 222
f 450 1666 1675 1676
f 217 732 729 1743
f 872 811 1194 814
f 839 1145 841 1143
f 1349 930 1361 1362
f 1623 1625 1406 1390
f 1395 1398 1568 1396
f 415 540 416 418
f 1376 1730 1524 1375
f 786 626 72 789
f 1512 1541 1515 1511
f 358 357 354 634
f 430 431 429 432
f 1158 1346 1160 1157
f 1428 1423 1425 1424
f 754 413 538 416
f 752 413 538 754
f 157 158 160 185
f 1019 1021 1022 1020
f 902 901 745 882
f 1628 1435 1438 1717
f 183 258 1199 1200
f 1400 601 1403 1399
f 1683 1668 1684 1665
f 1168 956 692 689
f 1067 1589 1457 1587
f 1278 1113 1098 1095
f 695 697 700 696
f 346 252 712 343
f 1146 841 1143 838
f 605 1234 1227 606
f 916 1629 1497 1498
f 1013 506 660 1011
f 848 851 1439 1451
f 1396 1583 1398 1573
f 144 354 357 634
f 430 429 141 432
f 546 828 545 827
f 112 707 706 710
f 1332 1330 1327 1328
f 1332 1327 1329 1328
f 965 1003 962 1001
f 1543 1383 1220 1544
f 1623 1626 1390 1624
f 708 1072 701 703
f 628 665 156 627
f 1222 1217 1223 1215
f 1439 1438 1451 1452
f 538 754 416 540
f 813 1503 809 810
f 1369 658 960 959
f 658 506 505 1011
f 218 794 215 350
f 891 892 289 861
f 472 821 1315 470
f 612 614 613 609
f 1610 1404 1390 1609
f 493 497 496 511
f 1494 1495 1273 1493
f 1653 1581 1654 1582
f 1178 1304 1177 1503
f 803 1119 1295 1296
f 1313 1348 1146 1144
f 378 377 374 1130
f 916 914 912 915
f 225 711 342 712
f 876 875 675 878
f 1677 1656 1678 1657
f 1037 112 114 710
f 416 538 415 413
f 1112 683 1279 686
f 724 743 223 226
f 1011 660 1206 1205
f 660 1011 658 1205
f 1374 960 955 959
f 557 333 1249 558
f 558 257 1251 557
f 380 1255 369 382
f 606 576 1228 605
f 1266 903 347 348
f 734 423 655 736
f 1642 664 1710 1641
f 1180 836 978 1179
f 975 978 836 1179
f 1464 1083 1085 1492
f 1111 713 1112 1114
f 1458 1253 373 1254
f 893 1367 1366 894
f 979 975 1344 978
f 1420 1242 1241 1739
f 1470 1089 1469 914
f 736 765 735 734
f 445 1572 442 1567
f 1364 876 675 878
f 767 1117 768 769
f 1225 1625 1406 1623
f 1506 1505 871 1309
f 34 33 506 505
f 540 415 416 538
f 463 464 1628 1627
f 297 474 481 473
f 1317 833 834 830
f 158 187 188 161
f 1523 644 1521 1522
f 1313 1347 1348 1144
f 1390 1626 1393 1392
f 1597 1633 1600 1712
f 148 145 149 631
f 1044 1037 140 1038
f 777 757 756 759
f 579 577 58 602
f 592 104 589 1016
f 593 56 587 590
f 949 951 778 799
f 211 213 1669 214
f 1684 1683 1715 1685
f 53 587 586 55
f 185 158 188 186
f 1095 1278 1362 1098
f 869 823 870 820
f 1149 980 1150 855
f 661 1660 664 1709
f 1219 972 1384 969
f 1584 1550 1650 1649
f 1168 956 689 1167
f 1084 1086 1124 908
f 1471 1475 1061 1477
f 1635 1631 1633 1632
f 1170 1518 974 1517
f 675 674 1364 677
f 734 733 765 735
f 498 497 493 494
f 1627 859 464 1628
f 1568 1567 1395 1396
f 321 351 607 608
f 1079 1120 1297 1119
f 575 444 576 574
f 333 1048 334 892
f 917 904 903 905
f 257 994 258 259
f 369 367 371 372
f 708 706 707 710
f 221 149 225 224
f 1234 605 1227 1233
f 725 344 723 540
f 1506 872 1310 1309
f 299 281 279 278
f 1172 595 600 598
f 1554 1525 1527 1553
f 239 174 170 240
f 1536 984 985 981
f 1302 941 942 952
f 1430 1401 1602 1402
f 1681 1493 1494 1679
f 1525 1554 1527 1526
f 915 1088 914 912
f 177 178 180 475
f 936 1302 939 938
f 708 1071 701 1072
f 1688 1687 1719 1724
f 912 913 911 914
f 912 913 914 916
f 1392 1575 1389 1577
f 1707 1726 1494 1725
f 1273 1708 1463 1274
f 1025 1016 1026 589
f 545 827 542 543
f 1259 1260 1263 1272
f 459 534 524 531
f 1427 186 1528 188
f 117 774 116 115
f 116 776 117 118
f 112 113 114 706
f 112 111 113 706
f 104 105 592 103
f 105 104 592 106
f 1643 1640 198 1639
f 481 298 474 297
f 1350 1199 993 1200
f 1021 1217 1022 1024
f 870 868 867 820
f 1208 598 1214 595
f 741 243 738 740
f 1210 1208 1012 1207
f 495 808 859 498
f 975 979 1344 976
f 930 1353 931 934
f 441 574 444 573
f 917 918 906 905
f 1048 333 1047 892
f 258 997 259 994
f 370 371 367 372
f 162 161 159 885
f 699 698 696 542
f 884 595 1214 598
f 1291 1293 925 1294
f 1552 1551 1546 1559
f 767 802 801 769
f 970 1552 1560 1559
f 281 299 300 278
f 423 364 635 424
f 633 355 354 358
f 431 430 434 432
f 1418 1420 1236 1422
f 1149 1534 1161 1150
f 1542 1541 1006 1007
f 639 807 640 464
f 1460 373 376 1254
f 1113 1279 1278 1281
f 219 223 226 350
f 1343 975 1344 976
f 1181 1532 1333 1182
f 1114 713 1112 716
f 751 623 736 624
f 1504 812 813 809
f 1016 592 1026 589
f 403 212 211 406
f 204 93 205 207
f 1435 1440 1628 1438
f 525 523 510 521
f 1214 586 883 588
f 170 174 172 173
f 1626 1623 1390 1625
f 156 162 155 153
f 726 723 744 725
f 1331 1221 1381 1328
f 613 611 609 614
f 757 758 203 755
f 1275 1279 683 686
f 1400 1232 670 1399
f 1113 1279 1281 1116
f 632 253 712 256
f 1532 1181 1333 1531
f 1493 402 405 392
f 711 632 253 712
f 228 8 7 6
f 228 6 7 5
f 1695 1719 1728 1692
f 1586 1620 664 1618
f 124 125 988 123
f 125 124 988 126
f 635 393 366 390
f 1044 707 1037 710
f 93 92 208 94
f 93 205 92 91
f 609 1030 614 1029
f 1478 1475 1481 1477
f 1242 1419 1420 1241
f 289 1434 287 861
f 410 393 366 412
f 353 1478 357 356
f 914 912 1088 911
f 1022 1019 1543 1221
f 640 467 468 464
f 166 163 145 607
f 199 202 1584 1654
f 1694 1701 1461 1702
f 914 1087 1469 911
f 1722 1687 1491 1492
f 765 736 735 766
f 1223 1222 1215 1221
f 206 203 760 758
f 941 947 1300 1302
f 1313 1338 1348 1337
f 1612 1606 1601 1611
f 647 1523 1524 1522
f 500 499 502 501
f 541 544 556 835
f 1404 1610 1390 1406
f 1324 1540 1539 1511
f 1629 916 1630 1498
f 937 1135 936 1133
f 396 722 720 719
f 1357 1353 995 1354
f 1361 930 932 1362
f 252 712 256 255
f 1589 1067 1457 1070
f 810 809 814 811
f 1381 1543 1220 1219
f 1295 1499 1134 1296
f 611 613 609 610
f 1216 1021 1217 1215
f 1395 1332 1379 1397
f 402 401 1493 405
f 1379 1332 1329 1328
f 653 652 654 651
f 239 991 875 877
f 413 414 415 417
f 854 864 472 470
f 827 546 721 543
f 464 859 807 467
f 633 143 144 354
f 430 141 142 432
f 698 700 699 696
f 1021 1024 1022 1020
f 955 1005 953 954
f 1274 1494 1495 1273
f 181 190 183 1199
f 1602 1604 1603 1430
f 1587 1689 1486 1690
f 706 114 112 710
f 706 113 114 709
f 776 116 117 774
f 104 103 592 589
f 1088 907 1122 908
f 1450 1537 1648 1449
f 198 200 1585 201
f 1353 930 933 934
f 250 300 249 247
f 417 414 804 1120
f 1145 1147 1143 839
f 570 185 179 569
f 668 577 579 889
f 596 593 884 590
f 1442 848 1439 1436
f 1257 407 1059 408
f 1026 618 1025 617
f 1578 1392 1580 1575
f 1575 1392 1580 1577
f 1290 1061 925 1063
f 1608 1601 1603 1612
f 1065 1415 1409 1412
f 1477 1061 1471 1063
f 1623 445 1626 1624
f 536 719 531 720
f 665 153 156 627
f 534 536 535 532
f 947 941 948 1302
f 1369 960 1373 959
f 1680 1711 1714 1712
f 1145 839 841 842
f 148 607 631 608
f 1088 915 914 1090
f 1234 1032 606 1031
f 1491 1464 1083 1463
f 1363 1368 1646 1366
f 1087 914 1469 1089
f 1548 1552 1546 1559
f 1692 1719 1693 1695
f 480 478 335 477
f 882 150 745 746
f 196 179 652 649
f 405 401 1493 404
f 321 351 608 352
f 559 499 502 1147
f 913 1629 1497 916
f 960 1374 1373 959
f 380 374 1255 382
f 1228 605 1227 606
f 1082 377 374 382
f 402 1493 389 392
f 689 956 954 1167
f 791 1099 1091 1100
f 348 750 347 749
f 1589 1486 1690 1587
f 678 878 675 877
f 1348 1347 1313 1337
f 559 502 560 1147
f 878 675 1364 678
f 189 116 192 776
f 1080 762 1087 1089
f 55 588 587 586
f 258 181 183 1199
f 456 457 459 491
f 582 963 583 584
f 1324 1539 1323 1511
f 947 1302 936 1300
f 219 223 350 216
f 20 18 361 1473
f 1403 1610 1400 1609
f 351 608 631 607
f 1221 1383 1331 1381
f 1517 1509 1322 1507
f 299 281 301 282
f 172 169 164 267
f 1013 660 1206 1011
f 867 869 870 820
f 821 472 864 470
f 1217 1218 1021 1216
f 1514 1513 1515 1541
f 1024 1218 138 1021
f 1444 848 1439 1442
f 730 728 800 727
f 757 777 949 778
f 1535 866 860 1536
f 964 1003 1004 1002
f 1430 1401 1429 1602
f 843 817 1179 815
f 658 960 660 1369
f 1240 440 439 1238
f 1014 586 1214 588
f 1641 1586 664 661
f 221 349 745 746
f 8 228 7 231
f 114 706 709 710
f 1696 1693 1719 1695
f 1084 1122 907 908
f 1499 1500 1135 1136
f 1414 1242 1419 1421
f 309 321 607 310
f 1396 1573 1568 1571
f 281 299 301 300
f 1346 1158 1345 1157
f 988 124 123 987
f 93 205 208 92
f 1499 1501 1075 1500
f 467 807 640 808
f 1315 824 819 821
f 955 1372 959 953
f 333 1250 558 334
f 257 558 1251 259
f 372 1255 382 369
f 605 576 1228 574
f 903 1268 905 348
f 93 204 205 91
f 192 194 189 1202
f 603 1405 1400 601
f 1492 1086 1084 1085
f 575 444 574 573
f 904 917 906 905
f 892 333 1047 891
f 997 258 259 260
f 369 367 368 371
f 698 695 696 542
f 500 502 504 501
f 1680 1711 1713 1714
f 1197 989 1148 1147
f 936 948 1302 947
f 192 116 118 776
f 414 1119 802 804
f 950 941 1300 952
f 972 1219 1384 1220
f 414 1119 804 1120
f 776 192 189 1202
f 1227 605 1225 1233
f 729 805 215 218
f 827 722 546 828
f 827 722 721 546
f 920 793 215 794
f 172 171 875 174
f 803 1117 769 1118
f 707 705 706 708
f 1146 1313 1311 1314
f 1552 1548 1560 1559
f 1002 1001 1003 643
f 1451 1438 1718 1452
f 1438 1717 1451 1718
f 937 936 940 938
f 258 183 260 1200
f 1296 1499 1484 1295
f 1404 1623 1406 1390
f 1349 1351 933 1362
f 1146 1144 1307 838
f 158 187 160 185
f 190 192 194 189
f 707 1044 1037 1041
f 1008 955 956 1005
f 1050 1538 1049 1537
f 445 1626 1625 1623
f 147 173 240 170
f 1053 1049 1538 1052
f 195 176 196 649
f 698 699 545 542
f 1333 1182 1532 1335
f 1529 1346 690 1345
f 431 1057 437 1058
f 736 751 765 734
f 449 900 452 451
f 1471 1290 1293 1063
f 497 518 808 520
f 513 524 512 522
f 1071 708 701 705
f 1349 1355 1350 1351
f 100 854 470 853
f 708 709 706 710
f 741 243 740 742
f 1331 1379 1332 1380
f 1036 57 603 59
f 818 533 546 816
f 347 1267 1266 348
f 697 700 1152 695
f 1152 700 1154 695
f 1531 1317 834 831
f 1059 19 24 17
f 345 225 342 712
f 356 358 355 1064
f 942 948 941 1302
f 1425 1564 1566 1565
f 393 390 410 366
f 1075 1502 1500 1501
f 1477 1481 1478 1482
f 178 476 475 1749
f 1274 1708 1463 1464
f 1605 1601 1608 1606
f 1094 1098 1096 1097
f 1350 1351 933 1349
f 1303 1308 1348 1307
f 428 209 425 427
f 342 222 711 225
f 751 736 765 753
f 483 568 475 567
f 408 1060 1059 1258
f 424 623 736 423
f 1065 1590 1070 1588
f 856 836 835 975
f 1275 682 229 1276
f 464 468 639 465
f 1020 1024 1016 1021
f 866 1535 860 865
f 856 836 544 835
f 628 1672 1659 627
f 1600 1676 1597 1668
f 1396 1584 1583 1582
f 1356 1277 191 1280
f 597 622 600 617
f 617 597 622 619
f 1542 1009 1010 1007
f 792 778 777 759
f 700 698 695 696
f 1023 1016 1024 1018
f 714 1109 919 921
f 1230 670 1399 667
f 155 151 153 152
f 928 1501 1484 1502
f 1499 1133 1134 1135
f 1486 1589 1690 1489
f 1406 1225 1623 1404
f 839 1143 841 838
f 1117 767 801 769
f 1425 1566 1554 1565
f 1446 466 463 465
f 161 162 886 885
f 622 620 600 617
f 1003 962 1002 964
f 727 729 217 730
f 116 189 774 776
f 1645 1368 1363 1365
f 1582 1583 1396 1581
f 785 1108 1078 1107
f 415 416 417 418
f 1356 1350 1355 1351
f 1615 1656 1678 1677
f 1359 1357 998 1354
f 714 919 920 921
f 350 221 746 349
f 525 526 479 1750
f 1471 1293 1472 1063
f 1005 955 956 954
f 459 456 531 522
f 1341 1340 1339 976
f 1217 1222 1223 1224
f 358 356 355 1736
f 875 878 172 877
f 318 317 411 320
f 949 951 760 778
f 1434 1243 1247 1433
f 1085 1086 1084 735
f 1109 921 992 919
f 543 541 556 555
f 1670 1659 1672 627
f 148 166 145 607
f 621 1219 618 619
f 1201 189 194 1202
f 1486 1699 1587 1589
f 783 797 727 800
f 608 351 631 352
f 1446 1718 1445 1717
f 1217 1021 1022 1215
f 937 1135 940 936
f 424 655 736 656
f 774 1202 189 1201
f 989 1148 1198 1197
f 926 1501 1483 1484
f 57 1036 603 1035
f 298 481 639 297
f 842 1148 1145 839
f 466 1717 1446 463
f 1277 1356 191 1355
f 1281 1279 1282 1116
f 60 578 579 580
f 773 232 8 775
f 56 594 591 590
f 415 416 413 417
f 205 207 93 208
f 1590 1065 1070 1068
f 1107 785 1076 1078
f 1457 373 1461 1459
f 1542 1514 1515 1541
f 908 1124 1088 1090
f 753 736 765 766
f 1668 1675 1597 1665
f 1049 1053 1538 1050
f 179 196 176 649
f 1557 1558 1523 1386
f 1200 996 993 1352
f 736 423 655 424
f 1675 447 1663 450
f 963 974 584 973
f 878 875 172 876
f 1202 774 189 776
f 712 253 252 256
f 253 712 252 711
f 53 1204 586 1203
f 411 317 410 320
f 1635 1636 1633 1634
f 991 675 875 877
f 1712 1714 1680 1682
f 989 560 1148 1147
f 794 745 349 746
f 1220 621 622 619
f 342 726 225 345
f 1710 1660 1672 1709
f 930 1349 933 1362
f 1059 407 22 408
f 748 347 750 749
f 1565 1562 1564 1545
f 518 497 808 494
f 765 752 751 753
f 169 170 171 172
f 472 100 102 854
f 1119 801 804 803
f 992 239 877 991
f 1677 1655 1656 1657
f 755 759 756 757
f 1597 1600 1668 1714
f 1621 1573 1581 1571
f 1359 1357 1358 1368
f 1666 1675 1663 450
f 724 222 342 225
f 848 1444 1439 851
f 410 393 412 1740
f 209 154 210 212
f 628 1672 1660 1659
f 214 213 1669 1671
f 290 1434 1247 1433
f 1628 1718 466 1717
f 8 6 228 229
f 647 644 1522 1729
f 823 819 869 822
f 1555 1732 1540 1731
f 1371 1369 1373 959
f 655 736 735 734
f 1405 1610 1400 1403
f 468 880 265 465
f 733 1083 1084 735
f 1464 1491 1083 1492
f 1037 1044 140 1041
f 422 460 421 419
f 140 1037 1041 139
f 1092 792 1091 1100
f 1544 1022 1543 1221
f 930 1349 1350 933
f 601 1405 1400 1403
f 1372 1373 959 1371
f 377 1256 374 382
f 1227 605 1226 1225
f 185 570 179 187
f 1386 971 1387 968
f 655 734 735 733
f 1584 1396 1583 1398
f 1648 1538 1537 1450
f 1663 1592 1664 1594
f 1588 1065 1067 1070
f 784 783 727 800
f 1566 1428 1564 1425
f 1009 1542 1006 1007
f 1023 1022 1024 1020
f 145 631 607 629
f 677 1367 1364 678
f 1080 1297 1120 1298
f 298 269 296 295
f 755 759 757 758
f 684 681 1099 1115
f 623 424 736 624
f 310 322 321 608
f 881 150 745 882
f 882 745 902 746
f 651 1525 1526 650
f 436 294 325 323
f 323 436 294 293
f 245 487 488 485
f 485 245 487 484
f 1299 1302 952 1300
f 323 277 325 1744
f 1584 1654 1583 1582
f 1597 1665 1713 1668
f 613 609 1222 612
f 1119 801 802 804
f 1540 1539 1731 1209
f 960 1370 660 1369
f 1120 1119 804 803
f 1610 1390 1406 1393
f 526 523 513 510
f 754 753 752 766
f 765 752 753 766
f 1589 1486 1699 1489
f 1288 1261 1283 1264
f 827 545 698 828
f 1332 1395 1379 1329
f 1566 1425 1554 1428
f 935 787 1299 938
f 273 422 421 419
f 1361 930 929 932
f 1647 1648 1537 1449
f 1668 1684 1713 1714
f 1242 1419 1413 1414
f 154 156 155 151
f 1581 1583 1654 1582
f 1135 1134 1499 1136
f 173 147 240 150
f 1283 1288 1264 1286
f 1083 1492 1084 1085
f 534 720 536 531
f 627 665 153 662
f 1437 1628 1435 1440
f 1043 707 1044 710
f 1628 1438 1718 1717
f 347 749 1267 348
f 536 719 533 531
f 722 720 399 396
f 1314 1146 1312 1311
f 313 303 308 306
f 228 232 8 229
f 614 612 1030 609
f 240 239 174 877
f 267 268 269 270
f 578 60 579 58
f 54 56 591 590
f 773 8 229 6
f 1473 361 20 1474
f 161 187 160 158
f 309 330 324 329
f 158 159 161 885
f 351 607 631 629
f 1372 955 959 1374
f 1250 333 558 1249
f 558 1252 1251 259
f 1228 605 574 1226
f 1255 372 382 1256
f 903 1266 1268 348
f 226 743 244 744
f 1261 1288 1283 1285
f 1479 1270 1258 1272
f 1316 824 822 819
f 1290 1284 1471 1293
f 975 836 835 1179
f 819 823 869 820
f 794 746 349 350
f 1631 1635 1633 1634
f 664 1641 661 1709
f 827 695 698 542
f 781 804 769 782
f 804 781 769 802
f 808 494 807 518
f 1263 1481 1286 1482
f 1477 1471 1481 1472
f 1586 1585 1618 661
f 232 228 8 231
f 1701 1694 1461 1691
f 472 100 854 470
f 1572 1573 1568 1574
f 528 843 499 527
f 1269 1258 1467 1257
f 310 324 330 326
f 1474 361 20 362
f 192 1101 116 189
f 1700 1589 1699 1489
f 990 1148 1198 989
f 1601 1607 1608 1603
f 243 219 223 244
f 463 1628 1717 1627
f 1364 893 876 878
f 464 859 857 807
f 940 785 1078 937
f 937 1076 785 1078
f 701 702 669 703
f 1204 55 53 586
f 1443 1442 850 1444
f 1249 1051 557 558
f 1251 1051 558 557
f 1386 1523 1557 1521
f 545 827 698 542
f 24 1059 408 1060
f 323 436 293 435
f 248 487 488 245
f 1178 1304 1503 1306
f 1021 1218 138 1216
f 932 930 933 1362
f 834 1532 1318 1317
f 1442 1443 850 1441
f 1684 1668 1686 1714
f 1638 1007 1637 1508
f 685 229 1276 232
f 722 396 721 719
f 621 1220 1219 619
f 707 1043 1044 1040
f 1568 1572 1567 1571
f 474 481 517 482
f 1227 1625 1406 1225
f 1293 1284 1471 1472
f 1235 1237 439 1238
f 1316 824 819 1315
f 1731 1212 1540 1209
f 19 18 361 20
f 352 321 351 313
f 1572 1573 1621 1571
f 578 58 579 577
f 232 773 8 229
f 594 56 593 590
f 1293 1291 925 1290
f 1229 1034 667 1033
f 138 137 1021 1216
f 1290 1469 1284 1293
f 1469 1287 1293 1470
f 936 940 938 939
f 1472 1293 1284 1287
f 647 1524 1730 1729
f 971 1386 1387 1388
f 192 118 116 1102
f 745 147 150 881
f 175 178 475 1749
f 1616 1656 1678 1615
f 1528 1554 1526 1527
f 1253 1058 1066 1057
f 122 120 659 1735
f 229 230 228 232
f 609 613 1222 610
f 715 805 806 218
f 544 836 556 835
f 1307 841 1146 838
f 1477 1478 1475 356
f 1559 1546 1563 1561
f 526 523 510 525
f 614 611 609 1029
f 992 675 877 678
f 1359 1358 1360 1368
f 1085 1084 1083 735
f 1535 858 860 865
f 1059 24 408 22
f 390 393 410 1740
f 1558 1388 1523 1386
f 1124 1088 1122 908
f 1108 785 1078 788
f 1393 1406 1625 1390
f 1016 1023 1024 1020
f 154 209 210 151
f 1628 1435 1717 1627
f 1223 1383 1331 1221
f 1313 1146 1311 1144
f 1397 1332 1379 1380
f 698 1154 700 695
f 968 1387 1386 1385
f 212 209 428 427
f 741 780 740 779
f 777 791 792 759
f 791 777 756 759
f 230 229 228 227
f 1516 1509 1518 1517
f 1514 1170 1517 1516
f 974 584 973 957
f 347 1267 1265 1266
f 33 35 657 1735
f 1726 1715 1686 1725
f 1718 1445 1447 1446
f 208 92 945 94
f 228 232 230 231
f 690 1168 692 687
f 1672 1709 1659 1670
f 1476 354 353 357
f 1222 610 1217 1215
f 1041 1040 707 1044
f 303 306 314 307
f 221 350 746 224
f 960 1369 1373 1370
f 569 185 179 176
f 504 503 502 500
f 1416 1410 1417 1418
f 535 512 524 522
f 962 1003 1002 1001
f 790 789 787 1106
f 989 559 560 1147
f 1366 893 1447 1363
f 298 481 474 482
f 551 584 550 548
f 704 669 703 672
f 669 704 703 702
f 1715 1725 1684 1686
f 460 420 457 419
f 1247 1243 1244 1433
f 154 212 209 428
f 1287 1469 1293 1284
f 670 1231 1034 667
f 478 275 335 477
f 1565 1564 1547 1545
f 1259 1706 1128 1262
f 315 318 254 308
f 1722 1723 1687 1724
f 897 449 448 900
f 269 265 267 266
f 480 517 479 1750
f 1098 1094 1096 1095
f 517 480 519 1750
f 151 156 155 153
f 675 992 877 991
f 1400 1609 1232 1399
f 925 1063 1062 927
f 223 244 743 243
f 1101 192 116 1102
f 940 936 1135 939
f 608 322 321 352
f 1373 1372 959 1374
f 1256 1255 374 382
f 605 1228 1227 1226
f 437 434 1058 438
f 1096 1095 1094 1093
f 1146 1308 841 1307
f 1445 893 1363 1447
f 1259 1705 1125 1128
f 1148 990 560 989
f 787 938 790 1301
f 1524 647 1522 1729
f 447 449 1663 450
f 1715 1726 1686 1716
f 1022 1544 1223 1221
f 1706 1126 1128 1129
f 840 1309 1316 837
f 867 819 869 820
f 1240 439 1237 1238
f 806 718 715 218
f 639 640 468 464
f 1364 1367 878 678
f 651 1526 653 650
f 239 170 147 240
f 229 685 1276 682
f 1709 1660 1672 1659
f 94 944 945 946
f 1065 1412 1066 1068
f 55 1204 588 586
f 510 513 512 522
f 610 1217 613 1222
f 1122 1084 1124 908
f 1656 1615 1655 1677
f 1666 449 450 1663
f 407 1465 1466 1734
f 1125 1705 1126 1128
f 471 100 472 469
f 835 556 541 555
f 1247 1244 288 1433
f 250 278 300 247
f 466 1448 468 465
f 1566 1557 1547 1558
f 620 599 600 596
f 1221 1543 1383 1381
f 1293 1290 925 1063
f 1605 1674 1596 1673
f 1007 1319 1638 1637
f 1243 1434 1247 1246
f 376 1461 373 1459
f 1628 1437 1435 1627
f 1546 1563 1548 1559
f 1441 850 1442 847
f 837 1309 1316 1315
f 316 319 320 1741
f 1547 1566 1564 1565
f 840 837 1505 1309
f 1527 1525 1526 651
f 502 500 528 499
f 741 738 779 740
f 943 208 92 945
f 1317 834 1532 1531
f 254 305 315 308
f 792 791 1091 1100
f 481 640 298 639
f 860 642 866 865
f 330 309 324 310
f 208 943 92 205
f 1638 1510 1010 1508
f 548 584 550 547
f 937 785 935 938
f 1626 1625 1390 1393
f 859 807 495 857
f 1266 1268 348 1267
f 268 880 265 468
f 736 655 735 656
f 901 881 745 882
f 582 963 584 973
f 798 796 800 799
f 347 748 747 749
f 353 1475 1478 356
f 1706 1259 1128 1705
f 785 940 1078 788
f 727 730 784 800
f 408 1059 1257 1258
f 1486 1689 1487 1490
f 407 1466 408 1734
f 998 1357 995 1354
f 768 1118 1131 770
f 434 431 437 1058
f 1412 1415 1407 1417
f 631 145 607 148
f 1299 950 1300 952
f 1688 1722 1687 1724
f 740 768 779 770
f 795 796 797 798
f 280 325 277 1744
f 920 718 922 218
f 1453 897 448 900
f 1563 1560 1548 1559
f 1128 1705 1126 1706
f 1557 1565 1547 1545
f 1267 747 347 1265
f 875 172 174 877
f 1399 1232 670 1230
f 514 496 497 511
f 944 92 94 945
f 1690 1486 1490 1689
f 511 493 497 494
f 1239 1236 1422 1418
f 208 755 758 945
f 668 703 672 671
f 1419 1413 1241 1242
f 1480 1479 1258 1272
f 802 767 781 769
f 859 467 808 807
f 755 208 943 945
f 472 102 100 471
f 1723 1687 1721 1722
f 276 422 421 273
f 321 311 351 313
f 1649 1563 1643 1561
f 251 305 315 254
f 920 922 794 218
f 943 205 208 755
f 223 244 219 226
f 1607 1601 1608 1605
f 1429 1612 1601 1611
f 1471 1472 1477 1063
f 151 154 209 428
f 288 290 1247 1433
f 948 936 1302 939
f 1580 1613 1621 1614
f 723 537 743 744
f 613 1224 612 1222
f 239 992 877 240
f 1461 1462 376 378
f 584 974 958 957
f 1043 1044 1040 1042
f 1543 1383 1544 1221
f 1093 1362 1095 1361
f 1238 439 1455 440
f 1447 1448 1718 1446
f 805 715 215 218
f 198 1644 1640 1643
f 1644 198 1640 201
f 1260 1264 1283 1261
f 865 858 642 641
f 1286 1264 1283 1263
f 596 597 600 617
f 902 922 901 921
f 1294 1293 925 927
f 361 19 20 362
f 1557 1566 1547 1565
f 1612 1603 1429 1601
f 1609 1400 1232 1610
f 800 797 796 798
f 482 640 298 481
f 570 157 185 569
f 596 600 620 617
f 157 570 185 160
f 779 770 780 740
f 1492 1083 1084 1491
f 1029 1030 446 1377
f 628 1659 665 627
f 1573 1396 1568 1398
f 432 434 437 438
f 1507 1322 1517 1321
f 268 267 269 265
f 893 1366 1447 894
f 1478 1476 353 357
f 875 172 876 169
f 437 429 431 432
f 266 298 265 297
f 1066 1412 1069 1068
f 689 692 1168 687
f 847 861 862 849
f 528 843 817 844
f 1666 1663 1664 1594
f 1135 1499 1075 1500
f 1410 1412 1407 1417
f 92 944 943 945
f 343 342 711 712
f 1041 1039 1040 1044
f 702 1071 1242 1072
f 249 300 246 247
f 780 741 740 742
f 1501 928 1484 926
f 1302 1299 952 1301
f 19 18 17 361
f 1193 1194 1506 871
f 1248 1441 983 1245
f 1118 768 1131 1117
f 1693 1487 1689 1696
f 1696 1487 1689 1490
f 789 1105 787 1106
f 920 715 718 218
f 1622 1581 1573 1583
f 300 250 249 302
f 938 787 1299 1301
f 470 472 100 469
f 1518 1509 1322 1517
f 219 243 223 216
f 1072 1242 702 704
f 1217 1224 613 1222
f 584 548 582 547
f 1568 1567 1396 1571
f 584 582 973 957
f 1365 1358 1357 1368
f 1168 689 687 1167
f 1105 787 786 789
f 533 818 536 532
f 479 480 335 477
f 1718 1446 466 1717
f 1486 1690 1490 1489
f 744 723 537 539
f 1595 1596 1674 1673
f 1659 628 665 1660
f 1689 1696 1490 1690
f 1674 1673 1605 1606
f 1612 1603 1430 1429
f 203 204 207 1733
f 244 223 743 226
f 1249 1250 1054 558
f 1252 1051 558 1251
f 669 703 668 701
f 1540 1556 1732 1555
f 1499 1135 1075 1133
f 1144 1348 1146 1307
f 434 437 431 432
f 768 1131 923 770
f 1618 664 1586 661
f 728 799 800 796
f 478 336 480 335
f 1502 1075 1500 1077
f 768 740 779 738
f 352 322 321 313
f 642 860 858 865
f 1412 1065 1066 1409
f 1594 1664 1666 1667
f 1537 1645 1050 1646
f 1063 925 1293 927
f 461 84 462 1738
f 530 41 529 1748
f 1394 1231 1232 1391
f 1453 1454 900 451
f 1144 1347 1348 1307
f 749 347 1267 747
f 1665 1684 1713 1668
f 1613 1580 1621 1577
f 1563 1649 1643 1650
f 982 986 981 985
f 1624 1623 445 442
f 449 450 451 452
f 808 495 859 807
f 848 1450 1648 1449
f 785 937 940 938
f 1608 1674 1605 1606
f 1248 1443 986 983
f 81 461 462 1738
f 44 530 529 1748
f 1286 1283 1481 1263
f 562 233 235 236
f 1441 1248 983 1443
f 343 345 712 346
f 269 298 265 266
f 1457 1460 373 1459
f 880 879 265 465
f 1034 1229 667 1231
f 1514 1170 1169 1517
f 1429 1603 1602 1601
f 84 461 82 1738
f 41 530 43 1748
f 1563 1650 1643 1644
f 1044 1039 1040 1042
f 653 654 1526 651
f 568 483 475 486
f 1599 450 1675 1676
f 424 635 655 636
f 1383 1223 1544 1221
f 703 669 668 672
f 1051 1249 1054 558
f 1051 1252 558 1054
f 233 562 235 561
f 1257 1479 1270 1258
f 509 510 512 522
f 1309 840 1316 1310
f 81 462 83 1738
f 44 529 42 1748
f 291 286 165 285
f 1415 1407 1409 1412
f 1506 1309 840 1505
f 1377 1397 1395 1379
f 1476 1475 1481 1478
f 715 920 215 218
f 893 1364 1367 878
f 728 800 797 796
f 492 395 491 507
f 315 317 411 318
f 409 315 317 411
f 1309 1506 840 1310
f 1335 1318 1532 1317
f 317 411 410 409
f 1599 1595 1674 1598
f 900 449 448 451
f 229 685 230 232
f 185 187 160 570
f 1621 1580 1614 1622
f 1416 1236 1410 1418
f 872 1506 1194 871
f 986 985 984 981
f 1581 1622 1573 1621
f 439 1238 1455 1235
f 86 763 772 771
f 1430 1603 1602 1429
f 1450 848 1648 851
f 685 227 229 230
f 500 502 528 503
f 345 343 712 342
f 794 215 920 218
f 1518 1170 1516 1517
f 651 1528 1526 1527
f 245 238 487 484
f 486 568 476 475
f 1463 1721 1491 1464
f 702 1071 1241 1242
f 1638 1007 1508 1010
f 862 852 850 847
f 1460 1457 373 1458
f 1131 770 1118 1132
f 1491 1722 1464 1721
f 1253 1058 1254 1066
f 1397 443 1377 1395
f 1096 1095 1362 1098
f 1573 1622 1574 1572
f 986 982 981 983
f 1095 1096 1362 1093
f 893 1367 894 878
f 298 266 295 297
f 1264 1260 1283 1263
f 500 528 499 527
f 206 203 207 1733
f 535 532 509 522
f 900 448 1453 451
f 748 1076 749 1078
f 432 437 1411 438
f 799 728 800 731
f 938 940 785 788
f 562 238 236 235
f 487 248 238 245
f 1505 1193 1506 871
f 234 237 263 241
f 241 249 304 246
f 1674 1605 1596 1607
f 1703 1489 1699 1486
f 1646 1050 1537 1538
f 682 227 229 685
f 437 432 1411 429
f 1407 1416 1417 1415
f 298 265 268 269
f 1540 1539 1555 1731
f 1066 1254 1069 1058
f 1489 1703 1699 1704
f 263 261 234 241
f 304 307 249 242
f 217 219 742 220
f 862 852 847 849
f 1532 1333 1317 1531
f 1460 1457 1070 1459
f 932 1093 1361 1362
f 86 764 772 763
f 723 744 725 539
f 764 86 772 88
f 1528 651 1526 654
f 1572 1573 1622 1621
f 308 303 311 305
f 1609 1232 1399 1230
f 1320 1007 1638 1010
f 1461 373 375 378
f 1596 1599 1674 1607
f 652 185 179 187
f 185 652 179 649
f 1704 1700 1699 1489
f 1556 1540 1515 1513
f 627 1659 665 662
f 412 411 410 320
f 1455 1238 440 1456
f 267 874 268 270
f 533 818 532 816
f 818 535 536 532
f 1647 848 1648 1449
f 749 750 748 1078
f 924 923 1131 770
f 398 492 508 507
f 373 1459 1460 376
f 920 921 901 922
f 1229 1230 1231 1391
f 1646 1053 1050 1538
f 245 235 238 484
f 291 286 292 165
f 171 172 875 169
f 636 655 424 656
f 1308 1146 1348 1307
f 1007 1320 1638 1319
f 1225 1406 1233 1404
f 512 535 509 522
f 312 304 303 307
f 492 398 395 507
f 1570 1569 1575 1611
f 286 165 168 292
f 635 424 655 423
f 1578 1570 1575 1611
f 1570 1578 1612 1611
f 266 298 295 269
f 478 275 336 335
f 1722 1491 1464 1492
f 303 313 308 311
f 1132 924 1131 770
f 1410 1416 1417 1407
f 1406 1234 1227 1233
f 817 815 843 527
f 1359 998 1357 1053
f 1230 1232 1231 1391
f 296 269 286 295
f 1556 1540 1513 1555
f 302 250 281 300
f 1283 1260 1481 1263
f 1596 447 1675 450
f 1370 1206 660 1205
f 1205 658 660 1369
f 1532 1333 1335 1317
f 237 242 263 241
f 249 241 304 242
f 1208 1212 1210 1211
f 1067 1458 1457 1460
f 263 241 264 261
f 304 242 264 307
f 1070 1067 1457 1460
f 454 453 234 331
f 425 319 263 427
f 446 1029 1377 443
f 444 1228 576 574
f 333 1048 1250 334
f 903 1268 917 905
f 1251 994 257 259
f 367 369 1255 372
f 1446 466 465 1448
f 843 528 817 527
f 1446 1718 466 1448
f 1675 1596 450 1599
f 179 185 649 176
f 444 1226 574 441
f 917 1268 918 905
f 1252 994 259 997
f 333 1047 1249 1048
f 370 367 1255 372
f 264 262 261 241
f 304 262 264 241
f 1397 1378 1380 1379
f 454 237 332 234
f 1715 1685 1704 1716
f 931 929 930 934
f 932 930 929 934
f 234 332 454 331
f 453 454 152 331
f 353 1475 1476 1478
f 514 513 512 510
f 236 572 562 233
f 1301 790 787 1106
f 1269 1272 1258 1270
f 1607 1674 1605 1608
f 1123 912 1122 915
f 1005 1372 955 953
f 314 312 303 307
f 1030 1378 446 1377
f 1272 1269 1258 1271
f 373 1461 376 378
f 569 180 566 565
f 571 561 562 233
f 571 562 572 233
f 886 662 663 885
f 155 152 454 331
f 1122 1121 912 1123
f 1225 1406 1227 1233
f 929 1093 1361 932
f 1595 1599 1674 1596
f 272 335 275 477
f 932 933 930 934
f 741 217 216 742
f 337 340 252 339
f 241 263 264 242
f 242 304 264 241
f 1357 1646 1368 1359
f 454 332 155 331
f 278 281 250 300
f 1135 1500 1075 1077
f 912 1088 1122 915
f 1053 1646 1357 1359
f 514 511 510 509
f 1205 660 1370 1369
f 1480 361 1479 1474
f 748 1076 747 749
f 1093 932 1096 1362
f 1008 1372 955 1005
f 851 1451 1648 1452
f 874 265 267 268
f 1704 1683 1715 1703
f 219 216 217 742
f 325 324 292 326
f 473 436 293 474
f 474 436 293 294
f 1408 429 437 1411
f 1226 444 574 1228
f 994 1252 259 1251
f 1268 903 917 1266
f 1249 333 1048 1250
f 1255 370 372 1256
f 1539 1513 1540 1555
f 1377 1397 1379 1378
f 240 150 881 882
f 667 1231 1230 670
f 1090 1124 1088 915
f 1209 1208 1210 1207
f 1683 1704 1715 1685
f 1357 1646 1645 1368
f 446 1377 1397 443
f 324 325 292 323
f 292 324 323 291
f 1646 1050 1357 1645
f 319 261 425 263
f 563 177 568 567
f 1648 848 1451 851
f 436 473 293 435
f 663 665 886 666
f 1212 1208 1210 1209
f 1275 686 682 1276
f 1512 1542 1541 1006
f 1372 1008 955 1374
f 742 219 243 244
f 998 995 1357 1053
f 1301 1105 787 1299
f 450 449 451 447
f 485 490 486 488
f 486 489 485 483
f 361 1473 1479 1474
f 255 252 340 339
f 489 486 485 490
f 447 448 449 451
f 1041 1237 1039 1044
f 881 147 150 240
f 1377 446 1397 1378
f 1512 1541 1511 1006
f 570 180 566 569
f 1105 1301 787 1106
f 1474 1480 361 362
f 665 663 886 662
f 873 265 267 874
f 921 920 901 919
f 1122 1124 1123 915
f 266 286 295 285
f 1416 1236 1407 1410
f 556 546 543 816
f 1050 1357 995 1053
f 510 512 514 509
f 316 261 425 319
f 1124 1122 1088 915
f 848 1648 1451 1647
f 1044 1237 1039 1042
f 354 1476 1473 357
f 686 1275 682 683
f 282 330 299 329
f 881 239 147 240
f 1237 1044 1240 1042
f 363 366 338 365
f 329 299 282 279
f 1239 1410 1236 1418
f 243 741 216 742
f 1231 667 1230 1229
f 1542 1512 1009 1006
f 366 363 338 364
f 1270 1258 1269 1257
f 1050 1646 1357 1053
f 1276 682 685 686
f 1645 1365 1357 1368
f 880 468 1448 465
f 265 874 880 268
f 1231 670 1232 1230
f 1456 429 1411 432
f 219 243 216 742
f 1478 1474 1476 357
f 568 564 180 563
f 546 556 818 816
f 177 180 569 565
f 879 874 265 873
f 556 543 555 816
f 340 337 252 338
f 1474 1473 1476 357
f 286 266 295 269
f 874 879 265 880
f 299 301 330 282
f 1411 1455 429 1456
f 1408 1455 429 1411
f 365 366 338 340
f 565 564 180 566
f 564 565 180 563
f 1448 879 880 465
f 465 1448 879 1446
f 337 365 340 339
f 180 177 568 563
f 338 337 363 365
f 565 177 180 563
f 338 337 365 340
f 766 908 1086 1737
f 35 33 122 1735
f 33 120 122 1735
f 1586 1642 200 1745
f 1641 1585 197 1745
f 765 1084 907 1737
f 1750 526 520 525
f 520 526 1750 519
f 520 517 1750 525
f 1750 517 520 519
f 1357 1742 1358 931
f 1358 1742 1357 1359
f 1742 1360 1358 931
f 1358 1360 1742 1359
f 1742 934 1360 931
f 1360 934 1742 1359
f 407 1734 1257 1467
f 1257 1734 407 408
f 1734 1258 1257 1467
f 1257 1258 1734 408
f 1734 1468 1258 1467
f 1258 1468 1734 408
f 277 1744 275 280
f 277 275 1744 435
f 436 275 1744 280
f 436 1744 275 435
f 1739 1042 1239 1422
f 1739 1239 1042 1039
f 1236 1739 1239 1422
f 1236 1239 1739 1039
f 1420 1739 1236 1422
f 1420 1236 1739 1039
f 318 1741 261 315
f 318 261 1741 319
f 316 261 1741 315
f 316 1741 261 319
