####
#
# OBJ File Generated by Meshlab
#
####
# Object simple_muscle_holder_mod.obj
#
# Vertices: 4624
# Faces: 12
#
####
mtllib ./simple_muscle_holder_mod.obj.mtl

vn -0.4248604 0.1821721 -0.0041839
v -0.1180980 4.7636151 -0.0011631 1.000000 1.000000 1.000000
vn -0.4187130 0.1821730 -0.0083282
v -0.1163900 4.7636151 -0.0023151 1.000000 1.000000 1.000000
vn -0.4085324 0.1821708 -0.0123930
v -0.1135600 4.7636151 -0.0034447 1.000000 1.000000 1.000000
vn -0.3944169 0.1821727 -0.0163377
v -0.1096370 4.7636151 -0.0045412 1.000000 1.000000 1.000000
vn -0.3765017 0.1821727 -0.0201254
v -0.1046570 4.7636151 -0.0055940 1.000000 1.000000 1.000000
vn -0.3549660 0.1821717 -0.0237184
v -0.0986700 4.7636151 -0.0065929 1.000000 1.000000 1.000000
vn -0.3300062 0.1821721 -0.0270837
v -0.0917330 4.7636151 -0.0075282 1.000000 1.000000 1.000000
vn -0.3018746 0.1821727 -0.0301875
v -0.0839120 4.7636151 -0.0083911 1.000000 1.000000 1.000000
vn -0.2708373 0.1821732 -0.0330005
v -0.0752830 4.7636151 -0.0091732 1.000000 1.000000 1.000000
vn -0.2371959 0.1821721 -0.0354958
v -0.0659300 4.7636151 -0.0098669 1.000000 1.000000 1.000000
vn -0.2012528 0.1821721 -0.0376502
v -0.0559410 4.7636151 -0.0104657 1.000000 1.000000 1.000000
vn -0.1633621 0.1821721 -0.0394423
v -0.0454130 4.7636151 -0.0109636 1.000000 1.000000 1.000000
vn -0.1239299 0.1821716 -0.0408532
v -0.0344480 4.7636151 -0.0113559 1.000000 1.000000 1.000000
vn -0.0832985 0.1821713 -0.0418710
v -0.0231520 4.7636151 -0.0116389 1.000000 1.000000 1.000000
vn -0.0418402 0.1821717 -0.0424860
v -0.0116320 4.7636151 -0.0118098 1.000000 1.000000 1.000000
vn 0.0000009 0.1821707 -0.0426916
v 0.0000000 4.7636151 -0.0118669 1.000000 1.000000 1.000000
vn 0.0418407 0.1821717 -0.0424860
v 0.0116310 4.7636151 -0.0118098 1.000000 1.000000 1.000000
vn 0.0832938 0.1821727 -0.0418711
v 0.0231510 4.7636151 -0.0116389 1.000000 1.000000 1.000000
vn 0.1239310 0.1821741 -0.0408531
v 0.0344480 4.7636151 -0.0113559 1.000000 1.000000 1.000000
vn 0.1633676 0.1821744 -0.0394420
v 0.0454120 4.7636151 -0.0109636 1.000000 1.000000 1.000000
vn 0.2012394 0.1821736 -0.0376509
v 0.0559400 4.7636151 -0.0104657 1.000000 1.000000 1.000000
vn 0.2371741 0.1821726 -0.0354972
v 0.0659290 4.7636151 -0.0098670 1.000000 1.000000 1.000000
vn 0.2708297 0.1821721 -0.0330012
v 0.0752830 4.7636151 -0.0091733 1.000000 1.000000 1.000000
vn 0.3018752 0.1821709 -0.0301875
v 0.0839120 4.7636151 -0.0083912 1.000000 1.000000 1.000000
vn 0.3300130 0.1821713 -0.0270829
v 0.0917330 4.7636151 -0.0075283 1.000000 1.000000 1.000000
vn 0.3549726 0.1821708 -0.0237175
v 0.0986700 4.7636151 -0.0065929 1.000000 1.000000 1.000000
vn 0.3765064 0.1821713 -0.0201246
v 0.1046570 4.7636151 -0.0055940 1.000000 1.000000 1.000000
vn 0.3944140 0.1821712 -0.0163385
v 0.1096360 4.7636151 -0.0045413 1.000000 1.000000 1.000000
vn 0.4085324 0.1821732 -0.0123926
v 0.1135600 4.7636151 -0.0034448 1.000000 1.000000 1.000000
vn 0.4187135 0.1821744 -0.0083277
v 0.1163890 4.7636151 -0.0023151 1.000000 1.000000 1.000000
vn 0.4248583 0.1821725 -0.0041858
v 0.1180980 4.7636151 -0.0011631 1.000000 1.000000 1.000000
vn 0.4269153 0.1821726 -0.0000002
v 0.1186700 4.7636151 0.0000000 1.000000 1.000000 1.000000
vn 0.4248596 0.1821736 0.0041840
v 0.1180980 4.7636151 0.0011632 1.000000 1.000000 1.000000
vn 0.4187128 0.1821741 0.0083281
v 0.1163900 4.7636151 0.0023152 1.000000 1.000000 1.000000
vn 0.4085313 0.1821735 0.0123929
v 0.1135600 4.7636151 0.0034448 1.000000 1.000000 1.000000
vn 0.3944227 0.1821721 0.0163363
v 0.1096370 4.7636151 0.0045413 1.000000 1.000000 1.000000
vn 0.3765105 0.1821709 0.0201239
v 0.1046580 4.7636151 0.0055941 1.000000 1.000000 1.000000
vn 0.3549643 0.1821699 0.0237188
v 0.0986710 4.7636151 0.0065930 1.000000 1.000000 1.000000
vn 0.3300046 0.1821699 0.0270841
v 0.0917330 4.7636151 0.0075284 1.000000 1.000000 1.000000
vn 0.3018743 0.1821709 0.0301876
v 0.0839120 4.7636151 0.0083913 1.000000 1.000000 1.000000
vn 0.2708398 0.1821707 0.0330005
v 0.0752840 4.7636151 0.0091733 1.000000 1.000000 1.000000
vn 0.2371871 0.1821708 0.0354964
v 0.0659300 4.7636151 0.0098671 1.000000 1.000000 1.000000
vn 0.2012394 0.1821713 0.0376510
v 0.0559410 4.7636151 0.0104658 1.000000 1.000000 1.000000
vn 0.1633631 0.1821731 0.0394422
v 0.0454130 4.7636151 0.0109637 1.000000 1.000000 1.000000
vn 0.1239286 0.1821731 0.0408532
v 0.0344480 4.7636151 0.0113560 1.000000 1.000000 1.000000
vn 0.0832985 0.1821713 0.0418710
v 0.0231520 4.7636151 0.0116390 1.000000 1.000000 1.000000
vn 0.0418411 0.1821726 0.0424860
v 0.0116320 4.7636151 0.0118099 1.000000 1.000000 1.000000
vn -0.0000023 0.1821726 0.0426915
v 0.0000000 4.7636151 0.0118670 1.000000 1.000000 1.000000
vn -0.0418398 0.1821727 0.0424860
v -0.0116310 4.7636151 0.0118099 1.000000 1.000000 1.000000
vn -0.0832766 0.1821744 0.0418713
v -0.0231510 4.7636151 0.0116390 1.000000 1.000000 1.000000
vn -0.1239253 0.1821744 0.0408532
v -0.0344480 4.7636151 0.0113561 1.000000 1.000000 1.000000
vn -0.1633853 0.1821735 0.0394413
v -0.0454130 4.7636151 0.0109637 1.000000 1.000000 1.000000
vn -0.2012458 0.1821725 0.0376506
v -0.0559400 4.7636151 0.0104658 1.000000 1.000000 1.000000
vn -0.2371736 0.1821731 0.0354972
v -0.0659290 4.7636151 0.0098671 1.000000 1.000000 1.000000
vn -0.2708288 0.1821735 0.0330012
v -0.0752830 4.7636151 0.0091734 1.000000 1.000000 1.000000
vn -0.3018745 0.1821731 0.0301875
v -0.0839120 4.7636151 0.0083913 1.000000 1.000000 1.000000
vn -0.3300131 0.1821721 0.0270829
v -0.0917330 4.7636151 0.0075284 1.000000 1.000000 1.000000
vn -0.3549659 0.1821730 0.0237183
v -0.0986700 4.7636151 0.0065930 1.000000 1.000000 1.000000
vn -0.3765056 0.1821735 0.0201246
v -0.1046570 4.7636151 0.0055942 1.000000 1.000000 1.000000
vn -0.3944171 0.1821712 0.0163378
v -0.1096360 4.7636151 0.0045414 1.000000 1.000000 1.000000
vn -0.4085323 0.1821731 0.0123927
v -0.1135600 4.7636151 0.0034449 1.000000 1.000000 1.000000
vn -0.4187132 0.1821745 0.0083278
v -0.1163890 4.7636151 0.0023152 1.000000 1.000000 1.000000
vn -0.4248582 0.1821722 0.0041860
v -0.1180980 4.7636151 0.0011633 1.000000 1.000000 1.000000
vn -0.4269159 0.1821713 0.0000000
v -0.1186700 4.7636151 0.0000001 1.000000 1.000000 1.000000
vn -0.4267143 0.1777428 -0.0042023
v -0.1747210 4.6302800 -0.0017208 1.000000 1.000000 1.000000
vn -0.4205380 0.1777429 -0.0083659
v -0.1721930 4.6302800 -0.0034250 1.000000 1.000000 1.000000
vn -0.4103144 0.1777431 -0.0124471
v -0.1680060 4.6302800 -0.0050963 1.000000 1.000000 1.000000
vn -0.3961425 0.1777442 -0.0164078
v -0.1622020 4.6302800 -0.0067185 1.000000 1.000000 1.000000
vn -0.3781486 0.1777435 -0.0202125
v -0.1548360 4.6302800 -0.0082760 1.000000 1.000000 1.000000
vn -0.3565178 0.1777420 -0.0238215
v -0.1459780 4.6302800 -0.0097538 1.000000 1.000000 1.000000
vn -0.3314517 0.1777417 -0.0272013
v -0.1357150 4.6302800 -0.0111377 1.000000 1.000000 1.000000
vn -0.3031928 0.1777421 -0.0303192
v -0.1241440 4.6302800 -0.0124143 1.000000 1.000000 1.000000
vn -0.2720186 0.1777427 -0.0331447
v -0.1113780 4.6302800 -0.0135714 1.000000 1.000000 1.000000
vn -0.2382207 0.1777425 -0.0356514
v -0.0975400 4.6302800 -0.0145977 1.000000 1.000000 1.000000
vn -0.2021246 0.1777429 -0.0378149
v -0.0827620 4.6302800 -0.0154835 1.000000 1.000000 1.000000
vn -0.1640784 0.1777431 -0.0396143
v -0.0671870 4.6302800 -0.0162201 1.000000 1.000000 1.000000
vn -0.1244712 0.1777426 -0.0410314
v -0.0509650 4.6302800 -0.0168005 1.000000 1.000000 1.000000
vn -0.0836567 0.1777429 -0.0420538
v -0.0342520 4.6302800 -0.0172192 1.000000 1.000000 1.000000
vn -0.0420219 0.1777430 -0.0426714
v -0.0172090 4.6302800 -0.0174720 1.000000 1.000000 1.000000
vn -0.0000006 0.1777428 -0.0428778
v -0.0000010 4.6302800 -0.0175565 1.000000 1.000000 1.000000
vn 0.0420212 0.1777431 -0.0426714
v 0.0172080 4.6302800 -0.0174720 1.000000 1.000000 1.000000
vn 0.0836451 0.1777426 -0.0420541
v 0.0342510 4.6302800 -0.0172192 1.000000 1.000000 1.000000
vn 0.1244606 0.1777416 -0.0410318
v 0.0509640 4.6302800 -0.0168006 1.000000 1.000000 1.000000
vn 0.1640882 0.1777419 -0.0396139
v 0.0671860 4.6302800 -0.0162202 1.000000 1.000000 1.000000
vn 0.2021249 0.1777429 -0.0378149
v 0.0827610 4.6302800 -0.0154835 1.000000 1.000000 1.000000
vn 0.2382209 0.1777420 -0.0356514
v 0.0975390 4.6302800 -0.0145978 1.000000 1.000000 1.000000
vn 0.2720186 0.1777420 -0.0331447
v 0.1113770 4.6302800 -0.0135714 1.000000 1.000000 1.000000
vn 0.3031857 0.1777433 -0.0303198
v 0.1241430 4.6302800 -0.0124144 1.000000 1.000000 1.000000
vn 0.3314513 0.1777432 -0.0272013
v 0.1357140 4.6302800 -0.0111378 1.000000 1.000000 1.000000
vn 0.3565179 0.1777426 -0.0238214
v 0.1459770 4.6302800 -0.0097539 1.000000 1.000000 1.000000
vn 0.3781442 0.1777423 -0.0202134
v 0.1548350 4.6302800 -0.0082761 1.000000 1.000000 1.000000
vn 0.3961385 0.1777426 -0.0164090
v 0.1622020 4.6302800 -0.0067186 1.000000 1.000000 1.000000
vn 0.4103142 0.1777432 -0.0124471
v 0.1680060 4.6302800 -0.0050964 1.000000 1.000000 1.000000
vn 0.4205387 0.1777418 -0.0083657
v 0.1721930 4.6302800 -0.0034251 1.000000 1.000000 1.000000
vn 0.4267153 0.1777403 -0.0042023
v 0.1747210 4.6302800 -0.0017209 1.000000 0.992157 0.992157
vn 0.4287790 0.1777415 -0.0000000
v 0.1755660 4.6302800 0.0000000 1.000000 0.992157 0.992157
vn 0.4267143 0.1777430 0.0042022
v 0.1747210 4.6302800 0.0017208 1.000000 0.992157 0.992157
vn 0.4205408 0.1777429 0.0083645
v 0.1721930 4.6302800 0.0034251 1.000000 0.984314 0.984314
vn 0.4103144 0.1777432 0.0124471
v 0.1680070 4.6302800 0.0050964 1.000000 0.984314 0.984314
vn 0.3961383 0.1777431 0.0164089
v 0.1622020 4.6302800 0.0067186 1.000000 0.984314 0.984314
vn 0.3781490 0.1777430 0.0202124
v 0.1548360 4.6302800 0.0082761 1.000000 0.984314 0.984314
vn 0.3565178 0.1777420 0.0238215
v 0.1459780 4.6302800 0.0097539 1.000000 0.984314 0.984314
vn 0.3314517 0.1777417 0.0272013
v 0.1357150 4.6302800 0.0111378 1.000000 0.976471 0.976471
vn 0.3031985 0.1777412 0.0303187
v 0.1241440 4.6302800 0.0124144 1.000000 0.976471 0.976471
vn 0.2720197 0.1777417 0.0331446
v 0.1113790 4.6302800 0.0135715 1.000000 0.976471 0.976471
vn 0.2382148 0.1777415 0.0356518
v 0.0975400 4.6302800 0.0145978 1.000000 0.976471 0.976471
vn 0.2021245 0.1777417 0.0378150
v 0.0827620 4.6302800 0.0154836 1.000000 0.984314 0.984314
vn 0.1640897 0.1777417 0.0396139
v 0.0671870 4.6302800 0.0162202 1.000000 0.984314 0.984314
vn 0.1244713 0.1777428 0.0410314
v 0.0509650 4.6302800 0.0168007 1.000000 0.984314 0.984314
vn 0.0836449 0.1777432 0.0420541
v 0.0342520 4.6302800 0.0172193 1.000000 0.984314 0.984314
vn 0.0420339 0.1777429 0.0426713
v 0.0172090 4.6302800 0.0174721 1.000000 0.984314 0.984314
vn 0.0000006 0.1777428 0.0428778
v 0.0000010 4.6302800 0.0175567 1.000000 0.992157 0.992157
vn -0.0420211 0.1777427 0.0426714
v -0.0172080 4.6302800 0.0174721 1.000000 0.992157 0.992157
vn -0.0836448 0.1777431 0.0420541
v -0.0342510 4.6302800 0.0172194 1.000000 0.992157 0.992157
vn -0.1244712 0.1777426 0.0410314
v -0.0509640 4.6302800 0.0168007 1.000000 1.000000 1.000000
vn -0.1640888 0.1777433 0.0396138
v -0.0671860 4.6302800 0.0162203 1.000000 1.000000 1.000000
vn -0.2021258 0.1777419 0.0378149
v -0.0827610 4.6302800 0.0154836 1.000000 1.000000 1.000000
vn -0.2382058 0.1777411 0.0356524
v -0.0975390 4.6302800 0.0145979 1.000000 1.000000 1.000000
vn -0.2720131 0.1777416 0.0331452
v -0.1113780 4.6302800 0.0135716 1.000000 1.000000 1.000000
vn -0.3031987 0.1777421 0.0303186
v -0.1241440 4.6302800 0.0124145 1.000000 1.000000 1.000000
vn -0.3314459 0.1777430 0.0272019
v -0.1357140 4.6302800 0.0111379 1.000000 1.000000 1.000000
vn -0.3565150 0.1777420 0.0238219
v -0.1459780 4.6302800 0.0097541 1.000000 1.000000 1.000000
vn -0.3781497 0.1777402 0.0202126
v -0.1548350 4.6302800 0.0082763 1.000000 1.000000 1.000000
vn -0.3961401 0.1777420 0.0164086
v -0.1622020 4.6302800 0.0067188 1.000000 1.000000 1.000000
vn -0.4103156 0.1777416 0.0124469
v -0.1680060 4.6302800 0.0050965 1.000000 1.000000 1.000000
vn -0.4205388 0.1777402 0.0083660
v -0.1721930 4.6302800 0.0034253 1.000000 1.000000 1.000000
vn -0.4267155 0.1777403 0.0042021
v -0.1747210 4.6302800 0.0017210 1.000000 1.000000 1.000000
vn -0.4287790 0.1777415 0.0000001
v -0.1755660 4.6302800 0.0000001 1.000000 1.000000 1.000000
vn -0.4276439 0.1754722 -0.0042115
v -0.2297250 4.4969468 -0.0022625 1.000000 0.964706 0.964706
vn -0.4214562 0.1754729 -0.0083830
v -0.2264020 4.4969468 -0.0045033 1.000000 0.964706 0.964706
vn -0.4112091 0.1754733 -0.0124738
v -0.2208970 4.4969468 -0.0067008 1.000000 0.964706 0.964706
vn -0.3970028 0.1754734 -0.0164443
v -0.2132660 4.4969468 -0.0088337 1.000000 0.964706 0.964706
vn -0.3789694 0.1754732 -0.0202571
v -0.2035800 4.4969468 -0.0108815 1.000000 0.976471 0.976471
vn -0.3572936 0.1754735 -0.0238734
v -0.1919340 4.4969468 -0.0128245 1.000000 0.972549 0.972549
vn -0.3321736 0.1754740 -0.0272604
v -0.1784400 4.4969468 -0.0146440 1.000000 0.976471 0.976471
vn -0.3038525 0.1754738 -0.0303852
v -0.1632270 4.4969468 -0.0163225 1.000000 0.976471 0.976471
vn -0.2726100 0.1754728 -0.0332169
v -0.1464420 4.4969468 -0.0178438 1.000000 0.976471 0.976471
vn -0.2387367 0.1754720 -0.0357292
v -0.1282470 4.4969468 -0.0191933 1.000000 0.976471 0.976471
vn -0.2025664 0.1754717 -0.0378972
v -0.1088160 4.4969468 -0.0203579 1.000000 0.976471 0.976471
vn -0.1644434 0.1754723 -0.0397003
v -0.0883380 4.4969468 -0.0213265 1.000000 0.976471 0.976471
vn -0.1247406 0.1754727 -0.0411209
v -0.0670090 4.4969468 -0.0220896 1.000000 0.972549 0.972549
vn -0.0838405 0.1754729 -0.0421454
v -0.0450350 4.4969468 -0.0226401 1.000000 0.972549 0.972549
vn -0.0421153 0.1754732 -0.0427643
v -0.0226270 4.4969468 -0.0229725 1.000000 0.972549 0.972549
vn -0.0000000 0.1754735 -0.0429712
v -0.0000010 4.4969468 -0.0230836 1.000000 0.972549 0.972549
vn 0.0421149 0.1754735 -0.0427643
v 0.0226250 4.4969468 -0.0229725 1.000000 0.972549 0.972549
vn 0.0838294 0.1754730 -0.0421456
v 0.0450330 4.4969468 -0.0226401 1.000000 0.972549 0.972549
vn 0.1247377 0.1754735 -0.0411209
v 0.0670080 4.4969468 -0.0220897 1.000000 0.976471 0.976471
vn 0.1644437 0.1754732 -0.0397002
v 0.0883370 4.4969468 -0.0213265 1.000000 0.976471 0.976471
vn 0.2025630 0.1754730 -0.0378974
v 0.1088150 4.4969468 -0.0203580 1.000000 0.976471 0.976471
vn 0.2387356 0.1754737 -0.0357292
v 0.1282450 4.4969468 -0.0191934 1.000000 0.972549 0.972549
vn 0.2726061 0.1754739 -0.0332172
v 0.1464410 4.4969468 -0.0178439 1.000000 0.976471 0.976471
vn 0.3038481 0.1754730 -0.0303857
v 0.1632260 4.4969468 -0.0163226 1.000000 0.972549 0.972549
vn 0.3321726 0.1754743 -0.0272605
v 0.1784390 4.4969468 -0.0146442 1.000000 0.956863 0.956863
vn 0.3572917 0.1754749 -0.0238736
v 0.1919330 4.4969468 -0.0128246 1.000000 0.956863 0.956863
vn 0.3789697 0.1754743 -0.0202569
v 0.2035800 4.4969468 -0.0108816 1.000000 0.949020 0.949020
vn 0.3970020 0.1754733 -0.0164445
v 0.2132650 4.4969468 -0.0088338 1.000000 0.937255 0.937255
vn 0.4112095 0.1754729 -0.0124738
v 0.2208970 4.4969468 -0.0067009 1.000000 0.921569 0.921569
vn 0.4214562 0.1754727 -0.0083830
v 0.2264010 4.4969468 -0.0045034 1.000000 0.901961 0.909804
vn 0.4276427 0.1754732 -0.0042123
v 0.2297250 4.4969468 -0.0022626 1.000000 0.886275 0.886275
vn 0.4297124 0.1754730 -0.0000009
v 0.2308370 4.4969468 0.0000000 1.000000 0.866667 0.866667
vn 0.4276437 0.1754730 0.0042115
v 0.2297260 4.4969468 0.0022626 1.000000 0.839216 0.847059
vn 0.4214543 0.1754725 0.0083840
v 0.2264020 4.4969468 0.0045034 1.000000 0.819608 0.827451
vn 0.4112091 0.1754723 0.0124740
v 0.2208970 4.4969468 0.0067008 1.000000 0.803922 0.811765
vn 0.3970038 0.1754735 0.0164440
v 0.2132660 4.4969468 0.0088337 1.000000 0.784314 0.800000
vn 0.3789713 0.1754738 0.0202567
v 0.2035800 4.4969468 0.0108816 1.000000 0.764706 0.776471
vn 0.3572931 0.1754745 0.0238734
v 0.1919340 4.4969468 0.0128246 1.000000 0.756863 0.764706
vn 0.3321733 0.1754739 0.0272605
v 0.1784400 4.4969468 0.0146441 1.000000 0.749020 0.756863
vn 0.3038574 0.1754733 0.0303848
v 0.1632270 4.4969468 0.0163226 1.000000 0.737255 0.756863
vn 0.2726099 0.1754733 0.0332169
v 0.1464420 4.4969468 0.0178440 1.000000 0.737255 0.749020
vn 0.2387341 0.1754733 0.0357294
v 0.1282470 4.4969468 0.0191934 1.000000 0.749020 0.756863
vn 0.2025670 0.1754740 0.0378971
v 0.1088170 4.4969468 0.0203580 1.000000 0.749020 0.764706
vn 0.1644474 0.1754743 0.0397000
v 0.0883380 4.4969468 0.0213266 1.000000 0.764706 0.776471
vn 0.1247403 0.1754737 0.0411208
v 0.0670090 4.4969468 0.0220898 1.000000 0.776471 0.784314
vn 0.0838315 0.1754733 0.0421456
v 0.0450350 4.4969468 0.0226402 1.000000 0.800000 0.803922
vn 0.0421244 0.1754738 0.0427642
v 0.0226270 4.4969468 0.0229726 1.000000 0.819608 0.827451
vn -0.0000002 0.1754740 0.0429712
v 0.0000010 4.4969468 0.0230838 1.000000 0.831373 0.839216
vn -0.0421233 0.1754734 0.0427643
v -0.0226250 4.4969468 0.0229726 1.000000 0.858824 0.866667
vn -0.0838294 0.1754731 0.0421456
v -0.0450330 4.4969468 0.0226402 1.000000 0.886275 0.886275
vn -0.1247299 0.1754739 0.0411211
v -0.0670080 4.4969468 0.0220898 1.000000 0.894118 0.894118
vn -0.1644441 0.1754737 0.0397002
v -0.0883370 4.4969468 0.0213267 1.000000 0.909804 0.909804
vn -0.2025701 0.1754733 0.0378970
v -0.1088150 4.4969468 0.0203581 1.000000 0.929412 0.929412
vn -0.2387294 0.1754731 0.0357297
v -0.1282450 4.4969468 0.0191935 1.000000 0.937255 0.937255
vn -0.2726000 0.1754733 0.0332178
v -0.1464410 4.4969468 0.0178441 1.000000 0.937255 0.937255
vn -0.3038523 0.1754742 0.0303852
v -0.1632260 4.4969468 0.0163228 1.000000 0.949020 0.949020
vn -0.3321734 0.1754735 0.0272605
v -0.1784390 4.4969468 0.0146443 1.000000 0.949020 0.949020
vn -0.3572920 0.1754732 0.0238736
v -0.1919330 4.4969468 0.0128248 1.000000 0.949020 0.949020
vn -0.3789720 0.1754736 0.0202565
v -0.2035800 4.4969468 0.0108817 1.000000 0.956863 0.956863
vn -0.3970022 0.1754730 0.0164444
v -0.2132650 4.4969468 0.0088339 1.000000 0.956863 0.956863
vn -0.4112088 0.1754733 0.0124740
v -0.2208970 4.4969468 0.0067010 1.000000 0.956863 0.956863
vn -0.4214558 0.1754732 0.0083831
v -0.2264010 4.4969468 0.0045036 1.000000 0.956863 0.956863
vn -0.4276427 0.1754734 0.0042122
v -0.2297250 4.4969468 0.0022627 1.000000 0.956863 0.964706
vn -0.4297122 0.1754735 0.0000000
v -0.2308370 4.4969468 0.0000001 1.000000 0.956863 0.956863
vn -0.4294519 0.1709554 -0.0042295
v -0.2831120 4.3636141 -0.0027883 1.000000 0.600000 0.619608
vn -0.4232391 0.1709552 -0.0084181
v -0.2790160 4.3636141 -0.0055499 1.000000 0.600000 0.619608
vn -0.4129475 0.1709557 -0.0125268
v -0.2722330 4.3636141 -0.0082580 1.000000 0.584314 0.619608
vn -0.3986802 0.1709551 -0.0165142
v -0.2628270 4.3636141 -0.0108866 1.000000 0.592157 0.611765
vn -0.3805749 0.1709548 -0.0203423
v -0.2508910 4.3636141 -0.0134103 1.000000 0.600000 0.619608
vn -0.3588053 0.1709551 -0.0239743
v -0.2365380 4.3636141 -0.0158049 1.000000 0.600000 0.619608
vn -0.3335790 0.1709553 -0.0273757
v -0.2199080 4.3636141 -0.0180473 1.000000 0.603922 0.619608
vn -0.3051381 0.1709555 -0.0305137
v -0.2011600 4.3636141 -0.0201158 1.000000 0.603922 0.631373
vn -0.2737569 0.1709562 -0.0333579
v -0.1804740 4.3636141 -0.0219907 1.000000 0.611765 0.631373
vn -0.2397456 0.1709560 -0.0358803
v -0.1580500 4.3636141 -0.0236537 1.000000 0.611765 0.631373
vn -0.2034227 0.1709559 -0.0380574
v -0.1341050 4.3636141 -0.0250890 1.000000 0.619608 0.631373
vn -0.1651420 0.1709559 -0.0398680
v -0.1088670 4.3636141 -0.0262826 1.000000 0.619608 0.639216
vn -0.1252685 0.1709560 -0.0412947
v -0.0825820 4.3636141 -0.0272232 1.000000 0.619608 0.639216
vn -0.0841815 0.1709554 -0.0423239
v -0.0555000 4.3636141 -0.0279015 1.000000 0.619608 0.639216
vn -0.0422962 0.1709556 -0.0429452
v -0.0278850 4.3636141 -0.0283111 1.000000 0.627451 0.639216
vn -0.0000067 0.1709552 -0.0431530
v -0.0000010 4.3636141 -0.0284481 1.000000 0.619608 0.639216
vn 0.0422943 0.1709559 -0.0429452
v 0.0278830 4.3636141 -0.0283112 1.000000 0.627451 0.647059
vn 0.0841883 0.1709558 -0.0423237
v 0.0554990 4.3636141 -0.0279015 1.000000 0.631373 0.647059
vn 0.1252616 0.1709548 -0.0412950
v 0.0825800 4.3636141 -0.0272232 1.000000 0.639216 0.647059
vn 0.1651362 0.1709550 -0.0398683
v 0.1088660 4.3636141 -0.0262827 1.000000 0.639216 0.654902
vn 0.2034221 0.1709553 -0.0380575
v 0.1341030 4.3636141 -0.0250891 1.000000 0.647059 0.658824
vn 0.2397428 0.1709550 -0.0358805
v 0.1580490 4.3636141 -0.0236538 1.000000 0.654902 0.666667
vn 0.2737606 0.1709562 -0.0333575
v 0.1804730 4.3636141 -0.0219908 1.000000 0.654902 0.666667
vn 0.3051377 0.1709554 -0.0305137
v 0.2011580 4.3636141 -0.0201159 1.000000 0.654902 0.666667
vn 0.3335719 0.1709543 -0.0273766
v 0.2199070 4.3636141 -0.0180474 1.000000 0.658824 0.666667
vn 0.3588056 0.1709545 -0.0239743
v 0.2365380 4.3636141 -0.0158050 1.000000 0.658824 0.666667
vn 0.3805751 0.1709546 -0.0203422
v 0.2508900 4.3636141 -0.0134104 1.000000 0.647059 0.658824
vn 0.3986799 0.1709554 -0.0165143
v 0.2628270 4.3636141 -0.0108867 1.000000 0.639216 0.654902
vn 0.4129474 0.1709558 -0.0125268
v 0.2722320 4.3636141 -0.0082581 1.000000 0.611765 0.631373
vn 0.4232371 0.1709563 -0.0084189
v 0.2790160 4.3636141 -0.0055500 1.000000 0.584314 0.603922
vn 0.4294516 0.1709557 -0.0042296
v 0.2831120 4.3636141 -0.0027885 1.000000 0.556863 0.576471
vn 0.4315294 0.1709558 0.0000000
v 0.2844820 4.3636141 0.0000000 1.000000 0.521569 0.537255
vn 0.4294519 0.1709553 0.0042296
v 0.2831120 4.3636141 0.0027884 1.000000 0.486275 0.521569
vn 0.4232387 0.1709558 0.0084182
v 0.2790160 4.3636141 0.0055499 1.000000 0.466667 0.494118
vn 0.4129492 0.1709565 0.0125261
v 0.2722330 4.3636141 0.0082580 1.000000 0.447059 0.474510
vn 0.3986810 0.1709561 0.0165139
v 0.2628280 4.3636141 0.0108866 1.000000 0.431373 0.466667
vn 0.3805761 0.1709558 0.0203419
v 0.2508910 4.3636141 0.0134104 1.000000 0.419608 0.458824
vn 0.3588028 0.1709555 0.0239746
v 0.2365390 4.3636141 0.0158050 1.000000 0.411765 0.447059
vn 0.3335758 0.1709555 0.0273761
v 0.2199080 4.3636141 0.0180473 1.000000 0.411765 0.447059
vn 0.3051412 0.1709567 0.0305133
v 0.2011600 4.3636141 0.0201159 1.000000 0.411765 0.447059
vn 0.2737603 0.1709560 0.0333576
v 0.1804740 4.3636141 0.0219908 1.000000 0.411765 0.447059
vn 0.2397466 0.1709553 0.0358803
v 0.1580510 4.3636141 0.0236538 1.000000 0.411765 0.447059
vn 0.2034284 0.1709553 0.0380572
v 0.1341050 4.3636141 0.0250891 1.000000 0.411765 0.447059
vn 0.1651420 0.1709552 0.0398680
v 0.1088680 4.3636141 0.0262828 1.000000 0.411765 0.454902
vn 0.1252624 0.1709556 0.0412949
v 0.0825820 4.3636141 0.0272233 1.000000 0.427451 0.458824
vn 0.0841880 0.1709562 0.0423237
v 0.0555010 4.3636141 0.0279016 1.000000 0.431373 0.466667
vn 0.0423022 0.1709557 0.0429451
v 0.0278850 4.3636141 0.0283113 1.000000 0.447059 0.474510
vn -0.0000002 0.1709552 0.0431530
v 0.0000010 4.3636141 0.0284483 1.000000 0.466667 0.494118
vn -0.0422949 0.1709552 0.0429452
v -0.0278830 4.3636141 0.0283113 1.000000 0.486275 0.509804
vn -0.0841813 0.1709552 0.0423239
v -0.0554990 4.3636141 0.0279017 1.000000 0.501961 0.529412
vn -0.1252674 0.1709549 0.0412948
v -0.0825800 4.3636141 0.0272234 1.000000 0.537255 0.556863
vn -0.1651429 0.1709550 0.0398680
v -0.1088660 4.3636141 0.0262828 1.000000 0.556863 0.564706
vn -0.2034165 0.1709557 0.0380578
v -0.1341030 4.3636141 0.0250892 1.000000 0.564706 0.592157
vn -0.2397428 0.1709556 0.0358805
v -0.1580490 4.3636141 0.0236540 1.000000 0.584314 0.619608
vn -0.2737567 0.1709552 0.0333579
v -0.1804730 4.3636141 0.0219909 1.000000 0.603922 0.627451
vn -0.3051380 0.1709548 0.0305137
v -0.2011590 4.3636141 0.0201161 1.000000 0.619608 0.639216
vn -0.3335788 0.1709543 0.0273758
v -0.2199070 4.3636141 0.0180475 1.000000 0.619608 0.639216
vn -0.3588031 0.1709552 0.0239746
v -0.2365380 4.3636141 0.0158051 1.000000 0.619608 0.639216
vn -0.3805744 0.1709559 0.0203423
v -0.2508900 4.3636141 0.0134106 1.000000 0.619608 0.639216
vn -0.3986811 0.1709554 0.0165140
v -0.2628270 4.3636141 0.0108868 1.000000 0.619608 0.631373
vn -0.4129474 0.1709556 0.0125268
v -0.2722320 4.3636141 0.0082582 1.000000 0.619608 0.631373
vn -0.4232372 0.1709561 0.0084189
v -0.2790160 4.3636141 0.0055501 1.000000 0.611765 0.631373
vn -0.4294517 0.1709555 0.0042297
v -0.2831120 4.3636141 0.0027886 1.000000 0.611765 0.619608
vn -0.4315295 0.1709556 0.0000000
v -0.2844820 4.3636141 0.0000002 1.000000 0.592157 0.611765
vn -0.4312276 0.1663799 -0.0042473
v -0.3348810 4.2302809 -0.0032982 1.000000 0.400000 0.431373
vn -0.4249885 0.1663801 -0.0084534
v -0.3300360 4.2302809 -0.0065647 1.000000 0.400000 0.431373
vn -0.4146563 0.1663792 -0.0125784
v -0.3220120 4.2302809 -0.0097680 1.000000 0.400000 0.431373
vn -0.4003307 0.1663794 -0.0165821
v -0.3108870 4.2302809 -0.0128773 1.000000 0.400000 0.431373
vn -0.3821484 0.1663799 -0.0204264
v -0.2967680 4.2302809 -0.0158625 1.000000 0.400000 0.431373
vn -0.3602885 0.1663797 -0.0240735
v -0.2797910 4.2302809 -0.0186949 1.000000 0.400000 0.431373
vn -0.3349594 0.1663793 -0.0274888
v -0.2601200 4.2302809 -0.0213473 1.000000 0.400000 0.431373
vn -0.3063998 0.1663792 -0.0306400
v -0.2379430 4.2302809 -0.0237942 1.000000 0.400000 0.431373
vn -0.2748919 0.1663793 -0.0334957
v -0.2134750 4.2302809 -0.0260118 1.000000 0.400000 0.431373
vn -0.2407391 0.1663797 -0.0360286
v -0.1869510 4.2302809 -0.0279790 1.000000 0.400000 0.431373
vn -0.2042619 0.1663793 -0.0382150
v -0.1586270 4.2302809 -0.0296767 1.000000 0.400000 0.431373
vn -0.1658214 0.1663789 -0.0400331
v -0.1287740 4.2302809 -0.0310886 1.000000 0.400000 0.431373
vn -0.1257859 0.1663794 -0.0414656
v -0.0976820 4.2302809 -0.0322011 1.000000 0.400000 0.431373
vn -0.0845399 0.1663799 -0.0424987
v -0.0656490 4.2302809 -0.0330035 1.000000 0.400000 0.431373
vn -0.0424737 0.1663798 -0.0431228
v -0.0329840 4.2302809 -0.0334881 1.000000 0.400000 0.431373
vn -0.0000002 0.1663801 -0.0433314
v -0.0000010 4.2302809 -0.0336501 1.000000 0.400000 0.431373
vn 0.0424673 0.1663796 -0.0431228
v 0.0329820 4.2302809 -0.0334881 1.000000 0.400000 0.431373
vn 0.0845344 0.1663794 -0.0424989
v 0.0656470 4.2302809 -0.0330036 1.000000 0.400000 0.431373
vn 0.1257854 0.1663799 -0.0414656
v 0.0976800 4.2302809 -0.0322012 1.000000 0.400000 0.431373
vn 0.1658203 0.1663797 -0.0400331
v 0.1287720 4.2302809 -0.0310887 1.000000 0.400000 0.431373
vn 0.2042622 0.1663797 -0.0382149
v 0.1586250 4.2302809 -0.0296768 1.000000 0.400000 0.431373
vn 0.2407355 0.1663792 -0.0360289
v 0.1869490 4.2302809 -0.0279791 1.000000 0.400000 0.431373
vn 0.2748883 0.1663788 -0.0334960
v 0.2134730 4.2302809 -0.0260120 1.000000 0.400000 0.431373
vn 0.3064003 0.1663793 -0.0306399
v 0.2379420 4.2302809 -0.0237943 1.000000 0.400000 0.431373
vn 0.3349559 0.1663795 -0.0274893
v 0.2601180 4.2302809 -0.0213475 1.000000 0.400000 0.431373
vn 0.3602878 0.1663790 -0.0240737
v 0.2797900 4.2302809 -0.0186951 1.000000 0.400000 0.431373
vn 0.3821470 0.1663797 -0.0204267
v 0.2967670 4.2302809 -0.0158626 1.000000 0.400000 0.431373
vn 0.4003275 0.1663804 -0.0165828
v 0.3108870 4.2302809 -0.0128774 1.000000 0.400000 0.431373
vn 0.4146552 0.1663802 -0.0125786
v 0.3220120 4.2302809 -0.0097682 1.000000 0.400000 0.431373
vn 0.4249888 0.1663793 -0.0084534
v 0.3300360 4.2302809 -0.0065649 1.000000 0.400000 0.431373
vn 0.4312278 0.1663793 -0.0042474
v 0.3348810 4.2302809 -0.0032984 1.000000 0.400000 0.431373
vn 0.4333142 0.1663801 -0.0000006
v 0.3365020 4.2302809 -0.0000001 1.000000 0.400000 0.431373
vn 0.4312276 0.1663803 0.0042472
v 0.3348820 4.2302809 0.0032982 1.000000 0.400000 0.431373
vn 0.4249886 0.1663801 0.0084533
v 0.3300360 4.2302809 0.0065648 1.000000 0.400000 0.431373
vn 0.4146571 0.1663802 0.0125780
v 0.3220130 4.2302809 0.0097681 1.000000 0.400000 0.431373
vn 0.4003298 0.1663797 0.0165823
v 0.3108880 4.2302809 0.0128773 1.000000 0.400000 0.431373
vn 0.3821501 0.1663793 0.0204261
v 0.2967690 4.2302809 0.0158625 1.000000 0.400000 0.431373
vn 0.3602875 0.1663795 0.0240737
v 0.2797920 4.2302809 0.0186950 1.000000 0.400000 0.431373
vn 0.3349592 0.1663795 0.0274889
v 0.2601200 4.2302809 0.0213474 1.000000 0.400000 0.431373
vn 0.3064027 0.1663794 0.0306397
v 0.2379440 4.2302809 0.0237943 1.000000 0.400000 0.431373
vn 0.2748892 0.1663795 0.0334959
v 0.2134760 4.2302809 0.0260119 1.000000 0.400000 0.431373
vn 0.2407366 0.1663801 0.0360287
v 0.1869510 4.2302809 0.0279791 1.000000 0.400000 0.431373
vn 0.2042646 0.1663797 0.0382148
v 0.1586270 4.2302809 0.0296768 1.000000 0.400000 0.431373
vn 0.1658283 0.1663793 0.0400328
v 0.1287750 4.2302809 0.0310887 1.000000 0.400000 0.431373
vn 0.1257902 0.1663803 0.0414654
v 0.0976830 4.2302809 0.0322013 1.000000 0.400000 0.431373
vn 0.0845325 0.1663797 0.0424989
v 0.0656490 4.2302809 0.0330037 1.000000 0.400000 0.431373
vn 0.0424737 0.1663794 0.0431228
v 0.0329840 4.2302809 0.0334882 1.000000 0.400000 0.431373
vn 0.0000001 0.1663802 0.0433314
v 0.0000010 4.2302809 0.0336503 1.000000 0.400000 0.431373
vn -0.0424734 0.1663803 0.0431227
v -0.0329820 4.2302809 0.0334882 1.000000 0.400000 0.431373
vn -0.0845340 0.1663800 0.0424988
v -0.0656470 4.2302809 0.0330037 1.000000 0.400000 0.431373
vn -0.1257840 0.1663788 0.0414656
v -0.0976800 4.2302809 0.0322013 1.000000 0.400000 0.431373
vn -0.1658215 0.1663787 0.0400331
v -0.1287730 4.2302809 0.0310888 1.000000 0.400000 0.431373
vn -0.2042641 0.1663789 0.0382149
v -0.1586250 4.2302809 0.0296769 1.000000 0.400000 0.431373
vn -0.2407329 0.1663791 0.0360290
v -0.1869490 4.2302809 0.0279792 1.000000 0.400000 0.431373
vn -0.2748883 0.1663790 0.0334960
v -0.2134740 4.2302809 0.0260121 1.000000 0.400000 0.431373
vn -0.3063997 0.1663792 0.0306400
v -0.2379420 4.2302809 0.0237944 1.000000 0.400000 0.431373
vn -0.3349566 0.1663803 0.0274891
v -0.2601190 4.2302809 0.0213476 1.000000 0.400000 0.431373
vn -0.3602851 0.1663798 0.0240740
v -0.2797900 4.2302809 0.0186952 1.000000 0.400000 0.431373
vn -0.3821469 0.1663806 0.0204266
v -0.2967680 4.2302809 0.0158628 1.000000 0.400000 0.431373
vn -0.4003305 0.1663811 0.0165820
v -0.3108870 4.2302809 0.0128775 1.000000 0.400000 0.431373
vn -0.4146554 0.1663800 0.0125786
v -0.3220120 4.2302809 0.0097683 1.000000 0.400000 0.431373
vn -0.4249889 0.1663789 0.0084534
v -0.3300360 4.2302809 0.0065650 1.000000 0.400000 0.431373
vn -0.4312278 0.1663793 0.0042474
v -0.3348810 4.2302809 0.0032985 1.000000 0.400000 0.431373
vn -0.4333143 0.1663798 0.0000000
v -0.3365020 4.2302809 0.0000002 1.000000 0.400000 0.431373
vn -0.4329694 0.1617487 -0.0042643
v -0.3850330 4.0969472 -0.0037922 1.000000 0.400000 0.431373
vn -0.4267041 0.1617490 -0.0084879
v -0.3794620 4.0969472 -0.0075479 1.000000 0.400000 0.431373
vn -0.4163298 0.1617487 -0.0126295
v -0.3702360 4.0969472 -0.0112309 1.000000 0.400000 0.431373
vn -0.4019478 0.1617478 -0.0166491
v -0.3574450 4.0969472 -0.0148058 1.000000 0.400000 0.431373
vn -0.3836927 0.1617486 -0.0205087
v -0.3412120 4.0969472 -0.0182380 1.000000 0.400000 0.431373
vn -0.3617431 0.1617492 -0.0241708
v -0.3216920 4.0969472 -0.0214947 1.000000 0.400000 0.431373
vn -0.3363084 0.1617483 -0.0276003
v -0.2990750 4.0969472 -0.0245443 1.000000 0.400000 0.431373
vn -0.3076376 0.1617477 -0.0307637
v -0.2735770 4.0969472 -0.0273575 1.000000 0.400000 0.431373
vn -0.2760035 0.1617480 -0.0336308
v -0.2454450 4.0969472 -0.0299073 1.000000 0.400000 0.431373
vn -0.2417074 0.1617477 -0.0361744
v -0.2149480 4.0969472 -0.0321691 1.000000 0.400000 0.431373
vn -0.2050884 0.1617480 -0.0383692
v -0.1823820 4.0969472 -0.0341210 1.000000 0.400000 0.431373
vn -0.1664947 0.1617490 -0.0401946
v -0.1480590 4.0969472 -0.0357444 1.000000 0.400000 0.431373
vn -0.1262963 0.1617493 -0.0416329
v -0.1123110 4.0969472 -0.0370235 1.000000 0.400000 0.431373
vn -0.0848790 0.1617488 -0.0426704
v -0.0754810 4.0969472 -0.0379461 1.000000 0.400000 0.431373
vn -0.0426434 0.1617478 -0.0432970
v -0.0379240 4.0969472 -0.0385032 1.000000 0.400000 0.431373
vn -0.0000004 0.1617479 -0.0435064
v -0.0000010 4.0969472 -0.0386895 1.000000 0.400000 0.431373
vn 0.0426434 0.1617482 -0.0432969
v 0.0379210 4.0969472 -0.0385032 1.000000 0.400000 0.431373
vn 0.0848737 0.1617477 -0.0426706
v 0.0754780 4.0969472 -0.0379461 1.000000 0.400000 0.431373
vn 0.1262895 0.1617478 -0.0416332
v 0.1123090 4.0969472 -0.0370236 1.000000 0.400000 0.431373
vn 0.1664900 0.1617483 -0.0401948
v 0.1480570 4.0969472 -0.0357445 1.000000 0.400000 0.431373
vn 0.2050883 0.1617482 -0.0383692
v 0.1823800 4.0969472 -0.0341212 1.000000 0.400000 0.431373
vn 0.2417074 0.1617483 -0.0361744
v 0.2149460 4.0969472 -0.0321692 1.000000 0.400000 0.431373
vn 0.2759997 0.1617491 -0.0336311
v 0.2454430 4.0969472 -0.0299075 1.000000 0.400000 0.431373
vn 0.3076370 0.1617490 -0.0307637
v 0.2735750 4.0969472 -0.0273577 1.000000 0.400000 0.431373
vn 0.3363078 0.1617485 -0.0276004
v 0.2990730 4.0969472 -0.0245445 1.000000 0.400000 0.431373
vn 0.3617412 0.1617487 -0.0241711
v 0.3216910 4.0969472 -0.0214948 1.000000 0.400000 0.431373
vn 0.3836918 0.1617489 -0.0205089
v 0.3412110 4.0969472 -0.0182382 1.000000 0.400000 0.431373
vn 0.4019464 0.1617469 -0.0166495
v 0.3574440 4.0969472 -0.0148059 1.000000 0.400000 0.431373
vn 0.4163296 0.1617476 -0.0126297
v 0.3702360 4.0969472 -0.0112311 1.000000 0.400000 0.431373
vn 0.4267045 0.1617484 -0.0084878
v 0.3794610 4.0969472 -0.0075481 1.000000 0.400000 0.431373
vn 0.4329689 0.1617485 -0.0042648
v 0.3850330 4.0969472 -0.0037923 1.000000 0.400000 0.431373
vn 0.4350645 0.1617481 -0.0000001
v 0.3868960 4.0969472 -0.0000001 1.000000 0.400000 0.431373
vn 0.4329696 0.1617481 0.0042643
v 0.3850330 4.0969472 0.0037922 1.000000 0.400000 0.431373
vn 0.4267053 0.1617479 0.0084875
v 0.3794620 4.0969472 0.0075479 1.000000 0.400000 0.431373
vn 0.4163320 0.1617475 0.0126289
v 0.3702370 4.0969472 0.0112309 1.000000 0.400000 0.431373
vn 0.4019468 0.1617480 0.0166493
v 0.3574460 4.0969472 0.0148058 1.000000 0.400000 0.431373
vn 0.3836923 0.1617480 0.0205089
v 0.3412120 4.0969472 0.0182381 1.000000 0.400000 0.431373
vn 0.3617440 0.1617482 0.0241707
v 0.3216930 4.0969472 0.0214947 1.000000 0.400000 0.431373
vn 0.3363104 0.1617488 0.0276000
v 0.2990750 4.0969472 0.0245444 1.000000 0.400000 0.431373
vn 0.3076374 0.1617482 0.0307637
v 0.2735780 4.0969472 0.0273576 1.000000 0.400000 0.431373
vn 0.2760035 0.1617484 0.0336308
v 0.2454450 4.0969472 0.0299074 1.000000 0.400000 0.431373
vn 0.2417131 0.1617481 0.0361740
v 0.2149490 4.0969472 0.0321692 1.000000 0.400000 0.431373
vn 0.2050886 0.1617482 0.0383692
v 0.1823830 4.0969472 0.0341212 1.000000 0.400000 0.431373
vn 0.1664934 0.1617481 0.0401947
v 0.1480600 4.0969472 0.0357445 1.000000 0.400000 0.431373
vn 0.1262946 0.1617474 0.0416330
v 0.1123110 4.0969472 0.0370237 1.000000 0.400000 0.431373
vn 0.0848744 0.1617470 0.0426706
v 0.0754810 4.0969472 0.0379462 1.000000 0.400000 0.431373
vn 0.0426491 0.1617480 0.0432969
v 0.0379240 4.0969472 0.0385033 1.000000 0.400000 0.431373
vn 0.0000046 0.1617487 0.0435064
v 0.0000010 4.0969472 0.0386897 1.000000 0.400000 0.431373
vn -0.0426435 0.1617482 0.0432969
v -0.0379210 4.0969472 0.0385034 1.000000 0.400000 0.431373
vn -0.0848778 0.1617484 0.0426704
v -0.0754780 4.0969472 0.0379463 1.000000 0.400000 0.431373
vn -0.1262950 0.1617488 0.0416330
v -0.1123090 4.0969472 0.0370237 1.000000 0.400000 0.431373
vn -0.1664900 0.1617483 0.0401948
v -0.1480570 4.0969472 0.0357446 1.000000 0.400000 0.431373
vn -0.2050820 0.1617487 0.0383695
v -0.1823800 4.0969472 0.0341213 1.000000 0.400000 0.431373
vn -0.2417069 0.1617496 0.0361743
v -0.2149470 4.0969472 0.0321694 1.000000 0.400000 0.431373
vn -0.2760028 0.1617491 0.0336308
v -0.2454430 4.0969472 0.0299076 1.000000 0.400000 0.431373
vn -0.3076346 0.1617481 0.0307639
v -0.2735760 4.0969472 0.0273578 1.000000 0.400000 0.431373
vn -0.3363084 0.1617483 0.0276003
v -0.2990740 4.0969472 0.0245446 1.000000 0.400000 0.431373
vn -0.3617431 0.1617486 0.0241708
v -0.3216910 4.0969472 0.0214950 1.000000 0.400000 0.431373
vn -0.3836902 0.1617479 0.0205092
v -0.3412110 4.0969472 0.0182383 1.000000 0.400000 0.431373
vn -0.4019460 0.1617482 0.0166495
v -0.3574450 4.0969472 0.0148061 1.000000 0.400000 0.431373
vn -0.4163318 0.1617479 0.0126289
v -0.3702360 4.0969472 0.0112312 1.000000 0.400000 0.431373
vn -0.4267044 0.1617481 0.0084879
v -0.3794610 4.0969472 0.0075482 1.000000 0.400000 0.431373
vn -0.4329689 0.1617485 0.0042648
v -0.3850330 4.0969472 0.0037924 1.000000 0.400000 0.431373
vn -0.4350643 0.1617484 0.0000001
v -0.3868960 4.0969472 0.0000002 1.000000 0.400000 0.431373
vn -0.4346753 0.1570610 -0.0042811
v -0.4335660 3.9636140 -0.0042702 1.000000 0.400000 0.431373
vn -0.4283865 0.1570610 -0.0085208
v -0.4272930 3.9636140 -0.0084993 1.000000 0.400000 0.431373
vn -0.4179698 0.1570624 -0.0126792
v -0.4169050 3.9636140 -0.0126466 1.000000 0.400000 0.431373
vn -0.4035302 0.1570632 -0.0167147
v -0.4025010 3.9636140 -0.0166720 1.000000 0.400000 0.431373
vn -0.3852054 0.1570622 -0.0205893
v -0.3842220 3.9636140 -0.0205370 1.000000 0.400000 0.431373
vn -0.3631661 0.1570613 -0.0242664
v -0.3622420 3.9636140 -0.0242041 1.000000 0.400000 0.431373
vn -0.3376346 0.1570615 -0.0277089
v -0.3367730 3.9636140 -0.0276381 1.000000 0.400000 0.431373
vn -0.3088512 0.1570627 -0.0308846
v -0.3080620 3.9636140 -0.0308060 1.000000 0.400000 0.431373
vn -0.2770878 0.1570623 -0.0337635
v -0.2763830 3.9636140 -0.0336772 1.000000 0.400000 0.431373
vn -0.2426607 0.1570622 -0.0363168
v -0.2420430 3.9636140 -0.0362240 1.000000 0.400000 0.431373
vn -0.2058965 0.1570620 -0.0385203
v -0.2053720 3.9636140 -0.0384220 1.000000 0.400000 0.431373
vn -0.1671514 0.1570614 -0.0403529
v -0.1667220 3.9636140 -0.0402500 1.000000 0.400000 0.431373
vn -0.1267918 0.1570609 -0.0417970
v -0.1264680 3.9636140 -0.0416904 1.000000 0.400000 0.431373
vn -0.0852083 0.1570607 -0.0428387
v -0.0849950 3.9636140 -0.0427292 1.000000 0.400000 0.431373
vn -0.0428111 0.1570612 -0.0434675
v -0.0427040 3.9636140 -0.0433565 1.000000 0.400000 0.431373
vn -0.0000049 0.1570614 -0.0436778
v -0.0000010 3.9636140 -0.0435663 1.000000 0.400000 0.431373
vn 0.0428068 0.1570621 -0.0434675
v 0.0427010 3.9636140 -0.0433566 1.000000 0.400000 0.431373
vn 0.0852123 0.1570627 -0.0428385
v 0.0849920 3.9636140 -0.0427293 1.000000 0.400000 0.431373
vn 0.1267904 0.1570613 -0.0417971
v 0.1264650 3.9636140 -0.0416904 1.000000 0.400000 0.431373
vn 0.1671435 0.1570604 -0.0403533
v 0.1667200 3.9636140 -0.0402501 1.000000 0.400000 0.431373
vn 0.2058941 0.1570616 -0.0385205
v 0.2053690 3.9636140 -0.0384222 1.000000 0.400000 0.431373
vn 0.2426614 0.1570617 -0.0363167
v 0.2420400 3.9636140 -0.0362242 1.000000 0.400000 0.431373
vn 0.2770859 0.1570609 -0.0337637
v 0.2763810 3.9636140 -0.0336773 1.000000 0.400000 0.431373
vn 0.3088469 0.1570614 -0.0308851
v 0.3080600 3.9636140 -0.0308062 1.000000 0.400000 0.431373
vn 0.3376352 0.1570612 -0.0277088
v 0.3367720 3.9636140 -0.0276383 1.000000 0.400000 0.431373
vn 0.3631651 0.1570614 -0.0242665
v 0.3622400 3.9636140 -0.0242043 1.000000 0.400000 0.431373
vn 0.3852037 0.1570618 -0.0205896
v 0.3842210 3.9636140 -0.0205372 1.000000 0.400000 0.431373
vn 0.4035303 0.1570621 -0.0167148
v 0.4025000 3.9636140 -0.0166722 1.000000 0.400000 0.431373
vn 0.4179685 0.1570620 -0.0126797
v 0.4169040 3.9636140 -0.0126468 1.000000 0.400000 0.431373
vn 0.4283856 0.1570613 -0.0085212
v 0.4272930 3.9636140 -0.0084995 1.000000 0.400000 0.431373
vn 0.4346751 0.1570613 -0.0042812
v 0.4335660 3.9636140 -0.0042704 1.000000 0.400000 0.431373
vn 0.4367781 0.1570618 -0.0000004
v 0.4356640 3.9636140 -0.0000001 1.000000 0.400000 0.431373
vn 0.4346751 0.1570618 0.0042810
v 0.4335670 3.9636140 0.0042701 1.000000 0.400000 0.431373
vn 0.4283856 0.1570611 0.0085212
v 0.4272930 3.9636140 0.0084993 1.000000 0.400000 0.431373
vn 0.4179721 0.1570612 0.0126786
v 0.4169050 3.9636140 0.0126466 1.000000 0.400000 0.431373
vn 0.4035307 0.1570618 0.0167147
v 0.4025020 3.9636140 0.0166721 1.000000 0.400000 0.431373
vn 0.3852024 0.1570621 0.0205898
v 0.3842220 3.9636140 0.0205370 1.000000 0.400000 0.431373
vn 0.3631696 0.1570610 0.0242659
v 0.3622420 3.9636140 0.0242041 1.000000 0.400000 0.431373
vn 0.3376369 0.1570611 0.0277086
v 0.3367740 3.9636140 0.0276382 1.000000 0.400000 0.431373
vn 0.3088511 0.1570611 0.0308847
v 0.3080620 3.9636140 0.0308061 1.000000 0.400000 0.431373
vn 0.2770890 0.1570619 0.0337634
v 0.2763840 3.9636140 0.0336773 1.000000 0.400000 0.431373
vn 0.2426582 0.1570619 0.0363169
v 0.2420430 3.9636140 0.0362241 1.000000 0.400000 0.431373
vn 0.2058985 0.1570616 0.0385203
v 0.2053720 3.9636140 0.0384221 1.000000 0.400000 0.431373
vn 0.1671510 0.1570614 0.0403529
v 0.1667230 3.9636140 0.0402501 1.000000 0.400000 0.431373
vn 0.1267907 0.1570614 0.0417970
v 0.1264680 3.9636140 0.0416905 1.000000 0.400000 0.431373
vn 0.0852123 0.1570618 0.0428385
v 0.0849950 3.9636140 0.0427293 1.000000 0.400000 0.431373
vn 0.0428167 0.1570621 0.0434674
v 0.0427040 3.9636140 0.0433567 1.000000 0.400000 0.431373
vn 0.0000003 0.1570613 0.0436778
v 0.0000020 3.9636140 0.0435665 1.000000 0.400000 0.431373
vn -0.0428114 0.1570611 0.0434675
v -0.0427010 3.9636140 0.0433567 1.000000 0.400000 0.431373
vn -0.0852076 0.1570612 0.0428386
v -0.0849920 3.9636140 0.0427294 1.000000 0.400000 0.431373
vn -0.1267905 0.1570620 0.0417970
v -0.1264650 3.9636140 0.0416906 1.000000 0.400000 0.431373
vn -0.1671474 0.1570619 0.0403530
v -0.1667200 3.9636140 0.0402502 1.000000 0.400000 0.431373
vn -0.2058918 0.1570615 0.0385206
v -0.2053690 3.9636140 0.0384223 1.000000 0.400000 0.431373
vn -0.2426586 0.1570614 0.0363169
v -0.2420410 3.9636140 0.0362243 1.000000 0.400000 0.431373
vn -0.2770880 0.1570616 0.0337635
v -0.2763810 3.9636140 0.0336775 1.000000 0.400000 0.431373
vn -0.3088487 0.1570618 0.0308849
v -0.3080600 3.9636140 0.0308063 1.000000 0.400000 0.431373
vn -0.3376330 0.1570607 0.0277091
v -0.3367720 3.9636140 0.0276384 1.000000 0.400000 0.431373
vn -0.3631659 0.1570608 0.0242664
v -0.3622410 3.9636140 0.0242044 1.000000 0.400000 0.431373
vn -0.3852027 0.1570614 0.0205898
v -0.3842210 3.9636140 0.0205373 1.000000 0.400000 0.431373
vn -0.4035309 0.1570608 0.0167148
v -0.4025010 3.9636140 0.0166724 1.000000 0.400000 0.431373
vn -0.4179704 0.1570617 0.0126791
v -0.4169040 3.9636140 0.0126469 1.000000 0.400000 0.431373
vn -0.4283850 0.1570627 0.0085212
v -0.4272930 3.9636140 0.0084996 1.000000 0.400000 0.431373
vn -0.4346749 0.1570618 0.0042812
v -0.4335660 3.9636140 0.0042705 1.000000 0.400000 0.431373
vn -0.4367783 0.1570613 0.0000000
v -0.4356640 3.9636140 0.0000002 1.000000 0.400000 0.431373
vn -0.4363430 0.1523202 -0.0042975
v -0.4804820 3.8302813 -0.0047322 1.000000 0.400000 0.431373
vn -0.4300299 0.1523201 -0.0085536
v -0.4735300 3.8302813 -0.0094190 1.000000 0.400000 0.431373
vn -0.4195754 0.1523195 -0.0127275
v -0.4620180 3.8302813 -0.0140150 1.000000 0.400000 0.431373
vn -0.4050786 0.1523194 -0.0167791
v -0.4460560 3.8302813 -0.0184761 1.000000 0.400000 0.431373
vn -0.3866827 0.1523190 -0.0206686
v -0.4257980 3.8302813 -0.0227592 1.000000 0.400000 0.431373
vn -0.3645614 0.1523198 -0.0243592
v -0.4014400 3.8302813 -0.0268232 1.000000 0.400000 0.431373
vn -0.3389305 0.1523205 -0.0278151
v -0.3732150 3.8302813 -0.0306288 1.000000 0.400000 0.431373
vn -0.3100361 0.1523201 -0.0310032
v -0.3413970 3.8302813 -0.0341395 1.000000 0.400000 0.431373
vn -0.2781514 0.1523198 -0.0338931
v -0.3062900 3.8302813 -0.0373214 1.000000 0.400000 0.431373
vn -0.2435913 0.1523196 -0.0364562
v -0.2682340 3.8302813 -0.0401438 1.000000 0.400000 0.431373
vn -0.2066858 0.1523196 -0.0386682
v -0.2275950 3.8302813 -0.0425796 1.000000 0.400000 0.431373
vn -0.1677907 0.1523199 -0.0405078
v -0.1847630 3.8302813 -0.0446054 1.000000 0.400000 0.431373
vn -0.1272785 0.1523192 -0.0419574
v -0.1401530 3.8302813 -0.0462016 1.000000 0.400000 0.431373
vn -0.0855398 0.1523194 -0.0430029
v -0.0941920 3.8302813 -0.0473529 1.000000 0.400000 0.431373
vn -0.0429763 0.1523199 -0.0436343
v -0.0473250 3.8302813 -0.0480481 1.000000 0.400000 0.431373
vn -0.0000050 0.1523198 -0.0438454
v -0.0000020 3.8302813 -0.0482806 1.000000 0.400000 0.431373
vn 0.0429720 0.1523195 -0.0436344
v 0.0473220 3.8302813 -0.0480482 1.000000 0.400000 0.431373
vn 0.0855395 0.1523192 -0.0430029
v 0.0941890 3.8302813 -0.0473530 1.000000 0.400000 0.431373
vn 0.1272788 0.1523199 -0.0419574
v 0.1401500 3.8302813 -0.0462017 1.000000 0.400000 0.431373
vn 0.1677869 0.1523198 -0.0405080
v 0.1847600 3.8302813 -0.0446055 1.000000 0.400000 0.431373
vn 0.2066822 0.1523184 -0.0386685
v 0.2275920 3.8302813 -0.0425798 1.000000 0.400000 0.431373
vn 0.2435918 0.1523194 -0.0364562
v 0.2682310 3.8302813 -0.0401440 1.000000 0.400000 0.431373
vn 0.2781518 0.1523196 -0.0338930
v 0.3062880 3.8302813 -0.0373215 1.000000 0.400000 0.431373
vn 0.3100336 0.1523193 -0.0310035
v 0.3413940 3.8302813 -0.0341397 1.000000 0.400000 0.431373
vn 0.3389283 0.1523203 -0.0278154
v 0.3732130 3.8302813 -0.0306290 1.000000 0.400000 0.431373
vn 0.3645580 0.1523201 -0.0243597
v 0.4014380 3.8302813 -0.0268234 1.000000 0.400000 0.431373
vn 0.3866808 0.1523198 -0.0206689
v 0.4257970 3.8302813 -0.0227595 1.000000 0.400000 0.431373
vn 0.4050783 0.1523203 -0.0167791
v 0.4460550 3.8302813 -0.0184763 1.000000 0.400000 0.431373
vn 0.4195749 0.1523196 -0.0127276
v 0.4620170 3.8302813 -0.0140153 1.000000 0.400000 0.431373
vn 0.4300294 0.1523198 -0.0085539
v 0.4735290 3.8302813 -0.0094192 1.000000 0.400000 0.431373
vn 0.4363424 0.1523204 -0.0042981
v 0.4804820 3.8302813 -0.0047325 1.000000 0.400000 0.431373
vn 0.4384544 0.1523196 -0.0000000
v 0.4828070 3.8302813 -0.0000001 1.000000 0.400000 0.431373
vn 0.4363435 0.1523187 0.0042976
v 0.4804820 3.8302813 0.0047322 1.000000 0.400000 0.431373
vn 0.4300301 0.1523198 0.0085536
v 0.4735300 3.8302813 0.0094190 1.000000 0.400000 0.431373
vn 0.4195753 0.1523196 0.0127275
v 0.4620180 3.8302813 0.0140150 1.000000 0.400000 0.431373
vn 0.4050810 0.1523187 0.0167785
v 0.4460560 3.8302813 0.0184761 1.000000 0.400000 0.431373
vn 0.3866825 0.1523199 0.0206685
v 0.4257990 3.8302813 0.0227593 1.000000 0.400000 0.431373
vn 0.3645611 0.1523213 0.0243592
v 0.4014400 3.8302813 0.0268232 1.000000 0.400000 0.431373
vn 0.3389302 0.1523206 0.0278152
v 0.3732160 3.8302813 0.0306289 1.000000 0.400000 0.431373
vn 0.3100342 0.1523203 0.0310034
v 0.3413970 3.8302813 0.0341395 1.000000 0.400000 0.431373
vn 0.2781568 0.1523199 0.0338926
v 0.3062910 3.8302813 0.0373214 1.000000 0.400000 0.431373
vn 0.2435945 0.1523202 0.0364560
v 0.2682350 3.8302813 0.0401439 1.000000 0.400000 0.431373
vn 0.2066856 0.1523205 0.0386682
v 0.2275950 3.8302813 0.0425798 1.000000 0.400000 0.431373
vn 0.1677902 0.1523203 0.0405078
v 0.1847640 3.8302813 0.0446055 1.000000 0.400000 0.431373
vn 0.1272788 0.1523199 0.0419574
v 0.1401530 3.8302813 0.0462018 1.000000 0.400000 0.431373
vn 0.0855401 0.1523201 0.0430029
v 0.0941930 3.8302813 0.0473530 1.000000 0.400000 0.431373
vn 0.0429804 0.1523202 0.0436342
v 0.0473250 3.8302813 0.0480483 1.000000 0.400000 0.431373
vn 0.0000002 0.1523201 0.0438454
v 0.0000020 3.8302813 0.0482808 1.000000 0.400000 0.431373
vn -0.0429760 0.1523204 0.0436343
v -0.0473220 3.8302813 0.0480483 1.000000 0.400000 0.431373
vn -0.0855353 0.1523202 0.0430030
v -0.0941890 3.8302813 0.0473531 1.000000 0.400000 0.431373
vn -0.1272741 0.1523199 0.0419575
v -0.1401500 3.8302813 0.0462019 1.000000 0.400000 0.431373
vn -0.1677906 0.1523200 0.0405078
v -0.1847610 3.8302813 0.0446057 1.000000 0.400000 0.431373
vn -0.2066842 0.1523202 0.0386683
v -0.2275920 3.8302813 0.0425799 1.000000 0.400000 0.431373
vn -0.2435895 0.1523201 0.0364563
v -0.2682320 3.8302813 0.0401441 1.000000 0.400000 0.431373
vn -0.2781514 0.1523198 0.0338931
v -0.3062880 3.8302813 0.0373217 1.000000 0.400000 0.431373
vn -0.3100340 0.1523199 0.0310034
v -0.3413950 3.8302813 0.0341398 1.000000 0.400000 0.431373
vn -0.3389307 0.1523198 0.0278151
v -0.3732140 3.8302813 0.0306291 1.000000 0.400000 0.431373
vn -0.3645600 0.1523190 0.0243595
v -0.4014380 3.8302813 0.0268235 1.000000 0.400000 0.431373
vn -0.3866809 0.1523190 0.0206689
v -0.4257970 3.8302813 0.0227596 1.000000 0.400000 0.431373
vn -0.4050787 0.1523194 0.0167790
v -0.4460550 3.8302813 0.0184764 1.000000 0.400000 0.431373
vn -0.4195739 0.1523195 0.0127279
v -0.4620170 3.8302813 0.0140154 1.000000 0.400000 0.431373
vn -0.4300293 0.1523194 0.0085540
v -0.4735300 3.8302813 0.0094193 1.000000 0.400000 0.431373
vn -0.4363429 0.1523201 0.0042976
v -0.4804820 3.8302813 0.0047326 1.000000 0.400000 0.431373
vn -0.4384543 0.1523200 -0.0000000
v -0.4828070 3.8302813 0.0000002 1.000000 0.400000 0.431373
vn -0.4379722 0.1475239 -0.0043134
v -0.5257800 3.6969481 -0.0051784 1.000000 0.400000 0.431373
vn -0.4316352 0.1475238 -0.0085857
v -0.5181730 3.6969481 -0.0103070 1.000000 0.400000 0.431373
vn -0.4211411 0.1475234 -0.0127752
v -0.5055750 3.6969481 -0.0153363 1.000000 0.400000 0.431373
vn -0.4065903 0.1475236 -0.0168418
v -0.4881080 3.6969481 -0.0202180 1.000000 0.400000 0.431373
vn -0.3881263 0.1475231 -0.0207457
v -0.4659400 3.6969481 -0.0249049 1.000000 0.400000 0.431373
vn -0.3659247 0.1475236 -0.0244498
v -0.4392860 3.6969481 -0.0293520 1.000000 0.400000 0.431373
vn -0.3401948 0.1475237 -0.0279191
v -0.4084010 3.6969481 -0.0335164 1.000000 0.400000 0.431373
vn -0.3111916 0.1475227 -0.0311192
v -0.3735820 3.6969481 -0.0373580 1.000000 0.400000 0.431373
vn -0.2791919 0.1475231 -0.0340195
v -0.3351660 3.6969481 -0.0408399 1.000000 0.400000 0.431373
vn -0.2445012 0.1475240 -0.0365923
v -0.2935220 3.6969481 -0.0439284 1.000000 0.400000 0.431373
vn -0.2074593 0.1475245 -0.0388125
v -0.2490510 3.6969481 -0.0465939 1.000000 0.400000 0.431373
vn -0.1684156 0.1475239 -0.0406591
v -0.2021820 3.6969481 -0.0488107 1.000000 0.400000 0.431373
vn -0.1277499 0.1475239 -0.0421142
v -0.1533660 3.6969481 -0.0505573 1.000000 0.400000 0.431373
vn -0.0858596 0.1475244 -0.0431634
v -0.1030720 3.6969481 -0.0518171 1.000000 0.400000 0.431373
vn -0.0431376 0.1475239 -0.0437972
v -0.0517860 3.6969481 -0.0525779 1.000000 0.400000 0.431373
vn -0.0000010 0.1475235 -0.0440091
v -0.0000020 3.6969481 -0.0528323 1.000000 0.400000 0.431373
vn 0.0431342 0.1475227 -0.0437973
v 0.0517830 3.6969481 -0.0525779 1.000000 0.400000 0.431373
vn 0.0858564 0.1475229 -0.0431635
v 0.1030690 3.6969481 -0.0518172 1.000000 0.400000 0.431373
vn 0.1277496 0.1475230 -0.0421142
v 0.1533620 3.6969481 -0.0505574 1.000000 0.400000 0.431373
vn 0.1684147 0.1475231 -0.0406592
v 0.2021790 3.6969481 -0.0488108 1.000000 0.400000 0.431373
vn 0.2074563 0.1475233 -0.0388127
v 0.2490480 3.6969481 -0.0465940 1.000000 0.400000 0.431373
vn 0.2444977 0.1475241 -0.0365925
v 0.2935190 3.6969481 -0.0439286 1.000000 0.400000 0.431373
vn 0.2791896 0.1475247 -0.0340196
v 0.3351630 3.6969481 -0.0408401 1.000000 0.400000 0.431373
vn 0.3111896 0.1475244 -0.0311193
v 0.3735800 3.6969481 -0.0373582 1.000000 0.400000 0.431373
vn 0.3401942 0.1475237 -0.0279192
v 0.4083990 3.6969481 -0.0335166 1.000000 0.400000 0.431373
vn 0.3659217 0.1475230 -0.0244503
v 0.4392840 3.6969481 -0.0293522 1.000000 0.400000 0.431373
vn 0.3881244 0.1475231 -0.0207460
v 0.4659390 3.6969481 -0.0249052 1.000000 0.400000 0.431373
vn 0.4065906 0.1475235 -0.0168418
v 0.4881070 3.6969481 -0.0202182 1.000000 0.400000 0.431373
vn 0.4211406 0.1475238 -0.0127753
v 0.5055740 3.6969481 -0.0153366 1.000000 0.400000 0.431373
vn 0.4316347 0.1475235 -0.0085859
v 0.5181720 3.6969481 -0.0103072 1.000000 0.400000 0.431373
vn 0.4379718 0.1475238 -0.0043138
v 0.5257800 3.6969481 -0.0051786 1.000000 0.400000 0.431373
vn 0.4400910 0.1475242 0.0000000
v 0.5283240 3.6969481 -0.0000001 1.000000 0.400000 0.431373
vn 0.4379721 0.1475242 0.0043134
v 0.5257800 3.6969481 0.0051783 1.000000 0.400000 0.431373
vn 0.4316353 0.1475240 0.0085855
v 0.5181730 3.6969481 0.0103070 1.000000 0.400000 0.431373
vn 0.4211416 0.1475239 0.0127750
v 0.5055750 3.6969481 0.0153363 1.000000 0.400000 0.431373
vn 0.4065919 0.1475242 0.0168414
v 0.4881090 3.6969481 0.0202180 1.000000 0.400000 0.431373
vn 0.3881267 0.1475234 0.0207456
v 0.4659410 3.6969481 0.0249049 1.000000 0.400000 0.431373
vn 0.3659230 0.1475229 0.0244501
v 0.4392870 3.6969481 0.0293520 1.000000 0.400000 0.431373
vn 0.3401961 0.1475228 0.0279190
v 0.4084010 3.6969481 0.0335164 1.000000 0.400000 0.431373
vn 0.3111950 0.1475235 0.0311188
v 0.3735830 3.6969481 0.0373581 1.000000 0.400000 0.431373
vn 0.2791925 0.1475232 0.0340194
v 0.3351670 3.6969481 0.0408400 1.000000 0.400000 0.431373
vn 0.2445015 0.1475230 0.0365923
v 0.2935230 3.6969481 0.0439285 1.000000 0.400000 0.431373
vn 0.2074599 0.1475229 0.0388125
v 0.2490520 3.6969481 0.0465940 1.000000 0.400000 0.431373
vn 0.1684174 0.1475232 0.0406591
v 0.2021830 3.6969481 0.0488108 1.000000 0.400000 0.431373
vn 0.1277528 0.1475234 0.0421141
v 0.1533660 3.6969481 0.0505575 1.000000 0.400000 0.431373
vn 0.0858605 0.1475240 0.0431634
v 0.1030730 3.6969481 0.0518173 1.000000 0.400000 0.431373
vn 0.0431386 0.1475237 0.0437972
v 0.0517870 3.6969481 0.0525781 1.000000 0.400000 0.431373
vn -0.0000002 0.1475229 0.0440091
v 0.0000020 3.6969481 0.0528325 1.000000 0.400000 0.431373
vn -0.0431340 0.1475231 0.0437972
v -0.0517830 3.6969481 0.0525781 1.000000 0.400000 0.431373
vn -0.0858553 0.1475240 0.0431635
v -0.1030690 3.6969481 0.0518174 1.000000 0.400000 0.431373
vn -0.1277525 0.1475243 0.0421141
v -0.1533630 3.6969481 0.0505576 1.000000 0.400000 0.431373
vn -0.1684145 0.1475243 0.0406591
v -0.2021790 3.6969481 0.0488109 1.000000 0.400000 0.431373
vn -0.2074546 0.1475242 0.0388127
v -0.2490490 3.6969481 0.0465942 1.000000 0.400000 0.431373
vn -0.2445011 0.1475236 0.0365923
v -0.2935200 3.6969481 0.0439287 1.000000 0.400000 0.431373
vn -0.2791896 0.1475236 0.0340196
v -0.3351640 3.6969481 0.0408402 1.000000 0.400000 0.431373
vn -0.3111914 0.1475237 0.0311192
v -0.3735800 3.6969481 0.0373584 1.000000 0.400000 0.431373
vn -0.3401957 0.1475239 0.0279190
v -0.4083990 3.6969481 0.0335167 1.000000 0.400000 0.431373
vn -0.3659213 0.1475243 0.0244503
v -0.4392840 3.6969481 0.0293523 1.000000 0.400000 0.431373
vn -0.3881245 0.1475236 0.0207460
v -0.4659390 3.6969481 0.0249053 1.000000 0.400000 0.431373
vn -0.4065906 0.1475235 0.0168418
v -0.4881070 3.6969481 0.0202183 1.000000 0.400000 0.431373
vn -0.4211405 0.1475241 0.0127753
v -0.5055740 3.6969481 0.0153367 1.000000 0.400000 0.431373
vn -0.4316348 0.1475233 0.0085859
v -0.5181720 3.6969481 0.0103073 1.000000 0.400000 0.431373
vn -0.4379719 0.1475235 0.0043138
v -0.5257800 3.6969481 0.0051787 1.000000 0.400000 0.431373
vn -0.4400910 0.1475243 0.0000001
v -0.5283240 3.6969481 0.0000003 1.000000 0.400000 0.431373
vn -0.4395602 0.1426747 -0.0043292
v -0.5694600 3.5636151 -0.0056086 1.000000 0.400000 0.431373
vn -0.4332003 0.1426739 -0.0086169
v -0.5612210 3.5636151 -0.0111633 1.000000 0.400000 0.431373
vn -0.4226688 0.1426732 -0.0128215
v -0.5475760 3.5636151 -0.0166104 1.000000 0.400000 0.431373
vn -0.4080659 0.1426740 -0.0169026
v -0.5286590 3.5636151 -0.0218976 1.000000 0.400000 0.431373
vn -0.3895326 0.1426751 -0.0208211
v -0.5046490 3.5636151 -0.0269739 1.000000 0.400000 0.431373
vn -0.3672501 0.1426737 -0.0245388
v -0.4757800 3.5636151 -0.0317905 1.000000 0.400000 0.431373
vn -0.3414292 0.1426732 -0.0280203
v -0.4423290 3.5636151 -0.0363008 1.000000 0.400000 0.431373
vn -0.3123216 0.1426746 -0.0312318
v -0.4046180 3.5636151 -0.0404616 1.000000 0.400000 0.431373
vn -0.2802057 0.1426746 -0.0341427
v -0.3630110 3.5636151 -0.0442327 1.000000 0.400000 0.431373
vn -0.2453896 0.1426743 -0.0367249
v -0.3179070 3.5636151 -0.0475779 1.000000 0.400000 0.431373
vn -0.2082100 0.1426744 -0.0389533
v -0.2697420 3.5636151 -0.0504648 1.000000 0.400000 0.431373
vn -0.1690264 0.1426746 -0.0408066
v -0.2189790 3.5636151 -0.0528657 1.000000 0.400000 0.431373
vn -0.1282165 0.1426743 -0.0422668
v -0.1661070 3.5636151 -0.0547575 1.000000 0.400000 0.431373
vn -0.0861698 0.1426743 -0.0433200
v -0.1116350 3.5636151 -0.0561220 1.000000 0.400000 0.431373
vn -0.0432934 0.1426752 -0.0439560
v -0.0560890 3.5636151 -0.0569459 1.000000 0.400000 0.431373
vn -0.0000033 0.1426753 -0.0441687
v -0.0000020 3.5636151 -0.0572215 1.000000 0.400000 0.431373
vn 0.0432932 0.1426749 -0.0439560
v 0.0560850 3.5636151 -0.0569460 1.000000 0.400000 0.431373
vn 0.0861686 0.1426742 -0.0433200
v 0.1116320 3.5636151 -0.0561220 1.000000 0.400000 0.431373
vn 0.1282147 0.1426743 -0.0422668
v 0.1661030 3.5636151 -0.0547576 1.000000 0.400000 0.431373
vn 0.1690259 0.1426746 -0.0408066
v 0.2189750 3.5636151 -0.0528658 1.000000 0.400000 0.431373
vn 0.2082048 0.1426753 -0.0389536
v 0.2697380 3.5636151 -0.0504649 1.000000 0.400000 0.431373
vn 0.2453834 0.1426743 -0.0367253
v 0.3179040 3.5636151 -0.0475781 1.000000 0.400000 0.431373
vn 0.2802014 0.1426743 -0.0341430
v 0.3630080 3.5636151 -0.0442330 1.000000 0.400000 0.431373
vn 0.3123199 0.1426747 -0.0312320
v 0.4046160 3.5636151 -0.0404619 1.000000 0.400000 0.431373
vn 0.3414299 0.1426741 -0.0280202
v 0.4423270 3.5636151 -0.0363011 1.000000 0.400000 0.431373
vn 0.3672485 0.1426736 -0.0245390
v 0.4757780 3.5636151 -0.0317907 1.000000 0.400000 0.431373
vn 0.3895318 0.1426740 -0.0208213
v 0.5046480 3.5636151 -0.0269742 1.000000 0.400000 0.431373
vn 0.4080648 0.1426736 -0.0169029
v 0.5286570 3.5636151 -0.0218979 1.000000 0.400000 0.431373
vn 0.4226683 0.1426728 -0.0128217
v 0.5475760 3.5636151 -0.0166107 1.000000 0.400000 0.431373
vn 0.4332005 0.1426734 -0.0086169
v 0.5612200 3.5636151 -0.0111635 1.000000 0.400000 0.431373
vn 0.4395602 0.1426733 -0.0043297
v 0.5694600 3.5636151 -0.0056089 1.000000 0.400000 0.431373
vn 0.4416872 0.1426742 -0.0000004
v 0.5722160 3.5636151 -0.0000002 1.000000 0.400000 0.431373
vn 0.4395602 0.1426746 0.0043293
v 0.5694610 3.5636151 0.0056085 1.000000 0.400000 0.431373
vn 0.4332006 0.1426742 0.0086167
v 0.5612210 3.5636151 0.0111632 1.000000 0.400000 0.431373
vn 0.4226686 0.1426744 0.0128214
v 0.5475770 3.5636151 0.0166104 1.000000 0.400000 0.431373
vn 0.4080661 0.1426736 0.0169026
v 0.5286590 3.5636151 0.0218976 1.000000 0.400000 0.431373
vn 0.3895347 0.1426731 0.0208208
v 0.5046500 3.5636151 0.0269739 1.000000 0.400000 0.431373
vn 0.3672512 0.1426738 0.0245386
v 0.4757810 3.5636151 0.0317905 1.000000 0.400000 0.431373
vn 0.3414301 0.1426748 0.0280202
v 0.4423300 3.5636151 0.0363009 1.000000 0.400000 0.431373
vn 0.3123203 0.1426747 0.0312320
v 0.4046190 3.5636151 0.0404617 1.000000 0.400000 0.431373
vn 0.2802036 0.1426743 0.0341429
v 0.3630110 3.5636151 0.0442328 1.000000 0.400000 0.431373
vn 0.2453902 0.1426741 0.0367248
v 0.3179080 3.5636151 0.0475779 1.000000 0.400000 0.431373
vn 0.2082107 0.1426745 0.0389533
v 0.2697420 3.5636151 0.0504649 1.000000 0.400000 0.431373
vn 0.1690266 0.1426743 0.0408066
v 0.2189790 3.5636151 0.0528658 1.000000 0.400000 0.431373
vn 0.1282178 0.1426740 0.0422668
v 0.1661070 3.5636151 0.0547576 1.000000 0.400000 0.431373
vn 0.0861730 0.1426742 0.0433199
v 0.1116360 3.5636151 0.0561221 1.000000 0.400000 0.431373
vn 0.0432929 0.1426737 0.0439561
v 0.0560890 3.5636151 0.0569461 1.000000 0.400000 0.431373
vn -0.0000002 0.1426736 0.0441687
v 0.0000020 3.5636151 0.0572216 1.000000 0.400000 0.431373
vn -0.0432889 0.1426741 0.0439561
v -0.0560850 3.5636151 0.0569461 1.000000 0.400000 0.431373
vn -0.0861649 0.1426742 0.0433201
v -0.1116320 3.5636151 0.0561222 1.000000 0.400000 0.431373
vn -0.1282139 0.1426742 0.0422669
v -0.1661040 3.5636151 0.0547578 1.000000 0.400000 0.431373
vn -0.1690264 0.1426737 0.0408066
v -0.2189760 3.5636151 0.0528660 1.000000 0.400000 0.431373
vn -0.2082091 0.1426738 0.0389534
v -0.2697390 3.5636151 0.0504651 1.000000 0.400000 0.431373
vn -0.2453871 0.1426742 0.0367250
v -0.3179040 3.5636151 0.0475782 1.000000 0.400000 0.431373
vn -0.2802020 0.1426741 0.0341430
v -0.3630080 3.5636151 0.0442331 1.000000 0.400000 0.431373
vn -0.3123201 0.1426740 0.0312320
v -0.4046160 3.5636151 0.0404620 1.000000 0.400000 0.431373
vn -0.3414285 0.1426735 0.0280204
v -0.4423270 3.5636151 0.0363012 1.000000 0.400000 0.431373
vn -0.3672485 0.1426735 0.0245390
v -0.4757790 3.5636151 0.0317908 1.000000 0.400000 0.431373
vn -0.3895333 0.1426740 0.0208210
v -0.5046480 3.5636151 0.0269743 1.000000 0.400000 0.431373
vn -0.4080642 0.1426744 0.0169030
v -0.5286570 3.5636151 0.0218980 1.000000 0.400000 0.431373
vn -0.4226678 0.1426743 0.0128217
v -0.5475760 3.5636151 0.0166108 1.000000 0.400000 0.431373
vn -0.4332005 0.1426737 0.0086169
v -0.5612200 3.5636151 0.0111636 1.000000 0.400000 0.431373
vn -0.4395602 0.1426733 0.0043297
v -0.5694600 3.5636151 0.0056090 1.000000 0.400000 0.431373
vn -0.4416872 0.1426742 0.0000001
v -0.5722160 3.5636151 0.0000003 1.000000 0.400000 0.431373
vn -0.4411062 0.1377721 -0.0043447
v -0.6115230 3.4302809 -0.0060229 1.000000 0.400000 0.431373
vn -0.4347236 0.1377720 -0.0086474
v -0.6026740 3.4302809 -0.0119878 1.000000 0.400000 0.431373
vn -0.4241553 0.1377731 -0.0128664
v -0.5880220 3.4302809 -0.0178373 1.000000 0.400000 0.431373
vn -0.4095018 0.1377724 -0.0169619
v -0.5677070 3.4302809 -0.0235151 1.000000 0.400000 0.431373
vn -0.3909034 0.1377720 -0.0208942
v -0.5419250 3.4302809 -0.0289663 1.000000 0.400000 0.431373
vn -0.3685412 0.1377725 -0.0246251
v -0.5109230 3.4302809 -0.0341386 1.000000 0.400000 0.431373
vn -0.3426313 0.1377730 -0.0281187
v -0.4750010 3.4302809 -0.0389822 1.000000 0.400000 0.431373
vn -0.3134187 0.1377726 -0.0313418
v -0.4345050 3.4302809 -0.0434503 1.000000 0.400000 0.431373
vn -0.2811885 0.1377714 -0.0342630
v -0.3898240 3.4302809 -0.0474999 1.000000 0.400000 0.431373
vn -0.2462529 0.1377711 -0.0368541
v -0.3413890 3.4302809 -0.0510921 1.000000 0.400000 0.431373
vn -0.2089443 0.1377715 -0.0390903
v -0.2896660 3.4302809 -0.0541923 1.000000 0.400000 0.431373
vn -0.1696213 0.1377717 -0.0409501
v -0.2351530 3.4302809 -0.0567706 1.000000 0.400000 0.431373
vn -0.1286653 0.1377723 -0.0424155
v -0.1783760 3.4302809 -0.0588021 1.000000 0.400000 0.431373
vn -0.0864748 0.1377727 -0.0434723
v -0.1198810 3.4302809 -0.0602673 1.000000 0.400000 0.431373
vn -0.0434479 0.1377722 -0.0441106
v -0.0602320 3.4302809 -0.0611522 1.000000 0.400000 0.431373
vn -0.0000005 0.1377721 -0.0443241
v -0.0000020 3.4302809 -0.0614481 1.000000 0.400000 0.431373
vn 0.0434453 0.1377726 -0.0441106
v 0.0602280 3.4302809 -0.0611522 1.000000 0.400000 0.431373
vn 0.0864711 0.1377726 -0.0434724
v 0.1198770 3.4302809 -0.0602674 1.000000 0.400000 0.431373
vn 0.1286636 0.1377723 -0.0424156
v 0.1783720 3.4302809 -0.0588022 1.000000 0.400000 0.431373
vn 0.1696184 0.1377734 -0.0409502
v 0.2351500 3.4302809 -0.0567707 1.000000 0.400000 0.431373
vn 0.2089421 0.1377721 -0.0390904
v 0.2896620 3.4302809 -0.0541925 1.000000 0.400000 0.431373
vn 0.2462485 0.1377719 -0.0368543
v 0.3413850 3.4302809 -0.0510923 1.000000 0.400000 0.431373
vn 0.2811867 0.1377721 -0.0342632
v 0.3898210 3.4302809 -0.0475002 1.000000 0.400000 0.431373
vn 0.3134187 0.1377711 -0.0313419
v 0.4345020 3.4302809 -0.0434505 1.000000 0.400000 0.431373
vn 0.3426290 0.1377718 -0.0281190
v 0.4749990 3.4302809 -0.0389824 1.000000 0.400000 0.431373
vn 0.3685400 0.1377728 -0.0246253
v 0.5109210 3.4302809 -0.0341389 1.000000 0.400000 0.431373
vn 0.3909012 0.1377729 -0.0208946
v 0.5419230 3.4302809 -0.0289666 1.000000 0.400000 0.431373
vn 0.4095007 0.1377732 -0.0169621
v 0.5677060 3.4302809 -0.0235154 1.000000 0.400000 0.431373
vn 0.4241545 0.1377726 -0.0128667
v 0.5880210 3.4302809 -0.0178376 1.000000 0.400000 0.431373
vn 0.4347235 0.1377723 -0.0086474
v 0.6026740 3.4302809 -0.0119881 1.000000 0.400000 0.431373
vn 0.4411059 0.1377725 -0.0043449
v 0.6115220 3.4302809 -0.0060232 1.000000 0.400000 0.431373
vn 0.4432407 0.1377724 -0.0000003
v 0.6144820 3.4302809 -0.0000002 1.000000 0.400000 0.431373
vn 0.4411064 0.1377726 0.0043444
v 0.6115230 3.4302809 0.0060228 1.000000 0.400000 0.431373
vn 0.4347243 0.1377724 0.0086470
v 0.6026750 3.4302809 0.0119878 1.000000 0.400000 0.431373
vn 0.4241554 0.1377723 0.0128664
v 0.5880230 3.4302809 0.0178373 1.000000 0.400000 0.431373
vn 0.4095006 0.1377734 0.0169621
v 0.5677080 3.4302809 0.0235150 1.000000 0.400000 0.431373
vn 0.3909037 0.1377728 0.0208941
v 0.5419250 3.4302809 0.0289663 1.000000 0.400000 0.431373
vn 0.3685432 0.1377721 0.0246248
v 0.5109240 3.4302809 0.0341386 1.000000 0.400000 0.431373
vn 0.3426316 0.1377726 0.0281186
v 0.4750020 3.4302809 0.0389822 1.000000 0.400000 0.431373
vn 0.3134201 0.1377724 0.0313417
v 0.4345060 3.4302809 0.0434503 1.000000 0.400000 0.431373
vn 0.2811902 0.1377723 0.0342629
v 0.3898250 3.4302809 0.0475000 1.000000 0.400000 0.431373
vn 0.2462527 0.1377720 0.0368540
v 0.3413900 3.4302809 0.0510922 1.000000 0.400000 0.431373
vn 0.2089445 0.1377717 0.0390902
v 0.2896670 3.4302809 0.0541924 1.000000 0.400000 0.431373
vn 0.1696216 0.1377728 0.0409501
v 0.2351540 3.4302809 0.0567707 1.000000 0.400000 0.431373
vn 0.1286681 0.1377736 0.0424154
v 0.1783770 3.4302809 0.0588022 1.000000 0.400000 0.431373
vn 0.0864735 0.1377723 0.0434724
v 0.1198820 3.4302809 0.0602675 1.000000 0.400000 0.431373
vn 0.0434450 0.1377719 0.0441106
v 0.0602320 3.4302809 0.0611523 1.000000 0.400000 0.431373
vn 0.0000027 0.1377726 0.0443241
v 0.0000020 3.4302809 0.0614482 1.000000 0.400000 0.431373
vn -0.0434416 0.1377723 0.0441107
v -0.0602280 3.4302809 0.0611524 1.000000 0.400000 0.431373
vn -0.0864694 0.1377721 0.0434725
v -0.1198770 3.4302809 0.0602676 1.000000 0.400000 0.431373
vn -0.1286669 0.1377722 0.0424155
v -0.1783730 3.4302809 0.0588024 1.000000 0.400000 0.431373
vn -0.1696213 0.1377721 0.0409501
v -0.2351500 3.4302809 0.0567708 1.000000 0.400000 0.431373
vn -0.2089390 0.1377721 0.0390905
v -0.2896630 3.4302809 0.0541926 1.000000 0.400000 0.431373
vn -0.2462501 0.1377720 0.0368542
v -0.3413860 3.4302809 0.0510925 1.000000 0.400000 0.431373
vn -0.2811885 0.1377718 0.0342630
v -0.3898210 3.4302809 0.0475003 1.000000 0.400000 0.431373
vn -0.3134183 0.1377727 0.0313419
v -0.4345030 3.4302809 0.0434506 1.000000 0.400000 0.431373
vn -0.3426299 0.1377732 0.0281188
v -0.4749990 3.4302809 0.0389825 1.000000 0.400000 0.431373
vn -0.3685398 0.1377732 0.0246253
v -0.5109210 3.4302809 0.0341390 1.000000 0.400000 0.431373
vn -0.3909018 0.1377726 0.0208945
v -0.5419230 3.4302809 0.0289667 1.000000 0.400000 0.431373
vn -0.4094993 0.1377725 0.0169625
v -0.5677060 3.4302809 0.0235155 1.000000 0.400000 0.431373
vn -0.4241547 0.1377724 0.0128667
v -0.5880220 3.4302809 0.0178377 1.000000 0.400000 0.431373
vn -0.4347240 0.1377726 0.0086471
v -0.6026740 3.4302809 0.0119882 1.000000 0.400000 0.431373
vn -0.4411058 0.1377728 0.0043449
v -0.6115220 3.4302809 0.0060233 1.000000 0.400000 0.431373
vn -0.4432407 0.1377724 0.0000004
v -0.6144820 3.4302809 0.0000003 1.000000 0.400000 0.431373
vn -0.4426081 0.1328202 -0.0043593
v -0.6519670 3.2969472 -0.0064212 1.000000 0.400000 0.431373
vn -0.4362041 0.1328212 -0.0086764
v -0.6425340 3.2969472 -0.0127807 1.000000 0.400000 0.431373
vn -0.4255986 0.1328220 -0.0129103
v -0.6269130 3.2969472 -0.0190171 1.000000 0.400000 0.431373
vn -0.4108942 0.1328212 -0.0170200
v -0.6052540 3.2969472 -0.0250703 1.000000 0.400000 0.431373
vn -0.3922339 0.1328206 -0.0209654
v -0.5777660 3.2969472 -0.0308821 1.000000 0.400000 0.431373
vn -0.3697962 0.1328209 -0.0247089
v -0.5447140 3.2969472 -0.0363965 1.000000 0.400000 0.431373
vn -0.3437979 0.1328204 -0.0282144
v -0.5064170 3.2969472 -0.0415603 1.000000 0.400000 0.431373
vn -0.3144855 0.1328210 -0.0314485
v -0.4632420 3.2969472 -0.0463240 1.000000 0.400000 0.431373
vn -0.2821445 0.1328215 -0.0343797
v -0.4156060 3.2969472 -0.0506414 1.000000 0.400000 0.431373
vn -0.2470907 0.1328216 -0.0369795
v -0.3639670 3.2969472 -0.0544712 1.000000 0.400000 0.431373
vn -0.2096553 0.1328208 -0.0392233
v -0.3088240 3.2969472 -0.0577764 1.000000 0.400000 0.431373
vn -0.1701991 0.1328207 -0.0410895
v -0.2507060 3.2969472 -0.0605252 1.000000 0.400000 0.431373
vn -0.1291062 0.1328208 -0.0425598
v -0.1901730 3.2969472 -0.0626911 1.000000 0.400000 0.431373
vn -0.0867681 0.1328207 -0.0436203
v -0.1278100 3.2969472 -0.0642533 1.000000 0.400000 0.431373
vn -0.0435932 0.1328203 -0.0442608
v -0.0642150 3.2969472 -0.0651966 1.000000 0.400000 0.431373
vn -0.0000032 0.1328208 -0.0444750
v -0.0000020 3.2969472 -0.0655121 1.000000 0.400000 0.431373
vn 0.0435900 0.1328216 -0.0442608
v 0.0642110 3.2969472 -0.0651967 1.000000 0.400000 0.431373
vn 0.0867676 0.1328224 -0.0436203
v 0.1278060 3.2969472 -0.0642534 1.000000 0.400000 0.431373
vn 0.1291033 0.1328214 -0.0425599
v 0.1901690 3.2969472 -0.0626912 1.000000 0.400000 0.431373
vn 0.1701958 0.1328207 -0.0410896
v 0.2507020 3.2969472 -0.0605254 1.000000 0.400000 0.431373
vn 0.2096519 0.1328210 -0.0392235
v 0.3088200 3.2969472 -0.0577766 1.000000 0.400000 0.431373
vn 0.2470866 0.1328210 -0.0369798
v 0.3639640 3.2969472 -0.0544715 1.000000 0.400000 0.431373
vn 0.2821463 0.1328203 -0.0343796
v 0.4156030 3.2969472 -0.0506417 1.000000 0.400000 0.431373
vn 0.3144854 0.1328207 -0.0314485
v 0.4632390 3.2969472 -0.0463242 1.000000 0.400000 0.431373
vn 0.3437944 0.1328213 -0.0282148
v 0.5064140 3.2969472 -0.0415606 1.000000 0.400000 0.431373
vn 0.3697931 0.1328216 -0.0247093
v 0.5447120 3.2969472 -0.0363968 1.000000 0.400000 0.431373
vn 0.3922322 0.1328216 -0.0209657
v 0.5777650 3.2969472 -0.0308824 1.000000 0.400000 0.431373
vn 0.4108943 0.1328214 -0.0170200
v 0.6052530 3.2969472 -0.0250706 1.000000 0.400000 0.431373
vn 0.4255984 0.1328224 -0.0129104
v 0.6269121 3.2969472 -0.0190174 1.000000 0.400000 0.431373
vn 0.4362034 0.1328213 -0.0086767
v 0.6425330 3.2969472 -0.0127810 1.000000 0.400000 0.431373
vn 0.4426074 0.1328213 -0.0043597
v 0.6519670 3.2969472 -0.0064215 1.000000 0.400000 0.431373
vn 0.4447496 0.1328207 -0.0000003
v 0.6551220 3.2969472 -0.0000002 1.000000 0.400000 0.431373
vn 0.4426083 0.1328198 0.0043593
v 0.6519681 3.2969472 0.0064211 1.000000 0.400000 0.431373
vn 0.4362039 0.1328206 0.0086766
v 0.6425340 3.2969472 0.0127806 1.000000 0.400000 0.431373
vn 0.4256000 0.1328209 0.0129100
v 0.6269130 3.2969472 0.0190170 1.000000 0.400000 0.431373
vn 0.4108957 0.1328211 0.0170196
v 0.6052550 3.2969472 0.0250703 1.000000 0.400000 0.431373
vn 0.3922337 0.1328209 0.0209654
v 0.5777670 3.2969472 0.0308821 1.000000 0.400000 0.431373
vn 0.3697974 0.1328212 0.0247087
v 0.5447150 3.2969472 0.0363965 1.000000 0.400000 0.431373
vn 0.3437977 0.1328211 0.0282144
v 0.5064180 3.2969472 0.0415604 1.000000 0.400000 0.431373
vn 0.3144857 0.1328214 0.0314485
v 0.4632430 3.2969472 0.0463240 1.000000 0.400000 0.431373
vn 0.2821465 0.1328216 0.0343795
v 0.4156070 3.2969472 0.0506415 1.000000 0.400000 0.431373
vn 0.2470890 0.1328213 0.0369796
v 0.3639680 3.2969472 0.0544713 1.000000 0.400000 0.431373
vn 0.2096552 0.1328204 0.0392233
v 0.3088240 3.2969472 0.0577765 1.000000 0.400000 0.431373
vn 0.1702030 0.1328198 0.0410893
v 0.2507070 3.2969472 0.0605253 1.000000 0.400000 0.431373
vn 0.1291062 0.1328203 0.0425598
v 0.1901740 3.2969472 0.0626913 1.000000 0.403922 0.439216
vn 0.0867671 0.1328209 0.0436204
v 0.1278100 3.2969472 0.0642534 1.000000 0.411765 0.447059
vn 0.0435962 0.1328216 0.0442607
v 0.0642160 3.2969472 0.0651968 1.000000 0.400000 0.431373
vn 0.0000003 0.1328215 0.0444749
v 0.0000020 3.2969472 0.0655123 1.000000 0.400000 0.431373
vn -0.0435926 0.1328212 0.0442608
v -0.0642110 3.2969472 0.0651968 1.000000 0.400000 0.431373
vn -0.0867636 0.1328206 0.0436204
v -0.1278060 3.2969472 0.0642535 1.000000 0.400000 0.431373
vn -0.1291037 0.1328206 0.0425599
v -0.1901700 3.2969472 0.0626914 1.000000 0.400000 0.431373
vn -0.1701970 0.1328211 0.0410895
v -0.2507020 3.2969472 0.0605255 1.000000 0.400000 0.431373
vn -0.2096509 0.1328219 0.0392235
v -0.3088200 3.2969472 0.0577768 1.000000 0.400000 0.431373
vn -0.2470890 0.1328218 0.0369796
v -0.3639640 3.2969472 0.0544716 1.000000 0.400000 0.431373
vn -0.2821430 0.1328218 0.0343798
v -0.4156030 3.2969472 0.0506418 1.000000 0.400000 0.431373
vn -0.3144836 0.1328217 0.0314487
v -0.4632400 3.2969472 0.0463244 1.000000 0.400000 0.431373
vn -0.3437960 0.1328211 0.0282146
v -0.5064150 3.2969472 0.0415607 1.000000 0.400000 0.431373
vn -0.3697948 0.1328210 0.0247091
v -0.5447130 3.2969472 0.0363969 1.000000 0.400000 0.431373
vn -0.3922333 0.1328219 0.0209654
v -0.5777650 3.2969472 0.0308825 1.000000 0.400000 0.431373
vn -0.4108940 0.1328218 0.0170200
v -0.6052530 3.2969472 0.0250707 1.000000 0.400000 0.431373
vn -0.4255988 0.1328209 0.0129104
v -0.6269121 3.2969472 0.0190175 1.000000 0.400000 0.431373
vn -0.4362037 0.1328206 0.0086767
v -0.6425330 3.2969472 0.0127811 1.000000 0.400000 0.431373
vn -0.4426075 0.1328211 0.0043596
v -0.6519670 3.2969472 0.0064216 1.000000 0.400000 0.431373
vn -0.4447495 0.1328209 0.0000000
v -0.6551220 3.2969472 0.0000003 1.000000 0.400000 0.431373
vn -0.4440639 0.1278194 -0.0043737
v -0.6907940 3.1636152 -0.0068036 1.000000 0.400000 0.431373
vn -0.4376393 0.1278194 -0.0087049
v -0.6807990 3.1636152 -0.0135418 1.000000 0.400000 0.431373
vn -0.4269992 0.1278191 -0.0129528
v -0.6642480 3.1636152 -0.0201496 1.000000 0.400000 0.431373
vn -0.4122460 0.1278187 -0.0170760
v -0.6412990 3.1636152 -0.0265633 1.000000 0.400000 0.431373
vn -0.3935253 0.1278188 -0.0210342
v -0.6121740 3.1636152 -0.0327212 1.000000 0.400000 0.431373
vn -0.3710122 0.1278192 -0.0247903
v -0.5771540 3.1636152 -0.0385641 1.000000 0.400000 0.431373
vn -0.3449273 0.1278188 -0.0283074
v -0.5365750 3.1636152 -0.0440354 1.000000 0.400000 0.431373
vn -0.3155214 0.1278186 -0.0315519
v -0.4908290 3.1636152 -0.0490828 1.000000 0.400000 0.431373
vn -0.2830748 0.1278196 -0.0344927
v -0.4403570 3.1636152 -0.0536573 1.000000 0.400000 0.431373
vn -0.2479023 0.1278203 -0.0371012
v -0.3856430 3.1636152 -0.0577152 1.000000 0.400000 0.431373
vn -0.2103428 0.1278198 -0.0393524
v -0.3272150 3.1636152 -0.0612172 1.000000 0.400000 0.431373
vn -0.1707599 0.1278192 -0.0412246
v -0.2656360 3.1636152 -0.0641297 1.000000 0.400000 0.431373
vn -0.1295307 0.1278190 -0.0426998
v -0.2014990 3.1636152 -0.0664246 1.000000 0.400000 0.431373
vn -0.0870529 0.1278197 -0.0437638
v -0.1354210 3.1636152 -0.0680798 1.000000 0.400000 0.431373
vn -0.0437376 0.1278205 -0.0444064
v -0.0680390 3.1636152 -0.0690793 1.000000 0.400000 0.431373
vn -0.0000033 0.1278207 -0.0446212
v -0.0000020 3.1636152 -0.0694136 1.000000 0.400000 0.431373
vn 0.0437346 0.1278202 -0.0444064
v 0.0680350 3.1636152 -0.0690794 1.000000 0.400000 0.431373
vn 0.0870520 0.1278194 -0.0437639
v 0.1354170 3.1636152 -0.0680799 1.000000 0.400000 0.431373
vn 0.1295281 0.1278204 -0.0426999
v 0.2014950 3.1636152 -0.0664247 1.000000 0.400000 0.431373
vn 0.1707566 0.1278208 -0.0412247
v 0.2656320 3.1636152 -0.0641299 1.000000 0.400000 0.431373
vn 0.2103430 0.1278204 -0.0393524
v 0.3272110 3.1636152 -0.0612174 1.000000 0.400000 0.431373
vn 0.2479004 0.1278191 -0.0371014
v 0.3856390 3.1636152 -0.0577154 1.000000 0.400000 0.431373
vn 0.2830729 0.1278191 -0.0344928
v 0.4403530 3.1636152 -0.0536576 1.000000 0.400000 0.431373
vn 0.3155170 0.1278199 -0.0315523
v 0.4908260 3.1636152 -0.0490830 1.000000 0.400000 0.431373
vn 0.3449245 0.1278209 -0.0283077
v 0.5365730 3.1636152 -0.0440358 1.000000 0.400000 0.431373
vn 0.3710116 0.1278194 -0.0247903
v 0.5771520 3.1636152 -0.0385643 1.000000 0.400000 0.431373
vn 0.3935239 0.1278176 -0.0210345
v 0.6121720 3.1636152 -0.0327217 1.000000 0.400000 0.431373
vn 0.4122459 0.1278179 -0.0170761
v 0.6412970 3.1636152 -0.0265637 1.000000 0.400000 0.431373
vn 0.4269987 0.1278192 -0.0129529
v 0.6642470 3.1636152 -0.0201499 1.000000 0.400000 0.431373
vn 0.4376386 0.1278197 -0.0087052
v 0.6807980 3.1636152 -0.0135421 1.000000 0.400000 0.431373
vn 0.4440636 0.1278195 -0.0043741
v 0.6907940 3.1636152 -0.0068039 1.000000 0.400000 0.431373
vn 0.4462127 0.1278192 0.0000000
v 0.6941370 3.1636152 -0.0000002 1.000000 0.400000 0.431373
vn 0.4440644 0.1278185 0.0043735
v 0.6907940 3.1636152 0.0068035 1.000000 0.400000 0.431373
vn 0.4376396 0.1278188 0.0087048
v 0.6808000 3.1636152 0.0135417 1.000000 0.400000 0.431373
vn 0.4269996 0.1278187 0.0129527
v 0.6642480 3.1636152 0.0201495 1.000000 0.400000 0.431373
vn 0.4122471 0.1278188 0.0170758
v 0.6413000 3.1636152 0.0265633 1.000000 0.400000 0.431373
vn 0.3935247 0.1278184 0.0210343
v 0.6121750 3.1636152 0.0327211 1.000000 0.400000 0.431373
vn 0.3710151 0.1278181 0.0247899
v 0.5771550 3.1636152 0.0385640 1.000000 0.400000 0.431373
vn 0.3449295 0.1278181 0.0283072
v 0.5365770 3.1636152 0.0440354 1.000000 0.400000 0.431373
vn 0.3155220 0.1278173 0.0315519
v 0.4908310 3.1636152 0.0490828 1.000000 0.400000 0.431373
vn 0.2830755 0.1278176 0.0344927
v 0.4403580 3.1636152 0.0536574 1.000000 0.400000 0.431373
vn 0.2479023 0.1278184 0.0371013
v 0.3856440 3.1636152 0.0577153 1.000000 0.400000 0.431373
vn 0.2103432 0.1278179 0.0393525
v 0.3272160 3.1636152 0.0612173 1.000000 0.400000 0.431373
vn 0.1707605 0.1278175 0.0412246
v 0.2656370 3.1636152 0.0641298 1.000000 0.400000 0.431373
vn 0.1295315 0.1278168 0.0426999
v 0.2015000 3.1636152 0.0664247 1.000000 0.400000 0.431373
vn 0.0870556 0.1278178 0.0437638
v 0.1354220 3.1636152 0.0680799 1.000000 0.400000 0.431373
vn 0.0437370 0.1278185 0.0444064
v 0.0680400 3.1636152 0.0690795 1.000000 0.400000 0.431373
vn 0.0000007 0.1278171 0.0446213
v 0.0000020 3.1636152 0.0694137 1.000000 0.400000 0.431373
vn -0.0437350 0.1278180 0.0444065
v -0.0680350 3.1636152 0.0690795 1.000000 0.400000 0.431373
vn -0.0870495 0.1278173 0.0437640
v -0.1354170 3.1636152 0.0680800 1.000000 0.400000 0.431373
vn -0.1295280 0.1278172 0.0427000
v -0.2014950 3.1636152 0.0664249 1.000000 0.400000 0.431373
vn -0.1707564 0.1278173 0.0412248
v -0.2656320 3.1636152 0.0641300 1.000000 0.400000 0.431373
vn -0.2103395 0.1278177 0.0393527
v -0.3272120 3.1636152 0.0612176 1.000000 0.400000 0.431373
vn -0.2479022 0.1278185 0.0371013
v -0.3856400 3.1636152 0.0577156 1.000000 0.400000 0.431373
vn -0.2830749 0.1278180 0.0344927
v -0.4403540 3.1636152 0.0536577 1.000000 0.400000 0.431373
vn -0.3155200 0.1278170 0.0315521
v -0.4908270 3.1636152 0.0490831 1.000000 0.400000 0.431373
vn -0.3449267 0.1278186 0.0283075
v -0.5365730 3.1636152 0.0440358 1.000000 0.400000 0.431373
vn -0.3710100 0.1278194 0.0247906
v -0.5771520 3.1636152 0.0385644 1.000000 0.400000 0.431373
vn -0.3935225 0.1278195 0.0210347
v -0.6121730 3.1636152 0.0327217 1.000000 0.400000 0.431373
vn -0.4122469 0.1278180 0.0170759
v -0.6412980 3.1636152 0.0265638 1.000000 0.400000 0.431373
vn -0.4269994 0.1278185 0.0129528
v -0.6642470 3.1636152 0.0201500 1.000000 0.400000 0.431373
vn -0.4376388 0.1278190 0.0087052
v -0.6807980 3.1636152 0.0135422 1.000000 0.400000 0.431373
vn -0.4440638 0.1278189 0.0043741
v -0.6907940 3.1636152 0.0068040 1.000000 0.400000 0.431373
vn -0.4462127 0.1278192 0.0000000
v -0.6941370 3.1636152 0.0000003 1.000000 0.400000 0.431373
vn -0.4454737 0.1227669 -0.0043875
v -0.7280030 3.0302811 -0.0071702 1.000000 0.400000 0.431373
vn -0.4390282 0.1227673 -0.0087326
v -0.7174700 3.0302811 -0.0142713 1.000000 0.400000 0.431373
vn -0.4283541 0.1227671 -0.0129940
v -0.7000270 3.0302811 -0.0212350 1.000000 0.400000 0.431373
vn -0.4135542 0.1227677 -0.0171303
v -0.6758420 3.0302811 -0.0279941 1.000000 0.400000 0.431373
vn -0.3947736 0.1227682 -0.0211010
v -0.6451480 3.0302811 -0.0344837 1.000000 0.400000 0.431373
vn -0.3721907 0.1227675 -0.0248688
v -0.6082420 3.0302811 -0.0406412 1.000000 0.400000 0.431373
vn -0.3460229 0.1227678 -0.0283971
v -0.5654780 3.0302811 -0.0464073 1.000000 0.400000 0.431373
vn -0.3165232 0.1227674 -0.0316520
v -0.5172680 3.0302811 -0.0517265 1.000000 0.400000 0.431373
vn -0.2839749 0.1227683 -0.0346020
v -0.4640760 3.0302811 -0.0565476 1.000000 0.400000 0.431373
vn -0.2486890 0.1227682 -0.0372190
v -0.4064150 3.0302811 -0.0608241 1.000000 0.400000 0.431373
vn -0.2110086 0.1227681 -0.0394774
v -0.3448400 3.0302811 -0.0645147 1.000000 0.400000 0.431373
vn -0.1712995 0.1227676 -0.0413556
v -0.2799440 3.0302811 -0.0675840 1.000000 0.400000 0.431373
vn -0.1299431 0.1227680 -0.0428353
v -0.2123520 3.0302811 -0.0700025 1.000000 0.400000 0.431373
vn -0.0873324 0.1227689 -0.0439027
v -0.1427160 3.0302811 -0.0717469 1.000000 0.400000 0.431373
vn -0.0438772 0.1227679 -0.0445473
v -0.0717040 3.0302811 -0.0728003 1.000000 0.400000 0.431373
vn -0.0000031 0.1227679 -0.0447629
v -0.0000020 3.0302811 -0.0731526 1.000000 0.400000 0.431373
vn 0.0438749 0.1227687 -0.0445473
v 0.0717000 3.0302811 -0.0728004 1.000000 0.400000 0.431373
vn 0.0873287 0.1227690 -0.0439027
v 0.1427110 3.0302811 -0.0717470 1.000000 0.400000 0.431373
vn 0.1299376 0.1227684 -0.0428355
v 0.2123480 3.0302811 -0.0700027 1.000000 0.400000 0.431373
vn 0.1712967 0.1227679 -0.0413556
v 0.2799400 3.0302811 -0.0675843 1.000000 0.400000 0.431373
vn 0.2110101 0.1227690 -0.0394773
v 0.3448360 3.0302811 -0.0645150 1.000000 0.400000 0.431373
vn 0.2486889 0.1227695 -0.0372189
v 0.4064110 3.0302811 -0.0608243 1.000000 0.400000 0.431373
vn 0.2839712 0.1227686 -0.0346023
v 0.4640720 3.0302811 -0.0565479 1.000000 0.400000 0.431373
vn 0.3165185 0.1227682 -0.0316524
v 0.5172640 3.0302811 -0.0517269 1.000000 0.400000 0.431373
vn 0.3460202 0.1227669 -0.0283975
v 0.5654750 3.0302811 -0.0464078 1.000000 0.400000 0.431373
vn 0.3721902 0.1227677 -0.0248689
v 0.6082390 3.0302811 -0.0406417 1.000000 0.400000 0.431373
vn 0.3947731 0.1227677 -0.0211011
v 0.6451460 3.0302811 -0.0344841 1.000000 0.400000 0.431373
vn 0.4135531 0.1227674 -0.0171305
v 0.6758400 3.0302811 -0.0279945 1.000000 0.400000 0.431373
vn 0.4283533 0.1227674 -0.0129943
v 0.7000260 3.0302811 -0.0212354 1.000000 0.400000 0.431373
vn 0.4390277 0.1227674 -0.0087329
v 0.7174690 3.0302811 -0.0142717 1.000000 0.400000 0.431373
vn 0.4454734 0.1227667 -0.0043878
v 0.7280030 3.0302811 -0.0071705 1.000000 0.400000 0.431373
vn 0.4476292 0.1227663 -0.0000000
v 0.7315260 3.0302811 -0.0000003 1.000000 0.400000 0.431373
vn 0.4454736 0.1227673 0.0043875
v 0.7280030 3.0302811 0.0071699 1.000000 0.400000 0.431373
vn 0.4390285 0.1227672 0.0087325
v 0.7174700 3.0302811 0.0142710 1.000000 0.400000 0.431373
vn 0.4283555 0.1227666 0.0129936
v 0.7000270 3.0302811 0.0212348 1.000000 0.400000 0.431373
vn 0.4135562 0.1227665 0.0171298
v 0.6758430 3.0302811 0.0279941 1.000000 0.400000 0.431373
vn 0.3947728 0.1227673 0.0211012
v 0.6451490 3.0302811 0.0344837 1.000000 0.400000 0.431373
vn 0.3721924 0.1227658 0.0248686
v 0.6082430 3.0302811 0.0406411 1.000000 0.400000 0.431373
vn 0.3460232 0.1227647 0.0283972
v 0.5654790 3.0302811 0.0464074 1.000000 0.400000 0.431373
vn 0.3165216 0.1227646 0.0316522
v 0.5172690 3.0302811 0.0517264 1.000000 0.400000 0.431373
vn 0.2839757 0.1227646 0.0346020
v 0.4640770 3.0302811 0.0565475 1.000000 0.400000 0.431373
vn 0.2486900 0.1227654 0.0372190
v 0.4064160 3.0302811 0.0608240 1.000000 0.400000 0.431373
vn 0.2110104 0.1227658 0.0394774
v 0.3448410 3.0302811 0.0645146 1.000000 0.400000 0.431373
vn 0.1713026 0.1227656 0.0413555
v 0.2799450 3.0302811 0.0675840 1.000000 0.400000 0.431373
vn 0.1299424 0.1227657 0.0428354
v 0.2123530 3.0302811 0.0700025 1.000000 0.400000 0.431373
vn 0.0873349 0.1227653 0.0439027
v 0.1427160 3.0302811 0.0717469 1.000000 0.400000 0.431373
vn 0.0438755 0.1227662 0.0445474
v 0.0717050 3.0302811 0.0728004 1.000000 0.400000 0.431373
vn 0.0000005 0.1227668 0.0447629
v 0.0000030 3.0302811 0.0731525 1.000000 0.400000 0.431373
vn -0.0438731 0.1227654 0.0445474
v -0.0716990 3.0302811 0.0728004 1.000000 0.400000 0.431373
vn -0.0873281 0.1227653 0.0439028
v -0.1427110 3.0302811 0.0717470 1.000000 0.400000 0.431373
vn -0.1299399 0.1227650 0.0428355
v -0.2123480 3.0302811 0.0700027 1.000000 0.400000 0.431373
vn -0.1712982 0.1227650 0.0413557
v -0.2799400 3.0302811 0.0675842 1.000000 0.400000 0.431373
vn -0.2110072 0.1227653 0.0394776
v -0.3448370 3.0302811 0.0645149 1.000000 0.400000 0.431373
vn -0.2486879 0.1227652 0.0372192
v -0.4064120 3.0302811 0.0608243 1.000000 0.400000 0.431373
vn -0.2839737 0.1227655 0.0346022
v -0.4640730 3.0302811 0.0565479 1.000000 0.400000 0.431373
vn -0.3165204 0.1227655 0.0316523
v -0.5172650 3.0302811 0.0517268 1.000000 0.400000 0.431373
vn -0.3460194 0.1227661 0.0283976
v -0.5654750 3.0302811 0.0464078 1.000000 0.400000 0.431373
vn -0.3721885 0.1227660 0.0248692
v -0.6082400 3.0302811 0.0406417 1.000000 0.400000 0.431373
vn -0.3947742 0.1227656 0.0211011
v -0.6451470 3.0302811 0.0344842 1.000000 0.400000 0.431373
vn -0.4135557 0.1227661 0.0171300
v -0.6758400 3.0302811 0.0279945 1.000000 0.400000 0.431373
vn -0.4283537 0.1227662 0.0129943
v -0.7000260 3.0302811 0.0212353 1.000000 0.400000 0.431373
vn -0.4390280 0.1227668 0.0087329
v -0.7174690 3.0302811 0.0142716 1.000000 0.400000 0.431373
vn -0.4454735 0.1227666 0.0043878
v -0.7280030 3.0302811 0.0071704 1.000000 0.400000 0.431373
vn -0.4476292 0.1227664 0.0000000
v -0.7315260 3.0302811 0.0000002 1.000000 0.400000 0.431373
vn -0.4468340 0.1176695 -0.0044008
v -0.7635940 2.8969469 -0.0075208 1.000000 0.400000 0.431373
vn -0.4403688 0.1176694 -0.0087594
v -0.7525461 2.8969469 -0.0149691 1.000000 0.400000 0.431373
vn -0.4296624 0.1176691 -0.0130337
v -0.7342500 2.8969469 -0.0222732 1.000000 0.400000 0.431373
vn -0.4148183 0.1176693 -0.0171823
v -0.7088830 2.8969469 -0.0293628 1.000000 0.400000 0.431373
vn -0.3959791 0.1176704 -0.0211655
v -0.6766891 2.8969469 -0.0361697 1.000000 0.400000 0.431373
vn -0.3733260 0.1176704 -0.0249449
v -0.6379780 2.8969469 -0.0426282 1.000000 0.400000 0.431373
vn -0.3470784 0.1176701 -0.0284840
v -0.5931230 2.8969469 -0.0486762 1.000000 0.400000 0.431373
vn -0.3174898 0.1176700 -0.0317486
v -0.5425560 2.8969469 -0.0542554 1.000000 0.400000 0.431373
vn -0.2848417 0.1176698 -0.0347077
v -0.4867640 2.8969469 -0.0593122 1.000000 0.400000 0.431373
vn -0.2494490 0.1176697 -0.0373326
v -0.4262840 2.8969469 -0.0637977 1.000000 0.400000 0.431373
vn -0.2116539 0.1176705 -0.0395979
v -0.3616990 2.8969469 -0.0676688 1.000000 0.400000 0.431373
vn -0.1718230 0.1176703 -0.0414818
v -0.2936310 2.8969469 -0.0708881 1.000000 0.400000 0.431373
vn -0.1303414 0.1176703 -0.0429661
v -0.2227340 2.8969469 -0.0734249 1.000000 0.400000 0.431373
vn -0.0875952 0.1176704 -0.0440368
v -0.1496930 2.8969469 -0.0752546 1.000000 0.400000 0.431373
vn -0.0440079 0.1176692 -0.0446834
v -0.0752100 2.8969469 -0.0763593 1.000000 0.400000 0.431373
vn -0.0000053 0.1176685 -0.0448996
v -0.0000020 2.8969469 -0.0767289 1.000000 0.400000 0.431373
vn 0.0440060 0.1176684 -0.0446835
v 0.0752050 2.8969469 -0.0763595 1.000000 0.400000 0.431373
vn 0.0875938 0.1176696 -0.0440369
v 0.1496880 2.8969469 -0.0752547 1.000000 0.400000 0.431373
vn 0.1303361 0.1176701 -0.0429662
v 0.2227290 2.8969469 -0.0734251 1.000000 0.400000 0.431373
vn 0.1718219 0.1176693 -0.0414819
v 0.2936260 2.8969469 -0.0708884 1.000000 0.400000 0.431373
vn 0.2116532 0.1176685 -0.0395980
v 0.3616950 2.8969469 -0.0676690 1.000000 0.400000 0.431373
vn 0.2494475 0.1176689 -0.0373328
v 0.4262800 2.8969469 -0.0637980 1.000000 0.400000 0.431373
vn 0.2848385 0.1176697 -0.0347080
v 0.4867600 2.8969469 -0.0593125 1.000000 0.400000 0.431373
vn 0.3174866 0.1176700 -0.0317489
v 0.5425530 2.8969469 -0.0542558 1.000000 0.400000 0.431373
vn 0.3470772 0.1176691 -0.0284842
v 0.5931200 2.8969469 -0.0486766 1.000000 0.400000 0.431373
vn 0.3733250 0.1176697 -0.0249451
v 0.6379760 2.8969469 -0.0426286 1.000000 0.400000 0.431373
vn 0.3959785 0.1176709 -0.0211656
v 0.6766870 2.8969469 -0.0361701 1.000000 0.400000 0.431373
vn 0.4148168 0.1176708 -0.0171826
v 0.7088810 2.8969469 -0.0293632 1.000000 0.400000 0.431373
vn 0.4296618 0.1176692 -0.0130339
v 0.7342490 2.8969469 -0.0222736 1.000000 0.400000 0.431373
vn 0.4403684 0.1176693 -0.0087596
v 0.7525450 2.8969469 -0.0149694 1.000000 0.400000 0.431373
vn 0.4468337 0.1176697 -0.0044011
v 0.7635940 2.8969469 -0.0075211 1.000000 0.400000 0.431373
vn 0.4489960 0.1176696 -0.0000002
v 0.7672890 2.8969469 -0.0000003 1.000000 0.400000 0.431373
vn 0.4468341 0.1176700 0.0044006
v 0.7635950 2.8969469 0.0075204 1.000000 0.400000 0.431373
vn 0.4403690 0.1176702 0.0087593
v 0.7525470 2.8969469 0.0149687 1.000000 0.400000 0.431373
vn 0.4296626 0.1176699 0.0130336
v 0.7342511 2.8969469 0.0222729 1.000000 0.400000 0.431373
vn 0.4148192 0.1176687 0.0171822
v 0.7088840 2.8969469 0.0293626 1.000000 0.400000 0.431373
vn 0.3959792 0.1176691 0.0211655
v 0.6766900 2.8969469 0.0361695 1.000000 0.400000 0.431373
vn 0.3733262 0.1176697 0.0249449
v 0.6379790 2.8969469 0.0426280 1.000000 0.400000 0.431373
vn 0.3470799 0.1176687 0.0284839
v 0.5931240 2.8969469 0.0486760 1.000000 0.400000 0.431373
vn 0.3174896 0.1176698 0.0317487
v 0.5425570 2.8969469 0.0542553 1.000000 0.400000 0.431373
vn 0.2848418 0.1176689 0.0347077
v 0.4867650 2.8969469 0.0593120 1.000000 0.400000 0.431373
vn 0.2494514 0.1176681 0.0373325
v 0.4262850 2.8969469 0.0637976 1.000000 0.400000 0.431373
vn 0.2116555 0.1176707 0.0395979
v 0.3617000 2.8969469 0.0676687 1.000000 0.400000 0.431373
vn 0.1718254 0.1176711 0.0414817
v 0.2936310 2.8969469 0.0708881 1.000000 0.400000 0.431373
vn 0.1303384 0.1176707 0.0429661
v 0.2227350 2.8969469 0.0734249 1.000000 0.400000 0.431373
vn 0.0875968 0.1176693 0.0440368
v 0.1496930 2.8969469 0.0752545 1.000000 0.400000 0.431373
vn 0.0440116 0.1176673 0.0446834
v 0.0752100 2.8969469 0.0763594 1.000000 0.400000 0.431373
vn 0.0000001 0.1176685 0.0448996
v 0.0000030 2.8969469 0.0767289 1.000000 0.400000 0.431373
vn -0.0440085 0.1176694 0.0446834
v -0.0752050 2.8969469 0.0763594 1.000000 0.400000 0.431373
vn -0.0875929 0.1176705 0.0440369
v -0.1496880 2.8969469 0.0752546 1.000000 0.400000 0.431373
vn -0.1303363 0.1176703 0.0429662
v -0.2227300 2.8969469 0.0734250 1.000000 0.400000 0.431373
vn -0.1718201 0.1176716 0.0414819
v -0.2936260 2.8969469 0.0708883 1.000000 0.400000 0.431373
vn -0.2116519 0.1176704 0.0395981
v -0.3616950 2.8969469 0.0676690 1.000000 0.400000 0.431373
vn -0.2494481 0.1176694 0.0373327
v -0.4262810 2.8969469 0.0637979 1.000000 0.400000 0.431373
vn -0.2848400 0.1176694 0.0347079
v -0.4867610 2.8969469 0.0593124 1.000000 0.400000 0.431373
vn -0.3174864 0.1176700 0.0317490
v -0.5425530 2.8969469 0.0542557 1.000000 0.400000 0.431373
vn -0.3470773 0.1176695 0.0284842
v -0.5931210 2.8969469 0.0486765 1.000000 0.400000 0.431373
vn -0.3733264 0.1176685 0.0249450
v -0.6379760 2.8969469 0.0426285 1.000000 0.400000 0.431373
vn -0.3959783 0.1176677 0.0211658
v -0.6766870 2.8969469 0.0361700 1.000000 0.400000 0.431373
vn -0.4148178 0.1176693 0.0171825
v -0.7088820 2.8969469 0.0293631 1.000000 0.400000 0.431373
vn -0.4296623 0.1176693 0.0130337
v -0.7342490 2.8969469 0.0222735 1.000000 0.400000 0.431373
vn -0.4403685 0.1176693 0.0087596
v -0.7525450 2.8969469 0.0149693 1.000000 0.400000 0.431373
vn -0.4468337 0.1176696 0.0044011
v -0.7635940 2.8969469 0.0075210 1.000000 0.400000 0.431373
vn -0.4489961 0.1176689 0.0000000
v -0.7672890 2.8969469 0.0000002 1.000000 0.400000 0.431373
vn -0.4481443 0.1125261 -0.0044138
v -0.7975680 2.7636142 -0.0078554 1.000000 0.400000 0.431373
vn -0.4416602 0.1125250 -0.0087852
v -0.7860280 2.7636142 -0.0156350 1.000000 0.400000 0.431373
vn -0.4309223 0.1125256 -0.0130719
v -0.7669180 2.7636142 -0.0232642 1.000000 0.400000 0.431373
vn -0.4160346 0.1125266 -0.0172327
v -0.7404220 2.7636142 -0.0306692 1.000000 0.400000 0.431373
vn -0.3971407 0.1125262 -0.0212275
v -0.7067960 2.7636142 -0.0377790 1.000000 0.400000 0.431373
vn -0.3744209 0.1125265 -0.0250181
v -0.6663630 2.7636142 -0.0445248 1.000000 0.400000 0.431373
vn -0.3480960 0.1125270 -0.0285675
v -0.6195120 2.7636142 -0.0508419 1.000000 0.400000 0.431373
vn -0.3184205 0.1125261 -0.0318418
v -0.5666950 2.7636142 -0.0566694 1.000000 0.400000 0.431373
vn -0.2856765 0.1125261 -0.0348095
v -0.5084210 2.7636142 -0.0619511 1.000000 0.400000 0.431373
vn -0.2501808 0.1125256 -0.0374421
v -0.4452500 2.7636142 -0.0666362 1.000000 0.400000 0.431373
vn -0.2122756 0.1125258 -0.0397140
v -0.3777920 2.7636142 -0.0706795 1.000000 0.400000 0.431373
vn -0.1723270 0.1125274 -0.0416034
v -0.3066950 2.7636142 -0.0740421 1.000000 0.400000 0.431373
vn -0.1307223 0.1125276 -0.0430921
v -0.2326440 2.7636142 -0.0766917 1.000000 0.400000 0.431373
vn -0.0878539 0.1125259 -0.0441660
v -0.1563530 2.7636142 -0.0786028 1.000000 0.400000 0.431373
vn -0.0441378 0.1125277 -0.0448144
v -0.0785560 2.7636142 -0.0797568 1.000000 0.400000 0.431373
vn -0.0000008 0.1125274 -0.0450312
v -0.0000030 2.7636142 -0.0801427 1.000000 0.400000 0.431373
vn 0.0441356 0.1125253 -0.0448145
v 0.0785510 2.7636142 -0.0797568 1.000000 0.400000 0.431373
vn 0.0878489 0.1125252 -0.0441661
v 0.1563480 2.7636142 -0.0786029 1.000000 0.400000 0.431373
vn 0.1307188 0.1125259 -0.0430922
v 0.2326390 2.7636142 -0.0766919 1.000000 0.400000 0.431373
vn 0.1723266 0.1125264 -0.0416035
v 0.3066900 2.7636142 -0.0740423 1.000000 0.400000 0.431373
vn 0.2122742 0.1125265 -0.0397141
v 0.3777870 2.7636142 -0.0706797 1.000000 0.400000 0.431373
vn 0.2501778 0.1125269 -0.0374423
v 0.4452460 2.7636142 -0.0666364 1.000000 0.400000 0.431373
vn 0.2856735 0.1125266 -0.0348098
v 0.5084170 2.7636142 -0.0619514 1.000000 0.400000 0.431373
vn 0.3184187 0.1125259 -0.0318420
v 0.5666920 2.7636142 -0.0566697 1.000000 0.400000 0.431373
vn 0.3480957 0.1125258 -0.0285676
v 0.6195090 2.7636142 -0.0508422 1.000000 0.400000 0.431373
vn 0.3744193 0.1125254 -0.0250183
v 0.6663600 2.7636142 -0.0445252 1.000000 0.400000 0.431373
vn 0.3971388 0.1125258 -0.0212279
v 0.7067940 2.7636142 -0.0377793 1.000000 0.400000 0.431373
vn 0.4160340 0.1125258 -0.0172329
v 0.7404211 2.7636142 -0.0306696 1.000000 0.400000 0.431373
vn 0.4309223 0.1125253 -0.0130719
v 0.7669170 2.7636142 -0.0232645 1.000000 0.400000 0.431373
vn 0.4416593 0.1125263 -0.0087855
v 0.7860270 2.7636142 -0.0156354 1.000000 0.400000 0.431373
vn 0.4481440 0.1125262 -0.0044140
v 0.7975680 2.7636142 -0.0078557 1.000000 0.400000 0.431373
vn 0.4503126 0.1125258 -0.0000001
v 0.8014270 2.7636142 -0.0000004 1.000000 0.400000 0.431373
vn 0.4481446 0.1125253 0.0044136
v 0.7975680 2.7636142 0.0078550 1.000000 0.400000 0.431373
vn 0.4416609 0.1125251 0.0087848
v 0.7860290 2.7636142 0.0156347 1.000000 0.400000 0.431373
vn 0.4309225 0.1125256 0.0130718
v 0.7669190 2.7636142 0.0232639 1.000000 0.400000 0.431373
vn 0.4160349 0.1125260 0.0172326
v 0.7404231 2.7636142 0.0306690 1.000000 0.400000 0.431373
vn 0.3971412 0.1125255 0.0212274
v 0.7067970 2.7636142 0.0377787 1.000000 0.400000 0.431373
vn 0.3744214 0.1125266 0.0250180
v 0.6663641 2.7636142 0.0445246 1.000000 0.400000 0.431373
vn 0.3480974 0.1125276 0.0285673
v 0.6195130 2.7636142 0.0508417 1.000000 0.400000 0.431373
vn 0.3184202 0.1125267 0.0318418
v 0.5666970 2.7636142 0.0566692 1.000000 0.400000 0.431373
vn 0.2856751 0.1125265 0.0348096
v 0.5084220 2.7636142 0.0619509 1.000000 0.400000 0.431373
vn 0.2501847 0.1125264 0.0374418
v 0.4452510 2.7636142 0.0666360 1.000000 0.400000 0.431373
vn 0.2122792 0.1125265 0.0397138
v 0.3777930 2.7636142 0.0706795 1.000000 0.400000 0.431373
vn 0.1723275 0.1125261 0.0416034
v 0.3066960 2.7636142 0.0740421 1.000000 0.400000 0.431373
vn 0.1307197 0.1125260 0.0430922
v 0.2326450 2.7636142 0.0766917 1.000000 0.400000 0.431373
vn 0.0878516 0.1125263 0.0441660
v 0.1563540 2.7636142 0.0786027 1.000000 0.400000 0.431373
vn 0.0441401 0.1125252 0.0448144
v 0.0785560 2.7636142 0.0797567 1.000000 0.400000 0.431373
vn 0.0000049 0.1125261 0.0450313
v 0.0000030 2.7636142 0.0801427 1.000000 0.400000 0.431373
vn -0.0441351 0.1125274 0.0448144
v -0.0785510 2.7636142 0.0797569 1.000000 0.400000 0.431373
vn -0.0878536 0.1125263 0.0441659
v -0.1563480 2.7636142 0.0786029 1.000000 0.400000 0.431373
vn -0.1307163 0.1125261 0.0430923
v -0.2326390 2.7636142 0.0766918 1.000000 0.400000 0.431373
vn -0.1723239 0.1125258 0.0416036
v -0.3066900 2.7636142 0.0740424 1.000000 0.400000 0.431373
vn -0.2122751 0.1125253 0.0397141
v -0.3777880 2.7636142 0.0706797 1.000000 0.400000 0.431373
vn -0.2501800 0.1125257 0.0374422
v -0.4452470 2.7636142 0.0666364 1.000000 0.400000 0.431373
vn -0.2856751 0.1125253 0.0348097
v -0.5084180 2.7636142 0.0619513 1.000000 0.400000 0.431373
vn -0.3184178 0.1125255 0.0318421
v -0.5666930 2.7636142 0.0566696 1.000000 0.400000 0.431373
vn -0.3480956 0.1125252 0.0285676
v -0.6195100 2.7636142 0.0508422 1.000000 0.400000 0.431373
vn -0.3744217 0.1125252 0.0250180
v -0.6663610 2.7636142 0.0445251 1.000000 0.400000 0.431373
vn -0.3971398 0.1125254 0.0212277
v -0.7067940 2.7636142 0.0377792 1.000000 0.400000 0.431373
vn -0.4160340 0.1125251 0.0172329
v -0.7404211 2.7636142 0.0306695 1.000000 0.400000 0.431373
vn -0.4309223 0.1125253 0.0130719
v -0.7669170 2.7636142 0.0232644 1.000000 0.400000 0.431373
vn -0.4416595 0.1125256 0.0087854
v -0.7860270 2.7636142 0.0156353 1.000000 0.400000 0.431373
vn -0.4481440 0.1125256 0.0044141
v -0.7975680 2.7636142 0.0078556 1.000000 0.400000 0.431373
vn -0.4503126 0.1125261 0.0000001
v -0.8014270 2.7636142 0.0000003 1.000000 0.400000 0.431373
vn -0.4494029 0.1073380 -0.0044262
v -0.8299240 2.6302812 -0.0081740 1.000000 0.400000 0.431373
vn -0.4429002 0.1073379 -0.0088099
v -0.8179151 2.6302812 -0.0162693 1.000000 0.400000 0.431373
vn -0.4321333 0.1073373 -0.0131084
v -0.7980300 2.6302812 -0.0242079 1.000000 0.400000 0.431373
vn -0.4172037 0.1073374 -0.0172810
v -0.7704600 2.6302812 -0.0319134 1.000000 0.400000 0.431373
vn -0.3982557 0.1073378 -0.0212872
v -0.7354690 2.6302812 -0.0393116 1.000000 0.400000 0.431373
vn -0.3754739 0.1073376 -0.0250881
v -0.6933960 2.6302812 -0.0463311 1.000000 0.400000 0.431373
vn -0.3490735 0.1073374 -0.0286478
v -0.6446450 2.6302812 -0.0529045 1.000000 0.400000 0.431373
vn -0.3193141 0.1073371 -0.0319313
v -0.5896850 2.6302812 -0.0589683 1.000000 0.400000 0.431373
vn -0.2864783 0.1073371 -0.0349074
v -0.5290470 2.6302812 -0.0644643 1.000000 0.400000 0.431373
vn -0.2508833 0.1073373 -0.0375473
v -0.4633130 2.6302812 -0.0693394 1.000000 0.400000 0.431373
vn -0.2128739 0.1073375 -0.0398255
v -0.3931180 2.6302812 -0.0735468 1.000000 0.400000 0.431373
vn -0.1728134 0.1073370 -0.0417202
v -0.3191370 2.6302812 -0.0770459 1.000000 0.400000 0.431373
vn -0.1310872 0.1073370 -0.0432132
v -0.2420820 2.6302812 -0.0798030 1.000000 0.400000 0.431373
vn -0.0880996 0.1073368 -0.0442900
v -0.1626960 2.6302812 -0.0817915 1.000000 0.400000 0.431373
vn -0.0442650 0.1073367 -0.0449403
v -0.0817430 2.6302812 -0.0829924 1.000000 0.400000 0.431373
vn -0.0000004 0.1073374 -0.0451577
v -0.0000030 2.6302812 -0.0833940 1.000000 0.400000 0.431373
vn 0.0442626 0.1073380 -0.0449403
v 0.0817380 2.6302812 -0.0829924 1.000000 0.400000 0.431373
vn 0.0880967 0.1073369 -0.0442901
v 0.1626910 2.6302812 -0.0817916 1.000000 0.400000 0.431373
vn 0.1310838 0.1073374 -0.0432133
v 0.2420770 2.6302812 -0.0798031 1.000000 0.400000 0.431373
vn 0.1728093 0.1073373 -0.0417204
v 0.3191320 2.6302812 -0.0770461 1.000000 0.400000 0.431373
vn 0.2128697 0.1073376 -0.0398257
v 0.3931130 2.6302812 -0.0735471 1.000000 0.400000 0.431373
vn 0.2508813 0.1073377 -0.0375474
v 0.4633090 2.6302812 -0.0693398 1.000000 0.400000 0.431373
vn 0.2864782 0.1073372 -0.0349074
v 0.5290430 2.6302812 -0.0644646 1.000000 0.400000 0.431373
vn 0.3193121 0.1073368 -0.0319315
v 0.5896810 2.6302812 -0.0589687 1.000000 0.400000 0.431373
vn 0.3490725 0.1073380 -0.0286479
v 0.6446410 2.6302812 -0.0529049 1.000000 0.400000 0.431373
vn 0.3754714 0.1073378 -0.0250885
v 0.6933930 2.6302812 -0.0463315 1.000000 0.400000 0.431373
vn 0.3982545 0.1073378 -0.0212874
v 0.7354670 2.6302812 -0.0393120 1.000000 0.400000 0.431373
vn 0.4172027 0.1073376 -0.0172812
v 0.7704580 2.6302812 -0.0319138 1.000000 0.400000 0.431373
vn 0.4321318 0.1073379 -0.0131088
v 0.7980290 2.6302812 -0.0242083 1.000000 0.400000 0.431373
vn 0.4429001 0.1073377 -0.0088100
v 0.8179151 2.6302812 -0.0162697 1.000000 0.400000 0.431373
vn 0.4494032 0.1073364 -0.0044263
v 0.8299230 2.6302812 -0.0081744 1.000000 0.400000 0.431373
vn 0.4515775 0.1073370 -0.0000003
v 0.8339390 2.6302812 -0.0000004 1.000000 0.400000 0.431373
vn 0.4494032 0.1073374 0.0044260
v 0.8299240 2.6302812 0.0081737 1.000000 0.400000 0.431373
vn 0.4429010 0.1073365 0.0088097
v 0.8179160 2.6302812 0.0162690 1.000000 0.400000 0.431373
vn 0.4321336 0.1073367 0.0131083
v 0.7980310 2.6302812 0.0242076 1.000000 0.400000 0.431373
vn 0.4172038 0.1073371 0.0172810
v 0.7704610 2.6302812 0.0319131 1.000000 0.400000 0.431373
vn 0.3982564 0.1073370 0.0212871
v 0.7354700 2.6302812 0.0393113 1.000000 0.400000 0.431373
vn 0.3754751 0.1073366 0.0250880
v 0.6933970 2.6302812 0.0463309 1.000000 0.400000 0.431373
vn 0.3490751 0.1073380 0.0286476
v 0.6446460 2.6302812 0.0529043 1.000000 0.400000 0.431373
vn 0.3193143 0.1073384 0.0319312
v 0.5896860 2.6302812 0.0589682 1.000000 0.400000 0.431373
vn 0.2864777 0.1073385 0.0349074
v 0.5290480 2.6302812 0.0644642 1.000000 0.400000 0.431373
vn 0.2508842 0.1073373 0.0375472
v 0.4633140 2.6302812 0.0693393 1.000000 0.400000 0.431373
vn 0.2128747 0.1073366 0.0398255
v 0.3931190 2.6302812 0.0735467 1.000000 0.400000 0.431373
vn 0.1728129 0.1073365 0.0417203
v 0.3191380 2.6302812 0.0770458 1.000000 0.400000 0.431373
vn 0.1310887 0.1073371 0.0432132
v 0.2420830 2.6302812 0.0798029 1.000000 0.400000 0.431373
vn 0.0880989 0.1073378 0.0442900
v 0.1626960 2.6302812 0.0817915 1.000000 0.400000 0.431373
vn 0.0442626 0.1073380 0.0449403
v 0.0817430 2.6302812 0.0829923 1.000000 0.400000 0.431373
vn 0.0000033 0.1073373 0.0451577
v 0.0000030 2.6302812 0.0833939 1.000000 0.400000 0.431373
vn -0.0442598 0.1073361 0.0449403
v -0.0817370 2.6302812 0.0829924 1.000000 0.400000 0.431373
vn -0.0880974 0.1073369 0.0442901
v -0.1626910 2.6302812 0.0817916 1.000000 0.400000 0.431373
vn -0.1310853 0.1073381 0.0432133
v -0.2420770 2.6302812 0.0798031 1.000000 0.400000 0.431373
vn -0.1728103 0.1073365 0.0417204
v -0.3191320 2.6302812 0.0770460 1.000000 0.400000 0.431373
vn -0.2128697 0.1073375 0.0398257
v -0.3931140 2.6302812 0.0735470 1.000000 0.400000 0.431373
vn -0.2508833 0.1073368 0.0375473
v -0.4633090 2.6302812 0.0693397 1.000000 0.400000 0.431373
vn -0.2864771 0.1073365 0.0349075
v -0.5290430 2.6302812 0.0644645 1.000000 0.400000 0.431373
vn -0.3193117 0.1073371 0.0319315
v -0.5896820 2.6302812 0.0589686 1.000000 0.400000 0.431373
vn -0.3490738 0.1073376 0.0286478
v -0.6446421 2.6302812 0.0529047 1.000000 0.400000 0.431373
vn -0.3754719 0.1073379 0.0250884
v -0.6933930 2.6302812 0.0463314 1.000000 0.400000 0.431373
vn -0.3982546 0.1073385 0.0212874
v -0.7354670 2.6302812 0.0393119 1.000000 0.400000 0.431373
vn -0.4172026 0.1073378 0.0172812
v -0.7704580 2.6302812 0.0319137 1.000000 0.400000 0.431373
vn -0.4321319 0.1073377 0.0131088
v -0.7980290 2.6302812 0.0242082 1.000000 0.400000 0.431373
vn -0.4429000 0.1073381 0.0088100
v -0.8179151 2.6302812 0.0162696 1.000000 0.400000 0.431373
vn -0.4494030 0.1073370 0.0044263
v -0.8299230 2.6302812 0.0081743 1.000000 0.400000 0.431373
vn -0.4515775 0.1073374 0.0000003
v -0.8339390 2.6302812 0.0000003 1.000000 0.400000 0.431373
vn -0.4506088 0.1021060 -0.0044381
v -0.8606620 2.4969480 -0.0084768 1.000000 0.400000 0.431373
vn -0.4440887 0.1021056 -0.0088336
v -0.8482090 2.4969480 -0.0168719 1.000000 0.400000 0.431373
vn -0.4332920 0.1021058 -0.0131438
v -0.8275870 2.4969480 -0.0251045 1.000000 0.400000 0.431373
vn -0.4183231 0.1021056 -0.0173274
v -0.7989950 2.4969480 -0.0330954 1.000000 0.400000 0.431373
vn -0.3993248 0.1021057 -0.0213442
v -0.7627090 2.4969480 -0.0407676 1.000000 0.400000 0.431373
vn -0.3764798 0.1021055 -0.0251557
v -0.7190770 2.4969480 -0.0480471 1.000000 0.400000 0.431373
vn -0.3500101 0.1021050 -0.0287247
v -0.6685200 2.4969480 -0.0548639 1.000000 0.400000 0.431373
vn -0.3201718 0.1021060 -0.0320168
v -0.6115250 2.4969480 -0.0611523 1.000000 0.400000 0.431373
vn -0.2872477 0.1021060 -0.0350010
v -0.5486410 2.4969480 -0.0668519 1.000000 0.400000 0.431373
vn -0.2515571 0.1021056 -0.0376480
v -0.4804730 2.4969480 -0.0719076 1.000000 0.400000 0.431373
vn -0.2134423 0.1021051 -0.0399325
v -0.4076780 2.4969480 -0.0762708 1.000000 0.400000 0.431373
vn -0.1732751 0.1021050 -0.0418323
v -0.3309560 2.4969480 -0.0798994 1.000000 0.400000 0.431373
vn -0.1314400 0.1021049 -0.0433292
v -0.2510480 2.4969480 -0.0827586 1.000000 0.400000 0.431373
vn -0.0883357 0.1021052 -0.0444089
v -0.1687220 2.4969480 -0.0848208 1.000000 0.400000 0.431373
vn -0.0443824 0.1021046 -0.0450609
v -0.0847700 2.4969480 -0.0860661 1.000000 0.400000 0.431373
vn -0.0000028 0.1021049 -0.0452789
v -0.0000030 2.4969480 -0.0864826 1.000000 0.400000 0.431373
vn 0.0443804 0.1021057 -0.0450609
v 0.0847650 2.4969480 -0.0860662 1.000000 0.400000 0.431373
vn 0.0883325 0.1021062 -0.0444089
v 0.1687160 2.4969480 -0.0848209 1.000000 0.400000 0.431373
vn 0.1314366 0.1021058 -0.0433292
v 0.2510430 2.4969480 -0.0827588 1.000000 0.400000 0.431373
vn 0.1732746 0.1021050 -0.0418323
v 0.3309510 2.4969480 -0.0798996 1.000000 0.400000 0.431373
vn 0.2134402 0.1021051 -0.0399326
v 0.4076730 2.4969480 -0.0762710 1.000000 0.400000 0.431373
vn 0.2515537 0.1021059 -0.0376482
v 0.4804680 2.4969480 -0.0719079 1.000000 0.400000 0.431373
vn 0.2872462 0.1021059 -0.0350011
v 0.5486370 2.4969480 -0.0668522 1.000000 0.400000 0.431373
vn 0.3201685 0.1021062 -0.0320172
v 0.6115210 2.4969480 -0.0611527 1.000000 0.400000 0.431373
vn 0.3500091 0.1021061 -0.0287248
v 0.6685170 2.4969480 -0.0548643 1.000000 0.400000 0.431373
vn 0.3764788 0.1021058 -0.0251558
v 0.7190740 2.4969480 -0.0480475 1.000000 0.400000 0.431373
vn 0.3993226 0.1021052 -0.0213447
v 0.7627070 2.4969480 -0.0407680 1.000000 0.400000 0.431373
vn 0.4183220 0.1021062 -0.0173276
v 0.7989940 2.4969480 -0.0330958 1.000000 0.400000 0.431373
vn 0.4332917 0.1021062 -0.0131439
v 0.8275860 2.4969480 -0.0251049 1.000000 0.400000 0.431373
vn 0.4440887 0.1021049 -0.0088336
v 0.8482080 2.4969480 -0.0168723 1.000000 0.400000 0.431373
vn 0.4506086 0.1021060 -0.0044383
v 0.8606610 2.4969480 -0.0084772 1.000000 0.400000 0.431373
vn 0.4527889 0.1021065 -0.0000003
v 0.8648261 2.4969480 -0.0000004 1.000000 0.400000 0.431373
vn 0.4506088 0.1021062 0.0044380
v 0.8606620 2.4969480 0.0084764 1.000000 0.400000 0.431373
vn 0.4440891 0.1021062 0.0088333
v 0.8482090 2.4969480 0.0168715 1.000000 0.400000 0.431373
vn 0.4332927 0.1021062 0.0131435
v 0.8275881 2.4969480 0.0251042 1.000000 0.400000 0.431373
vn 0.4183231 0.1021056 0.0173274
v 0.7989960 2.4969480 0.0330951 1.000000 0.400000 0.431373
vn 0.3993247 0.1021063 0.0213442
v 0.7627100 2.4969480 0.0407673 1.000000 0.400000 0.431373
vn 0.3764820 0.1021064 0.0251553
v 0.7190781 2.4969480 0.0480468 1.000000 0.400000 0.431373
vn 0.3500133 0.1021060 0.0287243
v 0.6685221 2.4969480 0.0548637 1.000000 0.400000 0.431373
vn 0.3201706 0.1021053 0.0320170
v 0.6115270 2.4969480 0.0611522 1.000000 0.400000 0.431373
vn 0.2872459 0.1021050 0.0350011
v 0.5486420 2.4969480 0.0668517 1.000000 0.400000 0.431373
vn 0.2515583 0.1021057 0.0376479
v 0.4804740 2.4969480 0.0719074 1.000000 0.400000 0.431373
vn 0.2134457 0.1021053 0.0399323
v 0.4076790 2.4969480 0.0762707 1.000000 0.400000 0.431373
vn 0.1732764 0.1021056 0.0418322
v 0.3309580 2.4969480 0.0798993 1.000000 0.400000 0.431373
vn 0.1314407 0.1021058 0.0433291
v 0.2510490 2.4969480 0.0827586 1.000000 0.400000 0.431373
vn 0.0883355 0.1021049 0.0444089
v 0.1687220 2.4969480 0.0848208 1.000000 0.400000 0.431373
vn 0.0443827 0.1021060 0.0450609
v 0.0847710 2.4969480 0.0860661 1.000000 0.400000 0.431373
vn 0.0000027 0.1021064 0.0452789
v 0.0000030 2.4969480 0.0864826 1.000000 0.400000 0.431373
vn -0.0443801 0.1021062 0.0450609
v -0.0847650 2.4969480 0.0860662 1.000000 0.400000 0.431373
vn -0.0883322 0.1021060 0.0444089
v -0.1687160 2.4969480 0.0848209 1.000000 0.400000 0.431373
vn -0.1314364 0.1021064 0.0433292
v -0.2510430 2.4969480 0.0827588 1.000000 0.400000 0.431373
vn -0.1732735 0.1021067 0.0418323
v -0.3309520 2.4969480 0.0798996 1.000000 0.400000 0.431373
vn -0.2134418 0.1021062 0.0399325
v -0.4076740 2.4969480 0.0762710 1.000000 0.400000 0.431373
vn -0.2515571 0.1021059 0.0376480
v -0.4804690 2.4969480 0.0719078 1.000000 0.400000 0.431373
vn -0.2872456 0.1021059 0.0350011
v -0.5486370 2.4969480 0.0668521 1.000000 0.400000 0.431373
vn -0.3201672 0.1021063 0.0320173
v -0.6115220 2.4969480 0.0611526 1.000000 0.400000 0.431373
vn -0.3500095 0.1021060 0.0287248
v -0.6685180 2.4969480 0.0548642 1.000000 0.400000 0.431373
vn -0.3764794 0.1021059 0.0251557
v -0.7190751 2.4969480 0.0480474 1.000000 0.400000 0.431373
vn -0.3993237 0.1021061 0.0213444
v -0.7627070 2.4969480 0.0407679 1.000000 0.400000 0.431373
vn -0.4183221 0.1021060 0.0173276
v -0.7989940 2.4969480 0.0330957 1.000000 0.400000 0.431373
vn -0.4332915 0.1021066 0.0131439
v -0.8275860 2.4969480 0.0251048 1.000000 0.400000 0.431373
vn -0.4440885 0.1021063 0.0088336
v -0.8482080 2.4969480 0.0168722 1.000000 0.400000 0.431373
vn -0.4506086 0.1021060 0.0044383
v -0.8606610 2.4969480 0.0084771 1.000000 0.400000 0.431373
vn -0.4527889 0.1021063 0.0000003
v -0.8648261 2.4969480 0.0000003 1.000000 0.400000 0.431373
vn -0.4517601 0.0968325 -0.0044495
v -0.8897820 2.3636150 -0.0087636 1.000000 0.400000 0.431373
vn -0.4452233 0.0968331 -0.0088561
v -0.8769071 2.3636150 -0.0174427 1.000000 0.400000 0.431373
vn -0.4343995 0.0968343 -0.0131771
v -0.8555880 2.3636150 -0.0259539 1.000000 0.400000 0.431373
vn -0.4193914 0.0968339 -0.0173717
v -0.8260291 2.3636150 -0.0342152 1.000000 0.400000 0.431373
vn -0.4003449 0.0968330 -0.0213988
v -0.7885150 2.3636150 -0.0421469 1.000000 0.400000 0.431373
vn -0.3774418 0.0968337 -0.0252199
v -0.7434070 2.3636150 -0.0496727 1.000000 0.400000 0.431373
vn -0.3509046 0.0968339 -0.0287980
v -0.6911390 2.3636150 -0.0567202 1.000000 0.400000 0.431373
vn -0.3209899 0.0968332 -0.0320987
v -0.6322160 2.3636150 -0.0632214 1.000000 0.400000 0.431373
vn -0.2879798 0.0968326 -0.0350905
v -0.5672040 2.3636150 -0.0691138 1.000000 0.400000 0.431373
vn -0.2521982 0.0968322 -0.0377443
v -0.4967290 2.3636150 -0.0743405 1.000000 0.400000 0.431373
vn -0.2139900 0.0968331 -0.0400344
v -0.4214710 2.3636150 -0.0788513 1.000000 0.400000 0.431373
vn -0.1737192 0.0968343 -0.0419390
v -0.3421540 2.3636150 -0.0826028 1.000000 0.400000 0.431373
vn -0.1317746 0.0968336 -0.0434399
v -0.2595420 2.3636150 -0.0855587 1.000000 0.400000 0.431373
vn -0.0885615 0.0968332 -0.0445223
v -0.1744300 2.3636150 -0.0876907 1.000000 0.400000 0.431373
vn -0.0444959 0.0968341 -0.0451760
v -0.0876390 2.3636150 -0.0889781 1.000000 0.400000 0.431373
vn -0.0000021 0.0968328 -0.0453946
v -0.0000030 2.3636150 -0.0894087 1.000000 0.400000 0.431373
vn 0.0444924 0.0968327 -0.0451760
v 0.0876330 2.3636150 -0.0889782 1.000000 0.400000 0.431373
vn 0.0885590 0.0968338 -0.0445224
v 0.1744250 2.3636150 -0.0876908 1.000000 0.400000 0.431373
vn 0.1317723 0.0968326 -0.0434400
v 0.2595360 2.3636150 -0.0855589 1.000000 0.400000 0.431373
vn 0.1737167 0.0968333 -0.0419392
v 0.3421490 2.3636150 -0.0826030 1.000000 0.400000 0.431373
vn 0.2139853 0.0968327 -0.0400346
v 0.4214660 2.3636150 -0.0788516 1.000000 0.400000 0.431373
vn 0.2521962 0.0968330 -0.0377444
v 0.4967250 2.3636150 -0.0743409 1.000000 0.400000 0.431373
vn 0.2879801 0.0968331 -0.0350905
v 0.5672000 2.3636150 -0.0691141 1.000000 0.400000 0.431373
vn 0.3209867 0.0968332 -0.0320990
v 0.6322120 2.3636150 -0.0632218 1.000000 0.400000 0.431373
vn 0.3509032 0.0968330 -0.0287982
v 0.6911361 2.3636150 -0.0567206 1.000000 0.400000 0.431373
vn 0.3774413 0.0968342 -0.0252200
v 0.7434040 2.3636150 -0.0496732 1.000000 0.400000 0.431373
vn 0.4003439 0.0968335 -0.0213990
v 0.7885120 2.3636150 -0.0421473 1.000000 0.400000 0.431373
vn 0.4193899 0.0968325 -0.0173721
v 0.8260270 2.3636150 -0.0342156 1.000000 0.400000 0.431373
vn 0.4343988 0.0968332 -0.0131774
v 0.8555871 2.3636150 -0.0259544 1.000000 0.400000 0.431373
vn 0.4452232 0.0968333 -0.0088561
v 0.8769060 2.3636150 -0.0174432 1.000000 0.400000 0.431373
vn 0.4517598 0.0968332 -0.0044497
v 0.8897811 2.3636150 -0.0087640 1.000000 0.400000 0.431373
vn 0.4539461 0.0968323 -0.0000003
v 0.8940870 2.3636150 -0.0000004 1.000000 0.400000 0.431373
vn 0.4517603 0.0968328 0.0044492
v 0.8897820 2.3636150 0.0087632 1.000000 0.400000 0.431373
vn 0.4452236 0.0968337 0.0088559
v 0.8769080 2.3636150 0.0174424 1.000000 0.400000 0.431373
vn 0.4344000 0.0968327 0.0131771
v 0.8555890 2.3636150 0.0259536 1.000000 0.400000 0.431373
vn 0.4193917 0.0968335 0.0173717
v 0.8260300 2.3636150 0.0342149 1.000000 0.400000 0.431373
vn 0.4003454 0.0968327 0.0213987
v 0.7885160 2.3636150 0.0421466 1.000000 0.400000 0.431373
vn 0.3774439 0.0968328 0.0252196
v 0.7434081 2.3636150 0.0496725 1.000000 0.400000 0.431373
vn 0.3509057 0.0968322 0.0287980
v 0.6911410 2.3636150 0.0567200 1.000000 0.400000 0.431373
vn 0.3209886 0.0968320 0.0320988
v 0.6322170 2.3636150 0.0632212 1.000000 0.400000 0.431373
vn 0.2879819 0.0968331 0.0350904
v 0.5672050 2.3636150 0.0691136 1.000000 0.400000 0.431373
vn 0.2522004 0.0968333 0.0377441
v 0.4967310 2.3636150 0.0743404 1.000000 0.400000 0.431373
vn 0.2139903 0.0968331 0.0400344
v 0.4214730 2.3636150 0.0788512 1.000000 0.400000 0.431373
vn 0.1737202 0.0968334 0.0419390
v 0.3421550 2.3636150 0.0826027 1.000000 0.400000 0.431373
vn 0.1317744 0.0968327 0.0434399
v 0.2595430 2.3636150 0.0855587 1.000000 0.400000 0.431373
vn 0.0885617 0.0968326 0.0445223
v 0.1744310 2.3636150 0.0876906 1.000000 0.400000 0.431373
vn 0.0444973 0.0968326 0.0451760
v 0.0876390 2.3636150 0.0889781 1.000000 0.400000 0.431373
vn 0.0000026 0.0968324 0.0453946
v 0.0000030 2.3636150 0.0894087 1.000000 0.400000 0.431373
vn -0.0444930 0.0968325 0.0451760
v -0.0876330 2.3636150 0.0889782 1.000000 0.400000 0.431373
vn -0.0885584 0.0968326 0.0445224
v -0.1744250 2.3636150 0.0876908 1.000000 0.400000 0.431373
vn -0.1317725 0.0968321 0.0434400
v -0.2595370 2.3636150 0.0855589 1.000000 0.400000 0.431373
vn -0.1737161 0.0968323 0.0419392
v -0.3421490 2.3636150 0.0826030 1.000000 0.400000 0.431373
vn -0.2139872 0.0968327 0.0400345
v -0.4214670 2.3636150 0.0788516 1.000000 0.400000 0.431373
vn -0.2521993 0.0968334 0.0377442
v -0.4967250 2.3636150 0.0743408 1.000000 0.400000 0.431373
vn -0.2879789 0.0968337 0.0350906
v -0.5672000 2.3636150 0.0691140 1.000000 0.400000 0.431373
vn -0.3209862 0.0968332 0.0320990
v -0.6322130 2.3636150 0.0632217 1.000000 0.400000 0.431373
vn -0.3509052 0.0968328 0.0287980
v -0.6911361 2.3636150 0.0567205 1.000000 0.400000 0.431373
vn -0.3774410 0.0968323 0.0252201
v -0.7434040 2.3636150 0.0496730 1.000000 0.400000 0.431373
vn -0.4003437 0.0968328 0.0213990
v -0.7885131 2.3636150 0.0421472 1.000000 0.400000 0.431373
vn -0.4193909 0.0968330 0.0173719
v -0.8260270 2.3636150 0.0342155 1.000000 0.400000 0.431373
vn -0.4343984 0.0968326 0.0131776
v -0.8555871 2.3636150 0.0259542 1.000000 0.400000 0.431373
vn -0.4452233 0.0968326 0.0088561
v -0.8769071 2.3636150 0.0174431 1.000000 0.400000 0.431373
vn -0.4517599 0.0968331 0.0044496
v -0.8897811 2.3636150 0.0087639 1.000000 0.400000 0.431373
vn -0.4539461 0.0968324 0.0000003
v -0.8940870 2.3636150 0.0000003 1.000000 0.400000 0.431373
vn -0.4528555 0.0915213 -0.0044601
v -0.9172840 2.2302811 -0.0090345 1.000000 0.400000 0.431373
vn -0.4463031 0.0915220 -0.0088774
v -0.9040120 2.2302811 -0.0179819 1.000000 0.400000 0.431373
vn -0.4354525 0.0915213 -0.0132093
v -0.8820340 2.2302811 -0.0267562 1.000000 0.400000 0.431373
vn -0.4204077 0.0915212 -0.0174140
v -0.8515611 2.2302811 -0.0352727 1.000000 0.400000 0.431373
vn -0.4013157 0.0915206 -0.0214507
v -0.8128870 2.2302811 -0.0434496 1.000000 0.400000 0.431373
vn -0.3783584 0.0915206 -0.0252809
v -0.7663851 2.2302811 -0.0512081 1.000000 0.400000 0.431373
vn -0.3517550 0.0915220 -0.0288679
v -0.7125020 2.2302811 -0.0584734 1.000000 0.400000 0.431373
vn -0.3217667 0.0915218 -0.0321766
v -0.6517571 2.2302811 -0.0651755 1.000000 0.400000 0.431373
vn -0.2886789 0.0915210 -0.0351756
v -0.5847360 2.2302811 -0.0712500 1.000000 0.400000 0.431373
vn -0.2528114 0.0915218 -0.0378357
v -0.5120830 2.2302811 -0.0766383 1.000000 0.400000 0.431373
vn -0.2145095 0.0915218 -0.0401314
v -0.4344990 2.2302811 -0.0812886 1.000000 0.400000 0.431373
vn -0.1741395 0.0915208 -0.0420408
v -0.3527300 2.2302811 -0.0851560 1.000000 0.400000 0.431373
vn -0.1320932 0.0915208 -0.0435452
v -0.2675640 2.2302811 -0.0882033 1.000000 0.400000 0.431373
vn -0.0887766 0.0915209 -0.0446303
v -0.1798220 2.2302811 -0.0904011 1.000000 0.400000 0.431373
vn -0.0446033 0.0915207 -0.0452855
v -0.0903470 2.2302811 -0.0917284 1.000000 0.400000 0.431373
vn 0.0000000 0.0915206 -0.0455047
v -0.0000030 2.2302811 -0.0921722 1.000000 0.400000 0.431373
vn 0.0445981 0.0915210 -0.0452856
v 0.0903410 2.2302811 -0.0917284 1.000000 0.400000 0.431373
vn 0.0887734 0.0915213 -0.0446303
v 0.1798160 2.2302811 -0.0904013 1.000000 0.400000 0.431373
vn 0.1320930 0.0915210 -0.0435452
v 0.2675590 2.2302811 -0.0882034 1.000000 0.400000 0.431373
vn 0.1741377 0.0915213 -0.0420409
v 0.3527240 2.2302811 -0.0851562 1.000000 0.400000 0.431373
vn 0.2145051 0.0915207 -0.0401317
v 0.4344930 2.2302811 -0.0812888 1.000000 0.400000 0.431373
vn 0.2528069 0.0915203 -0.0378360
v 0.5120780 2.2302811 -0.0766387 1.000000 0.400000 0.431373
vn 0.2886779 0.0915215 -0.0351756
v 0.5847310 2.2302811 -0.0712504 1.000000 0.400000 0.431373
vn 0.3217655 0.0915211 -0.0321768
v 0.6517530 2.2302811 -0.0651759 1.000000 0.400000 0.431373
vn 0.3517541 0.0915202 -0.0288681
v 0.7124981 2.2302811 -0.0584738 1.000000 0.400000 0.431373
vn 0.3783556 0.0915199 -0.0252813
v 0.7663820 2.2302811 -0.0512085 1.000000 0.400000 0.431373
vn 0.4013143 0.0915214 -0.0214509
v 0.8128850 2.2302811 -0.0434501 1.000000 0.400000 0.431373
vn 0.4204077 0.0915213 -0.0174140
v 0.8515590 2.2302811 -0.0352732 1.000000 0.400000 0.431373
vn 0.4354521 0.0915203 -0.0132095
v 0.8820320 2.2302811 -0.0267566 1.000000 0.400000 0.431373
vn 0.4463024 0.0915214 -0.0088778
v 0.9040111 2.2302811 -0.0179823 1.000000 0.400000 0.431373
vn 0.4528552 0.0915217 -0.0044603
v 0.9172840 2.2302811 -0.0090349 1.000000 0.400000 0.431373
vn 0.4550466 0.0915212 -0.0000001
v 0.9217220 2.2302811 -0.0000004 1.000000 0.400000 0.431373
vn 0.4528558 0.0915208 0.0044599
v 0.9172840 2.2302811 0.0090341 1.000000 0.400000 0.431373
vn 0.4463032 0.0915213 0.0088774
v 0.9040130 2.2302811 0.0179815 1.000000 0.400000 0.431373
vn 0.4354529 0.0915209 0.0132092
v 0.8820340 2.2302811 0.0267558 1.000000 0.400000 0.431373
vn 0.4204089 0.0915211 0.0174137
v 0.8515620 2.2302811 0.0352724 1.000000 0.400000 0.431373
vn 0.4013157 0.0915212 0.0214507
v 0.8128881 2.2302811 0.0434493 1.000000 0.400000 0.431373
vn 0.3783591 0.0915212 0.0252808
v 0.7663860 2.2302811 0.0512078 1.000000 0.400000 0.431373
vn 0.3517569 0.0915209 0.0288677
v 0.7125031 2.2302811 0.0584732 1.000000 0.400000 0.431373
vn 0.3217680 0.0915212 0.0321765
v 0.6517590 2.2302811 0.0651753 1.000000 0.400000 0.431373
vn 0.2886792 0.0915214 0.0351755
v 0.5847370 2.2302811 0.0712499 1.000000 0.400000 0.431373
vn 0.2528117 0.0915210 0.0378357
v 0.5120840 2.2302811 0.0766382 1.000000 0.400000 0.431373
vn 0.2145098 0.0915215 0.0401314
v 0.4345000 2.2302811 0.0812885 1.000000 0.400000 0.431373
vn 0.1741396 0.0915216 0.0420408
v 0.3527310 2.2302811 0.0851559 1.000000 0.400000 0.431373
vn 0.1320942 0.0915209 0.0435452
v 0.2675650 2.2302811 0.0882032 1.000000 0.400000 0.431373
vn 0.0887764 0.0915218 0.0446303
v 0.1798220 2.2302811 0.0904011 1.000000 0.400000 0.431373
vn 0.0446035 0.0915211 0.0452855
v 0.0903480 2.2302811 0.0917283 1.000000 0.400000 0.431373
vn 0.0000023 0.0915207 0.0455047
v 0.0000030 2.2302811 0.0921722 1.000000 0.400000 0.431373
vn -0.0446007 0.0915207 0.0452856
v -0.0903410 2.2302811 0.0917284 1.000000 0.400000 0.431373
vn -0.0887732 0.0915201 0.0446304
v -0.1798160 2.2302811 0.0904012 1.000000 0.400000 0.431373
vn -0.1320923 0.0915202 0.0435453
v -0.2675590 2.2302811 0.0882034 1.000000 0.400000 0.431373
vn -0.1741373 0.0915199 0.0420409
v -0.3527250 2.2302811 0.0851561 1.000000 0.400000 0.431373
vn -0.2145049 0.0915198 0.0401317
v -0.4344940 2.2302811 0.0812888 1.000000 0.400000 0.431373
vn -0.2528093 0.0915207 0.0378358
v -0.5120790 2.2302811 0.0766386 1.000000 0.400000 0.431373
vn -0.2886778 0.0915215 0.0351756
v -0.5847320 2.2302811 0.0712503 1.000000 0.400000 0.431373
vn -0.3217651 0.0915211 0.0321768
v -0.6517541 2.2302811 0.0651758 1.000000 0.400000 0.431373
vn -0.3517551 0.0915214 0.0288679
v -0.7124990 2.2302811 0.0584737 1.000000 0.400000 0.431373
vn -0.3783562 0.0915222 0.0252812
v -0.7663820 2.2302811 0.0512084 1.000000 0.400000 0.431373
vn -0.4013142 0.0915211 0.0214509
v -0.8128850 2.2302811 0.0434500 1.000000 0.400000 0.431373
vn -0.4204080 0.0915210 0.0174139
v -0.8515590 2.2302811 0.0352731 1.000000 0.400000 0.431373
vn -0.4354520 0.0915207 0.0132095
v -0.8820320 2.2302811 0.0267565 1.000000 0.400000 0.431373
vn -0.4463026 0.0915205 0.0088778
v -0.9040111 2.2302811 0.0179822 1.000000 0.400000 0.431373
vn -0.4528552 0.0915215 0.0044604
v -0.9172840 2.2302811 0.0090348 1.000000 0.400000 0.431373
vn -0.4550466 0.0915212 0.0000001
v -0.9217220 2.2302811 0.0000003 1.000000 0.400000 0.431373
vn -0.4538938 0.0861714 -0.0044704
v -0.9431690 2.0969479 -0.0092894 1.000000 0.400000 0.431373
vn -0.4473264 0.0861704 -0.0088979
v -0.9295220 2.0969479 -0.0184893 1.000000 0.400000 0.431373
vn -0.4364513 0.0861697 -0.0132395
v -0.9069231 2.0969479 -0.0275112 1.000000 0.400000 0.431373
vn -0.4213725 0.0861709 -0.0174537
v -0.8755910 2.0969479 -0.0362681 1.000000 0.400000 0.431373
vn -0.4022353 0.0861716 -0.0215000
v -0.8358260 2.0969479 -0.0446757 1.000000 0.400000 0.431373
vn -0.3792254 0.0861716 -0.0253389
v -0.7880110 2.0969479 -0.0526531 1.000000 0.400000 0.431373
vn -0.3525629 0.0861709 -0.0289340
v -0.7326081 2.0969479 -0.0601234 1.000000 0.400000 0.431373
vn -0.3225042 0.0861712 -0.0322504
v -0.6701490 2.0969479 -0.0670147 1.000000 0.400000 0.431373
vn -0.2893408 0.0861712 -0.0352562
v -0.6012360 2.0969479 -0.0732606 1.000000 0.400000 0.431373
vn -0.2533906 0.0861716 -0.0379224
v -0.5265330 2.0969479 -0.0788010 1.000000 0.400000 0.431373
vn -0.2149996 0.0861709 -0.0402235
v -0.4467600 2.0969479 -0.0835824 1.000000 0.400000 0.431373
vn -0.1745386 0.0861709 -0.0421372
v -0.3626840 2.0969479 -0.0875589 1.000000 0.400000 0.431373
vn -0.1323971 0.0861720 -0.0436450
v -0.2751140 2.0969479 -0.0906922 1.000000 0.400000 0.431373
vn -0.0889801 0.0861717 -0.0447326
v -0.1848960 2.0969479 -0.0929521 1.000000 0.400000 0.431373
vn -0.0447061 0.0861712 -0.0453894
v -0.0928970 2.0969479 -0.0943168 1.000000 0.400000 0.431373
vn -0.0000018 0.0861716 -0.0456090
v -0.0000030 2.0969479 -0.0947732 1.000000 0.400000 0.431373
vn 0.0447009 0.0861723 -0.0453894
v 0.0928910 2.0969479 -0.0943169 1.000000 0.400000 0.431373
vn 0.0889779 0.0861711 -0.0447326
v 0.1848900 2.0969479 -0.0929523 1.000000 0.400000 0.431373
vn 0.1323951 0.0861712 -0.0436451
v 0.2751090 2.0969479 -0.0906924 1.000000 0.400000 0.431373
vn 0.1745367 0.0861716 -0.0421373
v 0.3626780 2.0969479 -0.0875592 1.000000 0.400000 0.431373
vn 0.2149979 0.0861723 -0.0402236
v 0.4467540 2.0969479 -0.0835827 1.000000 0.400000 0.431373
vn 0.2533864 0.0861716 -0.0379227
v 0.5265280 2.0969479 -0.0788013 1.000000 0.400000 0.431373
vn 0.2893388 0.0861717 -0.0352564
v 0.6012320 2.0969479 -0.0732610 1.000000 0.400000 0.431373
vn 0.3225041 0.0861718 -0.0322504
v 0.6701450 2.0969479 -0.0670151 1.000000 0.400000 0.431373
vn 0.3525614 0.0861719 -0.0289341
v 0.7326040 2.0969479 -0.0601238 1.000000 0.400000 0.431373
vn 0.3792230 0.0861720 -0.0253392
v 0.7880080 2.0969479 -0.0526535 1.000000 0.400000 0.431373
vn 0.4022340 0.0861712 -0.0215002
v 0.8358231 2.0969479 -0.0446762 1.000000 0.400000 0.431373
vn 0.4213715 0.0861716 -0.0174539
v 0.8755890 2.0969479 -0.0362685 1.000000 0.400000 0.431373
vn 0.4364504 0.0861718 -0.0132397
v 0.9069220 2.0969479 -0.0275116 1.000000 0.400000 0.431373
vn 0.4473261 0.0861706 -0.0088980
v 0.9295210 2.0969479 -0.0184897 1.000000 0.400000 0.431373
vn 0.4538938 0.0861704 -0.0044706
v 0.9431680 2.0969479 -0.0092898 1.000000 0.400000 0.431373
vn 0.4560899 0.0861716 -0.0000002
v 0.9477320 2.0969479 -0.0000004 1.000000 0.400000 0.431373
vn 0.4538939 0.0861722 0.0044702
v 0.9431690 2.0969479 0.0092890 1.000000 0.400000 0.431373
vn 0.4473267 0.0861709 0.0088977
v 0.9295231 2.0969479 0.0184889 1.000000 0.400000 0.431373
vn 0.4364513 0.0861712 0.0132394
v 0.9069240 2.0969479 0.0275108 1.000000 0.400000 0.431373
vn 0.4213731 0.0861718 0.0174536
v 0.8755920 2.0969479 0.0362678 1.000000 0.400000 0.431373
vn 0.4022357 0.0861721 0.0214998
v 0.8358270 2.0969479 0.0446754 1.000000 0.400000 0.431373
vn 0.3792262 0.0861711 0.0253388
v 0.7880130 2.0969479 0.0526528 1.000000 0.400000 0.431373
vn 0.3525628 0.0861709 0.0289340
v 0.7326090 2.0969479 0.0601232 1.000000 0.400000 0.431373
vn 0.3225057 0.0861715 0.0322503
v 0.6701500 2.0969479 0.0670145 1.000000 0.400000 0.431373
vn 0.2893419 0.0861720 0.0352561
v 0.6012380 2.0969479 0.0732604 1.000000 0.400000 0.431373
vn 0.2533912 0.0861721 0.0379224
v 0.5265350 2.0969479 0.0788008 1.000000 0.400000 0.431373
vn 0.2150020 0.0861713 0.0402234
v 0.4467610 2.0969479 0.0835823 1.000000 0.400000 0.431373
vn 0.1745397 0.0861714 0.0421371
v 0.3626850 2.0969479 0.0875589 1.000000 0.400000 0.431373
vn 0.1323970 0.0861714 0.0436450
v 0.2751150 2.0969479 0.0906922 1.000000 0.400000 0.431373
vn 0.0889803 0.0861707 0.0447326
v 0.1848970 2.0969479 0.0929521 1.000000 0.400000 0.431373
vn 0.0447061 0.0861721 0.0453893
v 0.0928970 2.0969479 0.0943168 1.000000 0.400000 0.431373
vn 0.0000021 0.0861720 0.0456090
v 0.0000030 2.0969479 0.0947732 1.000000 0.400000 0.431373
vn -0.0447035 0.0861720 0.0453894
v -0.0928910 2.0969479 0.0943169 1.000000 0.400000 0.431373
vn -0.0889778 0.0861721 0.0447326
v -0.1848900 2.0969479 0.0929522 1.000000 0.400000 0.431373
vn -0.1323951 0.0861713 0.0436451
v -0.2751090 2.0969479 0.0906924 1.000000 0.400000 0.431373
vn -0.1745373 0.0861713 0.0421372
v -0.3626780 2.0969479 0.0875591 1.000000 0.400000 0.431373
vn -0.2149971 0.0861711 0.0402237
v -0.4467550 2.0969479 0.0835826 1.000000 0.400000 0.431373
vn -0.2533883 0.0861711 0.0379226
v -0.5265290 2.0969479 0.0788012 1.000000 0.400000 0.431373
vn -0.2893385 0.0861712 0.0352564
v -0.6012320 2.0969479 0.0732609 1.000000 0.400000 0.431373
vn -0.3225031 0.0861718 0.0322505
v -0.6701460 2.0969479 0.0670150 1.000000 0.400000 0.431373
vn -0.3525617 0.0861712 0.0289341
v -0.7326050 2.0969479 0.0601237 1.000000 0.400000 0.431373
vn -0.3792244 0.0861712 0.0253391
v -0.7880090 2.0969479 0.0526534 1.000000 0.400000 0.431373
vn -0.4022351 0.0861705 0.0215000
v -0.8358231 2.0969479 0.0446761 1.000000 0.400000 0.431373
vn -0.4213715 0.0861712 0.0174539
v -0.8755890 2.0969479 0.0362684 1.000000 0.400000 0.431373
vn -0.4364504 0.0861713 0.0132397
v -0.9069220 2.0969479 0.0275115 1.000000 0.400000 0.431373
vn -0.4473258 0.0861720 0.0088980
v -0.9295210 2.0969479 0.0184896 1.000000 0.400000 0.431373
vn -0.4538936 0.0861712 0.0044706
v -0.9431680 2.0969479 0.0092897 1.000000 0.400000 0.431373
vn -0.4560899 0.0861714 0.0000002
v -0.9477320 2.0969479 0.0000003 1.000000 0.400000 0.431373
vn -0.4548737 0.0807856 -0.0044801
v -0.9674350 1.9636149 -0.0095284 1.000000 0.400000 0.431373
vn -0.4482919 0.0807864 -0.0089171
v -0.9534370 1.9636149 -0.0189650 1.000000 0.400000 0.431373
vn -0.4373935 0.0807860 -0.0132680
v -0.9302571 1.9636149 -0.0282190 1.000000 0.400000 0.431373
vn -0.4222822 0.0807854 -0.0174914
v -0.8981190 1.9636149 -0.0372012 1.000000 0.400000 0.431373
vn -0.4031040 0.0807856 -0.0215463
v -0.8573300 1.9636149 -0.0458252 1.000000 0.400000 0.431373
vn -0.3800443 0.0807860 -0.0253936
v -0.8082860 1.9636149 -0.0540078 1.000000 0.400000 0.431373
vn -0.3533234 0.0807864 -0.0289965
v -0.7514570 1.9636149 -0.0616703 1.000000 0.400000 0.431373
vn -0.3232005 0.0807863 -0.0323200
v -0.6873910 1.9636149 -0.0687389 1.000000 0.400000 0.431373
vn -0.2899651 0.0807861 -0.0353323
v -0.6167050 1.9636149 -0.0751455 1.000000 0.400000 0.431373
vn -0.2539377 0.0807853 -0.0380043
v -0.5400800 1.9636149 -0.0808284 1.000000 0.400000 0.431373
vn -0.2154639 0.0807857 -0.0403104
v -0.4582540 1.9636149 -0.0857329 1.000000 0.400000 0.431373
vn -0.1749170 0.0807859 -0.0422281
v -0.3720150 1.9636149 -0.0898117 1.000000 0.400000 0.431373
vn -0.1326839 0.0807857 -0.0437392
v -0.2821930 1.9636149 -0.0930257 1.000000 0.400000 0.431373
vn -0.0891712 0.0807862 -0.0448292
v -0.1896530 1.9636149 -0.0953437 1.000000 0.400000 0.431373
vn -0.0448017 0.0807865 -0.0454873
v -0.0952870 1.9636149 -0.0967435 1.000000 0.400000 0.431373
vn -0.0000024 0.0807867 -0.0457074
v -0.0000030 1.9636149 -0.0972116 1.000000 0.400000 0.431373
vn 0.0447989 0.0807863 -0.0454874
v 0.0952810 1.9636149 -0.0967436 1.000000 0.400000 0.431373
vn 0.0891712 0.0807848 -0.0448292
v 0.1896470 1.9636149 -0.0953438 1.000000 0.400000 0.431373
vn 0.1326800 0.0807854 -0.0437394
v 0.2821870 1.9636149 -0.0930258 1.000000 0.400000 0.431373
vn 0.1749124 0.0807856 -0.0422283
v 0.3720090 1.9636149 -0.0898120 1.000000 0.400000 0.431373
vn 0.2154614 0.0807861 -0.0403105
v 0.4582490 1.9636149 -0.0857332 1.000000 0.400000 0.431373
vn 0.2539345 0.0807862 -0.0380045
v 0.5400750 1.9636149 -0.0808288 1.000000 0.400000 0.431373
vn 0.2899640 0.0807855 -0.0353324
v 0.6167010 1.9636149 -0.0751459 1.000000 0.400000 0.431373
vn 0.3231993 0.0807864 -0.0323202
v 0.6873870 1.9636149 -0.0687393 1.000000 0.400000 0.431373
vn 0.3533211 0.0807877 -0.0289967
v 0.7514530 1.9636149 -0.0616708 1.000000 0.400000 0.431373
vn 0.3800424 0.0807872 -0.0253938
v 0.8082830 1.9636149 -0.0540083 1.000000 0.400000 0.431373
vn 0.4031030 0.0807858 -0.0215465
v 0.8573281 1.9636149 -0.0458256 1.000000 0.400000 0.431373
vn 0.4222808 0.0807861 -0.0174917
v 0.8981171 1.9636149 -0.0372017 1.000000 0.400000 0.431373
vn 0.4373927 0.0807867 -0.0132682
v 0.9302560 1.9636149 -0.0282195 1.000000 0.400000 0.431373
vn 0.4482916 0.0807867 -0.0089172
v 0.9534360 1.9636149 -0.0189655 1.000000 0.400000 0.431373
vn 0.4548732 0.0807869 -0.0044804
v 0.9674350 1.9636149 -0.0095288 1.000000 0.400000 0.431373
vn 0.4570744 0.0807869 -0.0000003
v 0.9721160 1.9636149 -0.0000004 1.000000 0.400000 0.431373
vn 0.4548737 0.0807866 0.0044800
v 0.9674361 1.9636149 0.0095280 1.000000 0.400000 0.431373
vn 0.4482920 0.0807863 0.0089170
v 0.9534380 1.9636149 0.0189646 1.000000 0.400000 0.431373
vn 0.4373937 0.0807860 0.0132680
v 0.9302580 1.9636149 0.0282186 1.000000 0.400000 0.431373
vn 0.4222834 0.0807854 0.0174911
v 0.8981200 1.9636149 0.0372009 1.000000 0.400000 0.431373
vn 0.4031039 0.0807859 0.0215463
v 0.8573320 1.9636149 0.0458249 1.000000 0.400000 0.431373
vn 0.3800443 0.0807858 0.0253936
v 0.8082870 1.9636149 0.0540075 1.000000 0.400000 0.431373
vn 0.3533249 0.0807862 0.0289963
v 0.7514580 1.9636149 0.0616701 1.000000 0.400000 0.431373
vn 0.3232030 0.0807863 0.0323198
v 0.6873930 1.9636149 0.0687387 1.000000 0.400000 0.431373
vn 0.2899663 0.0807865 0.0353322
v 0.6167070 1.9636149 0.0751454 1.000000 0.400000 0.431373
vn 0.2539377 0.0807867 0.0380043
v 0.5400820 1.9636149 0.0808283 1.000000 0.400000 0.431373
vn 0.2154653 0.0807864 0.0403103
v 0.4582560 1.9636149 0.0857328 1.000000 0.400000 0.431373
vn 0.1749164 0.0807865 0.0422281
v 0.3720160 1.9636149 0.0898117 1.000000 0.400000 0.431373
vn 0.1326822 0.0807869 0.0437393
v 0.2821940 1.9636149 0.0930256 1.000000 0.400000 0.431373
vn 0.0891727 0.0807868 0.0448291
v 0.1896540 1.9636149 0.0953436 1.000000 0.400000 0.431373
vn 0.0448042 0.0807867 0.0454873
v 0.0952880 1.9636149 0.0967435 1.000000 0.400000 0.431373
vn -0.0000001 0.0807862 0.0457074
v 0.0000030 1.9636149 0.0972116 1.000000 0.400000 0.431373
vn -0.0447992 0.0807848 0.0454874
v -0.0952810 1.9636149 0.0967435 1.000000 0.400000 0.431373
vn -0.0891688 0.0807862 0.0448292
v -0.1896470 1.9636149 0.0953438 1.000000 0.400000 0.431373
vn -0.1326810 0.0807872 0.0437393
v -0.2821870 1.9636149 0.0930258 1.000000 0.400000 0.431373
vn -0.1749135 0.0807876 0.0422282
v -0.3720100 1.9636149 0.0898119 1.000000 0.400000 0.431373
vn -0.2154615 0.0807872 0.0403105
v -0.4582500 1.9636149 0.0857331 1.000000 0.400000 0.431373
vn -0.2539359 0.0807864 0.0380044
v -0.5400760 1.9636149 0.0808287 1.000000 0.400000 0.431373
vn -0.2899634 0.0807864 0.0353325
v -0.6167010 1.9636149 0.0751458 1.000000 0.400000 0.431373
vn -0.3231997 0.0807855 0.0323201
v -0.6873881 1.9636149 0.0687392 1.000000 0.400000 0.431373
vn -0.3533228 0.0807852 0.0289966
v -0.7514540 1.9636149 0.0616706 1.000000 0.400000 0.431373
vn -0.3800429 0.0807858 0.0253938
v -0.8082830 1.9636149 0.0540082 1.000000 0.400000 0.431373
vn -0.4031030 0.0807865 0.0215465
v -0.8573281 1.9636149 0.0458255 1.000000 0.400000 0.431373
vn -0.4222809 0.0807865 0.0174917
v -0.8981171 1.9636149 0.0372016 1.000000 0.400000 0.431373
vn -0.4373924 0.0807869 0.0132683
v -0.9302560 1.9636149 0.0282193 1.000000 0.400000 0.431373
vn -0.4482913 0.0807867 0.0089174
v -0.9534370 1.9636149 0.0189654 1.000000 0.400000 0.431373
vn -0.4548735 0.0807867 0.0044801
v -0.9674350 1.9636149 0.0095287 1.000000 0.400000 0.431373
vn -0.4570745 0.0807864 0.0000001
v -0.9721160 1.9636149 0.0000003 1.000000 0.400000 0.431373
vn -0.4557940 0.0753663 -0.0044892
v -0.9900841 1.8302821 -0.0097515 1.000000 0.400000 0.431373
vn -0.4491992 0.0753666 -0.0089350
v -0.9757590 1.8302821 -0.0194090 1.000000 0.400000 0.431373
vn -0.4382778 0.0753675 -0.0132950
v -0.9520360 1.8302821 -0.0288796 1.000000 0.400000 0.431373
vn -0.4231367 0.0753672 -0.0175267
v -0.9191450 1.8302821 -0.0380721 1.000000 0.400000 0.431373
vn -0.4039196 0.0753671 -0.0215899
v -0.8774021 1.8302821 -0.0468980 1.000000 0.400000 0.431373
vn -0.3808133 0.0753666 -0.0254450
v -0.8272090 1.8302821 -0.0552722 1.000000 0.400000 0.431373
vn -0.3540387 0.0753666 -0.0290551
v -0.7690501 1.8302821 -0.0631141 1.000000 0.400000 0.431373
vn -0.3238546 0.0753672 -0.0323854
v -0.7034841 1.8302821 -0.0703482 1.000000 0.400000 0.431373
vn -0.2905508 0.0753675 -0.0354039
v -0.6311430 1.8302821 -0.0769048 1.000000 0.400000 0.431373
vn -0.2544510 0.0753664 -0.0380812
v -0.5527240 1.8302821 -0.0827207 1.000000 0.400000 0.431373
vn -0.2159014 0.0753675 -0.0403918
v -0.4689830 1.8302821 -0.0877400 1.000000 0.400000 0.431373
vn -0.1752692 0.0753682 -0.0423136
v -0.3807240 1.8302821 -0.0919144 1.000000 0.400000 0.431373
vn -0.1329508 0.0753668 -0.0438278
v -0.2887990 1.8302821 -0.0952035 1.000000 0.400000 0.431373
vn -0.0893531 0.0753667 -0.0449199
v -0.1940930 1.8302821 -0.0975758 1.000000 0.400000 0.431373
vn -0.0448934 0.0753669 -0.0455794
v -0.0975180 1.8302821 -0.0990084 1.000000 0.400000 0.431373
vn -0.0000024 0.0753674 -0.0457999
v -0.0000030 1.8302821 -0.0994875 1.000000 0.400000 0.431373
vn 0.0448909 0.0753666 -0.0455794
v 0.0975110 1.8302821 -0.0990085 1.000000 0.400000 0.431373
vn 0.0893508 0.0753670 -0.0449199
v 0.1940870 1.8302821 -0.0975759 1.000000 0.400000 0.431373
vn 0.1329482 0.0753676 -0.0438278
v 0.2887930 1.8302821 -0.0952037 1.000000 0.400000 0.431373
vn 0.1752670 0.0753669 -0.0423137
v 0.3807180 1.8302821 -0.0919146 1.000000 0.400000 0.431373
vn 0.2158969 0.0753670 -0.0403921
v 0.4689770 1.8302821 -0.0877403 1.000000 0.400000 0.431373
vn 0.2544484 0.0753666 -0.0380814
v 0.5527190 1.8302821 -0.0827211 1.000000 0.400000 0.431373
vn 0.2905497 0.0753670 -0.0354040
v 0.6311380 1.8302821 -0.0769052 1.000000 0.400000 0.431373
vn 0.3238524 0.0753672 -0.0323856
v 0.7034800 1.8302821 -0.0703486 1.000000 0.400000 0.431373
vn 0.3540366 0.0753667 -0.0290554
v 0.7690460 1.8302821 -0.0631146 1.000000 0.400000 0.431373
vn 0.3808119 0.0753668 -0.0254452
v 0.8272060 1.8302821 -0.0552727 1.000000 0.400000 0.431373
vn 0.4039186 0.0753676 -0.0215900
v 0.8773991 1.8302821 -0.0468985 1.000000 0.400000 0.431373
vn 0.4231351 0.0753668 -0.0175271
v 0.9191430 1.8302821 -0.0380726 1.000000 0.400000 0.431373
vn 0.4382773 0.0753673 -0.0132952
v 0.9520351 1.8302821 -0.0288801 1.000000 0.400000 0.431373
vn 0.4491987 0.0753673 -0.0089352
v 0.9757581 1.8302821 -0.0194095 1.000000 0.400000 0.431373
vn 0.4557937 0.0753670 -0.0044894
v 0.9900841 1.8302821 -0.0097519 1.000000 0.400000 0.431373
vn 0.4579993 0.0753672 -0.0000002
v 0.9948751 1.8302821 -0.0000004 1.000000 0.400000 0.431373
vn 0.4557942 0.0753667 0.0044890
v 0.9900850 1.8302821 0.0097510 1.000000 0.400000 0.431373
vn 0.4491993 0.0753671 0.0089350
v 0.9757600 1.8302821 0.0194086 1.000000 0.400000 0.431373
vn 0.4382780 0.0753677 0.0132950
v 0.9520370 1.8302821 0.0288793 1.000000 0.400000 0.431373
vn 0.4231370 0.0753667 0.0175267
v 0.9191460 1.8302821 0.0380718 1.000000 0.400000 0.431373
vn 0.4039197 0.0753668 0.0215899
v 0.8774030 1.8302821 0.0468977 1.000000 0.400000 0.431373
vn 0.3808137 0.0753674 0.0254449
v 0.8272100 1.8302821 0.0552719 1.000000 0.400000 0.431373
vn 0.3540395 0.0753675 0.0290550
v 0.7690510 1.8302821 0.0631139 1.000000 0.400000 0.431373
vn 0.3238554 0.0753669 0.0323853
v 0.7034850 1.8302821 0.0703480 1.000000 0.400000 0.431373
vn 0.2905537 0.0753656 0.0354037
v 0.6311450 1.8302821 0.0769046 1.000000 0.400000 0.431373
vn 0.2544516 0.0753660 0.0380812
v 0.5527260 1.8302821 0.0827206 1.000000 0.400000 0.431373
vn 0.2159017 0.0753665 0.0403918
v 0.4689840 1.8302821 0.0877399 1.000000 0.400000 0.431373
vn 0.1752711 0.0753665 0.0423135
v 0.3807260 1.8302821 0.0919143 1.000000 0.400000 0.431373
vn 0.1329515 0.0753661 0.0438278
v 0.2888000 1.8302821 0.0952035 1.000000 0.400000 0.431373
vn 0.0893528 0.0753668 0.0449199
v 0.1940940 1.8302821 0.0975758 1.000000 0.400000 0.431373
vn 0.0448939 0.0753670 0.0455794
v 0.0975180 1.8302821 0.0990084 1.000000 0.400000 0.431373
vn -0.0000001 0.0753675 0.0457999
v 0.0000040 1.8302821 0.0994875 1.000000 0.400000 0.431373
vn -0.0448904 0.0753681 0.0455794
v -0.0975110 1.8302821 0.0990084 1.000000 0.400000 0.431373
vn -0.0893481 0.0753671 0.0449200
v -0.1940870 1.8302821 0.0975759 1.000000 0.400000 0.431373
vn -0.1329481 0.0753672 0.0438279
v -0.2887940 1.8302821 0.0952037 1.000000 0.400000 0.431373
vn -0.1752674 0.0753674 0.0423137
v -0.3807190 1.8302821 0.0919146 1.000000 0.400000 0.431373
vn -0.2158985 0.0753671 0.0403920
v -0.4689780 1.8302821 0.0877403 1.000000 0.400000 0.431373
vn -0.2544499 0.0753668 0.0380813
v -0.5527200 1.8302821 0.0827210 1.000000 0.400000 0.431373
vn -0.2905506 0.0753670 0.0354039
v -0.6311390 1.8302821 0.0769051 1.000000 0.400000 0.431373
vn -0.3238543 0.0753660 0.0323855
v -0.7034800 1.8302821 0.0703485 1.000000 0.400000 0.431373
vn -0.3540370 0.0753668 0.0290553
v -0.7690460 1.8302821 0.0631144 1.000000 0.400000 0.431373
vn -0.3808106 0.0753667 0.0254454
v -0.8272060 1.8302821 0.0552726 1.000000 0.400000 0.431373
vn -0.4039186 0.0753677 0.0215900
v -0.8774000 1.8302821 0.0468984 1.000000 0.400000 0.431373
vn -0.4231357 0.0753664 0.0175270
v -0.9191430 1.8302821 0.0380725 1.000000 0.400000 0.431373
vn -0.4382773 0.0753673 0.0132952
v -0.9520351 1.8302821 0.0288800 1.000000 0.400000 0.431373
vn -0.4491986 0.0753670 0.0089353
v -0.9757581 1.8302821 0.0194094 1.000000 0.400000 0.431373
vn -0.4557938 0.0753669 0.0044893
v -0.9900841 1.8302821 0.0097518 1.000000 0.400000 0.431373
vn -0.4579992 0.0753675 0.0000001
v -0.9948751 1.8302821 0.0000003 1.000000 0.400000 0.431373
vn -0.4566534 0.0699156 -0.0044977
v -1.0111150 1.6969490 -0.0099586 1.000000 0.400000 0.431373
vn -0.4500465 0.0699152 -0.0089518
v -0.9964850 1.6969490 -0.0198213 1.000000 0.400000 0.431373
vn -0.4391049 0.0699151 -0.0133200
v -0.9722590 1.6969490 -0.0294931 1.000000 0.400000 0.431373
vn -0.4239343 0.0699146 -0.0175600
v -0.9386691 1.6969490 -0.0388809 1.000000 0.400000 0.431373
vn -0.4046814 0.0699148 -0.0216306
v -0.8960390 1.6969490 -0.0478942 1.000000 0.400000 0.431373
vn -0.3815312 0.0699155 -0.0254930
v -0.8447801 1.6969490 -0.0564463 1.000000 0.400000 0.431373
vn -0.3547062 0.0699151 -0.0291099
v -0.7853850 1.6969490 -0.0644548 1.000000 0.400000 0.431373
vn -0.3244662 0.0699150 -0.0324464
v -0.7184270 1.6969490 -0.0718425 1.000000 0.400000 0.431373
vn -0.2910990 0.0699148 -0.0354707
v -0.6445500 1.6969490 -0.0785384 1.000000 0.400000 0.431373
vn -0.2549313 0.0699158 -0.0381530
v -0.5644650 1.6969490 -0.0844778 1.000000 0.400000 0.431373
vn -0.2163091 0.0699157 -0.0404680
v -0.4789450 1.6969490 -0.0896038 1.000000 0.400000 0.431373
vn -0.1755998 0.0699149 -0.0423934
v -0.3888120 1.6969490 -0.0938668 1.000000 0.400000 0.431373
vn -0.1332015 0.0699152 -0.0439104
v -0.2949340 1.6969490 -0.0972258 1.000000 0.400000 0.431373
vn -0.0895208 0.0699148 -0.0450046
v -0.1982160 1.6969490 -0.0996485 1.000000 0.400000 0.431373
vn -0.0449781 0.0699143 -0.0456654
v -0.0995890 1.6969490 -0.1011115 1.000000 0.400000 0.431373
vn -0.0000023 0.0699147 -0.0458863
v -0.0000030 1.6969490 -0.1016008 1.000000 0.400000 0.431373
vn 0.0449754 0.0699151 -0.0456654
v 0.0995830 1.6969490 -0.1011116 1.000000 0.400000 0.431373
vn 0.0895192 0.0699158 -0.0450046
v 0.1982100 1.6969490 -0.0996486 1.000000 0.400000 0.431373
vn 0.1331995 0.0699147 -0.0439105
v 0.2949280 1.6969490 -0.0972260 1.000000 0.400000 0.431373
vn 0.1755974 0.0699157 -0.0423935
v 0.3888060 1.6969490 -0.0938670 1.000000 0.400000 0.431373
vn 0.2163047 0.0699159 -0.0404682
v 0.4789390 1.6969490 -0.0896041 1.000000 0.400000 0.431373
vn 0.2549289 0.0699148 -0.0381532
v 0.5644600 1.6969490 -0.0844782 1.000000 0.400000 0.431373
vn 0.2910978 0.0699147 -0.0354708
v 0.6445450 1.6969490 -0.0785388 1.000000 0.400000 0.431373
vn 0.3244643 0.0699141 -0.0324466
v 0.7184231 1.6969490 -0.0718429 1.000000 0.400000 0.431373
vn 0.3547043 0.0699148 -0.0291102
v 0.7853820 1.6969490 -0.0644552 1.000000 0.400000 0.431373
vn 0.3815293 0.0699150 -0.0254933
v 0.8447770 1.6969490 -0.0564468 1.000000 0.400000 0.431373
vn 0.4046803 0.0699159 -0.0216308
v 0.8960370 1.6969490 -0.0478947 1.000000 0.400000 0.431373
vn 0.4239334 0.0699150 -0.0175601
v 0.9386670 1.6969490 -0.0388814 1.000000 0.400000 0.431373
vn 0.4391044 0.0699146 -0.0133202
v 0.9722580 1.6969490 -0.0294936 1.000000 0.400000 0.431373
vn 0.4500461 0.0699144 -0.0089521
v 0.9964840 1.6969490 -0.0198218 1.000000 0.400000 0.431373
vn 0.4566534 0.0699147 -0.0044980
v 1.0111150 1.6969490 -0.0099591 1.000000 0.400000 0.431373
vn 0.4588632 0.0699148 -0.0000002
v 1.0160080 1.6969490 -0.0000004 1.000000 0.400000 0.431373
vn 0.4566537 0.0699146 0.0044976
v 1.0111160 1.6969490 0.0099582 1.000000 0.400000 0.431373
vn 0.4500466 0.0699150 0.0089518
v 0.9964860 1.6969490 0.0198209 1.000000 0.400000 0.431373
vn 0.4391050 0.0699152 0.0133200
v 0.9722600 1.6969490 0.0294927 1.000000 0.400000 0.431373
vn 0.4239352 0.0699156 0.0175597
v 0.9386700 1.6969490 0.0388805 1.000000 0.400000 0.431373
vn 0.4046822 0.0699163 0.0216304
v 0.8960410 1.6969490 0.0478939 1.000000 0.400000 0.431373
vn 0.3815313 0.0699165 0.0254929
v 0.8447820 1.6969490 0.0564460 1.000000 0.400000 0.431373
vn 0.3547074 0.0699153 0.0291098
v 0.7853870 1.6969490 0.0644545 1.000000 0.400000 0.431373
vn 0.3244660 0.0699162 0.0324464
v 0.7184290 1.6969490 0.0718423 1.000000 0.400000 0.431373
vn 0.2911006 0.0699157 0.0354705
v 0.6445510 1.6969490 0.0785382 1.000000 0.400000 0.431373
vn 0.2549326 0.0699160 0.0381529
v 0.5644670 1.6969490 0.0844777 1.000000 0.400000 0.431373
vn 0.2163084 0.0699161 0.0404680
v 0.4789460 1.6969490 0.0896037 1.000000 0.400000 0.431373
vn 0.1756001 0.0699148 0.0423934
v 0.3888130 1.6969490 0.0938667 1.000000 0.400000 0.431373
vn 0.1332016 0.0699152 0.0439104
v 0.2949350 1.6969490 0.0972257 1.000000 0.400000 0.431373
vn 0.0895229 0.0699150 0.0450046
v 0.1982170 1.6969490 0.0996484 1.000000 0.400000 0.431373
vn 0.0449797 0.0699146 0.0456653
v 0.0995900 1.6969490 0.1011115 1.000000 0.400000 0.431373
vn 0.0000021 0.0699151 0.0458863
v 0.0000040 1.6969490 0.1016008 1.000000 0.400000 0.431373
vn -0.0449754 0.0699158 0.0456654
v -0.0995830 1.6969490 0.1011116 1.000000 0.400000 0.431373
vn -0.0895186 0.0699156 0.0450046
v -0.1982100 1.6969490 0.0996486 1.000000 0.400000 0.431373
vn -0.1331993 0.0699148 0.0439105
v -0.2949280 1.6969490 0.0972260 1.000000 0.400000 0.431373
vn -0.1755988 0.0699141 0.0423935
v -0.3888060 1.6969490 0.0938670 1.000000 0.400000 0.431373
vn -0.2163057 0.0699140 0.0404682
v -0.4789400 1.6969490 0.0896040 1.000000 0.400000 0.431373
vn -0.2549290 0.0699146 0.0381532
v -0.5644610 1.6969490 0.0844781 1.000000 0.400000 0.431373
vn -0.2910988 0.0699155 0.0354707
v -0.6445460 1.6969490 0.0785387 1.000000 0.400000 0.431373
vn -0.3244650 0.0699157 0.0324465
v -0.7184231 1.6969490 0.0718428 1.000000 0.400000 0.431373
vn -0.3547051 0.0699156 0.0291101
v -0.7853820 1.6969490 0.0644551 1.000000 0.400000 0.431373
vn -0.3815297 0.0699144 0.0254932
v -0.8447770 1.6969490 0.0564466 1.000000 0.400000 0.431373
vn -0.4046803 0.0699140 0.0216308
v -0.8960370 1.6969490 0.0478946 1.000000 0.400000 0.431373
vn -0.4239332 0.0699159 0.0175602
v -0.9386670 1.6969490 0.0388812 1.000000 0.400000 0.431373
vn -0.4391037 0.0699155 0.0133204
v -0.9722580 1.6969490 0.0294935 1.000000 0.400000 0.431373
vn -0.4500461 0.0699147 0.0089521
v -0.9964850 1.6969490 0.0198217 1.000000 0.400000 0.431373
vn -0.4566535 0.0699145 0.0044978
v -1.0111150 1.6969490 0.0099590 1.000000 0.400000 0.431373
vn -0.4588632 0.0699146 0.0000000
v -1.0160080 1.6969490 0.0000003 1.000000 0.400000 0.431373
vn -0.4574513 0.0644352 -0.0045054
v -1.0305290 1.5636151 -0.0101498 1.000000 0.400000 0.431373
vn -0.4508323 0.0644349 -0.0089677
v -1.0156180 1.5636151 -0.0202019 1.000000 0.400000 0.431373
vn -0.4398716 0.0644343 -0.0133434
v -0.9909260 1.5636151 -0.0300594 1.000000 0.400000 0.431373
vn -0.4246749 0.0644343 -0.0175906
v -0.9566910 1.5636151 -0.0396274 1.000000 0.400000 0.431373
vn -0.4053890 0.0644342 -0.0216683
v -0.9132430 1.5636151 -0.0488138 1.000000 0.400000 0.431373
vn -0.3821979 0.0644346 -0.0255375
v -0.8610001 1.5636151 -0.0575301 1.000000 0.400000 0.431373
vn -0.3553258 0.0644350 -0.0291608
v -0.8004650 1.5636151 -0.0656923 1.000000 0.400000 0.431373
vn -0.3250322 0.0644344 -0.0325032
v -0.7322210 1.5636151 -0.0732219 1.000000 0.400000 0.431373
vn -0.2916080 0.0644345 -0.0355326
v -0.6569251 1.5636151 -0.0800463 1.000000 0.400000 0.431373
vn -0.2553770 0.0644350 -0.0382197
v -0.5753030 1.5636151 -0.0860998 1.000000 0.400000 0.431373
vn -0.2166855 0.0644343 -0.0405388
v -0.4881400 1.5636151 -0.0913242 1.000000 0.400000 0.431373
vn -0.1759066 0.0644345 -0.0424675
v -0.3962770 1.5636151 -0.0956690 1.000000 0.400000 0.431373
vn -0.1334344 0.0644345 -0.0439872
v -0.3005970 1.5636151 -0.0990925 1.000000 0.400000 0.431373
vn -0.0896771 0.0644349 -0.0450832
v -0.2020220 1.5636151 -0.1015617 1.000000 0.400000 0.431373
vn -0.0450566 0.0644348 -0.0457451
v -0.1015010 1.5636151 -0.1030528 1.000000 0.400000 0.431373
vn -0.0000024 0.0644345 -0.0459665
v -0.0000030 1.5636151 -0.1035515 1.000000 0.400000 0.431373
vn 0.0450527 0.0644343 -0.0457452
v 0.1014950 1.5636151 -0.1030529 1.000000 0.400000 0.431373
vn 0.0896756 0.0644348 -0.0450833
v 0.2020150 1.5636151 -0.1015619 1.000000 0.400000 0.431373
vn 0.1334317 0.0644349 -0.0439872
v 0.3005900 1.5636151 -0.0990927 1.000000 0.400000 0.431373
vn 0.1759026 0.0644359 -0.0424676
v 0.3962710 1.5636151 -0.0956693 1.000000 0.400000 0.431373
vn 0.2166839 0.0644349 -0.0405388
v 0.4881350 1.5636151 -0.0913245 1.000000 0.400000 0.431373
vn 0.2553749 0.0644347 -0.0382198
v 0.5752970 1.5636151 -0.0861002 1.000000 0.400000 0.431373
vn 0.2916069 0.0644341 -0.0355327
v 0.6569200 1.5636151 -0.0800467 1.000000 0.400000 0.431373
vn 0.3250300 0.0644350 -0.0325034
v 0.7322160 1.5636151 -0.0732223 1.000000 0.400000 0.431373
vn 0.3553235 0.0644349 -0.0291611
v 0.8004611 1.5636151 -0.0656928 1.000000 0.400000 0.431373
vn 0.3821959 0.0644345 -0.0255378
v 0.8609971 1.5636151 -0.0575305 1.000000 0.400000 0.431373
vn 0.4053875 0.0644343 -0.0216686
v 0.9132410 1.5636151 -0.0488143 1.000000 0.400000 0.431373
vn 0.4246745 0.0644343 -0.0175907
v 0.9566891 1.5636151 -0.0396279 1.000000 0.400000 0.431373
vn 0.4398711 0.0644344 -0.0133436
v 0.9909251 1.5636151 -0.0300599 1.000000 0.400000 0.431373
vn 0.4508323 0.0644346 -0.0089677
v 1.0156170 1.5636151 -0.0202023 1.000000 0.400000 0.431373
vn 0.4574512 0.0644343 -0.0045057
v 1.0305279 1.5636151 -0.0101503 1.000000 0.400000 0.431373
vn 0.4596648 0.0644345 -0.0000003
v 1.0355150 1.5636151 -0.0000005 1.000000 0.400000 0.431373
vn 0.4574516 0.0644346 0.0045053
v 1.0305290 1.5636151 0.0101494 1.000000 0.400000 0.431373
vn 0.4508328 0.0644346 0.0089674
v 1.0156190 1.5636151 0.0202015 1.000000 0.400000 0.431373
vn 0.4398722 0.0644343 0.0133432
v 0.9909270 1.5636151 0.0300590 1.000000 0.400000 0.431373
vn 0.4246760 0.0644351 0.0175903
v 0.9566930 1.5636151 0.0396270 1.000000 0.400000 0.431373
vn 0.4053895 0.0644342 0.0216682
v 0.9132450 1.5636151 0.0488135 1.000000 0.400000 0.431373
vn 0.3821979 0.0644347 0.0255375
v 0.8610021 1.5636151 0.0575298 1.000000 0.400000 0.431373
vn 0.3553270 0.0644350 0.0291607
v 0.8004671 1.5636151 0.0656920 1.000000 0.400000 0.431373
vn 0.3250330 0.0644346 0.0325031
v 0.7322230 1.5636151 0.0732217 1.000000 0.400000 0.431373
vn 0.2916093 0.0644345 0.0355325
v 0.6569270 1.5636151 0.0800461 1.000000 0.400000 0.431373
vn 0.2553784 0.0644343 0.0382196
v 0.5753050 1.5636151 0.0860997 1.000000 0.400000 0.431373
vn 0.2166851 0.0644343 0.0405388
v 0.4881420 1.5636151 0.0913241 1.000000 0.400000 0.431373
vn 0.1759075 0.0644344 0.0424674
v 0.3962780 1.5636151 0.0956689 1.000000 0.400000 0.431373
vn 0.1334359 0.0644357 0.0439871
v 0.3005980 1.5636151 0.0990925 1.000000 0.400000 0.431373
vn 0.0896774 0.0644352 0.0450832
v 0.2020230 1.5636151 0.1015617 1.000000 0.400000 0.431373
vn 0.0450567 0.0644346 0.0457451
v 0.1015020 1.5636151 0.1030528 1.000000 0.400000 0.431373
vn 0.0000025 0.0644344 0.0459665
v 0.0000040 1.5636151 0.1035515 1.000000 0.400000 0.431373
vn -0.0450530 0.0644345 0.0457452
v -0.1014950 1.5636151 0.1030529 1.000000 0.400000 0.431373
vn -0.0896745 0.0644351 0.0450833
v -0.2020150 1.5636151 0.1015619 1.000000 0.400000 0.431373
vn -0.1334338 0.0644344 0.0439872
v -0.3005910 1.5636151 0.0990927 1.000000 0.400000 0.431373
vn -0.1759052 0.0644346 0.0424675
v -0.3962710 1.5636151 0.0956692 1.000000 0.400000 0.431373
vn -0.2166828 0.0644357 0.0405389
v -0.4881350 1.5636151 0.0913244 1.000000 0.400000 0.431373
vn -0.2553744 0.0644349 0.0382198
v -0.5752980 1.5636151 0.0861001 1.000000 0.400000 0.431373
vn -0.2916070 0.0644339 0.0355327
v -0.6569210 1.5636151 0.0800466 1.000000 0.400000 0.431373
vn -0.3250313 0.0644339 0.0325033
v -0.7322171 1.5636151 0.0732222 1.000000 0.400000 0.431373
vn -0.3553251 0.0644340 0.0291609
v -0.8004620 1.5636151 0.0656926 1.000000 0.400000 0.431373
vn -0.3821965 0.0644350 0.0255377
v -0.8609971 1.5636151 0.0575304 1.000000 0.400000 0.431373
vn -0.4053869 0.0644348 0.0216687
v -0.9132410 1.5636151 0.0488141 1.000000 0.400000 0.431373
vn -0.4246740 0.0644344 0.0175908
v -0.9566900 1.5636151 0.0396278 1.000000 0.400000 0.431373
vn -0.4398717 0.0644336 0.0133434
v -0.9909251 1.5636151 0.0300597 1.000000 0.400000 0.431373
vn -0.4508324 0.0644338 0.0089677
v -1.0156170 1.5636151 0.0202022 1.000000 0.400000 0.431373
vn -0.4574512 0.0644344 0.0045057
v -1.0305279 1.5636151 0.0101502 1.000000 0.400000 0.431373
vn -0.4596647 0.0644350 0.0000002
v -1.0355150 1.5636151 0.0000003 1.000000 0.400000 0.431373
vn -0.4581864 0.0589256 -0.0045128
v -1.0483240 1.4302820 -0.0103251 1.000000 0.400000 0.431373
vn -0.4515569 0.0589261 -0.0089820
v -1.0331560 1.4302820 -0.0205507 1.000000 0.400000 0.431373
vn -0.4405787 0.0589260 -0.0133647
v -1.0080380 1.4302820 -0.0305784 1.000000 0.400000 0.431373
vn -0.4253570 0.0589270 -0.0176189
v -0.9732121 1.4302820 -0.0403117 1.000000 0.400000 0.431373
vn -0.4060397 0.0589265 -0.0217032
v -0.9290130 1.4302820 -0.0496567 1.000000 0.400000 0.431373
vn -0.3828127 0.0589260 -0.0255784
v -0.8758681 1.4302820 -0.0585235 1.000000 0.400000 0.431373
vn -0.3558967 0.0589265 -0.0292077
v -0.8142880 1.4302820 -0.0668267 1.000000 0.400000 0.431373
vn -0.3255543 0.0589266 -0.0325554
v -0.7448650 1.4302820 -0.0744863 1.000000 0.400000 0.431373
vn -0.2920773 0.0589268 -0.0355896
v -0.6682690 1.4302820 -0.0814286 1.000000 0.400000 0.431373
vn -0.2557871 0.0589269 -0.0382811
v -0.5852380 1.4302820 -0.0875866 1.000000 0.400000 0.431373
vn -0.2170342 0.0589269 -0.0406039
v -0.4965700 1.4302820 -0.0929012 1.000000 0.400000 0.431373
vn -0.1761893 0.0589270 -0.0425357
v -0.4031200 1.4302820 -0.0973211 1.000000 0.400000 0.431373
vn -0.1336494 0.0589267 -0.0440578
v -0.3057880 1.4302820 -0.1008037 1.000000 0.400000 0.431373
vn -0.0898214 0.0589270 -0.0451556
v -0.2055100 1.4302820 -0.1033156 1.000000 0.400000 0.431373
vn -0.0451283 0.0589274 -0.0458186
v -0.1032540 1.4302820 -0.1048324 1.000000 0.400000 0.431373
vn -0.0000021 0.0589270 -0.0460403
v -0.0000030 1.4302820 -0.1053397 1.000000 0.400000 0.431373
vn 0.0451258 0.0589269 -0.0458186
v 0.1032470 1.4302820 -0.1048325 1.000000 0.400000 0.431373
vn 0.0898193 0.0589266 -0.0451557
v 0.2055040 1.4302820 -0.1033157 1.000000 0.400000 0.431373
vn 0.1336456 0.0589265 -0.0440579
v 0.3057810 1.4302820 -0.1008039 1.000000 0.400000 0.431373
vn 0.1761863 0.0589260 -0.0425358
v 0.4031140 1.4302820 -0.0973214 1.000000 0.400000 0.431373
vn 0.2170324 0.0589260 -0.0406040
v 0.4965640 1.4302820 -0.0929015 1.000000 0.400000 0.431373
vn 0.2557847 0.0589265 -0.0382812
v 0.5852320 1.4302820 -0.0875870 1.000000 0.400000 0.431373
vn 0.2920741 0.0589270 -0.0355899
v 0.6682640 1.4302820 -0.0814290 1.000000 0.400000 0.431373
vn 0.3255519 0.0589272 -0.0325557
v 0.7448610 1.4302820 -0.0744868 1.000000 0.400000 0.431373
vn 0.3558957 0.0589267 -0.0292078
v 0.8142840 1.4302820 -0.0668272 1.000000 0.400000 0.431373
vn 0.3828107 0.0589252 -0.0255788
v 0.8758650 1.4302820 -0.0585240 1.000000 0.400000 0.431373
vn 0.4060386 0.0589249 -0.0217035
v 0.9290110 1.4302820 -0.0496572 1.000000 0.400000 0.431373
vn 0.4253564 0.0589270 -0.0176190
v 0.9732100 1.4302820 -0.0403122 1.000000 0.400000 0.431373
vn 0.4405780 0.0589267 -0.0133649
v 1.0080370 1.4302820 -0.0305789 1.000000 0.400000 0.431373
vn 0.4515564 0.0589270 -0.0089821
v 1.0331550 1.4302820 -0.0205512 1.000000 0.400000 0.431373
vn 0.4581859 0.0589274 -0.0045131
v 1.0483240 1.4302820 -0.0103256 1.000000 0.400000 0.431373
vn 0.4604032 0.0589270 -0.0000002
v 1.0533971 1.4302820 -0.0000005 1.000000 0.400000 0.431373
vn 0.4581864 0.0589270 0.0045126
v 1.0483249 1.4302820 0.0103246 1.000000 0.400000 0.431373
vn 0.4515570 0.0589265 0.0089819
v 1.0331570 1.4302820 0.0205503 1.000000 0.400000 0.431373
vn 0.4405792 0.0589266 0.0133645
v 1.0080390 1.4302820 0.0305781 1.000000 0.400000 0.431373
vn 0.4253579 0.0589262 0.0176187
v 0.9732140 1.4302820 0.0403113 1.000000 0.400000 0.431373
vn 0.4060403 0.0589258 0.0217031
v 0.9290150 1.4302820 0.0496564 1.000000 0.400000 0.431373
vn 0.3828126 0.0589256 0.0255785
v 0.8758700 1.4302820 0.0585232 1.000000 0.400000 0.431373
vn 0.3558977 0.0589263 0.0292075
v 0.8142890 1.4302820 0.0668265 1.000000 0.400000 0.431373
vn 0.3255553 0.0589262 0.0325553
v 0.7448670 1.4302820 0.0744861 1.000000 0.400000 0.431373
vn 0.2920776 0.0589266 0.0355896
v 0.6682711 1.4302820 0.0814284 1.000000 0.400000 0.431373
vn 0.2557878 0.0589259 0.0382810
v 0.5852390 1.4302820 0.0875865 1.000000 0.400000 0.431373
vn 0.2170342 0.0589260 0.0406039
v 0.4965710 1.4302820 0.0929011 1.000000 0.400000 0.431373
vn 0.1761910 0.0589268 0.0425356
v 0.4031210 1.4302820 0.0973210 1.000000 0.400000 0.431373
vn 0.1336499 0.0589265 0.0440578
v 0.3057890 1.4302820 0.1008037 1.000000 0.400000 0.431373
vn 0.0898212 0.0589264 0.0451557
v 0.2055110 1.4302820 0.1033155 1.000000 0.400000 0.431373
vn 0.0451302 0.0589270 0.0458186
v 0.1032550 1.4302820 0.1048324 1.000000 0.400000 0.431373
vn 0.0000020 0.0589269 0.0460403
v 0.0000040 1.4302820 0.1053397 1.000000 0.400000 0.431373
vn -0.0451256 0.0589269 0.0458186
v -0.1032470 1.4302820 0.1048325 1.000000 0.400000 0.431373
vn -0.0898190 0.0589266 0.0451557
v -0.2055040 1.4302820 0.1033157 1.000000 0.400000 0.431373
vn -0.1336473 0.0589266 0.0440579
v -0.3057810 1.4302820 0.1008039 1.000000 0.400000 0.431373
vn -0.1761866 0.0589271 0.0425358
v -0.4031140 1.4302820 0.0973213 1.000000 0.400000 0.431373
vn -0.2170315 0.0589262 0.0406040
v -0.4965650 1.4302820 0.0929015 1.000000 0.400000 0.431373
vn -0.2557858 0.0589264 0.0382812
v -0.5852330 1.4302820 0.0875869 1.000000 0.400000 0.431373
vn -0.2920761 0.0589267 0.0355897
v -0.6682650 1.4302820 0.0814289 1.000000 0.400000 0.431373
vn -0.3255541 0.0589263 0.0325555
v -0.7448610 1.4302820 0.0744866 1.000000 0.400000 0.431373
vn -0.3558950 0.0589269 0.0292079
v -0.8142840 1.4302820 0.0668270 1.000000 0.400000 0.431373
vn -0.3828099 0.0589272 0.0255788
v -0.8758650 1.4302820 0.0585239 1.000000 0.400000 0.431373
vn -0.4060386 0.0589268 0.0217034
v -0.9290110 1.4302820 0.0496571 1.000000 0.400000 0.431373
vn -0.4253564 0.0589263 0.0176191
v -0.9732100 1.4302820 0.0403121 1.000000 0.400000 0.431373
vn -0.4405780 0.0589265 0.0133649
v -1.0080370 1.4302820 0.0305788 1.000000 0.400000 0.431373
vn -0.4515565 0.0589264 0.0089821
v -1.0331550 1.4302820 0.0205511 1.000000 0.400000 0.431373
vn -0.4581860 0.0589270 0.0045130
v -1.0483240 1.4302820 0.0103254 1.000000 0.400000 0.431373
vn -0.4604033 0.0589265 0.0000001
v -1.0533971 1.4302820 0.0000003 1.000000 0.400000 0.431373
vn -0.4588577 0.0533921 -0.0045193
v -1.0645020 1.2969491 -0.0104844 1.000000 0.400000 0.431373
vn -0.4522184 0.0533925 -0.0089951
v -1.0491000 1.2969491 -0.0208679 1.000000 0.400000 0.431373
vn -0.4412240 0.0533934 -0.0133843
v -1.0235940 1.2969491 -0.0310503 1.000000 0.400000 0.431373
vn -0.4259804 0.0533933 -0.0176446
v -0.9882310 1.2969491 -0.0409338 1.000000 0.400000 0.431373
vn -0.4066343 0.0533930 -0.0217350
v -0.9433501 1.2969491 -0.0504230 1.000000 0.400000 0.431373
vn -0.3833731 0.0533921 -0.0256160
v -0.8893850 1.2969491 -0.0594266 1.000000 0.400000 0.431373
vn -0.3564186 0.0533912 -0.0292504
v -0.8268541 1.2969491 -0.0678580 1.000000 0.400000 0.431373
vn -0.3260314 0.0533917 -0.0326031
v -0.7563600 1.2969491 -0.0756358 1.000000 0.400000 0.431373
vn -0.2925053 0.0533921 -0.0356418
v -0.6785821 1.2969491 -0.0826852 1.000000 0.400000 0.431373
vn -0.2561622 0.0533927 -0.0383371
v -0.5942690 1.2969491 -0.0889383 1.000000 0.400000 0.431373
vn -0.2173518 0.0533927 -0.0406634
v -0.5042330 1.2969491 -0.0943349 1.000000 0.400000 0.431373
vn -0.1764473 0.0533923 -0.0425980
v -0.4093410 1.2969491 -0.0988230 1.000000 0.400000 0.431373
vn -0.1338439 0.0533929 -0.0441224
v -0.3105070 1.2969491 -0.1023593 1.000000 0.400000 0.431373
vn -0.0899538 0.0533922 -0.0452218
v -0.2086820 1.2969491 -0.1049099 1.000000 0.400000 0.431373
vn -0.0451952 0.0533923 -0.0458857
v -0.1048480 1.2969491 -0.1064502 1.000000 0.400000 0.431373
vn -0.0000022 0.0533926 -0.0461078
v -0.0000030 1.2969491 -0.1069653 1.000000 0.400000 0.431373
vn 0.0451919 0.0533928 -0.0458858
v 0.1048410 1.2969491 -0.1064503 1.000000 0.400000 0.431373
vn 0.0899515 0.0533920 -0.0452218
v 0.2086750 1.2969491 -0.1049101 1.000000 0.400000 0.431373
vn 0.1338423 0.0533925 -0.0441224
v 0.3105000 1.2969491 -0.1023595 1.000000 0.400000 0.431373
vn 0.1764445 0.0533916 -0.0425981
v 0.4093350 1.2969491 -0.0988232 1.000000 0.400000 0.431373
vn 0.2173488 0.0533927 -0.0406635
v 0.5042270 1.2969491 -0.0943352 1.000000 0.400000 0.431373
vn 0.2561596 0.0533934 -0.0383373
v 0.5942630 1.2969491 -0.0889387 1.000000 0.400000 0.431373
vn 0.2925034 0.0533924 -0.0356419
v 0.6785771 1.2969491 -0.0826856 1.000000 0.400000 0.431373
vn 0.3260292 0.0533920 -0.0326033
v 0.7563550 1.2969491 -0.0756362 1.000000 0.400000 0.431373
vn 0.3564169 0.0533920 -0.0292506
v 0.8268500 1.2969491 -0.0678585 1.000000 0.400000 0.431373
vn 0.3833722 0.0533924 -0.0256161
v 0.8893811 1.2969491 -0.0594271 1.000000 0.400000 0.431373
vn 0.4066326 0.0533917 -0.0217354
v 0.9433470 1.2969491 -0.0504235 1.000000 0.400000 0.431373
vn 0.4259792 0.0533927 -0.0176450
v 0.9882290 1.2969491 -0.0409343 1.000000 0.400000 0.431373
vn 0.4412237 0.0533917 -0.0133845
v 1.0235929 1.2969491 -0.0310508 1.000000 0.400000 0.431373
vn 0.4522180 0.0533918 -0.0089954
v 1.0490990 1.2969491 -0.0208684 1.000000 0.400000 0.431373
vn 0.4588575 0.0533919 -0.0045196
v 1.0645020 1.2969491 -0.0104849 1.000000 0.400000 0.431373
vn 0.4610780 0.0533914 -0.0000002
v 1.0696530 1.2969491 -0.0000005 1.000000 0.400000 0.431373
vn 0.4588578 0.0533925 0.0045192
v 1.0645030 1.2969491 0.0104840 1.000000 0.400000 0.431373
vn 0.4522186 0.0533924 0.0089951
v 1.0491010 1.2969491 0.0208674 1.000000 0.400000 0.431373
vn 0.4412243 0.0533924 0.0133843
v 1.0235950 1.2969491 0.0310500 1.000000 0.400000 0.431373
vn 0.4259813 0.0533921 0.0176445
v 0.9882320 1.2969491 0.0409334 1.000000 0.400000 0.431373
vn 0.4066353 0.0533931 0.0217349
v 0.9433520 1.2969491 0.0504227 1.000000 0.400000 0.431373
vn 0.3833732 0.0533924 0.0256160
v 0.8893860 1.2969491 0.0594264 1.000000 0.400000 0.431373
vn 0.3564196 0.0533924 0.0292503
v 0.8268560 1.2969491 0.0678577 1.000000 0.400000 0.431373
vn 0.3260321 0.0533921 0.0326030
v 0.7563620 1.2969491 0.0756356 1.000000 0.400000 0.431373
vn 0.2925054 0.0533922 0.0356417
v 0.6785840 1.2969491 0.0826850 1.000000 0.400000 0.431373
vn 0.2561629 0.0533922 0.0383371
v 0.5942710 1.2969491 0.0889381 1.000000 0.400000 0.431373
vn 0.2173524 0.0533918 0.0406633
v 0.5042340 1.2969491 0.0943348 1.000000 0.400000 0.431373
vn 0.1764489 0.0533918 0.0425980
v 0.4093420 1.2969491 0.0988229 1.000000 0.400000 0.431373
vn 0.1338456 0.0533916 0.0441223
v 0.3105080 1.2969491 0.1023593 1.000000 0.400000 0.431373
vn 0.0899535 0.0533920 0.0452218
v 0.2086830 1.2969491 0.1049099 1.000000 0.400000 0.431373
vn 0.0451955 0.0533920 0.0458857
v 0.1048480 1.2969491 0.1064502 1.000000 0.400000 0.431373
vn 0.0000023 0.0533916 0.0461078
v 0.0000040 1.2969491 0.1069653 1.000000 0.400000 0.431373
vn -0.0451916 0.0533926 0.0458858
v -0.1048410 1.2969491 0.1064503 1.000000 0.400000 0.431373
vn -0.0899508 0.0533922 0.0452219
v -0.2086750 1.2969491 0.1049101 1.000000 0.411765 0.447059
vn -0.1338427 0.0533929 0.0441224
v -0.3105000 1.2969491 0.1023595 1.000000 0.447059 0.474510
vn -0.1764456 0.0533932 0.0425981
v -0.4093350 1.2969491 0.0988232 1.000000 0.431373 0.466667
vn -0.2173500 0.0533919 0.0406635
v -0.5042280 1.2969491 0.0943351 1.000000 0.411765 0.447059
vn -0.2561593 0.0533926 0.0383373
v -0.5942640 1.2969491 0.0889386 1.000000 0.400000 0.431373
vn -0.2925037 0.0533930 0.0356419
v -0.6785780 1.2969491 0.0826855 1.000000 0.400000 0.431373
vn -0.3260301 0.0533946 0.0326032
v -0.7563561 1.2969491 0.0756361 1.000000 0.400000 0.431373
vn -0.3564166 0.0533937 0.0292506
v -0.8268511 1.2969491 0.0678583 1.000000 0.400000 0.431373
vn -0.3833714 0.0533932 0.0256162
v -0.8893820 1.2969491 0.0594270 1.000000 0.400000 0.431373
vn -0.4066334 0.0533932 0.0217352
v -0.9433481 1.2969491 0.0504234 1.000000 0.400000 0.431373
vn -0.4259798 0.0533934 0.0176448
v -0.9882290 1.2969491 0.0409342 1.000000 0.400000 0.431373
vn -0.4412237 0.0533920 0.0133845
v -1.0235929 1.2969491 0.0310507 1.000000 0.400000 0.431373
vn -0.4522180 0.0533922 0.0089954
v -1.0490990 1.2969491 0.0208682 1.000000 0.400000 0.431373
vn -0.4588574 0.0533922 0.0045196
v -1.0645020 1.2969491 0.0104848 1.000000 0.400000 0.431373
vn -0.4610780 0.0533914 0.0000001
v -1.0696530 1.2969491 0.0000004 1.000000 0.400000 0.431373
vn -0.4594643 0.0478357 -0.0045252
v -1.0790620 1.1636159 -0.0106278 1.000000 0.403922 0.431373
vn -0.4528165 0.0478348 -0.0090070
v -1.0634490 1.1636159 -0.0211533 1.000000 0.400000 0.431373
vn -0.4418078 0.0478353 -0.0134019
v -1.0375950 1.1636159 -0.0314750 1.000000 0.400000 0.431373
vn -0.4265435 0.0478351 -0.0176680
v -1.0017480 1.1636159 -0.0414937 1.000000 0.400000 0.431373
vn -0.4071718 0.0478349 -0.0217638
v -0.9562531 1.1636159 -0.0511127 1.000000 0.400000 0.431373
vn -0.3838789 0.0478356 -0.0256500
v -0.9015490 1.1636159 -0.0602395 1.000000 0.400000 0.431373
vn -0.3568894 0.0478345 -0.0292891
v -0.8381630 1.1636159 -0.0687861 1.000000 0.400000 0.431373
vn -0.3264631 0.0478347 -0.0326462
v -0.7667050 1.1636159 -0.0766703 1.000000 0.400000 0.431373
vn -0.2928928 0.0478352 -0.0356888
v -0.6878641 1.1636159 -0.0838161 1.000000 0.400000 0.431373
vn -0.2565012 0.0478357 -0.0383878
v -0.6023970 1.1636159 -0.0901548 1.000000 0.400000 0.431373
vn -0.2176382 0.0478351 -0.0407172
v -0.5111300 1.1636159 -0.0956252 1.000000 0.400000 0.431373
vn -0.1766813 0.0478345 -0.0426543
v -0.4149400 1.1636159 -0.1001746 1.000000 0.400000 0.431373
vn -0.1340224 0.0478356 -0.0441807
v -0.3147540 1.1636159 -0.1037594 1.000000 0.400000 0.431373
vn -0.0900714 0.0478355 -0.0452816
v -0.2115360 1.1636159 -0.1063449 1.000000 0.400000 0.431373
vn -0.0452547 0.0478343 -0.0459464
v -0.1062820 1.1636159 -0.1079062 1.000000 0.400000 0.431373
vn -0.0000026 0.0478344 -0.0461688
v -0.0000030 1.1636159 -0.1084284 1.000000 0.400000 0.431373
vn 0.0452529 0.0478343 -0.0459464
v 0.1062750 1.1636159 -0.1079063 1.000000 0.400000 0.431373
vn 0.0900696 0.0478346 -0.0452817
v 0.2115290 1.1636159 -0.1063450 1.000000 0.400000 0.431373
vn 0.1340186 0.0478356 -0.0441808
v 0.3147470 1.1636159 -0.1037596 1.000000 0.400000 0.431373
vn 0.1766782 0.0478352 -0.0426544
v 0.4149330 1.1636159 -0.1001749 1.000000 0.400000 0.431373
vn 0.2176351 0.0478349 -0.0407174
v 0.5111240 1.1636159 -0.0956255 1.000000 0.400000 0.431373
vn 0.2564986 0.0478353 -0.0383880
v 0.6023920 1.1636159 -0.0901552 1.000000 0.400000 0.431373
vn 0.2928896 0.0478359 -0.0356891
v 0.6878580 1.1636159 -0.0838166 1.000000 0.400000 0.431373
vn 0.3264614 0.0478351 -0.0326463
v 0.7667010 1.1636159 -0.0766708 1.000000 0.400000 0.431373
vn 0.3568883 0.0478334 -0.0292893
v 0.8381590 1.1636159 -0.0687866 1.000000 0.400000 0.431373
vn 0.3838783 0.0478350 -0.0256501
v 0.9015460 1.1636159 -0.0602400 1.000000 0.400000 0.431373
vn 0.4071700 0.0478364 -0.0217641
v 0.9562501 1.1636159 -0.0511132 1.000000 0.400000 0.431373
vn 0.4265431 0.0478345 -0.0176682
v 1.0017461 1.1636159 -0.0414942 1.000000 0.400000 0.431373
vn 0.4418074 0.0478341 -0.0134021
v 1.0375930 1.1636159 -0.0314755 1.000000 0.400000 0.431373
vn 0.4528158 0.0478345 -0.0090073
v 1.0634480 1.1636159 -0.0211538 1.000000 0.400000 0.431373
vn 0.4594642 0.0478346 -0.0045255
v 1.0790620 1.1636159 -0.0106283 1.000000 0.400000 0.431373
vn 0.4616876 0.0478341 -0.0000003
v 1.0842830 1.1636159 -0.0000005 1.000000 0.400000 0.431373
vn 0.4594646 0.0478342 0.0045251
v 1.0790631 1.1636159 0.0106274 1.000000 0.400000 0.431373
vn 0.4528166 0.0478346 0.0090069
v 1.0634500 1.1636159 0.0211529 1.000000 0.400000 0.431373
vn 0.4418079 0.0478355 0.0134019
v 1.0375960 1.1636159 0.0314746 1.000000 0.400000 0.431373
vn 0.4265447 0.0478356 0.0176677
v 1.0017490 1.1636159 0.0414933 1.000000 0.400000 0.431373
vn 0.4071727 0.0478350 0.0217637
v 0.9562551 1.1636159 0.0511124 1.000000 0.400000 0.431373
vn 0.3838798 0.0478348 0.0256499
v 0.9015510 1.1636159 0.0602392 1.000000 0.400000 0.431373
vn 0.3568903 0.0478346 0.0292890
v 0.8381650 1.1636159 0.0687859 1.000000 0.400000 0.431373
vn 0.3264634 0.0478347 0.0326461
v 0.7667070 1.1636159 0.0766701 1.000000 0.400000 0.431373
vn 0.2928923 0.0478356 0.0356888
v 0.6878650 1.1636159 0.0838160 1.000000 0.400000 0.431373
vn 0.2565004 0.0478344 0.0383879
v 0.6023990 1.1636159 0.0901546 1.000000 0.400000 0.431373
vn 0.2176391 0.0478344 0.0407171
v 0.5111310 1.1636159 0.0956250 1.000000 0.400000 0.431373
vn 0.1766827 0.0478340 0.0426543
v 0.4149410 1.1636159 0.1001745 1.000000 0.400000 0.431373
vn 0.1340228 0.0478342 0.0441807
v 0.3147550 1.1636159 0.1037593 1.000000 0.400000 0.431373
vn 0.0900731 0.0478343 0.0452816
v 0.2115370 1.1636159 0.1063448 1.000000 0.400000 0.431373
vn 0.0452548 0.0478344 0.0459464
v 0.1062820 1.1636159 0.1079062 1.000000 0.400000 0.431373
vn 0.0000028 0.0478344 0.0461688
v 0.0000040 1.1636159 0.1084283 1.000000 0.400000 0.431373
vn -0.0452515 0.0478344 0.0459465
v -0.1062750 1.1636159 0.1079063 1.000000 0.400000 0.431373
vn -0.0900690 0.0478345 0.0452817
v -0.2115290 1.1636159 0.1063450 1.000000 0.403922 0.439216
vn -0.1340185 0.0478354 0.0441808
v -0.3147470 1.1636159 0.1037596 1.000000 0.427451 0.458824
vn -0.1766799 0.0478355 0.0426544
v -0.4149340 1.1636159 0.1001749 1.000000 0.458824 0.486275
vn -0.2176374 0.0478356 0.0407172
v -0.5111240 1.1636159 0.0956254 1.000000 0.501961 0.537255
vn -0.2564974 0.0478357 0.0383881
v -0.6023920 1.1636159 0.0901551 1.000000 0.458824 0.486275
vn -0.2928895 0.0478350 0.0356891
v -0.6878590 1.1636159 0.0838165 1.000000 0.400000 0.431373
vn -0.3264613 0.0478349 0.0326463
v -0.7667020 1.1636159 0.0766707 1.000000 0.400000 0.431373
vn -0.3568883 0.0478349 0.0292893
v -0.8381600 1.1636159 0.0687865 1.000000 0.400000 0.431373
vn -0.3838780 0.0478356 0.0256501
v -0.9015470 1.1636159 0.0602399 1.000000 0.400000 0.431373
vn -0.4071714 0.0478347 0.0217639
v -0.9562510 1.1636159 0.0511131 1.000000 0.400000 0.431373
vn -0.4265435 0.0478346 0.0176681
v -1.0017461 1.1636159 0.0414941 1.000000 0.400000 0.431373
vn -0.4418075 0.0478342 0.0134021
v -1.0375930 1.1636159 0.0314754 1.000000 0.400000 0.431373
vn -0.4528158 0.0478345 0.0090074
v -1.0634480 1.1636159 0.0211537 1.000000 0.400000 0.431373
vn -0.4594642 0.0478345 0.0045255
v -1.0790620 1.1636159 0.0106282 1.000000 0.400000 0.431373
vn -0.4616875 0.0478344 0.0000001
v -1.0842830 1.1636159 0.0000004 1.000000 0.400000 0.431373
vn -0.4600056 0.0422576 -0.0045306
v -1.0920050 1.0302820 -0.0107553 1.000000 0.400000 0.431373
vn -0.4533498 0.0422569 -0.0090177
v -1.0762039 1.0302820 -0.0214070 1.000000 0.403922 0.439216
vn -0.4423285 0.0422569 -0.0134177
v -1.0500400 1.0302820 -0.0318525 1.000000 0.400000 0.431373
vn -0.4270458 0.0422569 -0.0176889
v -1.0137630 1.0302820 -0.0419913 1.000000 0.400000 0.431373
vn -0.4076522 0.0422567 -0.0217893
v -0.9677220 1.0302820 -0.0517257 1.000000 0.400000 0.431373
vn -0.3843318 0.0422574 -0.0256801
v -0.9123630 1.0302820 -0.0609620 1.000000 0.400000 0.431373
vn -0.3573093 0.0422579 -0.0293237
v -0.8482161 1.0302820 -0.0696111 1.000000 0.400000 0.431373
vn -0.3268477 0.0422575 -0.0326846
v -0.7759010 1.0302820 -0.0775899 1.000000 0.400000 0.431373
vn -0.2932380 0.0422566 -0.0357309
v -0.6961140 1.0302820 -0.0848214 1.000000 0.400000 0.431373
vn -0.2568031 0.0422563 -0.0384331
v -0.6096230 1.0302820 -0.0912361 1.000000 0.400000 0.431373
vn -0.2178944 0.0422554 -0.0407652
v -0.5172600 1.0302820 -0.0967721 1.000000 0.400000 0.431373
vn -0.1768900 0.0422564 -0.0427045
v -0.4199170 1.0302820 -0.1013761 1.000000 0.400000 0.431373
vn -0.1341804 0.0422565 -0.0442327
v -0.3185290 1.0302820 -0.1050039 1.000000 0.400000 0.431373
vn -0.0901762 0.0422560 -0.0453350
v -0.2140730 1.0302820 -0.1076204 1.000000 0.400000 0.431373
vn -0.0453074 0.0422570 -0.0460006
v -0.1075560 1.0302820 -0.1092004 1.000000 0.400000 0.431373
vn -0.0000027 0.0422569 -0.0462231
v -0.0000040 1.0302820 -0.1097288 1.000000 0.400000 0.431373
vn 0.0453049 0.0422573 -0.0460006
v 0.1075490 1.0302820 -0.1092005 1.000000 0.400000 0.431373
vn 0.0901745 0.0422577 -0.0453350
v 0.2140660 1.0302820 -0.1076205 1.000000 0.400000 0.431373
vn 0.1341768 0.0422571 -0.0442328
v 0.3185220 1.0302820 -0.1050041 1.000000 0.400000 0.431373
vn 0.1768869 0.0422572 -0.0427047
v 0.4199100 1.0302820 -0.1013764 1.000000 0.400000 0.431373
vn 0.2178920 0.0422568 -0.0407653
v 0.5172540 1.0302820 -0.0967724 1.000000 0.400000 0.431373
vn 0.2567997 0.0422565 -0.0384333
v 0.6096170 1.0302820 -0.0912365 1.000000 0.400000 0.431373
vn 0.2932354 0.0422562 -0.0357311
v 0.6961090 1.0302820 -0.0848219 1.000000 0.400000 0.431373
vn 0.3268467 0.0422563 -0.0326847
v 0.7758960 1.0302820 -0.0775904 1.000000 0.400000 0.431373
vn 0.3573083 0.0422571 -0.0293238
v 0.8482120 1.0302820 -0.0696116 1.000000 0.400000 0.431373
vn 0.3843296 0.0422575 -0.0256805
v 0.9123590 1.0302820 -0.0609625 1.000000 0.400000 0.431373
vn 0.4076501 0.0422573 -0.0217897
v 0.9677200 1.0302820 -0.0517263 1.000000 0.400000 0.431373
vn 0.4270459 0.0422573 -0.0176889
v 1.0137600 1.0302820 -0.0419919 1.000000 0.400000 0.431373
vn 0.4423273 0.0422579 -0.0134180
v 1.0500380 1.0302820 -0.0318531 1.000000 0.400000 0.431373
vn 0.4533493 0.0422577 -0.0090179
v 1.0762030 1.0302820 -0.0214075 1.000000 0.400000 0.431373
vn 0.4600054 0.0422577 -0.0045309
v 1.0920039 1.0302820 -0.0107558 1.000000 0.400000 0.431373
vn 0.4622312 0.0422585 -0.0000002
v 1.0972880 1.0302820 -0.0000005 1.000000 0.400000 0.431373
vn 0.4600058 0.0422580 0.0045304
v 1.0920050 1.0302820 0.0107548 1.000000 0.400000 0.431373
vn 0.4533501 0.0422577 0.0090175
v 1.0762050 1.0302820 0.0214066 1.000000 0.400000 0.431373
vn 0.4423285 0.0422571 0.0134177
v 1.0500410 1.0302820 0.0318522 1.000000 0.400000 0.431373
vn 0.4270467 0.0422564 0.0176887
v 1.0137640 1.0302820 0.0419910 1.000000 0.400000 0.431373
vn 0.4076523 0.0422552 0.0217894
v 0.9677240 1.0302820 0.0517254 1.000000 0.400000 0.431373
vn 0.3843326 0.0422568 0.0256800
v 0.9123641 1.0302820 0.0609617 1.000000 0.400000 0.431373
vn 0.3573109 0.0422569 0.0293235
v 0.8482181 1.0302820 0.0696109 1.000000 0.400000 0.431373
vn 0.3268490 0.0422568 0.0326845
v 0.7759030 1.0302820 0.0775897 1.000000 0.400000 0.431373
vn 0.2932372 0.0422579 0.0357309
v 0.6961160 1.0302820 0.0848213 1.000000 0.400000 0.431373
vn 0.2568026 0.0422583 0.0384331
v 0.6096240 1.0302820 0.0912359 1.000000 0.400000 0.431373
vn 0.2178962 0.0422588 0.0407651
v 0.5172620 1.0302820 0.0967720 1.000000 0.400000 0.431373
vn 0.1768895 0.0422594 0.0427045
v 0.4199180 1.0302820 0.1013760 1.000000 0.400000 0.431373
vn 0.1341803 0.0422583 0.0442327
v 0.3185300 1.0302820 0.1050038 1.000000 0.400000 0.431373
vn 0.0901783 0.0422572 0.0453349
v 0.2140740 1.0302820 0.1076203 1.000000 0.400000 0.431373
vn 0.0453085 0.0422560 0.0460006
v 0.1075570 1.0302820 0.1092004 1.000000 0.400000 0.431373
vn 0.0000025 0.0422564 0.0462231
v 0.0000040 1.0302820 0.1097288 1.000000 0.400000 0.431373
vn -0.0453040 0.0422562 0.0460006
v -0.1075490 1.0302820 0.1092005 1.000000 0.400000 0.431373
vn -0.0901749 0.0422577 0.0453350
v -0.2140670 1.0302820 0.1076205 1.000000 0.400000 0.431373
vn -0.1341764 0.0422571 0.0442328
v -0.3185220 1.0302820 0.1050041 1.000000 0.400000 0.431373
vn -0.1768871 0.0422569 0.0427047
v -0.4199110 1.0302820 0.1013764 1.000000 0.400000 0.431373
vn -0.2178935 0.0422575 0.0407652
v -0.5172550 1.0302820 0.0967724 1.000000 0.411765 0.447059
vn -0.2568009 0.0422570 0.0384332
v -0.6096180 1.0302820 0.0912364 1.000000 0.411765 0.454902
vn -0.2932355 0.0422569 0.0357311
v -0.6961090 1.0302820 0.0848218 1.000000 0.400000 0.431373
vn -0.3268460 0.0422568 0.0326848
v -0.7758970 1.0302820 0.0775903 1.000000 0.400000 0.431373
vn -0.3573083 0.0422565 0.0293238
v -0.8482131 1.0302820 0.0696115 1.000000 0.400000 0.431373
vn -0.3843309 0.0422561 0.0256803
v -0.9123600 1.0302820 0.0609624 1.000000 0.400000 0.431373
vn -0.4076512 0.0422568 0.0217895
v -0.9677200 1.0302820 0.0517261 1.000000 0.400000 0.431373
vn -0.4270458 0.0422568 0.0176889
v -1.0137610 1.0302820 0.0419917 1.000000 0.400000 0.431373
vn -0.4423275 0.0422583 0.0134179
v -1.0500380 1.0302820 0.0318529 1.000000 0.400000 0.431373
vn -0.4533492 0.0422579 0.0090179
v -1.0762030 1.0302820 0.0214074 1.000000 0.400000 0.431373
vn -0.4600054 0.0422577 0.0045309
v -1.0920039 1.0302820 0.0107557 1.000000 0.400000 0.431373
vn -0.4622312 0.0422588 0.0000002
v -1.0972880 1.0302820 0.0000004 1.000000 0.400000 0.431373
vn -0.4604809 0.0366604 -0.0045353
v -1.1033289 0.8969491 -0.0108668 1.000000 0.400000 0.431373
vn -0.4538181 0.0366617 -0.0090269
v -1.0873650 0.8969491 -0.0216290 1.000000 0.400000 0.431373
vn -0.4427850 0.0366612 -0.0134316
v -1.0609289 0.8969491 -0.0321829 1.000000 0.400000 0.431373
vn -0.4274871 0.0366609 -0.0177071
v -1.0242760 0.8969491 -0.0424268 1.000000 0.400000 0.431373
vn -0.4080728 0.0366611 -0.0218119
v -0.9777580 0.8969491 -0.0522621 1.000000 0.400000 0.431373
vn -0.3847290 0.0366602 -0.0257066
v -0.9218240 0.8969491 -0.0615942 1.000000 0.400000 0.431373
vn -0.3576792 0.0366606 -0.0293539
v -0.8570130 0.8969491 -0.0703330 1.000000 0.400000 0.431373
vn -0.3271849 0.0366613 -0.0327184
v -0.7839480 0.8969491 -0.0783945 1.000000 0.400000 0.431373
vn -0.2935398 0.0366610 -0.0357678
v -0.7033330 0.8969491 -0.0857010 1.000000 0.400000 0.431373
vn -0.2570677 0.0366595 -0.0384728
v -0.6159450 0.8969491 -0.0921822 1.000000 0.400000 0.431373
vn -0.2181198 0.0366597 -0.0408073
v -0.5226240 0.8969491 -0.0977756 1.000000 0.400000 0.431373
vn -0.1770731 0.0366600 -0.0427486
v -0.4242710 0.8969491 -0.1024274 1.000000 0.400000 0.431373
vn -0.1343186 0.0366602 -0.0442784
v -0.3218320 0.8969491 -0.1060928 1.000000 0.400000 0.431373
vn -0.0902706 0.0366607 -0.0453818
v -0.2162930 0.8969491 -0.1087364 1.000000 0.400000 0.431373
vn -0.0453564 0.0366607 -0.0460480
v -0.1086720 0.8969491 -0.1103329 1.000000 0.400000 0.431373
vn -0.0000024 0.0366608 -0.0462709
v -0.0000040 0.8969491 -0.1108668 1.000000 0.400000 0.431373
vn 0.0453520 0.0366607 -0.0460481
v 0.1086650 0.8969491 -0.1103330 1.000000 0.400000 0.431373
vn 0.0902688 0.0366608 -0.0453818
v 0.2162860 0.8969491 -0.1087366 1.000000 0.400000 0.431373
vn 0.1343159 0.0366606 -0.0442785
v 0.3218250 0.8969491 -0.1060930 1.000000 0.400000 0.431373
vn 0.1770694 0.0366602 -0.0427488
v 0.4242650 0.8969491 -0.1024277 1.000000 0.400000 0.431373
vn 0.2181176 0.0366605 -0.0408074
v 0.5226180 0.8969491 -0.0977760 1.000000 0.400000 0.431373
vn 0.2570659 0.0366598 -0.0384729
v 0.6159390 0.8969491 -0.0921826 1.000000 0.400000 0.431373
vn 0.2935379 0.0366607 -0.0357680
v 0.7033270 0.8969491 -0.0857015 1.000000 0.400000 0.431373
vn 0.3271834 0.0366614 -0.0327186
v 0.7839430 0.8969491 -0.0783950 1.000000 0.400000 0.431373
vn 0.3576771 0.0366613 -0.0293541
v 0.8570080 0.8969491 -0.0703335 1.000000 0.400000 0.431373
vn 0.3847268 0.0366617 -0.0257069
v 0.9218210 0.8969491 -0.0615947 1.000000 0.400000 0.431373
vn 0.4080716 0.0366604 -0.0218122
v 0.9777551 0.8969491 -0.0522627 1.000000 0.400000 0.431373
vn 0.4274867 0.0366609 -0.0177072
v 1.0242740 0.8969491 -0.0424273 1.000000 0.400000 0.431373
vn 0.4427845 0.0366604 -0.0134318
v 1.0609270 0.8969491 -0.0321834 1.000000 0.400000 0.431373
vn 0.4538175 0.0366609 -0.0090273
v 1.0873640 0.8969491 -0.0216295 1.000000 0.400000 0.431373
vn 0.4604805 0.0366607 -0.0045356
v 1.1033289 0.8969491 -0.0108673 1.000000 0.400000 0.431373
vn 0.4627089 0.0366606 -0.0000002
v 1.1086680 0.8969491 -0.0000005 1.000000 0.400000 0.431373
vn 0.4604810 0.0366605 0.0045352
v 1.1033300 0.8969491 0.0108664 1.000000 0.400000 0.431373
vn 0.4538182 0.0366610 0.0090269
v 1.0873660 0.8969491 0.0216286 1.000000 0.400000 0.431373
vn 0.4427851 0.0366609 0.0134316
v 1.0609300 0.8969491 0.0321825 1.000000 0.400000 0.431373
vn 0.4274876 0.0366607 0.0177070
v 1.0242770 0.8969491 0.0424264 1.000000 0.400000 0.431373
vn 0.4080736 0.0366616 0.0218118
v 0.9777590 0.8969491 0.0522618 1.000000 0.400000 0.431373
vn 0.3847301 0.0366616 0.0257065
v 0.9218260 0.8969491 0.0615939 1.000000 0.400000 0.431373
vn 0.3576790 0.0366611 0.0293539
v 0.8570140 0.8969491 0.0703328 1.000000 0.400000 0.431373
vn 0.3271867 0.0366605 0.0327182
v 0.7839490 0.8969491 0.0783943 1.000000 0.400000 0.431373
vn 0.2935414 0.0366605 0.0357677
v 0.7033350 0.8969491 0.0857009 1.000000 0.400000 0.431373
vn 0.2570675 0.0366609 0.0384728
v 0.6159460 0.8969491 0.0921821 1.000000 0.400000 0.431373
vn 0.2181221 0.0366597 0.0408071
v 0.5226260 0.8969491 0.0977755 1.000000 0.400000 0.431373
vn 0.1770739 0.0366608 0.0427486
v 0.4242730 0.8969491 0.1024274 1.000000 0.400000 0.431373
vn 0.1343176 0.0366611 0.0442785
v 0.3218330 0.8969491 0.1060928 1.000000 0.400000 0.431373
vn 0.0902697 0.0366613 0.0453818
v 0.2162940 0.8969491 0.1087364 1.000000 0.400000 0.431373
vn 0.0453544 0.0366609 0.0460481
v 0.1086720 0.8969491 0.1103328 1.000000 0.400000 0.431373
vn 0.0000021 0.0366608 0.0462709
v 0.0000040 0.8969491 0.1108667 1.000000 0.400000 0.431373
vn -0.0453499 0.0366607 0.0460481
v -0.1086650 0.8969491 0.1103329 1.000000 0.400000 0.431373
vn -0.0902672 0.0366608 0.0453819
v -0.2162860 0.8969491 0.1087366 1.000000 0.400000 0.431373
vn -0.1343161 0.0366611 0.0442785
v -0.3218260 0.8969491 0.1060930 1.000000 0.400000 0.431373
vn -0.1770705 0.0366605 0.0427487
v -0.4242650 0.8969491 0.1024277 1.000000 0.400000 0.431373
vn -0.2181189 0.0366598 0.0408073
v -0.5226190 0.8969491 0.0977759 1.000000 0.400000 0.431373
vn -0.2570658 0.0366598 0.0384729
v -0.6159400 0.8969491 0.0921825 1.000000 0.400000 0.431373
vn -0.2935378 0.0366609 0.0357680
v -0.7033280 0.8969491 0.0857014 1.000000 0.400000 0.431373
vn -0.3271838 0.0366612 0.0327185
v -0.7839441 0.8969491 0.0783949 1.000000 0.400000 0.431373
vn -0.3576780 0.0366611 0.0293540
v -0.8570090 0.8969491 0.0703334 1.000000 0.400000 0.431373
vn -0.3847271 0.0366608 0.0257069
v -0.9218210 0.8969491 0.0615946 1.000000 0.400000 0.431373
vn -0.4080716 0.0366616 0.0218122
v -0.9777560 0.8969491 0.0522626 1.000000 0.400000 0.431373
vn -0.4274867 0.0366616 0.0177072
v -1.0242740 0.8969491 0.0424272 1.000000 0.400000 0.431373
vn -0.4427843 0.0366614 0.0134319
v -1.0609280 0.8969491 0.0321833 1.000000 0.400000 0.431373
vn -0.4538179 0.0366608 0.0090271
v -1.0873640 0.8969491 0.0216294 1.000000 0.400000 0.431373
vn -0.4604805 0.0366604 0.0045356
v -1.1033289 0.8969491 0.0108672 1.000000 0.400000 0.431373
vn -0.4627090 0.0366601 0.0000001
v -1.1086680 0.8969491 0.0000004 1.000000 0.400000 0.431373
vn -0.4608894 0.0310486 -0.0045392
v -1.1130360 0.7636160 -0.0109624 1.000000 0.400000 0.431373
vn -0.4542208 0.0310480 -0.0090350
v -1.0969310 0.7636160 -0.0218193 1.000000 0.400000 0.431373
vn -0.4431778 0.0310481 -0.0134436
v -1.0702630 0.7636160 -0.0324660 1.000000 0.400000 0.431373
vn -0.4278663 0.0310474 -0.0177229
v -1.0332870 0.7636160 -0.0428001 1.000000 0.400000 0.431373
vn -0.4084349 0.0310478 -0.0218313
v -0.9863600 0.7636160 -0.0527219 1.000000 0.400000 0.431373
vn -0.3850702 0.0310480 -0.0257295
v -0.9299340 0.7636160 -0.0621361 1.000000 0.400000 0.431373
vn -0.3579964 0.0310489 -0.0293799
v -0.8645520 0.7636160 -0.0709518 1.000000 0.400000 0.431373
vn -0.3274756 0.0310485 -0.0327474
v -0.7908450 0.7636160 -0.0790842 1.000000 0.400000 0.431373
vn -0.2937994 0.0310482 -0.0357996
v -0.7095211 0.7636160 -0.0864550 1.000000 0.400000 0.431373
vn -0.2572953 0.0310484 -0.0385070
v -0.6213630 0.7636160 -0.0929932 1.000000 0.400000 0.431373
vn -0.2183137 0.0310497 -0.0408434
v -0.5272220 0.7636160 -0.0986358 1.000000 0.400000 0.431373
vn -0.1772303 0.0310492 -0.0427865
v -0.4280040 0.7636160 -0.1033285 1.000000 0.400000 0.431373
vn -0.1344386 0.0310491 -0.0443177
v -0.3246630 0.7636160 -0.1070262 1.000000 0.400000 0.431373
vn -0.0903498 0.0310498 -0.0454221
v -0.2181960 0.7636160 -0.1096931 1.000000 0.400000 0.431373
vn -0.0453942 0.0310480 -0.0460889
v -0.1096280 0.7636160 -0.1113035 1.000000 0.400000 0.431373
vn -0.0000023 0.0310478 -0.0463119
v -0.0000040 0.7636160 -0.1118421 1.000000 0.400000 0.431373
vn 0.0453914 0.0310473 -0.0460890
v 0.1096210 0.7636160 -0.1113036 1.000000 0.400000 0.431373
vn 0.0903479 0.0310482 -0.0454221
v 0.2181890 0.7636160 -0.1096932 1.000000 0.400000 0.431373
vn 0.1344353 0.0310483 -0.0443178
v 0.3246560 0.7636160 -0.1070264 1.000000 0.400000 0.431373
vn 0.1772261 0.0310488 -0.0427867
v 0.4279970 0.7636160 -0.1033288 1.000000 0.400000 0.431373
vn 0.2183112 0.0310490 -0.0408436
v 0.5272160 0.7636160 -0.0986362 1.000000 0.400000 0.431373
vn 0.2572932 0.0310491 -0.0385071
v 0.6213570 0.7636160 -0.0929936 1.000000 0.400000 0.431373
vn 0.2937976 0.0310487 -0.0357998
v 0.7095150 0.7636160 -0.0864555 1.000000 0.400000 0.431373
vn 0.3274737 0.0310488 -0.0327476
v 0.7908400 0.7636160 -0.0790847 1.000000 0.400000 0.431373
vn 0.3579946 0.0310484 -0.0293802
v 0.8645480 0.7636160 -0.0709523 1.000000 0.400000 0.431373
vn 0.3850682 0.0310485 -0.0257297
v 0.9299310 0.7636160 -0.0621366 1.000000 0.400000 0.431373
vn 0.4084338 0.0310489 -0.0218315
v 0.9863570 0.7636160 -0.0527225 1.000000 0.400000 0.431373
vn 0.4278660 0.0310478 -0.0177229
v 1.0332850 0.7636160 -0.0428006 1.000000 0.400000 0.431373
vn 0.4431773 0.0310483 -0.0134437
v 1.0702610 0.7636160 -0.0324665 1.000000 0.400000 0.431373
vn 0.4542203 0.0310481 -0.0090352
v 1.0969300 0.7636160 -0.0218198 1.000000 0.400000 0.431373
vn 0.4608892 0.0310473 -0.0045395
v 1.1130350 0.7636160 -0.0109629 1.000000 0.400000 0.431373
vn 0.4631194 0.0310471 -0.0000002
v 1.1184210 0.7636160 -0.0000005 1.000000 0.400000 0.431373
vn 0.4608896 0.0310472 0.0045391
v 1.1130360 0.7636160 0.0109620 1.000000 0.400000 0.431373
vn 0.4542212 0.0310479 0.0090348
v 1.0969321 0.7636160 0.0218189 1.000000 0.400000 0.431373
vn 0.4431779 0.0310485 0.0134435
v 1.0702640 0.7636160 0.0324656 1.000000 0.400000 0.431373
vn 0.4278672 0.0310488 0.0177226
v 1.0332880 0.7636160 0.0427997 1.000000 0.400000 0.431373
vn 0.4084359 0.0310495 0.0218311
v 0.9863620 0.7636160 0.0527216 1.000000 0.400000 0.431373
vn 0.3850707 0.0310487 0.0257294
v 0.9299361 0.7636160 0.0621358 1.000000 0.400000 0.431373
vn 0.3579966 0.0310488 0.0293799
v 0.8645540 0.7636160 0.0709516 1.000000 0.400000 0.431373
vn 0.3274759 0.0310497 0.0327474
v 0.7908460 0.7636160 0.0790840 1.000000 0.400000 0.431373
vn 0.2938015 0.0310484 0.0357995
v 0.7095220 0.7636160 0.0864549 1.000000 0.400000 0.431373
vn 0.2572958 0.0310485 0.0385069
v 0.6213650 0.7636160 0.0929931 1.000000 0.400000 0.431373
vn 0.2183145 0.0310487 0.0408434
v 0.5272240 0.7636160 0.0986357 1.000000 0.400000 0.431373
vn 0.1772306 0.0310475 0.0427865
v 0.4280050 0.7636160 0.1033285 1.000000 0.400000 0.431373
vn 0.1344374 0.0310474 0.0443177
v 0.3246650 0.7636160 0.1070261 1.000000 0.400000 0.431373
vn 0.0903511 0.0310481 0.0454220
v 0.2181970 0.7636160 0.1096930 1.000000 0.400000 0.431373
vn 0.0453950 0.0310487 0.0460889
v 0.1096280 0.7636160 0.1113035 1.000000 0.400000 0.431373
vn 0.0000022 0.0310488 0.0463119
v 0.0000040 0.7636160 0.1118421 1.000000 0.400000 0.431373
vn -0.0453910 0.0310485 0.0460890
v -0.1096210 0.7636160 0.1113036 1.000000 0.400000 0.431373
vn -0.0903473 0.0310481 0.0454221
v -0.2181890 0.7636160 0.1096932 1.000000 0.400000 0.431373
vn -0.1344353 0.0310480 0.0443178
v -0.3246570 0.7636160 0.1070264 1.000000 0.400000 0.431373
vn -0.1772280 0.0310473 0.0427867
v -0.4279980 0.7636160 0.1033288 1.000000 0.400000 0.431373
vn -0.2183124 0.0310487 0.0408435
v -0.5272170 0.7636160 0.0986361 1.000000 0.400000 0.431373
vn -0.2572932 0.0310492 0.0385071
v -0.6213580 0.7636160 0.0929935 1.000000 0.400000 0.431373
vn -0.2937978 0.0310486 0.0357998
v -0.7095160 0.7636160 0.0864554 1.000000 0.400000 0.431373
vn -0.3274738 0.0310480 0.0327476
v -0.7908410 0.7636160 0.0790846 1.000000 0.400000 0.431373
vn -0.3579955 0.0310484 0.0293801
v -0.8645490 0.7636160 0.0709522 1.000000 0.400000 0.431373
vn -0.3850689 0.0310479 0.0257297
v -0.9299310 0.7636160 0.0621365 1.000000 0.400000 0.431373
vn -0.4084340 0.0310477 0.0218315
v -0.9863580 0.7636160 0.0527223 1.000000 0.400000 0.431373
vn -0.4278663 0.0310470 0.0177229
v -1.0332850 0.7636160 0.0428005 1.000000 0.400000 0.431373
vn -0.4431772 0.0310480 0.0134438
v -1.0702610 0.7636160 0.0324664 1.000000 0.400000 0.431373
vn -0.4542205 0.0310484 0.0090351
v -1.0969300 0.7636160 0.0218197 1.000000 0.400000 0.431373
vn -0.4608892 0.0310476 0.0045395
v -1.1130350 0.7636160 0.0109628 1.000000 0.400000 0.431373
vn -0.4631194 0.0310476 0.0000002
v -1.1184210 0.7636160 0.0000004 1.000000 0.400000 0.431373
vn -0.4612306 0.0254223 -0.0045426
v -1.1211250 0.6302830 -0.0110421 1.000000 0.400000 0.431373
vn -0.4545568 0.0254223 -0.0090417
v -1.1049030 0.6302830 -0.0219779 1.000000 0.400000 0.431373
vn -0.4435059 0.0254212 -0.0134536
v -1.0780410 0.6302830 -0.0327019 1.000000 0.400000 0.431373
vn -0.4281831 0.0254217 -0.0177360
v -1.0407960 0.6302830 -0.0431111 1.000000 0.400000 0.431373
vn -0.4087372 0.0254223 -0.0218474
v -0.9935280 0.6302830 -0.0531051 1.000000 0.400000 0.431373
vn -0.3853556 0.0254215 -0.0257485
v -0.9366920 0.6302830 -0.0625876 1.000000 0.400000 0.431373
vn -0.3582624 0.0254211 -0.0294016
v -0.8708360 0.6302830 -0.0714674 1.000000 0.400000 0.431373
vn -0.3277171 0.0254211 -0.0327718
v -0.7965920 0.6302830 -0.0796590 1.000000 0.400000 0.431373
vn -0.2940171 0.0254218 -0.0358261
v -0.7146770 0.6302830 -0.0870833 1.000000 0.400000 0.431373
vn -0.2574870 0.0254221 -0.0385354
v -0.6258790 0.6302830 -0.0936690 1.000000 0.400000 0.431373
vn -0.2184762 0.0254218 -0.0408736
v -0.5310540 0.6302830 -0.0993527 1.000000 0.400000 0.431373
vn -0.1773602 0.0254219 -0.0428183
v -0.4311140 0.6302830 -0.1040795 1.000000 0.400000 0.431373
vn -0.1345383 0.0254211 -0.0443505
v -0.3270230 0.6302830 -0.1078040 1.000000 0.400000 0.431373
vn -0.0904170 0.0254214 -0.0454557
v -0.2197820 0.6302830 -0.1104903 1.000000 0.400000 0.431373
vn -0.0454285 0.0254227 -0.0461230
v -0.1104250 0.6302830 -0.1121124 1.000000 0.400000 0.431373
vn -0.0000020 0.0254228 -0.0463462
v -0.0000040 0.6302830 -0.1126550 1.000000 0.400000 0.431373
vn 0.0454256 0.0254220 -0.0461231
v 0.1104170 0.6302830 -0.1121125 1.000000 0.400000 0.431373
vn 0.0904145 0.0254224 -0.0454557
v 0.2197750 0.6302830 -0.1104904 1.000000 0.400000 0.431373
vn 0.1345346 0.0254218 -0.0443506
v 0.3270160 0.6302830 -0.1078042 1.000000 0.400000 0.431373
vn 0.1773572 0.0254222 -0.0428184
v 0.4311080 0.6302830 -0.1040798 1.000000 0.400000 0.431373
vn 0.2184731 0.0254219 -0.0408738
v 0.5310480 0.6302830 -0.0993530 1.000000 0.400000 0.431373
vn 0.2574842 0.0254219 -0.0385356
v 0.6258731 0.6302830 -0.0936695 1.000000 0.400000 0.431373
vn 0.2940155 0.0254216 -0.0358263
v 0.7146710 0.6302830 -0.0870838 1.000000 0.400000 0.431373
vn 0.3277159 0.0254218 -0.0327719
v 0.7965870 0.6302830 -0.0796595 1.000000 0.400000 0.431373
vn 0.3582603 0.0254223 -0.0294018
v 0.8708310 0.6302830 -0.0714679 1.000000 0.400000 0.431373
vn 0.3853528 0.0254205 -0.0257489
v 0.9366890 0.6302830 -0.0625882 1.000000 0.400000 0.431373
vn 0.4087365 0.0254214 -0.0218476
v 0.9935260 0.6302830 -0.0531056 1.000000 0.400000 0.431373
vn 0.4281830 0.0254224 -0.0177360
v 1.0407940 0.6302830 -0.0431116 1.000000 0.400000 0.431373
vn 0.4435050 0.0254227 -0.0134538
v 1.0780391 0.6302830 -0.0327025 1.000000 0.400000 0.431373
vn 0.4545566 0.0254228 -0.0090419
v 1.1049020 0.6302830 -0.0219784 1.000000 0.400000 0.431373
vn 0.4612303 0.0254223 -0.0045429
v 1.1211240 0.6302830 -0.0110426 1.000000 0.400000 0.431373
vn 0.4634622 0.0254228 -0.0000002
v 1.1265490 0.6302830 -0.0000005 1.000000 0.400000 0.431373
vn 0.4612308 0.0254223 0.0045424
v 1.1211250 0.6302830 0.0110416 1.000000 0.400000 0.431373
vn 0.4545574 0.0254222 0.0090415
v 1.1049041 0.6302830 0.0219774 1.000000 0.400000 0.431373
vn 0.4435064 0.0254213 0.0134534
v 1.0780420 0.6302830 0.0327016 1.000000 0.400000 0.431373
vn 0.4281840 0.0254221 0.0177357
v 1.0407979 0.6302830 0.0431107 1.000000 0.400000 0.431373
vn 0.4087382 0.0254221 0.0218473
v 0.9935300 0.6302830 0.0531048 1.000000 0.400000 0.431373
vn 0.3853554 0.0254222 0.0257485
v 0.9366941 0.6302830 0.0625874 1.000000 0.400000 0.431373
vn 0.3582624 0.0254217 0.0294016
v 0.8708370 0.6302830 0.0714672 1.000000 0.400000 0.431373
vn 0.3277190 0.0254217 0.0327716
v 0.7965940 0.6302830 0.0796588 1.000000 0.400000 0.431373
vn 0.2940182 0.0254218 0.0358260
v 0.7146790 0.6302830 0.0870832 1.000000 0.400000 0.431373
vn 0.2574866 0.0254217 0.0385354
v 0.6258810 0.6302830 0.0936689 1.000000 0.400000 0.431373
vn 0.2184760 0.0254223 0.0408736
v 0.5310550 0.6302830 0.0993526 1.000000 0.400000 0.431373
vn 0.1773610 0.0254226 0.0428183
v 0.4311160 0.6302830 0.1040794 1.000000 0.400000 0.431373
vn 0.1345374 0.0254228 0.0443505
v 0.3270240 0.6302830 0.1078039 1.000000 0.400000 0.431373
vn 0.0904185 0.0254231 0.0454557
v 0.2197830 0.6302830 0.1104902 1.000000 0.400000 0.431373
vn 0.0454286 0.0254224 0.0461230
v 0.1104250 0.6302830 0.1121124 1.000000 0.400000 0.431373
vn 0.0000020 0.0254228 0.0463462
v 0.0000040 0.6302830 0.1126549 1.000000 0.400000 0.431373
vn -0.0454246 0.0254221 0.0461231
v -0.1104170 0.6302830 0.1121125 1.000000 0.400000 0.431373
vn -0.0904145 0.0254215 0.0454557
v -0.2197750 0.6302830 0.1104904 1.000000 0.400000 0.431373
vn -0.1345357 0.0254211 0.0443506
v -0.3270160 0.6302830 0.1078042 1.000000 0.400000 0.431373
vn -0.1773582 0.0254219 0.0428184
v -0.4311080 0.6302830 0.1040797 1.000000 0.400000 0.431373
vn -0.2184718 0.0254221 0.0408739
v -0.5310480 0.6302830 0.0993530 1.000000 0.400000 0.431373
vn -0.2574845 0.0254223 0.0385356
v -0.6258740 0.6302830 0.0936694 1.000000 0.400000 0.431373
vn -0.2940167 0.0254216 0.0358262
v -0.7146721 0.6302830 0.0870837 1.000000 0.400000 0.431373
vn -0.3277166 0.0254209 0.0327718
v -0.7965880 0.6302830 0.0796593 1.000000 0.400000 0.431373
vn -0.3582605 0.0254208 0.0294018
v -0.8708321 0.6302830 0.0714678 1.000000 0.400000 0.431373
vn -0.3853539 0.0254217 0.0257487
v -0.9366890 0.6302830 0.0625880 1.000000 0.400000 0.431373
vn -0.4087363 0.0254220 0.0218476
v -0.9935260 0.6302830 0.0531055 1.000000 0.400000 0.431373
vn -0.4281826 0.0254224 0.0177361
v -1.0407940 0.6302830 0.0431115 1.000000 0.400000 0.431373
vn -0.4435049 0.0254223 0.0134539
v -1.0780400 0.6302830 0.0327024 1.000000 0.400000 0.431373
vn -0.4545569 0.0254223 0.0090417
v -1.1049020 0.6302830 0.0219783 1.000000 0.400000 0.431373
vn -0.4612304 0.0254223 0.0045429
v -1.1211240 0.6302830 0.0110425 1.000000 0.400000 0.431373
vn -0.4634622 0.0254228 0.0000002
v -1.1265490 0.6302830 0.0000004 1.000000 0.400000 0.431373
vn -0.4615042 0.0197834 -0.0045453
v -1.1275960 0.4969500 -0.0111058 1.000000 0.400000 0.431373
vn -0.4548264 0.0197844 -0.0090471
v -1.1112810 0.4969500 -0.0221047 1.000000 0.400000 0.431373
vn -0.4437688 0.0197844 -0.0134616
v -1.0842630 0.4969500 -0.0328907 1.000000 0.400000 0.431373
vn -0.4284374 0.0197842 -0.0177464
v -1.0468040 0.4969500 -0.0433599 1.000000 0.400000 0.431373
vn -0.4089800 0.0197844 -0.0218603
v -0.9992630 0.4969500 -0.0534116 1.000000 0.400000 0.431373
vn -0.3855834 0.0197847 -0.0257638
v -0.9420990 0.4969500 -0.0629489 1.000000 0.400000 0.431373
vn -0.3584739 0.0197841 -0.0294191
v -0.8758620 0.4969500 -0.0718799 1.000000 0.400000 0.431373
vn -0.3279125 0.0197840 -0.0327911
v -0.8011901 0.4969500 -0.0801187 1.000000 0.400000 0.431373
vn -0.2941929 0.0197854 -0.0358473
v -0.7188020 0.4969500 -0.0875860 1.000000 0.400000 0.431373
vn -0.2576381 0.0197852 -0.0385583
v -0.6294920 0.4969500 -0.0942097 1.000000 0.400000 0.431373
vn -0.2186050 0.0197836 -0.0408979
v -0.5341190 0.4969500 -0.0999261 1.000000 0.400000 0.431373
vn -0.1774656 0.0197840 -0.0428437
v -0.4336030 0.4969500 -0.1046802 1.000000 0.400000 0.431373
vn -0.1346174 0.0197837 -0.0443768
v -0.3289100 0.4969500 -0.1084262 1.000000 0.400000 0.431373
vn -0.0904728 0.0197837 -0.0454826
v -0.2210510 0.4969500 -0.1111280 1.000000 0.400000 0.431373
vn -0.0454560 0.0197853 -0.0461504
v -0.1110620 0.4969500 -0.1127596 1.000000 0.400000 0.431373
vn -0.0000007 0.0197847 -0.0463737
v -0.0000040 0.4969500 -0.1133052 1.000000 0.400000 0.431373
vn 0.0454520 0.0197854 -0.0461504
v 0.1110550 0.4969500 -0.1127596 1.000000 0.400000 0.431373
vn 0.0904690 0.0197847 -0.0454827
v 0.2210430 0.4969500 -0.1111282 1.000000 0.400000 0.431373
vn 0.1346152 0.0197835 -0.0443769
v 0.3289030 0.4969500 -0.1084264 1.000000 0.400000 0.431373
vn 0.1774615 0.0197837 -0.0428438
v 0.4335960 0.4969500 -0.1046805 1.000000 0.400000 0.431373
vn 0.2186022 0.0197844 -0.0408981
v 0.5341130 0.4969500 -0.0999265 1.000000 0.400000 0.431373
vn 0.2576373 0.0197840 -0.0385584
v 0.6294861 0.4969500 -0.0942101 1.000000 0.400000 0.431373
vn 0.2941907 0.0197835 -0.0358474
v 0.7187971 0.4969500 -0.0875864 1.000000 0.400000 0.431373
vn 0.3279097 0.0197828 -0.0327914
v 0.8011850 0.4969500 -0.0801192 1.000000 0.400000 0.431373
vn 0.3584726 0.0197848 -0.0294193
v 0.8758580 0.4969500 -0.0718805 1.000000 0.400000 0.431373
vn 0.3855828 0.0197843 -0.0257639
v 0.9420950 0.4969500 -0.0629494 1.000000 0.400000 0.431373
vn 0.4089779 0.0197832 -0.0218608
v 0.9992600 0.4969500 -0.0534121 1.000000 0.400000 0.431373
vn 0.4284362 0.0197844 -0.0177467
v 1.0468020 0.4969500 -0.0433605 1.000000 0.400000 0.431373
vn 0.4437682 0.0197855 -0.0134617
v 1.0842620 0.4969500 -0.0328912 1.000000 0.400000 0.431373
vn 0.4548264 0.0197850 -0.0090471
v 1.1112800 0.4969500 -0.0221052 1.000000 0.400000 0.431373
vn 0.4615039 0.0197851 -0.0045456
v 1.1275949 0.4969500 -0.0111063 1.000000 0.400000 0.431373
vn 0.4637371 0.0197852 -0.0000002
v 1.1330520 0.4969500 -0.0000005 1.000000 0.400000 0.431373
vn 0.4615043 0.0197848 0.0045452
v 1.1275960 0.4969500 0.0111054 1.000000 0.400000 0.431373
vn 0.4548268 0.0197846 0.0090469
v 1.1112820 0.4969500 0.0221043 1.000000 0.400000 0.431373
vn 0.4437692 0.0197839 0.0134615
v 1.0842640 0.4969500 0.0328903 1.000000 0.400000 0.431373
vn 0.4284384 0.0197841 0.0177462
v 1.0468050 0.4969500 0.0433596 1.000000 0.400000 0.431373
vn 0.4089807 0.0197844 0.0218602
v 0.9992650 0.4969500 0.0534113 1.000000 0.400000 0.431373
vn 0.3855842 0.0197840 0.0257637
v 0.9421010 0.4969500 0.0629486 1.000000 0.400000 0.431373
vn 0.3584743 0.0197848 0.0294191
v 0.8758640 0.4969500 0.0718797 1.000000 0.400000 0.431373
vn 0.3279130 0.0197839 0.0327910
v 0.8011920 0.4969500 0.0801185 1.000000 0.400000 0.431373
vn 0.2941932 0.0197842 0.0358472
v 0.7188040 0.4969500 0.0875858 1.000000 0.400000 0.431373
vn 0.2576394 0.0197849 0.0385583
v 0.6294930 0.4969500 0.0942096 1.000000 0.400000 0.431373
vn 0.2186063 0.0197842 0.0408978
v 0.5341210 0.4969500 0.0999260 1.000000 0.400000 0.431373
vn 0.1774668 0.0197837 0.0428436
v 0.4336040 0.4969500 0.1046802 1.000000 0.400000 0.431373
vn 0.1346179 0.0197847 0.0443768
v 0.3289120 0.4969500 0.1084262 1.000000 0.400000 0.431373
vn 0.0904715 0.0197849 0.0454826
v 0.2210520 0.4969500 0.1111280 1.000000 0.400000 0.431373
vn 0.0454555 0.0197849 0.0461504
v 0.1110630 0.4969500 0.1127595 1.000000 0.400000 0.431373
vn 0.0000022 0.0197847 0.0463737
v 0.0000040 0.4969500 0.1133052 1.000000 0.400000 0.431373
vn -0.0454530 0.0197849 0.0461504
v -0.1110550 0.4969500 0.1127596 1.000000 0.400000 0.431373
vn -0.0904689 0.0197848 0.0454827
v -0.2210440 0.4969500 0.1111281 1.000000 0.400000 0.431373
vn -0.1346143 0.0197843 0.0443769
v -0.3289040 0.4969500 0.1084264 1.000000 0.400000 0.431373
vn -0.1774635 0.0197845 0.0428438
v -0.4335970 0.4969500 0.1046805 1.000000 0.400000 0.431373
vn -0.2186031 0.0197833 0.0408980
v -0.5341140 0.4969500 0.0999264 1.000000 0.400000 0.431373
vn -0.2576371 0.0197833 0.0385584
v -0.6294870 0.4969500 0.0942100 1.000000 0.400000 0.431373
vn -0.2941908 0.0197840 0.0358474
v -0.7187980 0.4969500 0.0875863 1.000000 0.400000 0.431373
vn -0.3279117 0.0197845 0.0327912
v -0.8011860 0.4969500 0.0801191 1.000000 0.400000 0.431373
vn -0.3584722 0.0197841 0.0294193
v -0.8758580 0.4969500 0.0718803 1.000000 0.400000 0.431373
vn -0.3855818 0.0197854 0.0257641
v -0.9420961 0.4969500 0.0629493 1.000000 0.400000 0.431373
vn -0.4089788 0.0197846 0.0218606
v -0.9992611 0.4969500 0.0534120 1.000000 0.400000 0.431373
vn -0.4284368 0.0197840 0.0177466
v -1.0468020 0.4969500 0.0433604 1.000000 0.400000 0.431373
vn -0.4437682 0.0197842 0.0134618
v -1.0842620 0.4969500 0.0328911 1.000000 0.400000 0.431373
vn -0.4548264 0.0197849 0.0090471
v -1.1112800 0.4969500 0.0221051 1.000000 0.400000 0.431373
vn -0.4615039 0.0197851 0.0045456
v -1.1275949 0.4969500 0.0111062 1.000000 0.400000 0.431373
vn -0.4637371 0.0197848 0.0000002
v -1.1330520 0.4969500 0.0000004 1.000000 0.400000 0.431373
vn -0.4617096 0.0141383 -0.0045474
v -1.1324490 0.3636160 -0.0111536 1.000000 0.400000 0.431373
vn -0.4550291 0.0141384 -0.0090510
v -1.1160640 0.3636160 -0.0221999 1.000000 0.400000 0.431373
vn -0.4439662 0.0141379 -0.0134676
v -1.0889300 0.3636160 -0.0330323 1.000000 0.400000 0.431373
vn -0.4286279 0.0141376 -0.0177544
v -1.0513090 0.3636160 -0.0435466 1.000000 0.400000 0.431373
vn -0.4091621 0.0141378 -0.0218701
v -1.0035640 0.3636160 -0.0536415 1.000000 0.400000 0.431373
vn -0.3857554 0.0141381 -0.0257753
v -0.9461540 0.3636160 -0.0632198 1.000000 0.400000 0.431373
vn -0.3586335 0.0141384 -0.0294322
v -0.8796320 0.3636160 -0.0721893 1.000000 0.400000 0.431373
vn -0.3280586 0.0141382 -0.0328057
v -0.8046380 0.3636160 -0.0804636 1.000000 0.400000 0.431373
vn -0.2943234 0.0141379 -0.0358633
v -0.7218960 0.3636160 -0.0879630 1.000000 0.400000 0.431373
vn -0.2577530 0.0141375 -0.0385755
v -0.6322011 0.3636160 -0.0946152 1.000000 0.400000 0.431373
vn -0.2187021 0.0141391 -0.0409161
v -0.5364180 0.3636160 -0.1003562 1.000000 0.400000 0.431373
vn -0.1775451 0.0141383 -0.0428627
v -0.4354690 0.3636160 -0.1051308 1.000000 0.400000 0.431373
vn -0.1346765 0.0141379 -0.0443966
v -0.3303260 0.3636160 -0.1088929 1.000000 0.400000 0.431373
vn -0.0905128 0.0141379 -0.0455029
v -0.2220020 0.3636160 -0.1116063 1.000000 0.400000 0.431373
vn -0.0454765 0.0141369 -0.0461709
v -0.1115400 0.3636160 -0.1132449 1.000000 0.400000 0.431373
vn -0.0000016 0.0141374 -0.0463944
v -0.0000040 0.3636160 -0.1137929 1.000000 0.400000 0.431373
vn 0.0454719 0.0141377 -0.0461710
v 0.1115330 0.3636160 -0.1132450 1.000000 0.400000 0.431373
vn 0.0905106 0.0141382 -0.0455029
v 0.2219950 0.3636160 -0.1116065 1.000000 0.400000 0.431373
vn 0.1346746 0.0141383 -0.0443967
v 0.3303190 0.3636160 -0.1088931 1.000000 0.400000 0.431373
vn 0.1775406 0.0141391 -0.0428629
v 0.4354620 0.3636160 -0.1051311 1.000000 0.400000 0.431373
vn 0.2187002 0.0141375 -0.0409162
v 0.5364120 0.3636160 -0.1003566 1.000000 0.400000 0.431373
vn 0.2577523 0.0141369 -0.0385756
v 0.6321950 0.3636160 -0.0946156 1.000000 0.400000 0.431373
vn 0.2943214 0.0141376 -0.0358634
v 0.7218900 0.3636160 -0.0879634 1.000000 0.400000 0.431373
vn 0.3280555 0.0141381 -0.0328060
v 0.8046330 0.3636160 -0.0804641 1.000000 0.400000 0.431373
vn 0.3586317 0.0141375 -0.0294325
v 0.8796280 0.3636160 -0.0721898 1.000000 0.400000 0.431373
vn 0.3857543 0.0141386 -0.0257754
v 0.9461501 0.3636160 -0.0632204 1.000000 0.400000 0.431373
vn 0.4091609 0.0141377 -0.0218703
v 1.0035610 0.3636160 -0.0536420 1.000000 0.400000 0.431373
vn 0.4286265 0.0141368 -0.0177547
v 1.0513070 0.3636160 -0.0435471 1.000000 0.400000 0.431373
vn 0.4439656 0.0141375 -0.0134678
v 1.0889291 0.3636160 -0.0330328 1.000000 0.400000 0.431373
vn 0.4550288 0.0141369 -0.0090512
v 1.1160630 0.3636160 -0.0222004 1.000000 0.400000 0.431373
vn 0.4617094 0.0141375 -0.0045476
v 1.1324490 0.3636160 -0.0111541 1.000000 0.400000 0.431373
vn 0.4639436 0.0141374 -0.0000002
v 1.1379290 0.3636160 -0.0000005 1.000000 0.400000 0.431373
vn 0.4617098 0.0141380 0.0045472
v 1.1324500 0.3636160 0.0111532 1.000000 0.400000 0.431373
vn 0.4550292 0.0141381 0.0090510
v 1.1160650 0.3636160 0.0221994 1.000000 0.400000 0.431373
vn 0.4439667 0.0141374 0.0134674
v 1.0889310 0.3636160 0.0330319 1.000000 0.400000 0.431373
vn 0.4286291 0.0141379 0.0177541
v 1.0513110 0.3636160 0.0435462 1.000000 0.400000 0.431373
vn 0.4091626 0.0141370 0.0218700
v 1.0035660 0.3636160 0.0536412 1.000000 0.400000 0.431373
vn 0.3857563 0.0141377 0.0257751
v 0.9461560 0.3636160 0.0632195 1.000000 0.400000 0.431373
vn 0.3586340 0.0141376 0.0294322
v 0.8796340 0.3636160 0.0721891 1.000000 0.400000 0.431373
vn 0.3280587 0.0141376 0.0328057
v 0.8046400 0.3636160 0.0804634 1.000000 0.400000 0.431373
vn 0.2943248 0.0141373 0.0358631
v 0.7218980 0.3636160 0.0879628 1.000000 0.400000 0.431373
vn 0.2577542 0.0141379 0.0385754
v 0.6322030 0.3636160 0.0946151 1.000000 0.400000 0.431373
vn 0.2187019 0.0141380 0.0409161
v 0.5364200 0.3636160 0.1003561 1.000000 0.400000 0.431373
vn 0.1775457 0.0141374 0.0428627
v 0.4354700 0.3636160 0.1051307 1.000000 0.400000 0.431373
vn 0.1346787 0.0141376 0.0443965
v 0.3303270 0.3636160 0.1088929 1.000000 0.400000 0.431373
vn 0.0905121 0.0141375 0.0455029
v 0.2220030 0.3636160 0.1116063 1.000000 0.400000 0.431373
vn 0.0454761 0.0141376 0.0461709
v 0.1115410 0.3636160 0.1132449 1.000000 0.400000 0.431373
vn 0.0000020 0.0141379 0.0463944
v 0.0000040 0.3636160 0.1137929 1.000000 0.400000 0.431373
vn -0.0454724 0.0141377 0.0461710
v -0.1115330 0.3636160 0.1132450 1.000000 0.400000 0.431373
vn -0.0905102 0.0141373 0.0455029
v -0.2219950 0.3636160 0.1116065 1.000000 0.400000 0.431373
vn -0.1346754 0.0141370 0.0443966
v -0.3303190 0.3636160 0.1088931 1.000000 0.400000 0.431373
vn -0.1775429 0.0141371 0.0428628
v -0.4354630 0.3636160 0.1051310 1.000000 0.400000 0.431373
vn -0.2186996 0.0141384 0.0409163
v -0.5364120 0.3636160 0.1003565 1.000000 0.400000 0.431373
vn -0.2577518 0.0141382 0.0385756
v -0.6321960 0.3636160 0.0946155 1.000000 0.400000 0.431373
vn -0.2943212 0.0141373 0.0358634
v -0.7218910 0.3636160 0.0879633 1.000000 0.400000 0.431373
vn -0.3280565 0.0141383 0.0328059
v -0.8046340 0.3636160 0.0804640 1.000000 0.400000 0.431373
vn -0.3586316 0.0141398 0.0294325
v -0.8796280 0.3636160 0.0721897 1.000000 0.400000 0.431373
vn -0.3857538 0.0141382 0.0257755
v -0.9461510 0.3636160 0.0632203 1.000000 0.400000 0.431373
vn -0.4091617 0.0141377 0.0218702
v -1.0035620 0.3636160 0.0536419 1.000000 0.400000 0.431373
vn -0.4286274 0.0141376 0.0177545
v -1.0513070 0.3636160 0.0435470 1.000000 0.400000 0.431373
vn -0.4439654 0.0141381 0.0134679
v -1.0889291 0.3636160 0.0330327 1.000000 0.400000 0.431373
vn -0.4550288 0.0141379 0.0090512
v -1.1160630 0.3636160 0.0222003 1.000000 0.400000 0.431373
vn -0.4617094 0.0141375 0.0045476
v -1.1324490 0.3636160 0.0111540 1.000000 0.400000 0.431373
vn -0.4639436 0.0141379 0.0000001
v -1.1379290 0.3636160 0.0000004 1.000000 0.400000 0.431373
vn -0.4618468 0.0084860 -0.0045487
v -1.1356850 0.2302830 -0.0111855 1.000000 0.400000 0.431373
vn -0.4551641 0.0084854 -0.0090538
v -1.1192530 0.2302830 -0.0222633 1.000000 0.400000 0.431373
vn -0.4440979 0.0084853 -0.0134717
v -1.0920410 0.2302830 -0.0331266 1.000000 0.400000 0.431373
vn -0.4287554 0.0084856 -0.0177596
v -1.0543129 0.2302830 -0.0436710 1.000000 0.400000 0.431373
vn -0.4092836 0.0084854 -0.0218766
v -1.0064310 0.2302830 -0.0537948 1.000000 0.400000 0.431373
vn -0.3858700 0.0084858 -0.0257829
v -0.9488570 0.2302830 -0.0634005 1.000000 0.400000 0.431373
vn -0.3587398 0.0084856 -0.0294410
v -0.8821450 0.2302830 -0.0723956 1.000000 0.400000 0.431373
vn -0.3281561 0.0084854 -0.0328154
v -0.8069370 0.2302830 -0.0806935 1.000000 0.400000 0.431373
vn -0.2944100 0.0084846 -0.0358740
v -0.7239591 0.2302830 -0.0882143 1.000000 0.400000 0.431373
vn -0.2578305 0.0084847 -0.0385869
v -0.6340070 0.2302830 -0.0948855 1.000000 0.400000 0.431373
vn -0.2187679 0.0084848 -0.0409282
v -0.5379510 0.2302830 -0.1006430 1.000000 0.400000 0.431373
vn -0.1775967 0.0084858 -0.0428755
v -0.4367130 0.2302830 -0.1054312 1.000000 0.400000 0.431373
vn -0.1347163 0.0084856 -0.0444098
v -0.3312700 0.2302830 -0.1092040 1.000000 0.400000 0.431373
vn -0.0905390 0.0084846 -0.0455164
v -0.2226360 0.2302830 -0.1119252 1.000000 0.400000 0.431373
vn -0.0454898 0.0084844 -0.0461847
v -0.1118590 0.2302830 -0.1135684 1.000000 0.400000 0.431373
vn -0.0000018 0.0084854 -0.0464081
v -0.0000040 0.2302830 -0.1141180 1.000000 0.400000 0.431373
vn 0.0454848 0.0084849 -0.0461847
v 0.1118510 0.2302830 -0.1135685 1.000000 0.400000 0.431373
vn 0.0905368 0.0084846 -0.0455164
v 0.2226290 0.2302830 -0.1119254 1.000000 0.400000 0.431373
vn 0.1347138 0.0084854 -0.0444099
v 0.3312630 0.2302830 -0.1092042 1.000000 0.400000 0.431373
vn 0.1775941 0.0084859 -0.0428756
v 0.4367070 0.2302830 -0.1054315 1.000000 0.400000 0.431373
vn 0.2187666 0.0084853 -0.0409283
v 0.5379440 0.2302830 -0.1006433 1.000000 0.400000 0.431373
vn 0.2578280 0.0084857 -0.0385871
v 0.6340010 0.2302830 -0.0948859 1.000000 0.400000 0.431373
vn 0.2944084 0.0084856 -0.0358741
v 0.7239530 0.2302830 -0.0882147 1.000000 0.400000 0.431373
vn 0.3281532 0.0084851 -0.0328157
v 0.8069320 0.2302830 -0.0806940 1.000000 0.400000 0.431373
vn 0.3587377 0.0084845 -0.0294413
v 0.8821410 0.2302830 -0.0723961 1.000000 0.400000 0.431373
vn 0.3858689 0.0084851 -0.0257831
v 0.9488540 0.2302830 -0.0634010 1.000000 0.400000 0.431373
vn 0.4092827 0.0084855 -0.0218767
v 1.0064280 0.2302830 -0.0537953 1.000000 0.400000 0.431373
vn 0.4287539 0.0084855 -0.0177600
v 1.0543110 0.2302830 -0.0436715 1.000000 0.400000 0.431373
vn 0.4440978 0.0084852 -0.0134717
v 1.0920399 0.2302830 -0.0331272 1.000000 0.400000 0.431373
vn 0.4551640 0.0084850 -0.0090538
v 1.1192510 0.2302830 -0.0222638 1.000000 0.400000 0.431373
vn 0.4618464 0.0084851 -0.0045491
v 1.1356840 0.2302830 -0.0111860 1.000000 0.400000 0.431373
vn 0.4640814 0.0084857 -0.0000002
v 1.1411800 0.2302830 -0.0000005 1.000000 0.400000 0.431373
vn 0.4618470 0.0084850 0.0045485
v 1.1356850 0.2302830 0.0111850 1.000000 0.400000 0.431373
vn 0.4551644 0.0084853 0.0090537
v 1.1192540 0.2302830 0.0222628 1.000000 0.400000 0.431373
vn 0.4440986 0.0084858 0.0134714
v 1.0920420 0.2302830 0.0331262 1.000000 0.400000 0.431373
vn 0.4287564 0.0084861 0.0177593
v 1.0543150 0.2302830 0.0436706 1.000000 0.400000 0.431373
vn 0.4092840 0.0084859 0.0218765
v 1.0064330 0.2302830 0.0537944 1.000000 0.400000 0.431373
vn 0.3858708 0.0084860 0.0257828
v 0.9488590 0.2302830 0.0634002 1.000000 0.400000 0.431373
vn 0.3587403 0.0084856 0.0294409
v 0.8821470 0.2302830 0.0723953 1.000000 0.400000 0.431373
vn 0.3281560 0.0084855 0.0328154
v 0.8069390 0.2302830 0.0806933 1.000000 0.400000 0.431373
vn 0.2944119 0.0084856 0.0358738
v 0.7239600 0.2302830 0.0882141 1.000000 0.400000 0.431373
vn 0.2578314 0.0084849 0.0385868
v 0.6340090 0.2302830 0.0948854 1.000000 0.400000 0.431373
vn 0.2187678 0.0084852 0.0409282
v 0.5379520 0.2302830 0.1006429 1.000000 0.400000 0.431373
vn 0.1775983 0.0084864 0.0428754
v 0.4367150 0.2302830 0.1054311 1.000000 0.400000 0.431373
vn 0.1347181 0.0084860 0.0444097
v 0.3312710 0.2302830 0.1092040 1.000000 0.400000 0.431373
vn 0.0905381 0.0084855 0.0455164
v 0.2226370 0.2302830 0.1119252 1.000000 0.400000 0.431373
vn 0.0454893 0.0084853 0.0461847
v 0.1118590 0.2302830 0.1135684 1.000000 0.400000 0.431373
vn 0.0000020 0.0084848 0.0464081
v 0.0000040 0.2302830 0.1141180 1.000000 0.400000 0.431373
vn -0.0454867 0.0084849 0.0461847
v -0.1118510 0.2302830 0.1135685 1.000000 0.400000 0.431373
vn -0.0905364 0.0084850 0.0455164
v -0.2226290 0.2302830 0.1119253 1.000000 0.400000 0.431373
vn -0.1347142 0.0084858 0.0444099
v -0.3312630 0.2302830 0.1092042 1.000000 0.400000 0.431373
vn -0.1775941 0.0084861 0.0428756
v -0.4367070 0.2302830 0.1054314 1.000000 0.400000 0.431373
vn -0.2187645 0.0084857 0.0409284
v -0.5379450 0.2302830 0.1006433 1.000000 0.400000 0.431373
vn -0.2578290 0.0084856 0.0385870
v -0.6340020 0.2302830 0.0948859 1.000000 0.400000 0.431373
vn -0.2944091 0.0084858 0.0358741
v -0.7239541 0.2302830 0.0882146 1.000000 0.400000 0.431373
vn -0.3281529 0.0084855 0.0328157
v -0.8069330 0.2302830 0.0806939 1.000000 0.400000 0.431373
vn -0.3587388 0.0084850 0.0294411
v -0.8821421 0.2302830 0.0723960 1.000000 0.400000 0.431373
vn -0.3858690 0.0084847 0.0257831
v -0.9488540 0.2302830 0.0634009 1.000000 0.400000 0.431373
vn -0.4092826 0.0084855 0.0218768
v -1.0064290 0.2302830 0.0537952 1.000000 0.400000 0.431373
vn -0.4287547 0.0084858 0.0177598
v -1.0543110 0.2302830 0.0436714 1.000000 0.400000 0.431373
vn -0.4440973 0.0084858 0.0134719
v -1.0920399 0.2302830 0.0331271 1.000000 0.400000 0.431373
vn -0.4551642 0.0084851 0.0090538
v -1.1192520 0.2302830 0.0222637 1.000000 0.400000 0.431373
vn -0.4618465 0.0084851 0.0045490
v -1.1356840 0.2302830 0.0111859 1.000000 0.400000 0.431373
vn -0.4640814 0.0084856 0.0000002
v -1.1411800 0.2302830 0.0000004 1.000000 0.400000 0.431373
vn -0.4619153 0.0028290 -0.0045495
v -1.1373030 0.0969500 -0.0112014 1.000000 0.400000 0.431373
vn -0.4552318 0.0028281 -0.0090552
v -1.1208470 0.0969500 -0.0222950 1.000000 0.400000 0.431373
vn -0.4441641 0.0028290 -0.0134736
v -1.0935971 0.0969500 -0.0331738 1.000000 0.400000 0.431373
vn -0.4288191 0.0028291 -0.0177622
v -1.0558150 0.0969500 -0.0437332 1.000000 0.400000 0.431373
vn -0.4093445 0.0028291 -0.0218798
v -1.0078650 0.0969500 -0.0538714 1.000000 0.400000 0.431373
vn -0.3859275 0.0028292 -0.0257867
v -0.9502090 0.0969500 -0.0634908 1.000000 0.400000 0.431373
vn -0.3587929 0.0028291 -0.0294454
v -0.8834020 0.0969500 -0.0724987 1.000000 0.400000 0.431373
vn -0.3282041 0.0028286 -0.0328204
v -0.8080870 0.0969500 -0.0808084 1.000000 0.400000 0.431373
vn -0.2944547 0.0028284 -0.0358792
v -0.7249900 0.0969500 -0.0883399 1.000000 0.400000 0.431373
vn -0.2578686 0.0028302 -0.0385927
v -0.6349110 0.0969500 -0.0950207 1.000000 0.400000 0.431373
vn -0.2188000 0.0028287 -0.0409343
v -0.5387170 0.0969500 -0.1007863 1.000000 0.400000 0.431373
vn -0.1776244 0.0028291 -0.0428818
v -0.4373350 0.0969500 -0.1055814 1.000000 0.400000 0.431373
vn -0.1347356 0.0028295 -0.0444164
v -0.3317420 0.0969500 -0.1093596 1.000000 0.400000 0.431373
vn -0.0905517 0.0028289 -0.0455232
v -0.2229530 0.0969500 -0.1120846 1.000000 0.400000 0.431373
vn -0.0454976 0.0028293 -0.0461915
v -0.1120180 0.0969500 -0.1137302 1.000000 0.400000 0.431373
vn -0.0000021 0.0028295 -0.0464150
v -0.0000040 0.0969500 -0.1142806 1.000000 0.400000 0.431373
vn 0.0454933 0.0028291 -0.0461915
v 0.1120110 0.0969500 -0.1137303 1.000000 0.400000 0.431373
vn 0.0905499 0.0028285 -0.0455232
v 0.2229460 0.0969500 -0.1120848 1.000000 0.400000 0.431373
vn 0.1347329 0.0028294 -0.0444165
v 0.3317350 0.0969500 -0.1093598 1.000000 0.400000 0.431373
vn 0.1776204 0.0028291 -0.0428820
v 0.4373290 0.0969500 -0.1055817 1.000000 0.400000 0.431373
vn 0.2187983 0.0028297 -0.0409344
v 0.5387110 0.0969500 -0.1007867 1.000000 0.400000 0.431373
vn 0.2578669 0.0028299 -0.0385928
v 0.6349050 0.0969500 -0.0950211 1.000000 0.400000 0.431373
vn 0.2944528 0.0028290 -0.0358794
v 0.7249840 0.0969500 -0.0883404 1.000000 0.400000 0.431373
vn 0.3282029 0.0028289 -0.0328205
v 0.8080820 0.0969500 -0.0808089 1.000000 0.400000 0.431373
vn 0.3587916 0.0028280 -0.0294456
v 0.8833970 0.0969500 -0.0724992 1.000000 0.400000 0.431373
vn 0.3859256 0.0028277 -0.0257870
v 0.9502050 0.0969500 -0.0634913 1.000000 0.400000 0.431373
vn 0.4093431 0.0028286 -0.0218801
v 1.0078620 0.0969500 -0.0538719 1.000000 0.400000 0.431373
vn 0.4288175 0.0028291 -0.0177626
v 1.0558130 0.0969500 -0.0437337 1.000000 0.400000 0.431373
vn 0.4441636 0.0028296 -0.0134738
v 1.0935960 0.0969500 -0.0331744 1.000000 0.400000 0.431373
vn 0.4552318 0.0028296 -0.0090551
v 1.1208460 0.0969500 -0.0222955 1.000000 0.400000 0.431373
vn 0.4619151 0.0028292 -0.0045497
v 1.1373020 0.0969500 -0.0112019 1.000000 0.400000 0.431373
vn 0.4641503 0.0028294 -0.0000002
v 1.1428061 0.0969500 -0.0000005 1.000000 0.400000 0.431373
vn 0.4619155 0.0028291 0.0045493
v 1.1373030 0.0969500 0.0112010 1.000000 0.400000 0.431373
vn 0.4552321 0.0028284 0.0090550
v 1.1208479 0.0969500 0.0222946 1.000000 0.400000 0.431373
vn 0.4441648 0.0028291 0.0134734
v 1.0935980 0.0969500 0.0331734 1.000000 0.400000 0.431373
vn 0.4288203 0.0028291 0.0177620
v 1.0558170 0.0969500 0.0437328 1.000000 0.400000 0.431373
vn 0.4093449 0.0028295 0.0218797
v 1.0078670 0.0969500 0.0538711 1.000000 0.400000 0.431373
vn 0.3859282 0.0028292 0.0257866
v 0.9502110 0.0969500 0.0634905 1.000000 0.400000 0.431373
vn 0.3587936 0.0028299 0.0294453
v 0.8834040 0.0969500 0.0724985 1.000000 0.400000 0.431373
vn 0.3282049 0.0028296 0.0328203
v 0.8080890 0.0969500 0.0808082 1.000000 0.400000 0.431373
vn 0.2944557 0.0028299 0.0358792
v 0.7249920 0.0969500 0.0883398 1.000000 0.400000 0.431373
vn 0.2578684 0.0028292 0.0385927
v 0.6349120 0.0969500 0.0950206 1.000000 0.400000 0.431373
vn 0.2188006 0.0028287 0.0409343
v 0.5387190 0.0969500 0.1007862 1.000000 0.400000 0.431373
vn 0.1776257 0.0028289 0.0428818
v 0.4373370 0.0969500 0.1055813 1.000000 0.400000 0.431373
vn 0.1347372 0.0028290 0.0444164
v 0.3317430 0.0969500 0.1093596 1.000000 0.400000 0.431373
vn 0.0905516 0.0028283 0.0455232
v 0.2229540 0.0969500 0.1120846 1.000000 0.400000 0.431373
vn 0.0454956 0.0028286 0.0461915
v 0.1120190 0.0969500 0.1137302 1.000000 0.400000 0.431373
vn 0.0000020 0.0028277 0.0464150
v 0.0000040 0.0969500 0.1142805 1.000000 0.400000 0.431373
vn -0.0454920 0.0028290 0.0461916
v -0.1120110 0.0969500 0.1137303 1.000000 0.400000 0.431373
vn -0.0905495 0.0028297 0.0455232
v -0.2229460 0.0969500 0.1120848 1.000000 0.400000 0.431373
vn -0.1347347 0.0028295 0.0444164
v -0.3317350 0.0969500 0.1093598 1.000000 0.400000 0.431373
vn -0.1776218 0.0028287 0.0428819
v -0.4373290 0.0969500 0.1055816 1.000000 0.400000 0.431373
vn -0.2187975 0.0028279 0.0409345
v -0.5387110 0.0969500 0.1007866 1.000000 0.400000 0.431373
vn -0.2578664 0.0028288 0.0385928
v -0.6349060 0.0969500 0.0950210 1.000000 0.400000 0.431373
vn -0.2944528 0.0028289 0.0358794
v -0.7249850 0.0969500 0.0883403 1.000000 0.400000 0.431373
vn -0.3282026 0.0028286 0.0328205
v -0.8080831 0.0969500 0.0808088 1.000000 0.400000 0.431373
vn -0.3587921 0.0028281 0.0294455
v -0.8833980 0.0969500 0.0724991 1.000000 0.400000 0.431373
vn -0.3859256 0.0028292 0.0257870
v -0.9502060 0.0969500 0.0634912 1.000000 0.400000 0.431373
vn -0.4093437 0.0028291 0.0218800
v -1.0078630 0.0969500 0.0538718 1.000000 0.400000 0.431373
vn -0.4288182 0.0028289 0.0177625
v -1.0558130 0.0969500 0.0437336 1.000000 0.400000 0.431373
vn -0.4441635 0.0028290 0.0134738
v -1.0935960 0.0969500 0.0331743 1.000000 0.400000 0.431373
vn -0.4552318 0.0028285 0.0090551
v -1.1208460 0.0969500 0.0222954 1.000000 0.400000 0.431373
vn -0.4619151 0.0028292 0.0045497
v -1.1373020 0.0969500 0.0112018 1.000000 0.400000 0.431373
vn -0.4641503 0.0028295 0.0000002
v -1.1428061 0.0969500 0.0000004 1.000000 0.400000 0.431373
vn -0.4619153 -0.0028292 -0.0045495
v -1.1373030 -0.0363840 -0.0112014 1.000000 0.400000 0.431373
vn -0.4552318 -0.0028284 -0.0090551
v -1.1208470 -0.0363840 -0.0222950 1.000000 0.400000 0.431373
vn -0.4441642 -0.0028290 -0.0134736
v -1.0935971 -0.0363840 -0.0331738 1.000000 0.400000 0.431373
vn -0.4288191 -0.0028291 -0.0177622
v -1.0558150 -0.0363840 -0.0437332 1.000000 0.400000 0.431373
vn -0.4093446 -0.0028290 -0.0218798
v -1.0078650 -0.0363840 -0.0538714 1.000000 0.400000 0.431373
vn -0.3859275 -0.0028291 -0.0257867
v -0.9502090 -0.0363840 -0.0634908 1.000000 0.400000 0.431373
vn -0.3587929 -0.0028290 -0.0294454
v -0.8834020 -0.0363840 -0.0724987 1.000000 0.400000 0.431373
vn -0.3282039 -0.0028289 -0.0328204
v -0.8080870 -0.0363840 -0.0808084 1.000000 0.400000 0.431373
vn -0.2944555 -0.0028280 -0.0358792
v -0.7249900 -0.0363840 -0.0883399 1.000000 0.400000 0.431373
vn -0.2578686 -0.0028288 -0.0385927
v -0.6349110 -0.0363840 -0.0950207 1.000000 0.400000 0.431373
vn -0.2187997 -0.0028276 -0.0409344
v -0.5387170 -0.0363840 -0.1007863 1.000000 0.400000 0.431373
vn -0.1776240 -0.0028288 -0.0428818
v -0.4373350 -0.0363840 -0.1055814 1.000000 0.400000 0.431373
vn -0.1347360 -0.0028292 -0.0444164
v -0.3317420 -0.0363840 -0.1093596 1.000000 0.400000 0.431373
vn -0.0905516 -0.0028283 -0.0455232
v -0.2229530 -0.0363840 -0.1120846 1.000000 0.400000 0.431373
vn -0.0454974 -0.0028290 -0.0461915
v -0.1120180 -0.0363840 -0.1137302 1.000000 0.400000 0.431373
vn -0.0000021 -0.0028295 -0.0464150
v -0.0000040 -0.0363840 -0.1142806 1.000000 0.400000 0.431373
vn 0.0454934 -0.0028290 -0.0461915
v 0.1120110 -0.0363840 -0.1137303 1.000000 0.400000 0.431373
vn 0.0905495 -0.0028281 -0.0455232
v 0.2229460 -0.0363840 -0.1120848 1.000000 0.400000 0.431373
vn 0.1347333 -0.0028290 -0.0444165
v 0.3317350 -0.0363840 -0.1093598 1.000000 0.400000 0.431373
vn 0.1776206 -0.0028293 -0.0428820
v 0.4373290 -0.0363840 -0.1055817 1.000000 0.400000 0.431373
vn 0.2187981 -0.0028299 -0.0409344
v 0.5387110 -0.0363840 -0.1007867 1.000000 0.400000 0.431373
vn 0.2578672 -0.0028301 -0.0385927
v 0.6349050 -0.0363840 -0.0950211 1.000000 0.400000 0.431373
vn 0.2944526 -0.0028293 -0.0358794
v 0.7249840 -0.0363840 -0.0883404 1.000000 0.400000 0.431373
vn 0.3282029 -0.0028289 -0.0328205
v 0.8080820 -0.0363840 -0.0808089 1.000000 0.400000 0.431373
vn 0.3587916 -0.0028281 -0.0294456
v 0.8833970 -0.0363840 -0.0724992 1.000000 0.400000 0.431373
vn 0.3859257 -0.0028281 -0.0257870
v 0.9502050 -0.0363840 -0.0634913 1.000000 0.400000 0.431373
vn 0.4093429 -0.0028290 -0.0218801
v 1.0078620 -0.0363840 -0.0538719 1.000000 0.400000 0.431373
vn 0.4288175 -0.0028291 -0.0177626
v 1.0558130 -0.0363840 -0.0437337 1.000000 0.400000 0.431373
vn 0.4441636 -0.0028297 -0.0134738
v 1.0935960 -0.0363840 -0.0331744 1.000000 0.400000 0.431373
vn 0.4552318 -0.0028297 -0.0090551
v 1.1208460 -0.0363840 -0.0222955 1.000000 0.400000 0.431373
vn 0.4619150 -0.0028293 -0.0045497
v 1.1373020 -0.0363840 -0.0112019 1.000000 0.400000 0.431373
vn 0.4641503 -0.0028295 -0.0000002
v 1.1428061 -0.0363840 -0.0000005 1.000000 0.400000 0.431373
vn 0.4619154 -0.0028294 0.0045493
v 1.1373030 -0.0363840 0.0112010 1.000000 0.400000 0.431373
vn 0.4552321 -0.0028290 0.0090550
v 1.1208479 -0.0363840 0.0222946 1.000000 0.400000 0.431373
vn 0.4441649 -0.0028295 0.0134733
v 1.0935980 -0.0363840 0.0331734 1.000000 0.400000 0.431373
vn 0.4288202 -0.0028293 0.0177620
v 1.0558170 -0.0363840 0.0437328 1.000000 0.400000 0.431373
vn 0.4093449 -0.0028299 0.0218797
v 1.0078670 -0.0363840 0.0538711 1.000000 0.400000 0.431373
vn 0.3859281 -0.0028297 0.0257866
v 0.9502110 -0.0363840 0.0634905 1.000000 0.400000 0.431373
vn 0.3587937 -0.0028302 0.0294453
v 0.8834040 -0.0363840 0.0724985 1.000000 0.400000 0.431373
vn 0.3282049 -0.0028296 0.0328203
v 0.8080890 -0.0363840 0.0808082 1.000000 0.400000 0.431373
vn 0.2944555 -0.0028302 0.0358792
v 0.7249920 -0.0363840 0.0883398 1.000000 0.400000 0.431373
vn 0.2578686 -0.0028294 0.0385927
v 0.6349120 -0.0363840 0.0950206 1.000000 0.400000 0.431373
vn 0.2188008 -0.0028286 0.0409343
v 0.5387190 -0.0363840 0.1007862 1.000000 0.400000 0.431373
vn 0.1776254 -0.0028289 0.0428818
v 0.4373370 -0.0363840 0.1055813 1.000000 0.400000 0.431373
vn 0.1347374 -0.0028292 0.0444164
v 0.3317430 -0.0363840 0.1093596 1.000000 0.400000 0.431373
vn 0.0905513 -0.0028286 0.0455232
v 0.2229540 -0.0363840 0.1120846 1.000000 0.400000 0.431373
vn 0.0454954 -0.0028294 0.0461915
v 0.1120190 -0.0363840 0.1137302 1.000000 0.400000 0.431373
vn 0.0000024 -0.0028281 0.0464150
v 0.0000040 -0.0363840 0.1142805 1.000000 0.400000 0.431373
vn -0.0454920 -0.0028290 0.0461916
v -0.1120110 -0.0363840 0.1137303 1.000000 0.400000 0.431373
vn -0.0905495 -0.0028297 0.0455232
v -0.2229460 -0.0363840 0.1120848 1.000000 0.400000 0.431373
vn -0.1347347 -0.0028295 0.0444164
v -0.3317350 -0.0363840 0.1093598 1.000000 0.400000 0.431373
vn -0.1776221 -0.0028291 0.0428819
v -0.4373290 -0.0363840 0.1055816 1.000000 0.400000 0.431373
vn -0.2187971 -0.0028283 0.0409345
v -0.5387110 -0.0363840 0.1007866 1.000000 0.400000 0.431373
vn -0.2578665 -0.0028288 0.0385928
v -0.6349060 -0.0363840 0.0950210 1.000000 0.400000 0.431373
vn -0.2944528 -0.0028290 0.0358794
v -0.7249850 -0.0363840 0.0883403 1.000000 0.400000 0.431373
vn -0.3282028 -0.0028289 0.0328205
v -0.8080831 -0.0363840 0.0808088 1.000000 0.400000 0.431373
vn -0.3587919 -0.0028285 0.0294455
v -0.8833980 -0.0363840 0.0724991 1.000000 0.400000 0.431373
vn -0.3859255 -0.0028292 0.0257870
v -0.9502060 -0.0363840 0.0634912 1.000000 0.400000 0.431373
vn -0.4093437 -0.0028292 0.0218799
v -1.0078630 -0.0363840 0.0538718 1.000000 0.400000 0.431373
vn -0.4288182 -0.0028290 0.0177625
v -1.0558130 -0.0363840 0.0437336 1.000000 0.400000 0.431373
vn -0.4441635 -0.0028290 0.0134738
v -1.0935960 -0.0363840 0.0331743 1.000000 0.400000 0.431373
vn -0.4552318 -0.0028285 0.0090551
v -1.1208460 -0.0363840 0.0222954 1.000000 0.400000 0.431373
vn -0.4619151 -0.0028293 0.0045497
v -1.1373020 -0.0363840 0.0112018 1.000000 0.400000 0.431373
vn -0.4641503 -0.0028295 0.0000002
v -1.1428061 -0.0363840 0.0000004 1.000000 0.400000 0.431373
vn -0.4618468 -0.0084861 -0.0045487
v -1.1356850 -0.1697170 -0.0111855 1.000000 0.400000 0.431373
vn -0.4551640 -0.0084857 -0.0090538
v -1.1192530 -0.1697170 -0.0222633 1.000000 0.400000 0.431373
vn -0.4440979 -0.0084860 -0.0134716
v -1.0920410 -0.1697170 -0.0331266 1.000000 0.400000 0.431373
vn -0.4287556 -0.0084857 -0.0177595
v -1.0543129 -0.1697170 -0.0436710 1.000000 0.400000 0.431373
vn -0.4092836 -0.0084855 -0.0218766
v -1.0064310 -0.1697170 -0.0537948 1.000000 0.400000 0.431373
vn -0.3858701 -0.0084859 -0.0257829
v -0.9488570 -0.1697170 -0.0634005 1.000000 0.400000 0.431373
vn -0.3587397 -0.0084856 -0.0294410
v -0.8821450 -0.1697170 -0.0723956 1.000000 0.400000 0.431373
vn -0.3281559 -0.0084851 -0.0328154
v -0.8069370 -0.1697170 -0.0806935 1.000000 0.400000 0.431373
vn -0.2944109 -0.0084853 -0.0358739
v -0.7239591 -0.1697170 -0.0882143 1.000000 0.400000 0.431373
vn -0.2578303 -0.0084859 -0.0385869
v -0.6340070 -0.1697170 -0.0948855 1.000000 0.400000 0.431373
vn -0.2187677 -0.0084860 -0.0409283
v -0.5379510 -0.1697170 -0.1006430 1.000000 0.400000 0.431373
vn -0.1775963 -0.0084859 -0.0428755
v -0.4367130 -0.1697170 -0.1054312 1.000000 0.400000 0.431373
vn -0.1347168 -0.0084854 -0.0444098
v -0.3312700 -0.1697170 -0.1092040 1.000000 0.400000 0.431373
vn -0.0905384 -0.0084854 -0.0455164
v -0.2226360 -0.1697170 -0.1119252 1.000000 0.400000 0.431373
vn -0.0454897 -0.0084852 -0.0461847
v -0.1118590 -0.1697170 -0.1135684 1.000000 0.400000 0.431373
vn -0.0000021 -0.0084856 -0.0464081
v -0.0000040 -0.1697170 -0.1141180 1.000000 0.400000 0.431373
vn 0.0454852 -0.0084854 -0.0461847
v 0.1118510 -0.1697170 -0.1135685 1.000000 0.400000 0.431373
vn 0.0905362 -0.0084856 -0.0455164
v 0.2226290 -0.1697170 -0.1119254 1.000000 0.400000 0.431373
vn 0.1347143 -0.0084862 -0.0444099
v 0.3312630 -0.1697170 -0.1092042 1.000000 0.400000 0.431373
vn 0.1775940 -0.0084860 -0.0428756
v 0.4367070 -0.1697170 -0.1054315 1.000000 0.400000 0.431373
vn 0.2187664 -0.0084852 -0.0409283
v 0.5379440 -0.1697170 -0.1006433 1.000000 0.400000 0.431373
vn 0.2578284 -0.0084858 -0.0385870
v 0.6340010 -0.1697170 -0.0948859 1.000000 0.400000 0.431373
vn 0.2944080 -0.0084856 -0.0358741
v 0.7239530 -0.1697170 -0.0882147 1.000000 0.400000 0.431373
vn 0.3281532 -0.0084851 -0.0328157
v 0.8069320 -0.1697170 -0.0806940 1.000000 0.400000 0.431373
vn 0.3587377 -0.0084842 -0.0294413
v 0.8821410 -0.1697170 -0.0723961 1.000000 0.400000 0.431373
vn 0.3858693 -0.0084848 -0.0257830
v 0.9488540 -0.1697170 -0.0634010 1.000000 0.400000 0.431373
vn 0.4092824 -0.0084853 -0.0218768
v 1.0064280 -0.1697170 -0.0537953 1.000000 0.400000 0.431373
vn 0.4287539 -0.0084857 -0.0177599
v 1.0543110 -0.1697170 -0.0436715 1.000000 0.400000 0.431373
vn 0.4440978 -0.0084856 -0.0134717
v 1.0920399 -0.1697170 -0.0331272 1.000000 0.400000 0.431373
vn 0.4551640 -0.0084853 -0.0090539
v 1.1192510 -0.1697170 -0.0222638 1.000000 0.400000 0.431373
vn 0.4618464 -0.0084849 -0.0045491
v 1.1356840 -0.1697170 -0.0111860 1.000000 0.400000 0.431373
vn 0.4640814 -0.0084851 -0.0000002
v 1.1411800 -0.1697170 -0.0000005 1.000000 0.400000 0.431373
vn 0.4618469 -0.0084848 0.0045486
v 1.1356850 -0.1697170 0.0111850 1.000000 0.400000 0.431373
vn 0.4551645 -0.0084851 0.0090536
v 1.1192540 -0.1697170 0.0222628 1.000000 0.400000 0.431373
vn 0.4440988 -0.0084852 0.0134714
v 1.0920420 -0.1697170 0.0331262 1.000000 0.400000 0.431373
vn 0.4287564 -0.0084852 0.0177594
v 1.0543150 -0.1697170 0.0436706 1.000000 0.400000 0.431373
vn 0.4092841 -0.0084849 0.0218765
v 1.0064330 -0.1697170 0.0537944 1.000000 0.400000 0.431373
vn 0.3858706 -0.0084848 0.0257828
v 0.9488590 -0.1697170 0.0634002 1.000000 0.400000 0.431373
vn 0.3587405 -0.0084854 0.0294409
v 0.8821470 -0.1697170 0.0723953 1.000000 0.400000 0.431373
vn 0.3281562 -0.0084851 0.0328154
v 0.8069390 -0.1697170 0.0806933 1.000000 0.400000 0.431373
vn 0.2944115 -0.0084850 0.0358739
v 0.7239600 -0.1697170 0.0882141 1.000000 0.400000 0.431373
vn 0.2578316 -0.0084847 0.0385868
v 0.6340090 -0.1697170 0.0948854 1.000000 0.400000 0.431373
vn 0.2187679 -0.0084853 0.0409282
v 0.5379520 -0.1697170 0.1006429 1.000000 0.400000 0.431373
vn 0.1775984 -0.0084860 0.0428754
v 0.4367150 -0.1697170 0.1054311 1.000000 0.400000 0.431373
vn 0.1347177 -0.0084856 0.0444098
v 0.3312710 -0.1697170 0.1092040 1.000000 0.400000 0.431373
vn 0.0905384 -0.0084849 0.0455164
v 0.2226370 -0.1697170 0.1119252 1.000000 0.400000 0.431373
vn 0.0454890 -0.0084839 0.0461847
v 0.1118590 -0.1697170 0.1135684 1.000000 0.400000 0.431373
vn 0.0000022 -0.0084841 0.0464081
v 0.0000040 -0.1697170 0.1141180 1.000000 0.400000 0.431373
vn -0.0454867 -0.0084849 0.0461847
v -0.1118510 -0.1697170 0.1135685 1.000000 0.400000 0.431373
vn -0.0905362 -0.0084847 0.0455164
v -0.2226290 -0.1697170 0.1119253 1.000000 0.400000 0.431373
vn -0.1347144 -0.0084855 0.0444099
v -0.3312630 -0.1697170 0.1092042 1.000000 0.400000 0.431373
vn -0.1775945 -0.0084857 0.0428756
v -0.4367070 -0.1697170 0.1054314 1.000000 0.400000 0.431373
vn -0.2187643 -0.0084855 0.0409284
v -0.5379450 -0.1697170 0.1006433 1.000000 0.400000 0.431373
vn -0.2578288 -0.0084858 0.0385870
v -0.6340020 -0.1697170 0.0948859 1.000000 0.400000 0.431373
vn -0.2944091 -0.0084857 0.0358741
v -0.7239541 -0.1697170 0.0882146 1.000000 0.400000 0.431373
vn -0.3281534 -0.0084855 0.0328157
v -0.8069330 -0.1697170 0.0806939 1.000000 0.400000 0.431373
vn -0.3587384 -0.0084851 0.0294412
v -0.8821421 -0.1697170 0.0723960 1.000000 0.400000 0.431373
vn -0.3858689 -0.0084845 0.0257831
v -0.9488540 -0.1697170 0.0634009 1.000000 0.400000 0.431373
vn -0.4092829 -0.0084854 0.0218767
v -1.0064290 -0.1697170 0.0537952 1.000000 0.400000 0.431373
vn -0.4287544 -0.0084857 0.0177598
v -1.0543110 -0.1697170 0.0436714 1.000000 0.400000 0.431373
vn -0.4440973 -0.0084856 0.0134718
v -1.0920399 -0.1697170 0.0331271 1.000000 0.400000 0.431373
vn -0.4551641 -0.0084848 0.0090538
v -1.1192520 -0.1697170 0.0222637 1.000000 0.400000 0.431373
vn -0.4618466 -0.0084844 0.0045489
v -1.1356840 -0.1697170 0.0111859 1.000000 0.400000 0.431373
vn -0.4640814 -0.0084857 0.0000002
v -1.1411800 -0.1697170 0.0000004 1.000000 0.400000 0.431373
vn -0.4617096 -0.0141378 -0.0045474
v -1.1324490 -0.3030500 -0.0111536 1.000000 0.400000 0.431373
vn -0.4550291 -0.0141378 -0.0090510
v -1.1160640 -0.3030500 -0.0221998 1.000000 0.400000 0.431373
vn -0.4439662 -0.0141371 -0.0134676
v -1.0889300 -0.3030500 -0.0330323 1.000000 0.400000 0.431373
vn -0.4286281 -0.0141375 -0.0177543
v -1.0513090 -0.3030500 -0.0435466 1.000000 0.400000 0.431373
vn -0.4091621 -0.0141378 -0.0218701
v -1.0035640 -0.3030500 -0.0536415 1.000000 0.400000 0.431373
vn -0.3857555 -0.0141378 -0.0257752
v -0.9461540 -0.3030500 -0.0632198 1.000000 0.400000 0.431373
vn -0.3586334 -0.0141383 -0.0294322
v -0.8796320 -0.3030500 -0.0721893 1.000000 0.400000 0.431373
vn -0.3280580 -0.0141383 -0.0328057
v -0.8046380 -0.3030500 -0.0804636 1.000000 0.400000 0.431373
vn -0.2943234 -0.0141388 -0.0358633
v -0.7218960 -0.3030500 -0.0879629 1.000000 0.400000 0.431373
vn -0.2577538 -0.0141382 -0.0385755
v -0.6322011 -0.3030500 -0.0946152 1.000000 0.400000 0.431373
vn -0.2187021 -0.0141391 -0.0409161
v -0.5364180 -0.3030500 -0.1003562 1.000000 0.400000 0.431373
vn -0.1775452 -0.0141386 -0.0428627
v -0.4354690 -0.3030500 -0.1051308 1.000000 0.400000 0.431373
vn -0.1346768 -0.0141381 -0.0443966
v -0.3303260 -0.3030500 -0.1088929 1.000000 0.400000 0.431373
vn -0.0905121 -0.0141375 -0.0455029
v -0.2220020 -0.3030500 -0.1116063 1.000000 0.400000 0.431373
vn -0.0454766 -0.0141364 -0.0461709
v -0.1115400 -0.3030500 -0.1132449 1.000000 0.400000 0.431373
vn -0.0000016 -0.0141375 -0.0463944
v -0.0000040 -0.3030500 -0.1137929 1.000000 0.400000 0.431373
vn 0.0454721 -0.0141376 -0.0461710
v 0.1115330 -0.3030500 -0.1132450 1.000000 0.400000 0.431373
vn 0.0905103 -0.0141377 -0.0455029
v 0.2219950 -0.3030500 -0.1116065 1.000000 0.400000 0.431373
vn 0.1346744 -0.0141368 -0.0443967
v 0.3303190 -0.3030500 -0.1088931 1.000000 0.400000 0.431373
vn 0.1775407 -0.0141384 -0.0428629
v 0.4354620 -0.3030500 -0.1051311 1.000000 0.400000 0.431373
vn 0.2187003 -0.0141374 -0.0409162
v 0.5364120 -0.3030500 -0.1003566 1.000000 0.400000 0.431373
vn 0.2577525 -0.0141367 -0.0385755
v 0.6321950 -0.3030500 -0.0946156 1.000000 0.400000 0.431373
vn 0.2943212 -0.0141374 -0.0358634
v 0.7218900 -0.3030500 -0.0879634 1.000000 0.400000 0.431373
vn 0.3280555 -0.0141382 -0.0328060
v 0.8046330 -0.3030500 -0.0804641 1.000000 0.400000 0.431373
vn 0.3586317 -0.0141386 -0.0294324
v 0.8796280 -0.3030500 -0.0721898 1.000000 0.400000 0.431373
vn 0.3857543 -0.0141390 -0.0257754
v 0.9461501 -0.3030500 -0.0632204 1.000000 0.400000 0.431373
vn 0.4091608 -0.0141375 -0.0218703
v 1.0035610 -0.3030500 -0.0536420 1.000000 0.400000 0.431373
vn 0.4286266 -0.0141366 -0.0177547
v 1.0513070 -0.3030500 -0.0435471 1.000000 0.400000 0.431373
vn 0.4439657 -0.0141371 -0.0134678
v 1.0889291 -0.3030500 -0.0330328 1.000000 0.400000 0.431373
vn 0.4550288 -0.0141366 -0.0090512
v 1.1160630 -0.3030500 -0.0222004 1.000000 0.400000 0.431373
vn 0.4617094 -0.0141368 -0.0045477
v 1.1324490 -0.3030500 -0.0111541 1.000000 0.400000 0.431373
vn 0.4639436 -0.0141381 -0.0000002
v 1.1379290 -0.3030500 -0.0000005 1.000000 0.400000 0.431373
vn 0.4617097 -0.0141377 0.0045472
v 1.1324500 -0.3030500 0.0111532 1.000000 0.400000 0.431373
vn 0.4550292 -0.0141374 0.0090510
v 1.1160650 -0.3030500 0.0221994 1.000000 0.400000 0.431373
vn 0.4439669 -0.0141374 0.0134674
v 1.0889310 -0.3030500 0.0330319 1.000000 0.400000 0.431373
vn 0.4286290 -0.0141374 0.0177541
v 1.0513110 -0.3030500 0.0435462 1.000000 0.400000 0.431373
vn 0.4091628 -0.0141376 0.0218699
v 1.0035660 -0.3030500 0.0536412 1.000000 0.400000 0.431373
vn 0.3857560 -0.0141377 0.0257752
v 0.9461560 -0.3030500 0.0632196 1.000000 0.400000 0.431373
vn 0.3586335 -0.0141373 0.0294322
v 0.8796340 -0.3030500 0.0721891 1.000000 0.400000 0.431373
vn 0.3280588 -0.0141379 0.0328057
v 0.8046400 -0.3030500 0.0804634 1.000000 0.400000 0.431373
vn 0.2943246 -0.0141378 0.0358632
v 0.7218980 -0.3030500 0.0879628 1.000000 0.400000 0.431373
vn 0.2577543 -0.0141381 0.0385754
v 0.6322030 -0.3030500 0.0946151 1.000000 0.400000 0.431373
vn 0.2187019 -0.0141381 0.0409161
v 0.5364200 -0.3030500 0.1003561 1.000000 0.400000 0.431373
vn 0.1775460 -0.0141379 0.0428627
v 0.4354700 -0.3030500 0.1051307 1.000000 0.400000 0.431373
vn 0.1346782 -0.0141379 0.0443966
v 0.3303270 -0.3030500 0.1088929 1.000000 0.400000 0.431373
vn 0.0905123 -0.0141382 0.0455029
v 0.2220030 -0.3030500 0.1116063 1.000000 0.400000 0.431373
vn 0.0454764 -0.0141387 0.0461709
v 0.1115410 -0.3030500 0.1132449 1.000000 0.400000 0.431373
vn 0.0000020 -0.0141380 0.0463944
v 0.0000040 -0.3030500 0.1137929 1.000000 0.400000 0.431373
vn -0.0454727 -0.0141377 0.0461710
v -0.1115330 -0.3030500 0.1132450 1.000000 0.400000 0.431373
vn -0.0905102 -0.0141382 0.0455029
v -0.2219950 -0.3030500 0.1116065 1.000000 0.400000 0.431373
vn -0.1346753 -0.0141378 0.0443966
v -0.3303190 -0.3030500 0.1088931 1.000000 0.400000 0.431373
vn -0.1775428 -0.0141370 0.0428628
v -0.4354630 -0.3030500 0.1051310 1.000000 0.400000 0.431373
vn -0.2186999 -0.0141381 0.0409163
v -0.5364120 -0.3030500 0.1003565 1.000000 0.400000 0.431373
vn -0.2577517 -0.0141382 0.0385756
v -0.6321960 -0.3030500 0.0946155 1.000000 0.400000 0.431373
vn -0.2943213 -0.0141378 0.0358634
v -0.7218910 -0.3030500 0.0879633 1.000000 0.400000 0.431373
vn -0.3280565 -0.0141382 0.0328059
v -0.8046340 -0.3030500 0.0804640 1.000000 0.400000 0.431373
vn -0.3586314 -0.0141388 0.0294325
v -0.8796280 -0.3030500 0.0721897 1.000000 0.400000 0.431373
vn -0.3857537 -0.0141387 0.0257755
v -0.9461510 -0.3030500 0.0632203 1.000000 0.400000 0.431373
vn -0.4091616 -0.0141375 0.0218702
v -1.0035620 -0.3030500 0.0536419 1.000000 0.400000 0.431373
vn -0.4286272 -0.0141369 0.0177546
v -1.0513070 -0.3030500 0.0435470 1.000000 0.400000 0.431373
vn -0.4439656 -0.0141378 0.0134678
v -1.0889291 -0.3030500 0.0330327 1.000000 0.400000 0.431373
vn -0.4550288 -0.0141382 0.0090512
v -1.1160630 -0.3030500 0.0222003 1.000000 0.400000 0.431373
vn -0.4617094 -0.0141371 0.0045476
v -1.1324490 -0.3030500 0.0111540 1.000000 0.400000 0.431373
vn -0.4639436 -0.0141374 0.0000000
v -1.1379290 -0.3030500 0.0000004 1.000000 0.400000 0.431373
vn -0.4615042 -0.0197840 -0.0045453
v -1.1275960 -0.4363830 -0.0111058 1.000000 0.400000 0.431373
vn -0.4548266 -0.0197842 -0.0090471
v -1.1112810 -0.4363830 -0.0221047 1.000000 0.400000 0.431373
vn -0.4437685 -0.0197842 -0.0134616
v -1.0842630 -0.4363830 -0.0328907 1.000000 0.400000 0.431373
vn -0.4284374 -0.0197846 -0.0177464
v -1.0468040 -0.4363830 -0.0433599 1.000000 0.400000 0.431373
vn -0.4089800 -0.0197848 -0.0218604
v -0.9992630 -0.4363830 -0.0534116 1.000000 0.400000 0.431373
vn -0.3855838 -0.0197848 -0.0257638
v -0.9420990 -0.4363830 -0.0629489 1.000000 0.400000 0.431373
vn -0.3584736 -0.0197839 -0.0294192
v -0.8758620 -0.4363830 -0.0718799 1.000000 0.400000 0.431373
vn -0.3279127 -0.0197835 -0.0327911
v -0.8011901 -0.4363830 -0.0801187 1.000000 0.400000 0.431373
vn -0.2941924 -0.0197839 -0.0358473
v -0.7188020 -0.4363830 -0.0875860 1.000000 0.400000 0.431373
vn -0.2576384 -0.0197847 -0.0385583
v -0.6294920 -0.4363830 -0.0942097 1.000000 0.400000 0.431373
vn -0.2186048 -0.0197839 -0.0408979
v -0.5341190 -0.4363830 -0.0999261 1.000000 0.400000 0.431373
vn -0.1774659 -0.0197844 -0.0428437
v -0.4336030 -0.4363830 -0.1046802 1.000000 0.400000 0.431373
vn -0.1346176 -0.0197840 -0.0443768
v -0.3289100 -0.4363830 -0.1084262 1.000000 0.400000 0.431373
vn -0.0904732 -0.0197836 -0.0454826
v -0.2210510 -0.4363830 -0.1111280 1.000000 0.400000 0.431373
vn -0.0454560 -0.0197836 -0.0461504
v -0.1110620 -0.4363830 -0.1127596 1.000000 0.400000 0.431373
vn -0.0000001 -0.0197838 -0.0463737
v -0.0000040 -0.4363830 -0.1133052 1.000000 0.400000 0.431373
vn 0.0454518 -0.0197849 -0.0461504
v 0.1110550 -0.4363830 -0.1127596 1.000000 0.400000 0.431373
vn 0.0904680 -0.0197846 -0.0454827
v 0.2210430 -0.4363830 -0.1111282 1.000000 0.400000 0.431373
vn 0.1346147 -0.0197840 -0.0443769
v 0.3289030 -0.4363830 -0.1084265 1.000000 0.400000 0.431373
vn 0.1774628 -0.0197842 -0.0428438
v 0.4335960 -0.4363830 -0.1046805 1.000000 0.400000 0.431373
vn 0.2186021 -0.0197843 -0.0408981
v 0.5341130 -0.4363830 -0.0999265 1.000000 0.400000 0.431373
vn 0.2576373 -0.0197837 -0.0385584
v 0.6294861 -0.4363830 -0.0942101 1.000000 0.400000 0.431373
vn 0.2941909 -0.0197829 -0.0358474
v 0.7187971 -0.4363830 -0.0875864 1.000000 0.400000 0.431373
vn 0.3279107 -0.0197837 -0.0327913
v 0.8011850 -0.4363830 -0.0801192 1.000000 0.400000 0.431373
vn 0.3584726 -0.0197853 -0.0294193
v 0.8758580 -0.4363830 -0.0718804 1.000000 0.400000 0.431373
vn 0.3855822 -0.0197841 -0.0257640
v 0.9420950 -0.4363830 -0.0629494 1.000000 0.400000 0.431373
vn 0.4089781 -0.0197841 -0.0218607
v 0.9992600 -0.4363830 -0.0534121 1.000000 0.400000 0.431373
vn 0.4284358 -0.0197850 -0.0177468
v 1.0468020 -0.4363830 -0.0433605 1.000000 0.400000 0.431373
vn 0.4437683 -0.0197854 -0.0134617
v 1.0842620 -0.4363830 -0.0328912 1.000000 0.400000 0.431373
vn 0.4548261 -0.0197846 -0.0090473
v 1.1112800 -0.4363830 -0.0221052 1.000000 0.400000 0.431373
vn 0.4615040 -0.0197838 -0.0045455
v 1.1275960 -0.4363830 -0.0111063 1.000000 0.400000 0.431373
vn 0.4637371 -0.0197852 -0.0000000
v 1.1330520 -0.4363830 -0.0000005 1.000000 0.400000 0.431373
vn 0.4615043 -0.0197856 0.0045451
v 1.1275960 -0.4363830 0.0111054 1.000000 0.400000 0.431373
vn 0.4548269 -0.0197847 0.0090469
v 1.1112820 -0.4363830 0.0221043 1.000000 0.400000 0.431373
vn 0.4437694 -0.0197839 0.0134614
v 1.0842640 -0.4363830 0.0328903 1.000000 0.400000 0.431373
vn 0.4284384 -0.0197842 0.0177462
v 1.0468060 -0.4363830 0.0433596 1.000000 0.400000 0.431373
vn 0.4089802 -0.0197844 0.0218603
v 0.9992650 -0.4363830 0.0534113 1.000000 0.400000 0.431373
vn 0.3855842 -0.0197851 0.0257637
v 0.9421010 -0.4363830 0.0629486 1.000000 0.400000 0.431373
vn 0.3584743 -0.0197854 0.0294191
v 0.8758640 -0.4363830 0.0718797 1.000000 0.400000 0.431373
vn 0.3279130 -0.0197839 0.0327910
v 0.8011920 -0.4363830 0.0801185 1.000000 0.400000 0.431373
vn 0.2941931 -0.0197840 0.0358472
v 0.7188040 -0.4363830 0.0875858 1.000000 0.400000 0.431373
vn 0.2576397 -0.0197845 0.0385582
v 0.6294930 -0.4363830 0.0942096 1.000000 0.400000 0.431373
vn 0.2186061 -0.0197834 0.0408979
v 0.5341210 -0.4363830 0.0999260 1.000000 0.400000 0.431373
vn 0.1774665 -0.0197836 0.0428436
v 0.4336040 -0.4363830 0.1046802 1.000000 0.400000 0.431373
vn 0.1346179 -0.0197849 0.0443768
v 0.3289120 -0.4363830 0.1084262 1.000000 0.400000 0.431373
vn 0.0904711 -0.0197846 0.0454826
v 0.2210520 -0.4363830 0.1111280 1.000000 0.400000 0.431373
vn 0.0454559 -0.0197846 0.0461504
v 0.1110630 -0.4363830 0.1127595 1.000000 0.400000 0.431373
vn 0.0000021 -0.0197853 0.0463737
v 0.0000040 -0.4363830 0.1133052 1.000000 0.400000 0.431373
vn -0.0454530 -0.0197854 0.0461504
v -0.1110550 -0.4363830 0.1127596 1.000000 0.400000 0.431373
vn -0.0904692 -0.0197844 0.0454827
v -0.2210440 -0.4363830 0.1111281 1.000000 0.400000 0.431373
vn -0.1346139 -0.0197840 0.0443769
v -0.3289040 -0.4363830 0.1084264 1.000000 0.400000 0.431373
vn -0.1774633 -0.0197847 0.0428438
v -0.4335970 -0.4363830 0.1046805 1.000000 0.400000 0.431373
vn -0.2186033 -0.0197836 0.0408980
v -0.5341140 -0.4363830 0.0999264 1.000000 0.400000 0.431373
vn -0.2576372 -0.0197832 0.0385584
v -0.6294870 -0.4363830 0.0942100 1.000000 0.400000 0.431373
vn -0.2941908 -0.0197828 0.0358474
v -0.7187980 -0.4363830 0.0875863 1.000000 0.400000 0.431373
vn -0.3279107 -0.0197828 0.0327913
v -0.8011860 -0.4363830 0.0801191 1.000000 0.400000 0.431373
vn -0.3584729 -0.0197835 0.0294193
v -0.8758590 -0.4363830 0.0718803 1.000000 0.400000 0.431373
vn -0.3855823 -0.0197845 0.0257640
v -0.9420961 -0.4363830 0.0629493 1.000000 0.400000 0.431373
vn -0.4089787 -0.0197846 0.0218606
v -0.9992611 -0.4363830 0.0534120 1.000000 0.400000 0.431373
vn -0.4284367 -0.0197849 0.0177466
v -1.0468020 -0.4363830 0.0433604 1.000000 0.400000 0.431373
vn -0.4437683 -0.0197848 0.0134617
v -1.0842620 -0.4363830 0.0328911 1.000000 0.400000 0.431373
vn -0.4548261 -0.0197846 0.0090473
v -1.1112800 -0.4363830 0.0221051 1.000000 0.400000 0.431373
vn -0.4615039 -0.0197840 0.0045456
v -1.1275960 -0.4363830 0.0111062 1.000000 0.400000 0.431373
vn -0.4637371 -0.0197855 0.0000000
v -1.1330520 -0.4363830 0.0000004 1.000000 0.400000 0.431373
vn -0.4612306 -0.0254220 -0.0045426
v -1.1211250 -0.5697160 -0.0110421 1.000000 0.400000 0.431373
vn -0.4545570 -0.0254228 -0.0090416
v -1.1049030 -0.5697160 -0.0219778 1.000000 0.400000 0.431373
vn -0.4435057 -0.0254213 -0.0134536
v -1.0780410 -0.5697160 -0.0327020 1.000000 0.400000 0.431373
vn -0.4281832 -0.0254212 -0.0177360
v -1.0407960 -0.5697160 -0.0431111 1.000000 0.400000 0.431373
vn -0.4087371 -0.0254218 -0.0218475
v -0.9935280 -0.5697160 -0.0531051 1.000000 0.400000 0.431373
vn -0.3853559 -0.0254218 -0.0257484
v -0.9366920 -0.5697160 -0.0625876 1.000000 0.400000 0.431373
vn -0.3582622 -0.0254208 -0.0294016
v -0.8708360 -0.5697160 -0.0714674 1.000000 0.400000 0.431373
vn -0.3277174 -0.0254211 -0.0327717
v -0.7965920 -0.5697160 -0.0796590 1.000000 0.400000 0.431373
vn -0.2940169 -0.0254218 -0.0358261
v -0.7146770 -0.5697160 -0.0870833 1.000000 0.400000 0.431373
vn -0.2574869 -0.0254211 -0.0385354
v -0.6258790 -0.5697160 -0.0936690 1.000000 0.400000 0.431373
vn -0.2184762 -0.0254197 -0.0408737
v -0.5310540 -0.5697160 -0.0993527 1.000000 0.400000 0.431373
vn -0.1773604 -0.0254202 -0.0428183
v -0.4311140 -0.5697160 -0.1040795 1.000000 0.400000 0.431373
vn -0.1345380 -0.0254207 -0.0443505
v -0.3270230 -0.5697160 -0.1078040 1.000000 0.400000 0.431373
vn -0.0904190 -0.0254212 -0.0454557
v -0.2197820 -0.5697160 -0.1104903 1.000000 0.400000 0.431373
vn -0.0454290 -0.0254215 -0.0461230
v -0.1104250 -0.5697160 -0.1121125 1.000000 0.400000 0.431373
vn -0.0000001 -0.0254212 -0.0463462
v -0.0000040 -0.5697160 -0.1126550 1.000000 0.400000 0.431373
vn 0.0454257 -0.0254206 -0.0461231
v 0.1104170 -0.5697160 -0.1121125 1.000000 0.400000 0.431373
vn 0.0904150 -0.0254221 -0.0454557
v 0.2197750 -0.5697160 -0.1104904 1.000000 0.400000 0.431373
vn 0.1345342 -0.0254218 -0.0443506
v 0.3270160 -0.5697160 -0.1078042 1.000000 0.400000 0.431373
vn 0.1773577 -0.0254210 -0.0428184
v 0.4311080 -0.5697160 -0.1040798 1.000000 0.400000 0.431373
vn 0.2184730 -0.0254222 -0.0408738
v 0.5310480 -0.5697160 -0.0993530 1.000000 0.400000 0.431373
vn 0.2574834 -0.0254219 -0.0385356
v 0.6258731 -0.5697160 -0.0936695 1.000000 0.400000 0.431373
vn 0.2940158 -0.0254216 -0.0358262
v 0.7146721 -0.5697160 -0.0870838 1.000000 0.400000 0.431373
vn 0.3277171 -0.0254210 -0.0327718
v 0.7965870 -0.5697160 -0.0796595 1.000000 0.400000 0.431373
vn 0.3582599 -0.0254209 -0.0294019
v 0.8708310 -0.5697160 -0.0714679 1.000000 0.400000 0.431373
vn 0.3853529 -0.0254204 -0.0257489
v 0.9366890 -0.5697160 -0.0625882 1.000000 0.400000 0.431373
vn 0.4087368 -0.0254207 -0.0218476
v 0.9935260 -0.5697160 -0.0531056 1.000000 0.400000 0.431373
vn 0.4281826 -0.0254215 -0.0177361
v 1.0407940 -0.5697160 -0.0431116 1.000000 0.400000 0.431373
vn 0.4435051 -0.0254224 -0.0134538
v 1.0780391 -0.5697160 -0.0327025 1.000000 0.400000 0.431373
vn 0.4545562 -0.0254226 -0.0090421
v 1.1049020 -0.5697160 -0.0219784 1.000000 0.400000 0.431373
vn 0.4612304 -0.0254213 -0.0045429
v 1.1211250 -0.5697160 -0.0110426 1.000000 0.400000 0.431373
vn 0.4634623 -0.0254202 -0.0000000
v 1.1265490 -0.5697160 -0.0000005 1.000000 0.400000 0.431373
vn 0.4612308 -0.0254211 0.0045425
v 1.1211250 -0.5697160 0.0110416 1.000000 0.400000 0.431373
vn 0.4545576 -0.0254223 0.0090414
v 1.1049041 -0.5697160 0.0219774 1.000000 0.400000 0.431373
vn 0.4435064 -0.0254213 0.0134534
v 1.0780420 -0.5697160 0.0327016 1.000000 0.400000 0.431373
vn 0.4281840 -0.0254217 0.0177358
v 1.0407979 -0.5697160 0.0431108 1.000000 0.400000 0.431373
vn 0.4087377 -0.0254221 0.0218474
v 0.9935300 -0.5697160 0.0531048 1.000000 0.400000 0.431373
vn 0.3853553 -0.0254219 0.0257485
v 0.9366941 -0.5697160 0.0625874 1.000000 0.400000 0.431373
vn 0.3582622 -0.0254220 0.0294016
v 0.8708370 -0.5697160 0.0714672 1.000000 0.400000 0.431373
vn 0.3277194 -0.0254222 0.0327715
v 0.7965940 -0.5697160 0.0796588 1.000000 0.400000 0.431373
vn 0.2940182 -0.0254217 0.0358260
v 0.7146790 -0.5697160 0.0870832 1.000000 0.400000 0.431373
vn 0.2574875 -0.0254216 0.0385354
v 0.6258810 -0.5697160 0.0936689 1.000000 0.400000 0.431373
vn 0.2184763 -0.0254213 0.0408736
v 0.5310560 -0.5697160 0.0993526 1.000000 0.400000 0.431373
vn 0.1773599 -0.0254222 0.0428183
v 0.4311160 -0.5697160 0.1040794 1.000000 0.400000 0.431373
vn 0.1345379 -0.0254222 0.0443505
v 0.3270240 -0.5697160 0.1078039 1.000000 0.400000 0.431373
vn 0.0904185 -0.0254214 0.0454557
v 0.2197830 -0.5697160 0.1104902 1.000000 0.400000 0.431373
vn 0.0454281 -0.0254219 0.0461230
v 0.1104250 -0.5697160 0.1121124 1.000000 0.400000 0.431373
vn 0.0000018 -0.0254224 0.0463462
v 0.0000040 -0.5697160 0.1126549 1.000000 0.400000 0.431373
vn -0.0454243 -0.0254217 0.0461231
v -0.1104170 -0.5697160 0.1121125 1.000000 0.400000 0.431373
vn -0.0904145 -0.0254214 0.0454557
v -0.2197750 -0.5697160 0.1104904 1.000000 0.400000 0.431373
vn -0.1345357 -0.0254210 0.0443506
v -0.3270160 -0.5697160 0.1078042 1.000000 0.400000 0.431373
vn -0.1773579 -0.0254214 0.0428184
v -0.4311080 -0.5697160 0.1040797 1.000000 0.400000 0.431373
vn -0.2184719 -0.0254205 0.0408739
v -0.5310480 -0.5697160 0.0993530 1.000000 0.400000 0.431373
vn -0.2574843 -0.0254208 0.0385356
v -0.6258740 -0.5697160 0.0936694 1.000000 0.400000 0.431373
vn -0.2940158 -0.0254216 0.0358262
v -0.7146730 -0.5697160 0.0870837 1.000000 0.400000 0.431373
vn -0.3277167 -0.0254213 0.0327718
v -0.7965880 -0.5697160 0.0796594 1.000000 0.400000 0.431373
vn -0.3582610 -0.0254218 0.0294018
v -0.8708321 -0.5697160 0.0714678 1.000000 0.400000 0.431373
vn -0.3853535 -0.0254216 0.0257488
v -0.9366890 -0.5697160 0.0625881 1.000000 0.400000 0.431373
vn -0.4087368 -0.0254215 0.0218475
v -0.9935260 -0.5697160 0.0531055 1.000000 0.400000 0.431373
vn -0.4281823 -0.0254215 0.0177362
v -1.0407940 -0.5697160 0.0431115 1.000000 0.400000 0.431373
vn -0.4435051 -0.0254203 0.0134538
v -1.0780400 -0.5697160 0.0327024 1.000000 0.400000 0.431373
vn -0.4545566 -0.0254210 0.0090419
v -1.1049020 -0.5697160 0.0219783 1.000000 0.400000 0.431373
vn -0.4612304 -0.0254213 0.0045429
v -1.1211250 -0.5697160 0.0110425 1.000000 0.400000 0.431373
vn -0.4634623 -0.0254207 -0.0000000
v -1.1265490 -0.5697160 0.0000004 1.000000 0.400000 0.431373
vn -0.4608892 -0.0310483 -0.0045395
v -1.1130360 -0.7030500 -0.0109624 1.000000 0.400000 0.431373
vn -0.4542207 -0.0310482 -0.0090350
v -1.0969310 -0.7030500 -0.0218193 1.000000 0.400000 0.431373
vn -0.4431779 -0.0310484 -0.0134435
v -1.0702630 -0.7030500 -0.0324660 1.000000 0.400000 0.431373
vn -0.4278664 -0.0310474 -0.0177228
v -1.0332870 -0.7030500 -0.0428001 1.000000 0.400000 0.431373
vn -0.4084347 -0.0310474 -0.0218313
v -0.9863600 -0.7030500 -0.0527219 1.000000 0.400000 0.431373
vn -0.3850709 -0.0310477 -0.0257294
v -0.9299340 -0.7030500 -0.0621361 1.000000 0.400000 0.431373
vn -0.3579966 -0.0310486 -0.0293799
v -0.8645530 -0.7030500 -0.0709518 1.000000 0.400000 0.431373
vn -0.3274749 -0.0310487 -0.0327475
v -0.7908450 -0.7030500 -0.0790842 1.000000 0.400000 0.431373
vn -0.2938004 -0.0310476 -0.0357996
v -0.7095211 -0.7030500 -0.0864550 1.000000 0.400000 0.431373
vn -0.2572973 -0.0310475 -0.0385068
v -0.6213640 -0.7030500 -0.0929932 1.000000 0.400000 0.431373
vn -0.2183145 -0.0310473 -0.0408434
v -0.5272230 -0.7030500 -0.0986359 1.000000 0.400000 0.431373
vn -0.1772281 -0.0310476 -0.0427866
v -0.4280040 -0.7030500 -0.1033286 1.000000 0.400000 0.431373
vn -0.1344372 -0.0310486 -0.0443177
v -0.3246630 -0.7030500 -0.1070262 1.000000 0.400000 0.431373
vn -0.0903523 -0.0310481 -0.0454220
v -0.2181960 -0.7030500 -0.1096931 1.000000 0.400000 0.431373
vn -0.0453953 -0.0310485 -0.0460889
v -0.1096280 -0.7030500 -0.1113036 1.000000 0.400000 0.431373
vn -0.0000017 -0.0310481 -0.0463119
v -0.0000040 -0.7030500 -0.1118422 1.000000 0.400000 0.431373
vn 0.0453929 -0.0310475 -0.0460889
v 0.1096210 -0.7030500 -0.1113037 1.000000 0.400000 0.431373
vn 0.0903493 -0.0310482 -0.0454221
v 0.2181890 -0.7030500 -0.1096932 1.000000 0.400000 0.431373
vn 0.1344341 -0.0310483 -0.0443178
v 0.3246570 -0.7030500 -0.1070264 1.000000 0.400000 0.431373
vn 0.1772265 -0.0310485 -0.0427867
v 0.4279970 -0.7030500 -0.1033289 1.000000 0.400000 0.431373
vn 0.2183119 -0.0310481 -0.0408435
v 0.5272160 -0.7030500 -0.0986362 1.000000 0.400000 0.431373
vn 0.2572933 -0.0310485 -0.0385071
v 0.6213580 -0.7030500 -0.0929936 1.000000 0.400000 0.431373
vn 0.2937980 -0.0310482 -0.0357998
v 0.7095150 -0.7030500 -0.0864555 1.000000 0.400000 0.431373
vn 0.3274738 -0.0310481 -0.0327476
v 0.7908400 -0.7030500 -0.0790847 1.000000 0.400000 0.431373
vn 0.3579946 -0.0310472 -0.0293802
v 0.8645480 -0.7030500 -0.0709523 1.000000 0.400000 0.431373
vn 0.3850685 -0.0310480 -0.0257297
v 0.9299310 -0.7030500 -0.0621366 1.000000 0.400000 0.431373
vn 0.4084338 -0.0310480 -0.0218315
v 0.9863570 -0.7030500 -0.0527225 1.000000 0.400000 0.431373
vn 0.4278659 -0.0310479 -0.0177230
v 1.0332850 -0.7030500 -0.0428006 1.000000 0.400000 0.431373
vn 0.4431773 -0.0310477 -0.0134437
v 1.0702610 -0.7030500 -0.0324665 1.000000 0.400000 0.431373
vn 0.4542199 -0.0310483 -0.0090353
v 1.0969300 -0.7030500 -0.0218198 1.000000 0.400000 0.431373
vn 0.4608889 -0.0310489 -0.0045397
v 1.1130360 -0.7030500 -0.0109629 1.000000 0.400000 0.431373
vn 0.4631194 -0.0310479 -0.0000000
v 1.1184220 -0.7030500 -0.0000005 1.000000 0.400000 0.431373
vn 0.4608895 -0.0310474 0.0045393
v 1.1130360 -0.7030500 0.0109620 1.000000 0.400000 0.431373
vn 0.4542211 -0.0310478 0.0090348
v 1.0969321 -0.7030500 0.0218189 1.000000 0.400000 0.431373
vn 0.4431784 -0.0310488 0.0134434
v 1.0702640 -0.7030500 0.0324656 1.000000 0.400000 0.431373
vn 0.4278672 -0.0310489 0.0177226
v 1.0332890 -0.7030500 0.0427997 1.000000 0.400000 0.431373
vn 0.4084354 -0.0310483 0.0218312
v 0.9863620 -0.7030500 0.0527216 1.000000 0.400000 0.431373
vn 0.3850707 -0.0310479 0.0257294
v 0.9299361 -0.7030500 0.0621358 1.000000 0.400000 0.431373
vn 0.3579964 -0.0310470 0.0293800
v 0.8645540 -0.7030500 0.0709516 1.000000 0.400000 0.431373
vn 0.3274763 -0.0310480 0.0327473
v 0.7908460 -0.7030500 0.0790840 1.000000 0.400000 0.431373
vn 0.2938014 -0.0310484 0.0357995
v 0.7095220 -0.7030500 0.0864549 1.000000 0.400000 0.431373
vn 0.2572973 -0.0310485 0.0385068
v 0.6213650 -0.7030500 0.0929931 1.000000 0.400000 0.431373
vn 0.2183147 -0.0310479 0.0408434
v 0.5272240 -0.7030500 0.0986358 1.000000 0.400000 0.431373
vn 0.1772286 -0.0310472 0.0427866
v 0.4280050 -0.7030500 0.1033285 1.000000 0.400000 0.431373
vn 0.1344394 -0.0310471 0.0443177
v 0.3246650 -0.7030500 0.1070261 1.000000 0.400000 0.431373
vn 0.0903507 -0.0310482 0.0454220
v 0.2181970 -0.7030500 0.1096931 1.000000 0.400000 0.431373
vn 0.0453941 -0.0310478 0.0460889
v 0.1096290 -0.7030500 0.1113035 1.000000 0.400000 0.431373
vn 0.0000023 -0.0310469 0.0463119
v 0.0000040 -0.7030500 0.1118421 1.000000 0.400000 0.431373
vn -0.0453914 -0.0310470 0.0460890
v -0.1096210 -0.7030500 0.1113036 1.000000 0.400000 0.431373
vn -0.0903472 -0.0310477 0.0454221
v -0.2181890 -0.7030500 0.1096932 1.000000 0.400000 0.431373
vn -0.1344354 -0.0310477 0.0443178
v -0.3246570 -0.7030500 0.1070264 1.000000 0.400000 0.431373
vn -0.1772263 -0.0310472 0.0427867
v -0.4279980 -0.7030500 0.1033288 1.000000 0.400000 0.431373
vn -0.2183104 -0.0310473 0.0408436
v -0.5272170 -0.7030500 0.0986362 1.000000 0.400000 0.431373
vn -0.2572949 -0.0310472 0.0385070
v -0.6213590 -0.7030500 0.0929936 1.000000 0.400000 0.431373
vn -0.2937992 -0.0310480 0.0357997
v -0.7095160 -0.7030500 0.0864554 1.000000 0.400000 0.431373
vn -0.3274739 -0.0310487 0.0327476
v -0.7908410 -0.7030500 0.0790846 1.000000 0.400000 0.431373
vn -0.3579957 -0.0310484 0.0293800
v -0.8645490 -0.7030500 0.0709522 1.000000 0.400000 0.431373
vn -0.3850681 -0.0310483 0.0257298
v -0.9299310 -0.7030500 0.0621365 1.000000 0.400000 0.431373
vn -0.4084341 -0.0310475 0.0218314
v -0.9863580 -0.7030500 0.0527224 1.000000 0.400000 0.431373
vn -0.4278657 -0.0310475 0.0177230
v -1.0332850 -0.7030500 0.0428005 1.000000 0.400000 0.431373
vn -0.4431769 -0.0310488 0.0134439
v -1.0702620 -0.7030500 0.0324664 1.000000 0.400000 0.431373
vn -0.4542203 -0.0310483 0.0090351
v -1.0969310 -0.7030500 0.0218197 1.000000 0.400000 0.431373
vn -0.4608891 -0.0310484 0.0045396
v -1.1130360 -0.7030500 0.0109628 1.000000 0.400000 0.431373
vn -0.4631194 -0.0310474 -0.0000000
v -1.1184220 -0.7030500 0.0000004 1.000000 0.400000 0.431373
vn -0.4604809 -0.0366603 -0.0045354
v -1.1033289 -0.8363830 -0.0108668 1.000000 0.400000 0.431373
vn -0.4538183 -0.0366594 -0.0090269
v -1.0873650 -0.8363830 -0.0216290 1.000000 0.400000 0.431373
vn -0.4427851 -0.0366602 -0.0134316
v -1.0609289 -0.8363830 -0.0321829 1.000000 0.400000 0.431373
vn -0.4274875 -0.0366605 -0.0177071
v -1.0242760 -0.8363830 -0.0424268 1.000000 0.400000 0.431373
vn -0.4080725 -0.0366601 -0.0218120
v -0.9777580 -0.8363830 -0.0522622 1.000000 0.400000 0.431373
vn -0.3847288 -0.0366603 -0.0257067
v -0.9218240 -0.8363830 -0.0615942 1.000000 0.400000 0.431373
vn -0.3576794 -0.0366607 -0.0293539
v -0.8570130 -0.8363830 -0.0703330 1.000000 0.400000 0.431373
vn -0.3271853 -0.0366605 -0.0327184
v -0.7839480 -0.8363830 -0.0783945 1.000000 0.400000 0.431373
vn -0.2935398 -0.0366613 -0.0357678
v -0.7033330 -0.8363830 -0.0857011 1.000000 0.400000 0.431373
vn -0.2570686 -0.0366612 -0.0384727
v -0.6159450 -0.8363830 -0.0921822 1.000000 0.400000 0.431373
vn -0.2181213 -0.0366621 -0.0408072
v -0.5226250 -0.8363830 -0.0977757 1.000000 0.400000 0.431373
vn -0.1770709 -0.0366612 -0.0427487
v -0.4242710 -0.8363830 -0.1024275 1.000000 0.400000 0.431373
vn -0.1343186 -0.0366601 -0.0442784
v -0.3218320 -0.8363830 -0.1060928 1.000000 0.400000 0.431373
vn -0.0902714 -0.0366610 -0.0453818
v -0.2162930 -0.8363830 -0.1087365 1.000000 0.400000 0.431373
vn -0.0453545 -0.0366620 -0.0460481
v -0.1086720 -0.8363830 -0.1103329 1.000000 0.400000 0.431373
vn -0.0000023 -0.0366609 -0.0462709
v -0.0000040 -0.8363830 -0.1108668 1.000000 0.400000 0.431373
vn 0.0453526 -0.0366616 -0.0460481
v 0.1086650 -0.8363830 -0.1103330 1.000000 0.400000 0.431373
vn 0.0902689 -0.0366611 -0.0453818
v 0.2162860 -0.8363830 -0.1087366 1.000000 0.400000 0.431373
vn 0.1343159 -0.0366612 -0.0442785
v 0.3218250 -0.8363830 -0.1060930 1.000000 0.400000 0.431373
vn 0.1770691 -0.0366618 -0.0427488
v 0.4242650 -0.8363830 -0.1024277 1.000000 0.400000 0.431373
vn 0.2181179 -0.0366616 -0.0408074
v 0.5226180 -0.8363830 -0.0977760 1.000000 0.400000 0.431373
vn 0.2570649 -0.0366608 -0.0384730
v 0.6159390 -0.8363830 -0.0921826 1.000000 0.400000 0.431373
vn 0.2935377 -0.0366603 -0.0357680
v 0.7033280 -0.8363830 -0.0857015 1.000000 0.400000 0.431373
vn 0.3271839 -0.0366607 -0.0327185
v 0.7839430 -0.8363830 -0.0783950 1.000000 0.400000 0.431373
vn 0.3576772 -0.0366618 -0.0293541
v 0.8570090 -0.8363830 -0.0703335 1.000000 0.400000 0.431373
vn 0.3847267 -0.0366614 -0.0257070
v 0.9218210 -0.8363830 -0.0615947 1.000000 0.400000 0.431373
vn 0.4080719 -0.0366599 -0.0218121
v 0.9777560 -0.8363830 -0.0522627 1.000000 0.400000 0.431373
vn 0.4274867 -0.0366597 -0.0177073
v 1.0242740 -0.8363830 -0.0424273 1.000000 0.400000 0.431373
vn 0.4427846 -0.0366587 -0.0134319
v 1.0609280 -0.8363830 -0.0321834 1.000000 0.400000 0.431373
vn 0.4538179 -0.0366592 -0.0090272
v 1.0873640 -0.8363830 -0.0216295 1.000000 0.400000 0.431373
vn 0.4604805 -0.0366603 -0.0045356
v 1.1033289 -0.8363830 -0.0108673 1.000000 0.400000 0.431373
vn 0.4627089 -0.0366605 -0.0000002
v 1.1086680 -0.8363830 -0.0000005 1.000000 0.400000 0.431373
vn 0.4604810 -0.0366604 0.0045352
v 1.1033300 -0.8363830 0.0108664 1.000000 0.400000 0.431373
vn 0.4538183 -0.0366602 0.0090269
v 1.0873660 -0.8363830 0.0216286 1.000000 0.400000 0.431373
vn 0.4427852 -0.0366606 0.0134316
v 1.0609300 -0.8363830 0.0321825 1.000000 0.400000 0.431373
vn 0.4274880 -0.0366613 0.0177069
v 1.0242770 -0.8363830 0.0424265 1.000000 0.400000 0.431373
vn 0.4080738 -0.0366609 0.0218118
v 0.9777600 -0.8363830 0.0522618 1.000000 0.400000 0.431373
vn 0.3847299 -0.0366603 0.0257065
v 0.9218260 -0.8363830 0.0615939 1.000000 0.400000 0.431373
vn 0.3576796 -0.0366609 0.0293538
v 0.8570150 -0.8363830 0.0703328 1.000000 0.400000 0.431373
vn 0.3271860 -0.0366603 0.0327183
v 0.7839500 -0.8363830 0.0783943 1.000000 0.400000 0.431373
vn 0.2935404 -0.0366601 0.0357678
v 0.7033350 -0.8363830 0.0857009 1.000000 0.400000 0.431373
vn 0.2570689 -0.0366606 0.0384727
v 0.6159460 -0.8363830 0.0921821 1.000000 0.400000 0.431373
vn 0.2181222 -0.0366613 0.0408071
v 0.5226260 -0.8363830 0.0977756 1.000000 0.400000 0.431373
vn 0.1770726 -0.0366602 0.0427487
v 0.4242730 -0.8363830 0.1024274 1.000000 0.400000 0.431373
vn 0.1343183 -0.0366599 0.0442785
v 0.3218330 -0.8363830 0.1060928 1.000000 0.400000 0.431373
vn 0.0902707 -0.0366605 0.0453818
v 0.2162940 -0.8363830 0.1087364 1.000000 0.400000 0.431373
vn 0.0453560 -0.0366587 0.0460481
v 0.1086720 -0.8363830 0.1103329 1.000000 0.400000 0.431373
vn 0.0000022 -0.0366590 0.0462709
v 0.0000040 -0.8363830 0.1108668 1.000000 0.400000 0.431373
vn -0.0453520 -0.0366601 0.0460481
v -0.1086650 -0.8363830 0.1103330 1.000000 0.400000 0.431373
vn -0.0902689 -0.0366609 0.0453818
v -0.2162870 -0.8363830 0.1087366 1.000000 0.400000 0.431373
vn -0.1343164 -0.0366613 0.0442785
v -0.3218260 -0.8363830 0.1060930 1.000000 0.400000 0.431373
vn -0.1770687 -0.0366604 0.0427488
v -0.4242650 -0.8363830 0.1024277 1.000000 0.400000 0.431373
vn -0.2181173 -0.0366610 0.0408074
v -0.5226190 -0.8363830 0.0977760 1.000000 0.400000 0.431373
vn -0.2570664 -0.0366616 0.0384729
v -0.6159400 -0.8363830 0.0921826 1.000000 0.400000 0.431373
vn -0.2935390 -0.0366605 0.0357679
v -0.7033291 -0.8363830 0.0857014 1.000000 0.400000 0.431373
vn -0.3271844 -0.0366604 0.0327185
v -0.7839441 -0.8363830 0.0783949 1.000000 0.400000 0.431373
vn -0.3576783 -0.0366610 0.0293540
v -0.8570090 -0.8363830 0.0703334 1.000000 0.400000 0.431373
vn -0.3847268 -0.0366607 0.0257070
v -0.9218210 -0.8363830 0.0615946 1.000000 0.400000 0.431373
vn -0.4080718 -0.0366615 0.0218121
v -0.9777560 -0.8363830 0.0522626 1.000000 0.400000 0.431373
vn -0.4274866 -0.0366605 0.0177073
v -1.0242740 -0.8363830 0.0424272 1.000000 0.400000 0.431373
vn -0.4427845 -0.0366604 0.0134318
v -1.0609280 -0.8363830 0.0321833 1.000000 0.400000 0.431373
vn -0.4538178 -0.0366609 0.0090272
v -1.0873640 -0.8363830 0.0216294 1.000000 0.400000 0.431373
vn -0.4604805 -0.0366608 0.0045356
v -1.1033289 -0.8363830 0.0108672 1.000000 0.400000 0.431373
vn -0.4627089 -0.0366610 0.0000000
v -1.1086680 -0.8363830 0.0000004 1.000000 0.400000 0.431373
vn -0.4600057 -0.0422559 -0.0045306
v -1.0920050 -0.9697160 -0.0107553 1.000000 0.400000 0.431373
vn -0.4533499 -0.0422564 -0.0090177
v -1.0762050 -0.9697160 -0.0214070 1.000000 0.400000 0.431373
vn -0.4423278 -0.0422570 -0.0134179
v -1.0500400 -0.9697160 -0.0318526 1.000000 0.400000 0.431373
vn -0.4270462 -0.0422570 -0.0176888
v -1.0137630 -0.9697160 -0.0419913 1.000000 0.400000 0.431373
vn -0.4076521 -0.0422570 -0.0217894
v -0.9677231 -0.9697160 -0.0517257 1.000000 0.400000 0.431373
vn -0.3843319 -0.0422562 -0.0256801
v -0.9123630 -0.9697160 -0.0609620 1.000000 0.400000 0.431373
vn -0.3573104 -0.0422567 -0.0293236
v -0.8482170 -0.9697160 -0.0696111 1.000000 0.400000 0.431373
vn -0.3268467 -0.0422568 -0.0326847
v -0.7759020 -0.9697160 -0.0775899 1.000000 0.400000 0.431373
vn -0.2932371 -0.0422573 -0.0357309
v -0.6961140 -0.9697160 -0.0848214 1.000000 0.400000 0.431373
vn -0.2568030 -0.0422562 -0.0384331
v -0.6096230 -0.9697160 -0.0912361 1.000000 0.400000 0.431373
vn -0.2178946 -0.0422575 -0.0407651
v -0.5172600 -0.9697160 -0.0967721 1.000000 0.400000 0.431373
vn -0.1768901 -0.0422585 -0.0427045
v -0.4199170 -0.9697160 -0.1013761 1.000000 0.400000 0.431373
vn -0.1341802 -0.0422577 -0.0442327
v -0.3185290 -0.9697160 -0.1050039 1.000000 0.400000 0.431373
vn -0.0901766 -0.0422579 -0.0453350
v -0.2140730 -0.9697160 -0.1076204 1.000000 0.400000 0.431373
vn -0.0453085 -0.0422578 -0.0460005
v -0.1075560 -0.9697160 -0.1092004 1.000000 0.400000 0.431373
vn -0.0000026 -0.0422576 -0.0462231
v -0.0000040 -0.9697160 -0.1097289 1.000000 0.400000 0.431373
vn 0.0453062 -0.0422574 -0.0460006
v 0.1075490 -0.9697160 -0.1092005 1.000000 0.400000 0.431373
vn 0.0901750 -0.0422575 -0.0453350
v 0.2140670 -0.9697160 -0.1076205 1.000000 0.400000 0.431373
vn 0.1341772 -0.0422570 -0.0442328
v 0.3185220 -0.9697160 -0.1050041 1.000000 0.400000 0.431373
vn 0.1768870 -0.0422570 -0.0427047
v 0.4199100 -0.9697160 -0.1013764 1.000000 0.400000 0.431373
vn 0.2178922 -0.0422565 -0.0407653
v 0.5172540 -0.9697160 -0.0967724 1.000000 0.400000 0.431373
vn 0.2567990 -0.0422562 -0.0384333
v 0.6096170 -0.9697160 -0.0912365 1.000000 0.400000 0.431373
vn 0.2932346 -0.0422569 -0.0357311
v 0.6961090 -0.9697160 -0.0848219 1.000000 0.400000 0.431373
vn 0.3268471 -0.0422569 -0.0326847
v 0.7758970 -0.9697160 -0.0775904 1.000000 0.400000 0.431373
vn 0.3573089 -0.0422575 -0.0293237
v 0.8482120 -0.9697160 -0.0696116 1.000000 0.400000 0.431373
vn 0.3843291 -0.0422577 -0.0256805
v 0.9123590 -0.9697160 -0.0609625 1.000000 0.400000 0.431373
vn 0.4076500 -0.0422575 -0.0217897
v 0.9677200 -0.9697160 -0.0517263 1.000000 0.400000 0.431373
vn 0.4270449 -0.0422568 -0.0176891
v 1.0137610 -0.9697160 -0.0419919 1.000000 0.400000 0.431373
vn 0.4423274 -0.0422568 -0.0134180
v 1.0500391 -0.9697160 -0.0318531 1.000000 0.400000 0.431373
vn 0.4533496 -0.0422567 -0.0090178
v 1.0762039 -0.9697160 -0.0214075 1.000000 0.400000 0.431373
vn 0.4600054 -0.0422573 -0.0045309
v 1.0920050 -0.9697160 -0.0107558 1.000000 0.400000 0.431373
vn 0.4622314 -0.0422570 -0.0000001
v 1.0972890 -0.9697160 -0.0000005 1.000000 0.400000 0.431373
vn 0.4600058 -0.0422570 0.0045305
v 1.0920050 -0.9697160 0.0107548 1.000000 0.400000 0.431373
vn 0.4533503 -0.0422559 0.0090174
v 1.0762060 -0.9697160 0.0214066 1.000000 0.400000 0.431373
vn 0.4423280 -0.0422566 0.0134178
v 1.0500410 -0.9697160 0.0318522 1.000000 0.400000 0.431373
vn 0.4270466 -0.0422574 0.0176887
v 1.0137640 -0.9697160 0.0419910 1.000000 0.400000 0.431373
vn 0.4076532 -0.0422572 0.0217892
v 0.9677240 -0.9697160 0.0517254 1.000000 0.400000 0.431373
vn 0.3843322 -0.0422579 0.0256801
v 0.9123650 -0.9697160 0.0609617 1.000000 0.400000 0.431373
vn 0.3573100 -0.0422584 0.0293236
v 0.8482181 -0.9697160 0.0696109 1.000000 0.400000 0.431373
vn 0.3268491 -0.0422578 0.0326845
v 0.7759030 -0.9697160 0.0775897 1.000000 0.400000 0.431373
vn 0.2932382 -0.0422568 0.0357308
v 0.6961160 -0.9697160 0.0848213 1.000000 0.400000 0.431373
vn 0.2568027 -0.0422562 0.0384331
v 0.6096240 -0.9697160 0.0912360 1.000000 0.400000 0.431373
vn 0.2178965 -0.0422573 0.0407650
v 0.5172620 -0.9697160 0.0967720 1.000000 0.400000 0.431373
vn 0.1768910 -0.0422575 0.0427045
v 0.4199180 -0.9697160 0.1013761 1.000000 0.400000 0.431373
vn 0.1341801 -0.0422570 0.0442327
v 0.3185300 -0.9697160 0.1050039 1.000000 0.400000 0.431373
vn 0.0901786 -0.0422563 0.0453350
v 0.2140740 -0.9697160 0.1076204 1.000000 0.400000 0.431373
vn 0.0453087 -0.0422570 0.0460005
v 0.1075570 -0.9697160 0.1092005 1.000000 0.400000 0.431373
vn 0.0000006 -0.0422572 0.0462231
v 0.0000040 -0.9697160 0.1097289 1.000000 0.400000 0.431373
vn -0.0453062 -0.0422578 0.0460006
v -0.1075490 -0.9697160 0.1092005 1.000000 0.400000 0.431373
vn -0.0901751 -0.0422578 0.0453350
v -0.2140670 -0.9697160 0.1076205 1.000000 0.400000 0.431373
vn -0.1341765 -0.0422571 0.0442328
v -0.3185220 -0.9697160 0.1050041 1.000000 0.400000 0.431373
vn -0.1768864 -0.0422571 0.0427047
v -0.4199110 -0.9697160 0.1013764 1.000000 0.400000 0.431373
vn -0.2178933 -0.0422574 0.0407652
v -0.5172550 -0.9697160 0.0967724 1.000000 0.400000 0.431373
vn -0.2568007 -0.0422573 0.0384332
v -0.6096180 -0.9697160 0.0912364 1.000000 0.400000 0.431373
vn -0.2932348 -0.0422566 0.0357311
v -0.6961101 -0.9697160 0.0848218 1.000000 0.400000 0.431373
vn -0.3268470 -0.0422565 0.0326847
v -0.7758980 -0.9697160 0.0775903 1.000000 0.400000 0.431373
vn -0.3573092 -0.0422566 0.0293237
v -0.8482131 -0.9697160 0.0696115 1.000000 0.400000 0.431373
vn -0.3843303 -0.0422563 0.0256804
v -0.9123600 -0.9697160 0.0609624 1.000000 0.400000 0.431373
vn -0.4076507 -0.0422570 0.0217896
v -0.9677200 -0.9697160 0.0517262 1.000000 0.400000 0.431373
vn -0.4270450 -0.0422569 0.0176891
v -1.0137610 -0.9697160 0.0419918 1.000000 0.400000 0.431373
vn -0.4423273 -0.0422570 0.0134180
v -1.0500391 -0.9697160 0.0318530 1.000000 0.400000 0.431373
vn -0.4533496 -0.0422565 0.0090178
v -1.0762039 -0.9697160 0.0214074 1.000000 0.400000 0.431373
vn -0.4600054 -0.0422573 0.0045309
v -1.0920050 -0.9697160 0.0107557 1.000000 0.400000 0.431373
vn -0.4622314 -0.0422565 0.0000001
v -1.0972890 -0.9697160 0.0000004 1.000000 0.400000 0.431373
vn -0.4594644 -0.0478350 -0.0045253
v -1.0790631 -1.1030490 -0.0106278 1.000000 0.400000 0.431373
vn -0.4528160 -0.0478357 -0.0090072
v -1.0634500 -1.1030490 -0.0211533 1.000000 0.400000 0.431373
vn -0.4418075 -0.0478353 -0.0134020
v -1.0375950 -1.1030490 -0.0314750 1.000000 0.400000 0.431373
vn -0.4265434 -0.0478354 -0.0176680
v -1.0017480 -1.1030490 -0.0414937 1.000000 0.400000 0.431373
vn -0.4071723 -0.0478361 -0.0217637
v -0.9562531 -1.1030490 -0.0511127 1.000000 0.400000 0.431373
vn -0.3838798 -0.0478352 -0.0256499
v -0.9015500 -1.1030490 -0.0602395 1.000000 0.400000 0.431373
vn -0.3568893 -0.0478354 -0.0292891
v -0.8381640 -1.1030490 -0.0687861 1.000000 0.400000 0.431373
vn -0.3264622 -0.0478358 -0.0326462
v -0.7667060 -1.1030490 -0.0766703 1.000000 0.400000 0.431373
vn -0.2928925 -0.0478353 -0.0356888
v -0.6878641 -1.1030490 -0.0838161 1.000000 0.400000 0.431373
vn -0.2565015 -0.0478355 -0.0383878
v -0.6023980 -1.1030490 -0.0901548 1.000000 0.400000 0.431373
vn -0.2176373 -0.0478347 -0.0407172
v -0.5111300 -1.1030490 -0.0956252 1.000000 0.400000 0.431373
vn -0.1766814 -0.0478345 -0.0426543
v -0.4149400 -1.1030490 -0.1001746 1.000000 0.400000 0.431373
vn -0.1340229 -0.0478344 -0.0441807
v -0.3147540 -1.1030490 -0.1037594 1.000000 0.400000 0.431373
vn -0.0900714 -0.0478342 -0.0452816
v -0.2115360 -1.1030490 -0.1063449 1.000000 0.400000 0.431373
vn -0.0452546 -0.0478347 -0.0459464
v -0.1062820 -1.1030490 -0.1079062 1.000000 0.400000 0.431373
vn -0.0000024 -0.0478359 -0.0461687
v -0.0000030 -1.1030490 -0.1084284 1.000000 0.400000 0.431373
vn 0.0452529 -0.0478353 -0.0459464
v 0.1062750 -1.1030490 -0.1079063 1.000000 0.400000 0.431373
vn 0.0900692 -0.0478351 -0.0452817
v 0.2115290 -1.1030490 -0.1063450 1.000000 0.400000 0.431373
vn 0.1340191 -0.0478348 -0.0441808
v 0.3147470 -1.1030490 -0.1037596 1.000000 0.400000 0.431373
vn 0.1766782 -0.0478354 -0.0426544
v 0.4149330 -1.1030490 -0.1001749 1.000000 0.400000 0.431373
vn 0.2176351 -0.0478350 -0.0407174
v 0.5111240 -1.1030490 -0.0956255 1.000000 0.400000 0.431373
vn 0.2564976 -0.0478352 -0.0383881
v 0.6023920 -1.1030490 -0.0901552 1.000000 0.400000 0.431373
vn 0.2928899 -0.0478356 -0.0356890
v 0.6878590 -1.1030490 -0.0838166 1.000000 0.400000 0.431373
vn 0.3264623 -0.0478344 -0.0326462
v 0.7667010 -1.1030490 -0.0766708 1.000000 0.400000 0.431373
vn 0.3568884 -0.0478339 -0.0292893
v 0.8381590 -1.1030490 -0.0687866 1.000000 0.400000 0.431373
vn 0.3838772 -0.0478346 -0.0256503
v 0.9015460 -1.1030490 -0.0602400 1.000000 0.400000 0.431373
vn 0.4071705 -0.0478353 -0.0217641
v 0.9562510 -1.1030490 -0.0511132 1.000000 0.400000 0.431373
vn 0.4265426 -0.0478360 -0.0176682
v 1.0017461 -1.1030490 -0.0414942 1.000000 0.400000 0.431373
vn 0.4418066 -0.0478366 -0.0134023
v 1.0375940 -1.1030490 -0.0314756 1.000000 0.400000 0.431373
vn 0.4528161 -0.0478362 -0.0090071
v 1.0634490 -1.1030490 -0.0211538 1.000000 0.400000 0.431373
vn 0.4594640 -0.0478364 -0.0045256
v 1.0790620 -1.1030490 -0.0106283 1.000000 0.400000 0.431373
vn 0.4616874 -0.0478362 -0.0000002
v 1.0842839 -1.1030490 -0.0000005 1.000000 0.400000 0.431373
vn 0.4594645 -0.0478355 0.0045251
v 1.0790631 -1.1030490 0.0106274 1.000000 0.400000 0.431373
vn 0.4528165 -0.0478362 0.0090069
v 1.0634511 -1.1030490 0.0211529 1.000000 0.400000 0.431373
vn 0.4418075 -0.0478347 0.0134020
v 1.0375960 -1.1030490 0.0314747 1.000000 0.400000 0.431373
vn 0.4265445 -0.0478334 0.0176678
v 1.0017490 -1.1030490 0.0414933 1.000000 0.400000 0.431373
vn 0.4071731 -0.0478342 0.0217636
v 0.9562551 -1.1030490 0.0511124 1.000000 0.400000 0.431373
vn 0.3838795 -0.0478346 0.0256499
v 0.9015510 -1.1030490 0.0602392 1.000000 0.400000 0.431373
vn 0.3568901 -0.0478340 0.0292891
v 0.8381650 -1.1030490 0.0687859 1.000000 0.400000 0.431373
vn 0.3264645 -0.0478349 0.0326460
v 0.7667070 -1.1030490 0.0766701 1.000000 0.400000 0.431373
vn 0.2928939 -0.0478352 0.0356887
v 0.6878660 -1.1030490 0.0838160 1.000000 0.400000 0.431373
vn 0.2565005 -0.0478350 0.0383879
v 0.6023990 -1.1030490 0.0901547 1.000000 0.400000 0.431373
vn 0.2176393 -0.0478348 0.0407171
v 0.5111310 -1.1030490 0.0956251 1.000000 0.400000 0.431373
vn 0.1766824 -0.0478357 0.0426543
v 0.4149410 -1.1030490 0.1001746 1.000000 0.400000 0.431373
vn 0.1340226 -0.0478361 0.0441807
v 0.3147550 -1.1030490 0.1037594 1.000000 0.400000 0.431373
vn 0.0900718 -0.0478362 0.0452816
v 0.2115370 -1.1030490 0.1063449 1.000000 0.400000 0.431373
vn 0.0452546 -0.0478367 0.0459464
v 0.1062820 -1.1030490 0.1079062 1.000000 0.400000 0.431373
vn 0.0000023 -0.0478363 0.0461687
v 0.0000040 -1.1030490 0.1084284 1.000000 0.400000 0.431373
vn -0.0452529 -0.0478349 0.0459464
v -0.1062750 -1.1030490 0.1079063 1.000000 0.400000 0.431373
vn -0.0900696 -0.0478351 0.0452816
v -0.2115300 -1.1030490 0.1063450 1.000000 0.400000 0.431373
vn -0.1340185 -0.0478360 0.0441808
v -0.3147470 -1.1030490 0.1037596 1.000000 0.400000 0.431373
vn -0.1766776 -0.0478355 0.0426545
v -0.4149340 -1.1030490 0.1001749 1.000000 0.400000 0.431373
vn -0.2176365 -0.0478346 0.0407173
v -0.5111250 -1.1030490 0.0956255 1.000000 0.400000 0.431373
vn -0.2564989 -0.0478348 0.0383880
v -0.6023930 -1.1030490 0.0901551 1.000000 0.400000 0.431373
vn -0.2928902 -0.0478358 0.0356890
v -0.6878600 -1.1030490 0.0838165 1.000000 0.400000 0.431373
vn -0.3264620 -0.0478355 0.0326463
v -0.7667020 -1.1030490 0.0766707 1.000000 0.400000 0.431373
vn -0.3568886 -0.0478344 0.0292892
v -0.8381600 -1.1030490 0.0687865 1.000000 0.400000 0.431373
vn -0.3838781 -0.0478351 0.0256501
v -0.9015470 -1.1030490 0.0602399 1.000000 0.400000 0.431373
vn -0.4071713 -0.0478355 0.0217639
v -0.9562510 -1.1030490 0.0511131 1.000000 0.400000 0.431373
vn -0.4265428 -0.0478360 0.0176682
v -1.0017461 -1.1030490 0.0414941 1.000000 0.400000 0.431373
vn -0.4418066 -0.0478366 0.0134023
v -1.0375940 -1.1030490 0.0314754 1.000000 0.400000 0.431373
vn -0.4528160 -0.0478359 0.0090072
v -1.0634490 -1.1030490 0.0211537 1.000000 0.400000 0.431373
vn -0.4594640 -0.0478360 0.0045255
v -1.0790620 -1.1030490 0.0106282 1.000000 0.400000 0.431373
vn -0.4616874 -0.0478361 0.0000002
v -1.0842839 -1.1030490 0.0000004 1.000000 0.400000 0.431373
vn -0.4588577 -0.0533925 -0.0045192
v -1.0645030 -1.2363820 -0.0104844 1.000000 0.400000 0.431373
vn -0.4522184 -0.0533916 -0.0089952
v -1.0491000 -1.2363820 -0.0208679 1.000000 0.400000 0.431373
vn -0.4412244 -0.0533910 -0.0133843
v -1.0235950 -1.2363820 -0.0310503 1.000000 0.400000 0.431373
vn -0.4259797 -0.0533926 -0.0176448
v -0.9882310 -1.2363820 -0.0409338 1.000000 0.400000 0.431373
vn -0.4066352 -0.0533918 -0.0217349
v -0.9433501 -1.2363820 -0.0504230 1.000000 0.400000 0.431373
vn -0.3833730 -0.0533925 -0.0256160
v -0.8893850 -1.2363820 -0.0594267 1.000000 0.400000 0.431373
vn -0.3564176 -0.0533922 -0.0292505
v -0.8268541 -1.2363820 -0.0678580 1.000000 0.400000 0.431373
vn -0.3260314 -0.0533918 -0.0326031
v -0.7563600 -1.2363820 -0.0756358 1.000000 0.400000 0.431373
vn -0.2925052 -0.0533911 -0.0356418
v -0.6785821 -1.2363820 -0.0826852 1.000000 0.400000 0.431373
vn -0.2561625 -0.0533917 -0.0383371
v -0.5942690 -1.2363820 -0.0889383 1.000000 0.400000 0.431373
vn -0.2173513 -0.0533922 -0.0406634
v -0.5042330 -1.2363820 -0.0943349 1.000000 0.400000 0.431373
vn -0.1764486 -0.0533918 -0.0425980
v -0.4093410 -1.2363820 -0.0988230 1.000000 0.400000 0.431373
vn -0.1338458 -0.0533924 -0.0441223
v -0.3105070 -1.2363820 -0.1023594 1.000000 0.400000 0.431373
vn -0.0899516 -0.0533921 -0.0452218
v -0.2086820 -1.2363820 -0.1049100 1.000000 0.400000 0.431373
vn -0.0451937 -0.0533923 -0.0458858
v -0.1048480 -1.2363820 -0.1064502 1.000000 0.400000 0.431373
vn -0.0000020 -0.0533922 -0.0461078
v -0.0000030 -1.2363820 -0.1069653 1.000000 0.400000 0.431373
vn 0.0451919 -0.0533922 -0.0458858
v 0.1048410 -1.2363820 -0.1064503 1.000000 0.400000 0.431373
vn 0.0899496 -0.0533920 -0.0452219
v 0.2086750 -1.2363820 -0.1049101 1.000000 0.400000 0.431373
vn 0.1338420 -0.0533920 -0.0441225
v 0.3105000 -1.2363820 -0.1023596 1.000000 0.400000 0.431373
vn 0.1764464 -0.0533907 -0.0425981
v 0.4093350 -1.2363820 -0.0988232 1.000000 0.400000 0.431373
vn 0.2173480 -0.0533923 -0.0406636
v 0.5042270 -1.2363820 -0.0943352 1.000000 0.400000 0.431373
vn 0.2561595 -0.0533922 -0.0383373
v 0.5942640 -1.2363820 -0.0889387 1.000000 0.400000 0.431373
vn 0.2925026 -0.0533926 -0.0356420
v 0.6785771 -1.2363820 -0.0826856 1.000000 0.400000 0.431373
vn 0.3260295 -0.0533924 -0.0326033
v 0.7563561 -1.2363820 -0.0756363 1.000000 0.400000 0.431373
vn 0.3564174 -0.0533915 -0.0292505
v 0.8268500 -1.2363820 -0.0678585 1.000000 0.400000 0.431373
vn 0.3833711 -0.0533922 -0.0256163
v 0.8893811 -1.2363820 -0.0594272 1.000000 0.400000 0.431373
vn 0.4066331 -0.0533929 -0.0217353
v 0.9433481 -1.2363820 -0.0504235 1.000000 0.400000 0.431373
vn 0.4259797 -0.0533928 -0.0176448
v 0.9882290 -1.2363820 -0.0409343 1.000000 0.400000 0.431373
vn 0.4412235 -0.0533923 -0.0133845
v 1.0235929 -1.2363820 -0.0310508 1.000000 0.400000 0.431373
vn 0.4522181 -0.0533921 -0.0089953
v 1.0490990 -1.2363820 -0.0208684 1.000000 0.400000 0.431373
vn 0.4588574 -0.0533923 -0.0045196
v 1.0645020 -1.2363820 -0.0104849 1.000000 0.400000 0.431373
vn 0.4610778 -0.0533926 -0.0000002
v 1.0696530 -1.2363820 -0.0000005 1.000000 0.400000 0.431373
vn 0.4588579 -0.0533925 0.0045191
v 1.0645030 -1.2363820 0.0104840 1.000000 0.400000 0.431373
vn 0.4522188 -0.0533929 0.0089949
v 1.0491010 -1.2363820 0.0208675 1.000000 0.400000 0.431373
vn 0.4412248 -0.0533925 0.0133841
v 1.0235960 -1.2363820 0.0310500 1.000000 0.400000 0.431373
vn 0.4259808 -0.0533920 0.0176446
v 0.9882330 -1.2363820 0.0409335 1.000000 0.400000 0.431373
vn 0.4066349 -0.0533930 0.0217349
v 0.9433520 -1.2363820 0.0504227 1.000000 0.400000 0.431373
vn 0.3833738 -0.0533916 0.0256159
v 0.8893871 -1.2363820 0.0594264 1.000000 0.400000 0.431373
vn 0.3564186 -0.0533909 0.0292504
v 0.8268560 -1.2363820 0.0678578 1.000000 0.400000 0.431373
vn 0.3260326 -0.0533914 0.0326030
v 0.7563620 -1.2363820 0.0756356 1.000000 0.400000 0.431373
vn 0.2925065 -0.0533918 0.0356417
v 0.6785840 -1.2363820 0.0826851 1.000000 0.400000 0.431373
vn 0.2561621 -0.0533920 0.0383372
v 0.5942710 -1.2363820 0.0889382 1.000000 0.400000 0.431373
vn 0.2173515 -0.0533924 0.0406634
v 0.5042350 -1.2363820 0.0943348 1.000000 0.400000 0.431373
vn 0.1764481 -0.0533924 0.0425980
v 0.4093420 -1.2363820 0.0988229 1.000000 0.400000 0.431373
vn 0.1338454 -0.0533927 0.0441223
v 0.3105080 -1.2363820 0.1023593 1.000000 0.400000 0.431373
vn 0.0899538 -0.0533922 0.0452218
v 0.2086830 -1.2363820 0.1049099 1.000000 0.400000 0.431373
vn 0.0451948 -0.0533922 0.0458857
v 0.1048480 -1.2363820 0.1064502 1.000000 0.400000 0.431373
vn 0.0000024 -0.0533927 0.0461078
v 0.0000040 -1.2363820 0.1069653 1.000000 0.400000 0.431373
vn -0.0451918 -0.0533926 0.0458858
v -0.1048410 -1.2363820 0.1064503 1.000000 0.400000 0.431373
vn -0.0899511 -0.0533918 0.0452219
v -0.2086750 -1.2363820 0.1049101 1.000000 0.400000 0.431373
vn -0.1338427 -0.0533923 0.0441224
v -0.3105000 -1.2363820 0.1023595 1.000000 0.400000 0.431373
vn -0.1764436 -0.0533932 0.0425982
v -0.4093350 -1.2363820 0.0988232 1.000000 0.400000 0.431373
vn -0.2173484 -0.0533928 0.0406635
v -0.5042280 -1.2363820 0.0943352 1.000000 0.400000 0.431373
vn -0.2561611 -0.0533925 0.0383372
v -0.5942650 -1.2363820 0.0889386 1.000000 0.400000 0.431373
vn -0.2925038 -0.0533934 0.0356419
v -0.6785780 -1.2363820 0.0826855 1.000000 0.400000 0.431373
vn -0.3260289 -0.0533922 0.0326034
v -0.7563561 -1.2363820 0.0756362 1.000000 0.400000 0.431373
vn -0.3564171 -0.0533912 0.0292506
v -0.8268511 -1.2363820 0.0678584 1.000000 0.400000 0.431373
vn -0.3833718 -0.0533915 0.0256162
v -0.8893820 -1.2363820 0.0594271 1.000000 0.400000 0.431373
vn -0.4066342 -0.0533913 0.0217351
v -0.9433481 -1.2363820 0.0504234 1.000000 0.400000 0.431373
vn -0.4259799 -0.0533915 0.0176448
v -0.9882290 -1.2363820 0.0409342 1.000000 0.400000 0.431373
vn -0.4412236 -0.0533924 0.0133845
v -1.0235929 -1.2363820 0.0310507 1.000000 0.400000 0.431373
vn -0.4522179 -0.0533927 0.0089954
v -1.0490990 -1.2363820 0.0208683 1.000000 0.400000 0.431373
vn -0.4588574 -0.0533927 0.0045196
v -1.0645020 -1.2363820 0.0104848 1.000000 0.400000 0.431373
vn -0.4610778 -0.0533927 0.0000002
v -1.0696530 -1.2363820 0.0000004 1.000000 0.400000 0.431373
vn -0.4581865 -0.0589264 -0.0045125
v -1.0483249 -1.3697160 -0.0103251 1.000000 0.400000 0.431373
vn -0.4515571 -0.0589253 -0.0089819
v -1.0331570 -1.3697160 -0.0205507 1.000000 0.400000 0.431373
vn -0.4405783 -0.0589258 -0.0133649
v -1.0080390 -1.3697160 -0.0305785 1.000000 0.400000 0.431373
vn -0.4253567 -0.0589253 -0.0176190
v -0.9732121 -1.3697160 -0.0403117 1.000000 0.400000 0.431373
vn -0.4060400 -0.0589251 -0.0217032
v -0.9290140 -1.3697160 -0.0496567 1.000000 0.400000 0.431373
vn -0.3828116 -0.0589267 -0.0255786
v -0.8758681 -1.3697160 -0.0585235 1.000000 0.400000 0.431373
vn -0.3558974 -0.0589263 -0.0292076
v -0.8142880 -1.3697160 -0.0668267 1.000000 0.400000 0.431373
vn -0.3255555 -0.0589257 -0.0325553
v -0.7448661 -1.3697160 -0.0744863 1.000000 0.400000 0.431373
vn -0.2920778 -0.0589253 -0.0355896
v -0.6682700 -1.3697160 -0.0814286 1.000000 0.400000 0.431373
vn -0.2557866 -0.0589254 -0.0382811
v -0.5852380 -1.3697160 -0.0875867 1.000000 0.400000 0.431373
vn -0.2170325 -0.0589258 -0.0406040
v -0.4965700 -1.3697160 -0.0929012 1.000000 0.400000 0.431373
vn -0.1761897 -0.0589256 -0.0425357
v -0.4031200 -1.3697160 -0.0973211 1.000000 0.400000 0.431373
vn -0.1336497 -0.0589264 -0.0440578
v -0.3057880 -1.3697160 -0.1008037 1.000000 0.400000 0.431373
vn -0.0898208 -0.0589266 -0.0451557
v -0.2055100 -1.3697160 -0.1033156 1.000000 0.400000 0.431373
vn -0.0451285 -0.0589256 -0.0458186
v -0.1032540 -1.3697160 -0.1048324 1.000000 0.400000 0.431373
vn -0.0000020 -0.0589250 -0.0460403
v -0.0000030 -1.3697160 -0.1053397 1.000000 0.400000 0.431373
vn 0.0451262 -0.0589255 -0.0458187
v 0.1032470 -1.3697160 -0.1048325 1.000000 0.400000 0.431373
vn 0.0898188 -0.0589258 -0.0451557
v 0.2055040 -1.3697160 -0.1033157 1.000000 0.400000 0.431373
vn 0.1336455 -0.0589263 -0.0440579
v 0.3057810 -1.3697160 -0.1008039 1.000000 0.400000 0.431373
vn 0.1761873 -0.0589269 -0.0425358
v 0.4031140 -1.3697160 -0.0973214 1.000000 0.400000 0.431373
vn 0.2170309 -0.0589264 -0.0406040
v 0.4965640 -1.3697160 -0.0929015 1.000000 0.400000 0.431373
vn 0.2557832 -0.0589262 -0.0382813
v 0.5852320 -1.3697160 -0.0875871 1.000000 0.400000 0.431373
vn 0.2920754 -0.0589250 -0.0355898
v 0.6682650 -1.3697160 -0.0814290 1.000000 0.400000 0.431373
vn 0.3255531 -0.0589256 -0.0325556
v 0.7448610 -1.3697160 -0.0744868 1.000000 0.400000 0.431373
vn 0.3558958 -0.0589264 -0.0292078
v 0.8142840 -1.3697160 -0.0668272 1.000000 0.400000 0.431373
vn 0.3828106 -0.0589256 -0.0255788
v 0.8758650 -1.3697160 -0.0585240 1.000000 0.400000 0.431373
vn 0.4060386 -0.0589256 -0.0217034
v 0.9290110 -1.3697160 -0.0496572 1.000000 0.400000 0.431373
vn 0.4253561 -0.0589261 -0.0176191
v 0.9732100 -1.3697160 -0.0403122 1.000000 0.400000 0.431373
vn 0.4405775 -0.0589261 -0.0133651
v 1.0080370 -1.3697160 -0.0305790 1.000000 0.400000 0.431373
vn 0.4515568 -0.0589251 -0.0089821
v 1.0331560 -1.3697160 -0.0205512 1.000000 0.400000 0.431373
vn 0.4581864 -0.0589251 -0.0045129
v 1.0483240 -1.3697160 -0.0103256 1.000000 0.400000 0.431373
vn 0.4604035 -0.0589248 -0.0000002
v 1.0533971 -1.3697160 -0.0000004 1.000000 0.400000 0.431373
vn 0.4581866 -0.0589252 0.0045126
v 1.0483249 -1.3697160 0.0103247 1.000000 0.400000 0.431373
vn 0.4515572 -0.0589262 0.0089818
v 1.0331570 -1.3697160 0.0205503 1.000000 0.400000 0.431373
vn 0.4405792 -0.0589267 0.0133645
v 1.0080390 -1.3697160 0.0305781 1.000000 0.400000 0.431373
vn 0.4253578 -0.0589272 0.0176187
v 0.9732140 -1.3697160 0.0403114 1.000000 0.400000 0.431373
vn 0.4060401 -0.0589264 0.0217031
v 0.9290150 -1.3697160 0.0496564 1.000000 0.400000 0.431373
vn 0.3828133 -0.0589266 0.0255783
v 0.8758700 -1.3697160 0.0585233 1.000000 0.400000 0.431373
vn 0.3558970 -0.0589265 0.0292076
v 0.8142900 -1.3697160 0.0668265 1.000000 0.400000 0.431373
vn 0.3255557 -0.0589261 0.0325553
v 0.7448670 -1.3697160 0.0744861 1.000000 0.400000 0.431373
vn 0.2920786 -0.0589262 0.0355895
v 0.6682711 -1.3697160 0.0814285 1.000000 0.400000 0.431373
vn 0.2557868 -0.0589264 0.0382811
v 0.5852390 -1.3697160 0.0875866 1.000000 0.400000 0.431373
vn 0.2170341 -0.0589261 0.0406039
v 0.4965720 -1.3697160 0.0929011 1.000000 0.400000 0.431373
vn 0.1761911 -0.0589251 0.0425356
v 0.4031210 -1.3697160 0.0973211 1.000000 0.400000 0.431373
vn 0.1336497 -0.0589241 0.0440578
v 0.3057890 -1.3697160 0.1008037 1.000000 0.400000 0.431373
vn 0.0898213 -0.0589247 0.0451557
v 0.2055110 -1.3697160 0.1033156 1.000000 0.400000 0.431373
vn 0.0451284 -0.0589253 0.0458186
v 0.1032550 -1.3697160 0.1048324 1.000000 0.400000 0.431373
vn 0.0000022 -0.0589247 0.0460403
v 0.0000040 -1.3697160 0.1053397 1.000000 0.400000 0.431373
vn -0.0451257 -0.0589250 0.0458187
v -0.1032470 -1.3697160 0.1048325 1.000000 0.400000 0.431373
vn -0.0898188 -0.0589256 0.0451557
v -0.2055040 -1.3697160 0.1033157 1.000000 0.400000 0.431373
vn -0.1336476 -0.0589247 0.0440579
v -0.3057820 -1.3697160 0.1008039 1.000000 0.400000 0.431373
vn -0.1761867 -0.0589253 0.0425358
v -0.4031140 -1.3697160 0.0973213 1.000000 0.400000 0.431373
vn -0.2170299 -0.0589258 0.0406041
v -0.4965650 -1.3697160 0.0929015 1.000000 0.400000 0.431373
vn -0.2557860 -0.0589253 0.0382812
v -0.5852330 -1.3697160 0.0875870 1.000000 0.400000 0.431373
vn -0.2920755 -0.0589249 0.0355898
v -0.6682650 -1.3697160 0.0814289 1.000000 0.400000 0.431373
vn -0.3255520 -0.0589249 0.0325557
v -0.7448620 -1.3697160 0.0744867 1.000000 0.400000 0.431373
vn -0.3558961 -0.0589261 0.0292077
v -0.8142850 -1.3697160 0.0668271 1.000000 0.400000 0.431373
vn -0.3828106 -0.0589256 0.0255788
v -0.8758661 -1.3697160 0.0585239 1.000000 0.400000 0.431373
vn -0.4060391 -0.0589250 0.0217034
v -0.9290120 -1.3697160 0.0496571 1.000000 0.400000 0.431373
vn -0.4253569 -0.0589252 0.0176190
v -0.9732110 -1.3697160 0.0403121 1.000000 0.400000 0.431373
vn -0.4405785 -0.0589243 0.0133649
v -1.0080370 -1.3697160 0.0305788 1.000000 0.400000 0.431373
vn -0.4515567 -0.0589246 0.0089822
v -1.0331560 -1.3697160 0.0205511 1.000000 0.400000 0.431373
vn -0.4581864 -0.0589250 0.0045129
v -1.0483240 -1.3697160 0.0103255 1.000000 0.400000 0.431373
vn -0.4604034 -0.0589253 0.0000002
v -1.0533971 -1.3697160 0.0000004 1.000000 0.400000 0.431373
vn -0.4574516 -0.0644342 -0.0045054
v -1.0305290 -1.5030490 -0.0101498 1.000000 0.400000 0.431373
vn -0.4508326 -0.0644347 -0.0089675
v -1.0156190 -1.5030490 -0.0202019 1.000000 0.400000 0.431373
vn -0.4398716 -0.0644345 -0.0133434
v -0.9909270 -1.5030490 -0.0300594 1.000000 0.400000 0.431373
vn -0.4246749 -0.0644339 -0.0175906
v -0.9566920 -1.5030490 -0.0396274 1.000000 0.400000 0.431373
vn -0.4053881 -0.0644344 -0.0216685
v -0.9132440 -1.5030490 -0.0488138 1.000000 0.400000 0.431373
vn -0.3821971 -0.0644340 -0.0255376
v -0.8610001 -1.5030490 -0.0575301 1.000000 0.400000 0.431373
vn -0.3553260 -0.0644343 -0.0291608
v -0.8004650 -1.5030490 -0.0656923 1.000000 0.400000 0.431373
vn -0.3250330 -0.0644348 -0.0325031
v -0.7322210 -1.5030490 -0.0732219 1.000000 0.400000 0.431373
vn -0.2916094 -0.0644352 -0.0355325
v -0.6569260 -1.5030490 -0.0800463 1.000000 0.400000 0.431373
vn -0.2553764 -0.0644349 -0.0382197
v -0.5753030 -1.5030490 -0.0860999 1.000000 0.400000 0.431373
vn -0.2166854 -0.0644349 -0.0405388
v -0.4881410 -1.5030490 -0.0913242 1.000000 0.400000 0.431373
vn -0.1759074 -0.0644347 -0.0424674
v -0.3962770 -1.5030490 -0.0956691 1.000000 0.400000 0.431373
vn -0.1334343 -0.0644340 -0.0439872
v -0.3005970 -1.5030490 -0.0990926 1.000000 0.400000 0.431373
vn -0.0896774 -0.0644344 -0.0450832
v -0.2020220 -1.5030490 -0.1015618 1.000000 0.400000 0.431373
vn -0.0450565 -0.0644336 -0.0457451
v -0.1015010 -1.5030490 -0.1030529 1.000000 0.400000 0.431373
vn -0.0000022 -0.0644347 -0.0459665
v -0.0000030 -1.5030490 -0.1035516 1.000000 0.400000 0.431373
vn 0.0450550 -0.0644345 -0.0457451
v 0.1014950 -1.5030490 -0.1030530 1.000000 0.400000 0.431373
vn 0.0896743 -0.0644345 -0.0450833
v 0.2020150 -1.5030490 -0.1015619 1.000000 0.400000 0.431373
vn 0.1334323 -0.0644348 -0.0439872
v 0.3005910 -1.5030490 -0.0990928 1.000000 0.400000 0.431373
vn 0.1759048 -0.0644342 -0.0424675
v 0.3962710 -1.5030490 -0.0956693 1.000000 0.400000 0.431373
vn 0.2166831 -0.0644341 -0.0405389
v 0.4881350 -1.5030490 -0.0913245 1.000000 0.400000 0.431373
vn 0.2553735 -0.0644347 -0.0382199
v 0.5752980 -1.5030490 -0.0861002 1.000000 0.400000 0.431373
vn 0.2916058 -0.0644351 -0.0355328
v 0.6569210 -1.5030490 -0.0800467 1.000000 0.400000 0.431373
vn 0.3250311 -0.0644348 -0.0325033
v 0.7322171 -1.5030490 -0.0732224 1.000000 0.400000 0.431373
vn 0.3553249 -0.0644349 -0.0291609
v 0.8004611 -1.5030490 -0.0656928 1.000000 0.400000 0.431373
vn 0.3821957 -0.0644347 -0.0255378
v 0.8609971 -1.5030490 -0.0575306 1.000000 0.400000 0.431373
vn 0.4053872 -0.0644345 -0.0216686
v 0.9132410 -1.5030490 -0.0488143 1.000000 0.400000 0.431373
vn 0.4246744 -0.0644336 -0.0175908
v 0.9566900 -1.5030490 -0.0396279 1.000000 0.400000 0.431373
vn 0.4398710 -0.0644347 -0.0133436
v 0.9909251 -1.5030490 -0.0300599 1.000000 0.400000 0.431373
vn 0.4508319 -0.0644348 -0.0089679
v 1.0156180 -1.5030490 -0.0202023 1.000000 0.400000 0.431373
vn 0.4574513 -0.0644331 -0.0045057
v 1.0305290 -1.5030490 -0.0101503 1.000000 0.400000 0.431373
vn 0.4596649 -0.0644342 -0.0000002
v 1.0355160 -1.5030490 -0.0000004 1.000000 0.400000 0.431373
vn 0.4574515 -0.0644342 0.0045054
v 1.0305300 -1.5030490 0.0101494 1.000000 0.400000 0.431373
vn 0.4508328 -0.0644339 0.0089675
v 1.0156190 -1.5030490 0.0202015 1.000000 0.400000 0.431373
vn 0.4398724 -0.0644346 0.0133432
v 0.9909281 -1.5030490 0.0300590 1.000000 0.400000 0.431373
vn 0.4246756 -0.0644342 0.0175904
v 0.9566930 -1.5030490 0.0396271 1.000000 0.400000 0.431373
vn 0.4053889 -0.0644341 0.0216683
v 0.9132450 -1.5030490 0.0488135 1.000000 0.400000 0.431373
vn 0.3821989 -0.0644345 0.0255374
v 0.8610021 -1.5030490 0.0575298 1.000000 0.400000 0.431373
vn 0.3553264 -0.0644344 0.0291607
v 0.8004671 -1.5030490 0.0656921 1.000000 0.400000 0.431373
vn 0.3250336 -0.0644345 0.0325031
v 0.7322230 -1.5030490 0.0732217 1.000000 0.400000 0.431373
vn 0.2916093 -0.0644343 0.0355325
v 0.6569270 -1.5030490 0.0800462 1.000000 0.400000 0.431373
vn 0.2553770 -0.0644347 0.0382197
v 0.5753050 -1.5030490 0.0860997 1.000000 0.400000 0.431373
vn 0.2166861 -0.0644347 0.0405387
v 0.4881420 -1.5030490 0.0913241 1.000000 0.400000 0.431373
vn 0.1759090 -0.0644351 0.0424674
v 0.3962780 -1.5030490 0.0956690 1.000000 0.400000 0.431373
vn 0.1334361 -0.0644357 0.0439871
v 0.3005980 -1.5030490 0.0990926 1.000000 0.400000 0.431373
vn 0.0896768 -0.0644353 0.0450832
v 0.2020230 -1.5030490 0.1015618 1.000000 0.400000 0.431373
vn 0.0450569 -0.0644347 0.0457451
v 0.1015020 -1.5030490 0.1030529 1.000000 0.400000 0.431373
vn 0.0000023 -0.0644347 0.0459665
v 0.0000040 -1.5030490 0.1035516 1.000000 0.400000 0.431373
vn -0.0450543 -0.0644347 0.0457451
v -0.1014950 -1.5030490 0.1030530 1.000000 0.400000 0.431373
vn -0.0896750 -0.0644344 0.0450833
v -0.2020160 -1.5030490 0.1015619 1.000000 0.400000 0.431373
vn -0.1334324 -0.0644349 0.0439872
v -0.3005910 -1.5030490 0.0990928 1.000000 0.400000 0.431373
vn -0.1759041 -0.0644338 0.0424676
v -0.3962710 -1.5030490 0.0956693 1.000000 0.400000 0.431373
vn -0.2166822 -0.0644342 0.0405389
v -0.4881360 -1.5030490 0.0913245 1.000000 0.400000 0.431373
vn -0.2553753 -0.0644347 0.0382198
v -0.5752990 -1.5030490 0.0861002 1.000000 0.400000 0.431373
vn -0.2916068 -0.0644343 0.0355327
v -0.6569210 -1.5030490 0.0800467 1.000000 0.400000 0.431373
vn -0.3250308 -0.0644348 0.0325033
v -0.7322180 -1.5030490 0.0732223 1.000000 0.400000 0.431373
vn -0.3553250 -0.0644351 0.0291609
v -0.8004620 -1.5030490 0.0656927 1.000000 0.400000 0.431373
vn -0.3821958 -0.0644346 0.0255378
v -0.8609980 -1.5030490 0.0575305 1.000000 0.400000 0.431373
vn -0.4053880 -0.0644345 0.0216685
v -0.9132420 -1.5030490 0.0488142 1.000000 0.400000 0.431373
vn -0.4246740 -0.0644346 0.0175908
v -0.9566900 -1.5030490 0.0396278 1.000000 0.400000 0.431373
vn -0.4398713 -0.0644344 0.0133435
v -0.9909260 -1.5030490 0.0300598 1.000000 0.400000 0.431373
vn -0.4508322 -0.0644348 0.0089677
v -1.0156180 -1.5030490 0.0202023 1.000000 0.400000 0.431373
vn -0.4574513 -0.0644335 0.0045057
v -1.0305290 -1.5030490 0.0101502 1.000000 0.400000 0.431373
vn -0.4596649 -0.0644337 0.0000000
v -1.0355160 -1.5030490 0.0000004 1.000000 0.400000 0.431373
vn -0.4566536 -0.0699157 -0.0044976
v -1.0111160 -1.6363821 -0.0099586 1.000000 0.400000 0.431373
vn -0.4500462 -0.0699166 -0.0089519
v -0.9964860 -1.6363821 -0.0198213 1.000000 0.400000 0.431373
vn -0.4391047 -0.0699159 -0.0133200
v -0.9722600 -1.6363821 -0.0294931 1.000000 0.400000 0.431373
vn -0.4239340 -0.0699159 -0.0175600
v -0.9386700 -1.6363821 -0.0388809 1.000000 0.400000 0.431373
vn -0.4046811 -0.0699160 -0.0216306
v -0.8960401 -1.6363821 -0.0478942 1.000000 0.400000 0.431373
vn -0.3815311 -0.0699158 -0.0254930
v -0.8447810 -1.6363821 -0.0564463 1.000000 0.400000 0.431373
vn -0.3547063 -0.0699155 -0.0291099
v -0.7853860 -1.6363821 -0.0644548 1.000000 0.400000 0.431373
vn -0.3244656 -0.0699153 -0.0324465
v -0.7184280 -1.6363821 -0.0718425 1.000000 0.400000 0.431373
vn -0.2911007 -0.0699152 -0.0354705
v -0.6445500 -1.6363821 -0.0785384 1.000000 0.400000 0.431373
vn -0.2549312 -0.0699150 -0.0381530
v -0.5644660 -1.6363821 -0.0844779 1.000000 0.400000 0.431373
vn -0.2163066 -0.0699151 -0.0404681
v -0.4789450 -1.6363821 -0.0896038 1.000000 0.400000 0.431373
vn -0.1756014 -0.0699155 -0.0423933
v -0.3888120 -1.6363821 -0.0938668 1.000000 0.400000 0.431373
vn -0.1332018 -0.0699147 -0.0439104
v -0.2949340 -1.6363821 -0.0972259 1.000000 0.400000 0.431373
vn -0.0895213 -0.0699148 -0.0450046
v -0.1982160 -1.6363821 -0.0996485 1.000000 0.400000 0.431373
vn -0.0449773 -0.0699156 -0.0456653
v -0.0995890 -1.6363821 -0.1011116 1.000000 0.400000 0.431373
vn -0.0000006 -0.0699163 -0.0458863
v -0.0000030 -1.6363821 -0.1016008 1.000000 0.400000 0.431373
vn 0.0449742 -0.0699160 -0.0456654
v 0.0995830 -1.6363821 -0.1011116 1.000000 0.400000 0.431373
vn 0.0895188 -0.0699149 -0.0450046
v 0.1982100 -1.6363821 -0.0996487 1.000000 0.400000 0.431373
vn 0.1331993 -0.0699156 -0.0439105
v 0.2949280 -1.6363821 -0.0972260 1.000000 0.400000 0.431373
vn 0.1755974 -0.0699146 -0.0423935
v 0.3888060 -1.6363821 -0.0938671 1.000000 0.400000 0.431373
vn 0.2163051 -0.0699149 -0.0404682
v 0.4789390 -1.6363821 -0.0896041 1.000000 0.400000 0.431373
vn 0.2549282 -0.0699152 -0.0381532
v 0.5644600 -1.6363821 -0.0844783 1.000000 0.400000 0.431373
vn 0.2910982 -0.0699158 -0.0354707
v 0.6445450 -1.6363821 -0.0785388 1.000000 0.400000 0.431373
vn 0.3244638 -0.0699165 -0.0324466
v 0.7184231 -1.6363821 -0.0718430 1.000000 0.400000 0.431373
vn 0.3547054 -0.0699154 -0.0291100
v 0.7853820 -1.6363821 -0.0644552 1.000000 0.400000 0.431373
vn 0.3815292 -0.0699157 -0.0254933
v 0.8447770 -1.6363821 -0.0564468 1.000000 0.400000 0.431373
vn 0.4046794 -0.0699150 -0.0216310
v 0.8960370 -1.6363821 -0.0478947 1.000000 0.400000 0.431373
vn 0.4239334 -0.0699154 -0.0175601
v 0.9386680 -1.6363821 -0.0388814 1.000000 0.400000 0.431373
vn 0.4391044 -0.0699154 -0.0133202
v 0.9722580 -1.6363821 -0.0294936 1.000000 0.400000 0.431373
vn 0.4500453 -0.0699162 -0.0089523
v 0.9964850 -1.6363821 -0.0198218 1.000000 0.400000 0.431373
vn 0.4566532 -0.0699167 -0.0044978
v 1.0111160 -1.6363821 -0.0099591 1.000000 0.400000 0.431373
vn 0.4588629 -0.0699169 0.0000000
v 1.0160080 -1.6363821 -0.0000004 1.000000 0.400000 0.431373
vn 0.4566537 -0.0699167 0.0044974
v 1.0111160 -1.6363821 0.0099582 1.000000 0.400000 0.431373
vn 0.4500464 -0.0699158 0.0089518
v 0.9964871 -1.6363821 0.0198209 1.000000 0.400000 0.431373
vn 0.4391052 -0.0699156 0.0133199
v 0.9722600 -1.6363821 0.0294928 1.000000 0.400000 0.431373
vn 0.4239351 -0.0699146 0.0175597
v 0.9386710 -1.6363821 0.0388806 1.000000 0.400000 0.431373
vn 0.4046816 -0.0699152 0.0216306
v 0.8960410 -1.6363821 0.0478939 1.000000 0.400000 0.431373
vn 0.3815328 -0.0699150 0.0254928
v 0.8447820 -1.6363821 0.0564461 1.000000 0.400000 0.431373
vn 0.3547063 -0.0699153 0.0291099
v 0.7853880 -1.6363821 0.0644546 1.000000 0.400000 0.431373
vn 0.3244666 -0.0699158 0.0324464
v 0.7184290 -1.6363821 0.0718423 1.000000 0.400000 0.431373
vn 0.2911016 -0.0699157 0.0354704
v 0.6445521 -1.6363821 0.0785383 1.000000 0.400000 0.431373
vn 0.2549306 -0.0699156 0.0381531
v 0.5644670 -1.6363821 0.0844778 1.000000 0.400000 0.431373
vn 0.2163084 -0.0699152 0.0404680
v 0.4789460 -1.6363821 0.0896037 1.000000 0.400000 0.431373
vn 0.1756011 -0.0699153 0.0423933
v 0.3888130 -1.6363821 0.0938668 1.000000 0.400000 0.431373
vn 0.1332018 -0.0699161 0.0439104
v 0.2949350 -1.6363821 0.0972258 1.000000 0.400000 0.431373
vn 0.0895209 -0.0699167 0.0450046
v 0.1982170 -1.6363821 0.0996485 1.000000 0.400000 0.431373
vn 0.0449781 -0.0699167 0.0456653
v 0.0995900 -1.6363821 0.1011115 1.000000 0.400000 0.431373
vn 0.0000027 -0.0699168 0.0458863
v 0.0000040 -1.6363821 0.1016008 1.000000 0.400000 0.431373
vn -0.0449741 -0.0699161 0.0456654
v -0.0995830 -1.6363821 0.1011116 1.000000 0.400000 0.431373
vn -0.0895186 -0.0699153 0.0450046
v -0.1982100 -1.6363821 0.0996487 1.000000 0.400000 0.431373
vn -0.1331998 -0.0699161 0.0439105
v -0.2949280 -1.6363821 0.0972260 1.000000 0.400000 0.431373
vn -0.1755963 -0.0699161 0.0423935
v -0.3888060 -1.6363821 0.0938671 1.000000 0.400000 0.431373
vn -0.2163055 -0.0699167 0.0404681
v -0.4789400 -1.6363821 0.0896041 1.000000 0.400000 0.431373
vn -0.2549300 -0.0699171 0.0381531
v -0.5644610 -1.6363821 0.0844782 1.000000 0.400000 0.431373
vn -0.2910978 -0.0699165 0.0354707
v -0.6445460 -1.6363821 0.0785387 1.000000 0.400000 0.431373
vn -0.3244639 -0.0699168 0.0324466
v -0.7184240 -1.6363821 0.0718429 1.000000 0.400000 0.431373
vn -0.3547051 -0.0699158 0.0291101
v -0.7853830 -1.6363821 0.0644551 1.000000 0.400000 0.431373
vn -0.3815295 -0.0699160 0.0254932
v -0.8447781 -1.6363821 0.0564467 1.000000 0.400000 0.431373
vn -0.4046803 -0.0699166 0.0216308
v -0.8960381 -1.6363821 0.0478946 1.000000 0.400000 0.431373
vn -0.4239336 -0.0699167 0.0175600
v -0.9386680 -1.6363821 0.0388813 1.000000 0.400000 0.431373
vn -0.4391041 -0.0699172 0.0133202
v -0.9722580 -1.6363821 0.0294935 1.000000 0.400000 0.431373
vn -0.4500454 -0.0699164 0.0089523
v -0.9964850 -1.6363821 0.0198217 1.000000 0.400000 0.431373
vn -0.4566532 -0.0699163 0.0044979
v -1.0111160 -1.6363821 0.0099590 1.000000 0.400000 0.431373
vn -0.4588629 -0.0699168 0.0000000
v -1.0160080 -1.6363821 0.0000003 1.000000 0.400000 0.431373
vn -0.4557941 -0.0753662 -0.0044891
v -0.9900850 -1.7697150 -0.0097515 1.000000 0.400000 0.431373
vn -0.4491991 -0.0753668 -0.0089351
v -0.9757590 -1.7697150 -0.0194090 1.000000 0.400000 0.431373
vn -0.4382780 -0.0753674 -0.0132950
v -0.9520370 -1.7697150 -0.0288797 1.000000 0.400000 0.431373
vn -0.4231356 -0.0753676 -0.0175270
v -0.9191450 -1.7697150 -0.0380722 1.000000 0.400000 0.431373
vn -0.4039193 -0.0753670 -0.0215899
v -0.8774021 -1.7697150 -0.0468980 1.000000 0.400000 0.431373
vn -0.3808127 -0.0753674 -0.0254450
v -0.8272090 -1.7697150 -0.0552722 1.000000 0.400000 0.431373
vn -0.3540388 -0.0753677 -0.0290551
v -0.7690501 -1.7697150 -0.0631141 1.000000 0.400000 0.431373
vn -0.3238555 -0.0753673 -0.0323853
v -0.7034841 -1.7697150 -0.0703482 1.000000 0.400000 0.431373
vn -0.2905535 -0.0753667 -0.0354037
v -0.6311440 -1.7697150 -0.0769048 1.000000 0.400000 0.431373
vn -0.2544517 -0.0753661 -0.0380812
v -0.5527250 -1.7697150 -0.0827208 1.000000 0.400000 0.431373
vn -0.2158996 -0.0753653 -0.0403919
v -0.4689830 -1.7697150 -0.0877401 1.000000 0.400000 0.431373
vn -0.1752702 -0.0753660 -0.0423136
v -0.3807250 -1.7697150 -0.0919144 1.000000 0.400000 0.431373
vn -0.1329520 -0.0753673 -0.0438277
v -0.2888000 -1.7697150 -0.0952036 1.000000 0.400000 0.431373
vn -0.0893510 -0.0753673 -0.0449199
v -0.1940930 -1.7697150 -0.0975759 1.000000 0.400000 0.431373
vn -0.0448917 -0.0753677 -0.0455794
v -0.0975180 -1.7697150 -0.0990084 1.000000 0.400000 0.431373
vn -0.0000019 -0.0753661 -0.0457999
v -0.0000030 -1.7697150 -0.0994875 1.000000 0.400000 0.431373
vn 0.0448890 -0.0753662 -0.0455794
v 0.0975110 -1.7697150 -0.0990085 1.000000 0.400000 0.431373
vn 0.0893506 -0.0753664 -0.0449199
v 0.1940870 -1.7697150 -0.0975760 1.000000 0.400000 0.431373
vn 0.1329480 -0.0753668 -0.0438279
v 0.2887930 -1.7697150 -0.0952037 1.000000 0.400000 0.431373
vn 0.1752656 -0.0753677 -0.0423137
v 0.3807190 -1.7697150 -0.0919147 1.000000 0.400000 0.431373
vn 0.2158987 -0.0753666 -0.0403920
v 0.4689770 -1.7697150 -0.0877404 1.000000 0.400000 0.431373
vn 0.2544490 -0.0753671 -0.0380814
v 0.5527190 -1.7697150 -0.0827211 1.000000 0.400000 0.431373
vn 0.2905501 -0.0753670 -0.0354039
v 0.6311390 -1.7697150 -0.0769052 1.000000 0.400000 0.431373
vn 0.3238529 -0.0753665 -0.0323856
v 0.7034800 -1.7697150 -0.0703486 1.000000 0.400000 0.431373
vn 0.3540370 -0.0753657 -0.0290553
v 0.7690460 -1.7697150 -0.0631146 1.000000 0.400000 0.431373
vn 0.3808112 -0.0753659 -0.0254453
v 0.8272060 -1.7697150 -0.0552727 1.000000 0.400000 0.431373
vn 0.4039184 -0.0753664 -0.0215901
v 0.8774000 -1.7697150 -0.0468985 1.000000 0.400000 0.431373
vn 0.4231357 -0.0753675 -0.0175270
v 0.9191430 -1.7697150 -0.0380726 1.000000 0.400000 0.431373
vn 0.4382775 -0.0753660 -0.0132952
v 0.9520351 -1.7697150 -0.0288801 1.000000 0.400000 0.431373
vn 0.4491987 -0.0753666 -0.0089353
v 0.9757581 -1.7697150 -0.0194095 1.000000 0.400000 0.431373
vn 0.4557936 -0.0753677 -0.0044894
v 0.9900841 -1.7697150 -0.0097519 1.000000 0.400000 0.431373
vn 0.4579994 -0.0753660 -0.0000002
v 0.9948751 -1.7697150 -0.0000004 1.000000 0.400000 0.431373
vn 0.4557943 -0.0753658 0.0044889
v 0.9900850 -1.7697150 0.0097511 1.000000 0.400000 0.431373
vn 0.4491993 -0.0753659 0.0089350
v 0.9757600 -1.7697150 0.0194086 1.000000 0.400000 0.431373
vn 0.4382790 -0.0753662 0.0132947
v 0.9520370 -1.7697150 0.0288793 1.000000 0.400000 0.431373
vn 0.4231374 -0.0753663 0.0175266
v 0.9191471 -1.7697150 0.0380719 1.000000 0.400000 0.431373
vn 0.4039199 -0.0753663 0.0215899
v 0.8774040 -1.7697150 0.0468977 1.000000 0.400000 0.431373
vn 0.3808140 -0.0753667 0.0254449
v 0.8272111 -1.7697150 0.0552720 1.000000 0.400000 0.431373
vn 0.3540389 -0.0753670 0.0290551
v 0.7690520 -1.7697150 0.0631139 1.000000 0.400000 0.431373
vn 0.3238556 -0.0753658 0.0323853
v 0.7034861 -1.7697150 0.0703480 1.000000 0.400000 0.431373
vn 0.2905526 -0.0753673 0.0354037
v 0.6311450 -1.7697150 0.0769047 1.000000 0.400000 0.431373
vn 0.2544515 -0.0753676 0.0380812
v 0.5527260 -1.7697150 0.0827206 1.000000 0.400000 0.431373
vn 0.2159012 -0.0753666 0.0403918
v 0.4689840 -1.7697150 0.0877400 1.000000 0.400000 0.431373
vn 0.1752706 -0.0753674 0.0423135
v 0.3807260 -1.7697150 0.0919143 1.000000 0.400000 0.431373
vn 0.1329516 -0.0753661 0.0438278
v 0.2888010 -1.7697150 0.0952035 1.000000 0.400000 0.431373
vn 0.0893523 -0.0753663 0.0449199
v 0.1940940 -1.7697150 0.0975758 1.000000 0.400000 0.431373
vn 0.0448935 -0.0753660 0.0455794
v 0.0975180 -1.7697150 0.0990084 1.000000 0.400000 0.431373
vn 0.0000024 -0.0753659 0.0457999
v 0.0000040 -1.7697150 0.0994875 1.000000 0.400000 0.431373
vn -0.0448888 -0.0753663 0.0455794
v -0.0975110 -1.7697150 0.0990085 1.000000 0.400000 0.431373
vn -0.0893500 -0.0753662 0.0449199
v -0.1940870 -1.7697150 0.0975760 1.000000 0.400000 0.431373
vn -0.1329499 -0.0753658 0.0438278
v -0.2887940 -1.7697150 0.0952037 1.000000 0.400000 0.431373
vn -0.1752670 -0.0753667 0.0423137
v -0.3807190 -1.7697150 0.0919146 1.000000 0.400000 0.431373
vn -0.2158986 -0.0753669 0.0403920
v -0.4689780 -1.7697150 0.0877403 1.000000 0.400000 0.431373
vn -0.2544490 -0.0753668 0.0380814
v -0.5527200 -1.7697150 0.0827210 1.000000 0.400000 0.431373
vn -0.2905500 -0.0753652 0.0354040
v -0.6311400 -1.7697150 0.0769051 1.000000 0.400000 0.431373
vn -0.3238536 -0.0753662 0.0323855
v -0.7034811 -1.7697150 0.0703485 1.000000 0.400000 0.431373
vn -0.3540366 -0.0753664 0.0290554
v -0.7690471 -1.7697150 0.0631145 1.000000 0.400000 0.431373
vn -0.3808121 -0.0753662 0.0254452
v -0.8272070 -1.7697150 0.0552726 1.000000 0.400000 0.431373
vn -0.4039196 -0.0753664 0.0215899
v -0.8774000 -1.7697150 0.0468984 1.000000 0.400000 0.431373
vn -0.4231357 -0.0753673 0.0175270
v -0.9191430 -1.7697150 0.0380725 1.000000 0.400000 0.431373
vn -0.4382775 -0.0753662 0.0132952
v -0.9520351 -1.7697150 0.0288800 1.000000 0.400000 0.431373
vn -0.4491987 -0.0753666 0.0089353
v -0.9757581 -1.7697150 0.0194094 1.000000 0.400000 0.431373
vn -0.4557936 -0.0753677 0.0044894
v -0.9900841 -1.7697150 0.0097518 1.000000 0.400000 0.431373
vn -0.4579994 -0.0753662 0.0000002
v -0.9948751 -1.7697150 0.0000003 1.000000 0.400000 0.431373
vn -0.4548736 -0.0807862 -0.0044801
v -0.9674361 -1.9030490 -0.0095284 1.000000 0.400000 0.431373
vn -0.4482920 -0.0807859 -0.0089171
v -0.9534380 -1.9030490 -0.0189650 1.000000 0.400000 0.431373
vn -0.4373931 -0.0807857 -0.0132682
v -0.9302580 -1.9030490 -0.0282190 1.000000 0.400000 0.431373
vn -0.4222821 -0.0807855 -0.0174914
v -0.8981190 -1.9030490 -0.0372012 1.000000 0.400000 0.431373
vn -0.4031042 -0.0807852 -0.0215463
v -0.8573310 -1.9030490 -0.0458252 1.000000 0.400000 0.431373
vn -0.3800432 -0.0807849 -0.0253938
v -0.8082860 -1.9030490 -0.0540078 1.000000 0.400000 0.431373
vn -0.3533246 -0.0807854 -0.0289964
v -0.7514570 -1.9030490 -0.0616703 1.000000 0.400000 0.431373
vn -0.3232017 -0.0807856 -0.0323199
v -0.6873920 -1.9030490 -0.0687389 1.000000 0.400000 0.431373
vn -0.2899669 -0.0807860 -0.0353322
v -0.6167060 -1.9030490 -0.0751455 1.000000 0.400000 0.431373
vn -0.2539389 -0.0807860 -0.0380042
v -0.5400810 -1.9030490 -0.0808285 1.000000 0.400000 0.431373
vn -0.2154635 -0.0807859 -0.0403104
v -0.4582550 -1.9030490 -0.0857330 1.000000 0.400000 0.431373
vn -0.1749144 -0.0807858 -0.0422282
v -0.3720150 -1.9030490 -0.0898118 1.000000 0.400000 0.431373
vn -0.1326821 -0.0807861 -0.0437393
v -0.2821930 -1.9030490 -0.0930257 1.000000 0.400000 0.431373
vn -0.0891713 -0.0807862 -0.0448292
v -0.1896530 -1.9030490 -0.0953437 1.000000 0.400000 0.431373
vn -0.0448036 -0.0807851 -0.0454874
v -0.0952870 -1.9030490 -0.0967435 1.000000 0.400000 0.431373
vn -0.0000021 -0.0807850 -0.0457075
v -0.0000030 -1.9030490 -0.0972117 1.000000 0.400000 0.431373
vn 0.0447994 -0.0807854 -0.0454874
v 0.0952810 -1.9030490 -0.0967436 1.000000 0.400000 0.431373
vn 0.0891690 -0.0807859 -0.0448292
v 0.1896470 -1.9030490 -0.0953439 1.000000 0.400000 0.431373
vn 0.1326818 -0.0807845 -0.0437393
v 0.2821870 -1.9030490 -0.0930259 1.000000 0.400000 0.431373
vn 0.1749135 -0.0807863 -0.0422282
v 0.3720090 -1.9030490 -0.0898120 1.000000 0.400000 0.431373
vn 0.2154607 -0.0807868 -0.0403105
v 0.4582490 -1.9030490 -0.0857332 1.000000 0.400000 0.431373
vn 0.2539354 -0.0807858 -0.0380045
v 0.5400760 -1.9030490 -0.0808288 1.000000 0.400000 0.431373
vn 0.2899636 -0.0807858 -0.0353325
v 0.6167010 -1.9030490 -0.0751459 1.000000 0.400000 0.431373
vn 0.3231980 -0.0807861 -0.0323203
v 0.6873870 -1.9030490 -0.0687394 1.000000 0.400000 0.431373
vn 0.3533222 -0.0807854 -0.0289967
v 0.7514540 -1.9030490 -0.0616708 1.000000 0.400000 0.431373
vn 0.3800427 -0.0807850 -0.0253939
v 0.8082830 -1.9030490 -0.0540083 1.000000 0.400000 0.431373
vn 0.4031032 -0.0807856 -0.0215465
v 0.8573290 -1.9030490 -0.0458256 1.000000 0.400000 0.431373
vn 0.4222808 -0.0807858 -0.0174917
v 0.8981171 -1.9030490 -0.0372017 1.000000 0.400000 0.431373
vn 0.4373925 -0.0807852 -0.0132684
v 0.9302571 -1.9030490 -0.0282195 1.000000 0.400000 0.431373
vn 0.4482920 -0.0807856 -0.0089171
v 0.9534370 -1.9030490 -0.0189655 1.000000 0.400000 0.431373
vn 0.4548736 -0.0807850 -0.0044803
v 0.9674350 -1.9030490 -0.0095288 1.000000 0.400000 0.431373
vn 0.4570747 -0.0807853 -0.0000002
v 0.9721171 -1.9030490 -0.0000004 1.000000 0.400000 0.431373
vn 0.4548740 -0.0807850 0.0044798
v 0.9674361 -1.9030490 0.0095280 1.000000 0.400000 0.431373
vn 0.4482926 -0.0807850 0.0089169
v 0.9534390 -1.9030490 0.0189647 1.000000 0.400000 0.431373
vn 0.4373939 -0.0807842 0.0132680
v 0.9302590 -1.9030490 0.0282187 1.000000 0.400000 0.431373
vn 0.4222821 -0.0807865 0.0174914
v 0.8981210 -1.9030490 0.0372009 1.000000 0.400000 0.431373
vn 0.4031043 -0.0807868 0.0215462
v 0.8573320 -1.9030490 0.0458249 1.000000 0.400000 0.431373
vn 0.3800451 -0.0807860 0.0253935
v 0.8082880 -1.9030490 0.0540076 1.000000 0.400000 0.431373
vn 0.3533246 -0.0807859 0.0289964
v 0.7514590 -1.9030490 0.0616701 1.000000 0.400000 0.431373
vn 0.3232015 -0.0807853 0.0323200
v 0.6873930 -1.9030490 0.0687388 1.000000 0.400000 0.431373
vn 0.2899652 -0.0807858 0.0353323
v 0.6167070 -1.9030490 0.0751454 1.000000 0.400000 0.431373
vn 0.2539390 -0.0807855 0.0380042
v 0.5400820 -1.9030490 0.0808283 1.000000 0.400000 0.431373
vn 0.2154654 -0.0807854 0.0403103
v 0.4582560 -1.9030490 0.0857329 1.000000 0.400000 0.431373
vn 0.1749166 -0.0807854 0.0422281
v 0.3720160 -1.9030490 0.0898117 1.000000 0.400000 0.431373
vn 0.1326838 -0.0807850 0.0437393
v 0.2821940 -1.9030490 0.0930257 1.000000 0.400000 0.431373
vn 0.0891713 -0.0807846 0.0448292
v 0.1896540 -1.9030490 0.0953437 1.000000 0.400000 0.431373
vn 0.0448039 -0.0807847 0.0454874
v 0.0952880 -1.9030490 0.0967435 1.000000 0.400000 0.431373
vn 0.0000018 -0.0807847 0.0457075
v 0.0000030 -1.9030490 0.0972117 1.000000 0.400000 0.431373
vn -0.0447990 -0.0807857 0.0454874
v -0.0952810 -1.9030490 0.0967436 1.000000 0.400000 0.431373
vn -0.0891686 -0.0807856 0.0448292
v -0.1896470 -1.9030490 0.0953439 1.000000 0.400000 0.431373
vn -0.1326813 -0.0807847 0.0437393
v -0.2821870 -1.9030490 0.0930259 1.000000 0.400000 0.431373
vn -0.1749138 -0.0807852 0.0422282
v -0.3720100 -1.9030490 0.0898120 1.000000 0.400000 0.431373
vn -0.2154632 -0.0807858 0.0403104
v -0.4582500 -1.9030490 0.0857332 1.000000 0.400000 0.431373
vn -0.2539349 -0.0807857 0.0380045
v -0.5400760 -1.9030490 0.0808287 1.000000 0.400000 0.431373
vn -0.2899625 -0.0807863 0.0353325
v -0.6167020 -1.9030490 0.0751459 1.000000 0.400000 0.431373
vn -0.3232004 -0.0807861 0.0323201
v -0.6873881 -1.9030490 0.0687393 1.000000 0.400000 0.431373
vn -0.3533220 -0.0807863 0.0289967
v -0.7514540 -1.9030490 0.0616707 1.000000 0.400000 0.431373
vn -0.3800423 -0.0807862 0.0253939
v -0.8082840 -1.9030490 0.0540082 1.000000 0.400000 0.431373
vn -0.4031039 -0.0807857 0.0215463
v -0.8573290 -1.9030490 0.0458256 1.000000 0.400000 0.431373
vn -0.4222814 -0.0807852 0.0174916
v -0.8981171 -1.9030490 0.0372016 1.000000 0.400000 0.431373
vn -0.4373925 -0.0807850 0.0132684
v -0.9302571 -1.9030490 0.0282194 1.000000 0.400000 0.431373
vn -0.4482922 -0.0807849 0.0089171
v -0.9534370 -1.9030490 0.0189654 1.000000 0.400000 0.431373
vn -0.4548736 -0.0807850 0.0044803
v -0.9674350 -1.9030490 0.0095287 1.000000 0.400000 0.431373
vn -0.4570747 -0.0807853 0.0000003
v -0.9721171 -1.9030490 0.0000003 1.000000 0.400000 0.431373
vn -0.4538936 -0.0861716 -0.0044706
v -0.9431690 -2.0363820 -0.0092894 1.000000 0.400000 0.431373
vn -0.4473264 -0.0861719 -0.0088978
v -0.9295220 -2.0363820 -0.0184893 1.000000 0.400000 0.431373
vn -0.4364509 -0.0861717 -0.0132395
v -0.9069240 -2.0363820 -0.0275112 1.000000 0.400000 0.431373
vn -0.4213718 -0.0861719 -0.0174539
v -0.8755910 -2.0363820 -0.0362681 1.000000 0.400000 0.431373
vn -0.4022359 -0.0861727 -0.0214998
v -0.8358260 -2.0363820 -0.0446757 1.000000 0.400000 0.431373
vn -0.3792251 -0.0861715 -0.0253390
v -0.7880121 -2.0363820 -0.0526531 1.000000 0.400000 0.431373
vn -0.3525622 -0.0861711 -0.0289341
v -0.7326081 -2.0363820 -0.0601234 1.000000 0.400000 0.431373
vn -0.3225049 -0.0861716 -0.0322504
v -0.6701490 -2.0363820 -0.0670147 1.000000 0.400000 0.431373
vn -0.2893423 -0.0861723 -0.0352560
v -0.6012370 -2.0363820 -0.0732606 1.000000 0.400000 0.431373
vn -0.2533913 -0.0861725 -0.0379224
v -0.5265340 -2.0363820 -0.0788010 1.000000 0.400000 0.431373
vn -0.2149997 -0.0861725 -0.0402235
v -0.4467600 -2.0363820 -0.0835825 1.000000 0.400000 0.431373
vn -0.1745387 -0.0861718 -0.0421372
v -0.3626840 -2.0363820 -0.0875590 1.000000 0.400000 0.431373
vn -0.1323970 -0.0861716 -0.0436450
v -0.2751150 -2.0363820 -0.0906923 1.000000 0.400000 0.431373
vn -0.0889803 -0.0861707 -0.0447326
v -0.1848960 -2.0363820 -0.0929522 1.000000 0.400000 0.431373
vn -0.0447063 -0.0861711 -0.0453894
v -0.0928970 -2.0363820 -0.0943169 1.000000 0.400000 0.431373
vn -0.0000021 -0.0861715 -0.0456090
v -0.0000030 -2.0363820 -0.0947733 1.000000 0.400000 0.431373
vn 0.0447036 -0.0861709 -0.0453894
v 0.0928910 -2.0363820 -0.0943170 1.000000 0.400000 0.431373
vn 0.0889775 -0.0861713 -0.0447326
v 0.1848900 -2.0363820 -0.0929523 1.000000 0.400000 0.431373
vn 0.1323950 -0.0861714 -0.0436451
v 0.2751090 -2.0363820 -0.0906925 1.000000 0.400000 0.431373
vn 0.1745378 -0.0861712 -0.0421372
v 0.3626780 -2.0363820 -0.0875592 1.000000 0.400000 0.431373
vn 0.2149972 -0.0861710 -0.0402237
v 0.4467550 -2.0363820 -0.0835827 1.000000 0.400000 0.431373
vn 0.2533879 -0.0861718 -0.0379226
v 0.5265290 -2.0363820 -0.0788013 1.000000 0.400000 0.431373
vn 0.2893391 -0.0861707 -0.0352563
v 0.6012320 -2.0363820 -0.0732610 1.000000 0.400000 0.431373
vn 0.3225020 -0.0861700 -0.0322507
v 0.6701450 -2.0363820 -0.0670151 1.000000 0.400000 0.431373
vn 0.3525602 -0.0861710 -0.0289343
v 0.7326050 -2.0363820 -0.0601239 1.000000 0.400000 0.431373
vn 0.3792238 -0.0861718 -0.0253391
v 0.7880090 -2.0363820 -0.0526536 1.000000 0.400000 0.431373
vn 0.4022353 -0.0861713 -0.0215000
v 0.8358240 -2.0363820 -0.0446762 1.000000 0.400000 0.431373
vn 0.4213716 -0.0861706 -0.0174540
v 0.8755890 -2.0363820 -0.0362685 1.000000 0.400000 0.431373
vn 0.4364502 -0.0861722 -0.0132397
v 0.9069231 -2.0363820 -0.0275116 1.000000 0.400000 0.431373
vn 0.4473258 -0.0861727 -0.0088980
v 0.9295210 -2.0363820 -0.0184897 1.000000 0.400000 0.431373
vn 0.4538933 -0.0861717 -0.0044708
v 0.9431690 -2.0363820 -0.0092898 1.000000 0.400000 0.431373
vn 0.4560899 -0.0861712 -0.0000003
v 0.9477330 -2.0363820 -0.0000004 1.000000 0.400000 0.431373
vn 0.4538939 -0.0861714 0.0044703
v 0.9431701 -2.0363820 0.0092890 1.000000 0.400000 0.431373
vn 0.4473264 -0.0861725 0.0088977
v 0.9295231 -2.0363820 0.0184890 1.000000 0.400000 0.431373
vn 0.4364509 -0.0861726 0.0132395
v 0.9069251 -2.0363820 0.0275109 1.000000 0.400000 0.431373
vn 0.4213721 -0.0861718 0.0174538
v 0.8755920 -2.0363820 0.0362678 1.000000 0.400000 0.431373
vn 0.4022367 -0.0861705 0.0214997
v 0.8358270 -2.0363820 0.0446755 1.000000 0.400000 0.431373
vn 0.3792264 -0.0861710 0.0253388
v 0.7880130 -2.0363820 0.0526529 1.000000 0.400000 0.431373
vn 0.3525637 -0.0861713 0.0289339
v 0.7326100 -2.0363820 0.0601232 1.000000 0.400000 0.431373
vn 0.3225056 -0.0861715 0.0322503
v 0.6701511 -2.0363820 0.0670146 1.000000 0.400000 0.431373
vn 0.2893409 -0.0861707 0.0352562
v 0.6012380 -2.0363820 0.0732605 1.000000 0.400000 0.431373
vn 0.2533916 -0.0861700 0.0379224
v 0.5265350 -2.0363820 0.0788009 1.000000 0.400000 0.431373
vn 0.2149999 -0.0861719 0.0402235
v 0.4467610 -2.0363820 0.0835824 1.000000 0.400000 0.431373
vn 0.1745406 -0.0861716 0.0421371
v 0.3626850 -2.0363820 0.0875589 1.000000 0.400000 0.431373
vn 0.1323992 -0.0861717 0.0436450
v 0.2751160 -2.0363820 0.0906923 1.000000 0.400000 0.431373
vn 0.0889799 -0.0861707 0.0447326
v 0.1848970 -2.0363820 0.0929522 1.000000 0.400000 0.431373
vn 0.0447060 -0.0861711 0.0453894
v 0.0928970 -2.0363820 0.0943169 1.000000 0.400000 0.431373
vn 0.0000002 -0.0861719 0.0456090
v 0.0000030 -2.0363820 0.0947733 1.000000 0.400000 0.431373
vn -0.0447036 -0.0861719 0.0453894
v -0.0928910 -2.0363820 0.0943169 1.000000 0.400000 0.431373
vn -0.0889752 -0.0861722 0.0447327
v -0.1848900 -2.0363820 0.0929523 1.000000 0.400000 0.431373
vn -0.1323946 -0.0861717 0.0436451
v -0.2751090 -2.0363820 0.0906925 1.000000 0.400000 0.431373
vn -0.1745381 -0.0861717 0.0421372
v -0.3626790 -2.0363820 0.0875592 1.000000 0.400000 0.431373
vn -0.2149983 -0.0861715 0.0402236
v -0.4467550 -2.0363820 0.0835827 1.000000 0.400000 0.431373
vn -0.2533883 -0.0861714 0.0379226
v -0.5265290 -2.0363820 0.0788013 1.000000 0.400000 0.431373
vn -0.2893391 -0.0861723 0.0352563
v -0.6012330 -2.0363820 0.0732609 1.000000 0.400000 0.431373
vn -0.3225035 -0.0861719 0.0322505
v -0.6701460 -2.0363820 0.0670150 1.000000 0.400000 0.431373
vn -0.3525606 -0.0861720 0.0289342
v -0.7326050 -2.0363820 0.0601238 1.000000 0.400000 0.431373
vn -0.3792236 -0.0861718 0.0253392
v -0.7880090 -2.0363820 0.0526535 1.000000 0.400000 0.431373
vn -0.4022352 -0.0861711 0.0215000
v -0.8358240 -2.0363820 0.0446761 1.000000 0.400000 0.431373
vn -0.4213715 -0.0861708 0.0174540
v -0.8755890 -2.0363820 0.0362685 1.000000 0.400000 0.431373
vn -0.4364499 -0.0861714 0.0132399
v -0.9069231 -2.0363820 0.0275115 1.000000 0.400000 0.431373
vn -0.4473261 -0.0861707 0.0088980
v -0.9295220 -2.0363820 0.0184897 1.000000 0.400000 0.431373
vn -0.4538937 -0.0861710 0.0044706
v -0.9431690 -2.0363820 0.0092897 1.000000 0.400000 0.431373
vn -0.4560899 -0.0861718 0.0000001
v -0.9477330 -2.0363820 0.0000003 1.000000 0.400000 0.431373
vn -0.4528554 -0.0915212 -0.0044602
v -0.9172850 -2.1697149 -0.0090344 1.000000 0.400000 0.431373
vn -0.4463030 -0.0915205 -0.0088776
v -0.9040120 -2.1697149 -0.0179819 1.000000 0.400000 0.431373
vn -0.4354524 -0.0915211 -0.0132093
v -0.8820340 -2.1697149 -0.0267562 1.000000 0.400000 0.431373
vn -0.4204080 -0.0915206 -0.0174140
v -0.8515611 -2.1697149 -0.0352727 1.000000 0.400000 0.431373
vn -0.4013157 -0.0915211 -0.0214507
v -0.8128870 -2.1697149 -0.0434496 1.000000 0.400000 0.431373
vn -0.3783582 -0.0915216 -0.0252809
v -0.7663851 -2.1697149 -0.0512081 1.000000 0.400000 0.431373
vn -0.3517568 -0.0915210 -0.0288677
v -0.7125020 -2.1697149 -0.0584734 1.000000 0.400000 0.431373
vn -0.3217668 -0.0915202 -0.0321766
v -0.6517580 -2.1697149 -0.0651756 1.000000 0.400000 0.431373
vn -0.2886786 -0.0915209 -0.0351756
v -0.5847360 -2.1697149 -0.0712500 1.000000 0.400000 0.431373
vn -0.2528117 -0.0915212 -0.0378357
v -0.5120830 -2.1697149 -0.0766384 1.000000 0.400000 0.431373
vn -0.2145077 -0.0915216 -0.0401315
v -0.4344990 -2.1697149 -0.0812886 1.000000 0.400000 0.431373
vn -0.1741392 -0.0915220 -0.0420408
v -0.3527300 -2.1697149 -0.0851560 1.000000 0.400000 0.431373
vn -0.1320951 -0.0915213 -0.0435452
v -0.2675640 -2.1697149 -0.0882033 1.000000 0.400000 0.431373
vn -0.0887764 -0.0915210 -0.0446303
v -0.1798220 -2.1697149 -0.0904012 1.000000 0.400000 0.431373
vn -0.0446031 -0.0915216 -0.0452855
v -0.0903470 -2.1697149 -0.0917284 1.000000 0.400000 0.431373
vn -0.0000025 -0.0915213 -0.0455047
v -0.0000030 -2.1697149 -0.0921723 1.000000 0.400000 0.431373
vn 0.0446008 -0.0915213 -0.0452856
v 0.0903420 -2.1697149 -0.0917285 1.000000 0.400000 0.431373
vn 0.0887738 -0.0915207 -0.0446303
v 0.1798160 -2.1697149 -0.0904013 1.000000 0.400000 0.431373
vn 0.1320921 -0.0915207 -0.0435453
v 0.2675590 -2.1697149 -0.0882035 1.000000 0.400000 0.431373
vn 0.1741375 -0.0915201 -0.0420409
v 0.3527250 -2.1697149 -0.0851562 1.000000 0.400000 0.431373
vn 0.2145059 -0.0915199 -0.0401316
v 0.4344940 -2.1697149 -0.0812889 1.000000 0.400000 0.431373
vn 0.2528086 -0.0915207 -0.0378359
v 0.5120780 -2.1697149 -0.0766387 1.000000 0.400000 0.431373
vn 0.2886756 -0.0915211 -0.0351758
v 0.5847320 -2.1697149 -0.0712504 1.000000 0.400000 0.431373
vn 0.3217649 -0.0915217 -0.0321768
v 0.6517541 -2.1697149 -0.0651760 1.000000 0.400000 0.431373
vn 0.3517553 -0.0915225 -0.0288679
v 0.7124990 -2.1697149 -0.0584738 1.000000 0.400000 0.431373
vn 0.3783566 -0.0915216 -0.0252811
v 0.7663820 -2.1697149 -0.0512085 1.000000 0.400000 0.431373
vn 0.4013131 -0.0915218 -0.0214511
v 0.8128850 -2.1697149 -0.0434501 1.000000 0.400000 0.431373
vn 0.4204076 -0.0915207 -0.0174141
v 0.8515600 -2.1697149 -0.0352732 1.000000 0.400000 0.431373
vn 0.4354526 -0.0915205 -0.0132093
v 0.8820331 -2.1697149 -0.0267566 1.000000 0.400000 0.431373
vn 0.4463029 -0.0915206 -0.0088776
v 0.9040111 -2.1697149 -0.0179823 1.000000 0.400000 0.431373
vn 0.4528551 -0.0915212 -0.0044606
v 0.9172840 -2.1697149 -0.0090349 1.000000 0.400000 0.431373
vn 0.4550466 -0.0915212 -0.0000003
v 0.9217230 -2.1697149 -0.0000004 1.000000 0.400000 0.431373
vn 0.4528555 -0.0915214 0.0044601
v 0.9172850 -2.1697149 0.0090341 1.000000 0.400000 0.431373
vn 0.4463034 -0.0915210 0.0088774
v 0.9040130 -2.1697149 0.0179815 1.000000 0.400000 0.431373
vn 0.4354534 -0.0915209 0.0132090
v 0.8820350 -2.1697149 0.0267558 1.000000 0.400000 0.431373
vn 0.4204094 -0.0915202 0.0174137
v 0.8515630 -2.1697149 0.0352725 1.000000 0.400000 0.431373
vn 0.4013162 -0.0915202 0.0214506
v 0.8128890 -2.1697149 0.0434494 1.000000 0.400000 0.431373
vn 0.3783585 -0.0915206 0.0252809
v 0.7663870 -2.1697149 0.0512079 1.000000 0.400000 0.431373
vn 0.3517563 -0.0915210 0.0288678
v 0.7125040 -2.1697149 0.0584732 1.000000 0.400000 0.431373
vn 0.3217679 -0.0915215 0.0321765
v 0.6517590 -2.1697149 0.0651754 1.000000 0.400000 0.431373
vn 0.2886805 -0.0915209 0.0351754
v 0.5847380 -2.1697149 0.0712499 1.000000 0.400000 0.431373
vn 0.2528110 -0.0915210 0.0378357
v 0.5120850 -2.1697149 0.0766383 1.000000 0.400000 0.431373
vn 0.2145079 -0.0915211 0.0401315
v 0.4345000 -2.1697149 0.0812885 1.000000 0.400000 0.431373
vn 0.1741417 -0.0915200 0.0420407
v 0.3527310 -2.1697149 0.0851560 1.000000 0.400000 0.431373
vn 0.1320955 -0.0915204 0.0435452
v 0.2675650 -2.1697149 0.0882033 1.000000 0.400000 0.431373
vn 0.0887763 -0.0915215 0.0446303
v 0.1798230 -2.1697149 0.0904012 1.000000 0.400000 0.431373
vn 0.0446030 -0.0915215 0.0452855
v 0.0903480 -2.1697149 0.0917284 1.000000 0.400000 0.431373
vn 0.0000020 -0.0915209 0.0455047
v 0.0000030 -2.1697149 0.0921723 1.000000 0.400000 0.431373
vn -0.0446007 -0.0915199 0.0452856
v -0.0903410 -2.1697149 0.0917285 1.000000 0.400000 0.431373
vn -0.0887729 -0.0915204 0.0446304
v -0.1798160 -2.1697149 0.0904013 1.000000 0.400000 0.431373
vn -0.1320923 -0.0915216 0.0435453
v -0.2675590 -2.1697149 0.0882035 1.000000 0.400000 0.431373
vn -0.1741376 -0.0915213 0.0420409
v -0.3527250 -2.1697149 0.0851562 1.000000 0.400000 0.431373
vn -0.2145067 -0.0915211 0.0401316
v -0.4344940 -2.1697149 0.0812889 1.000000 0.400000 0.431373
vn -0.2528098 -0.0915213 0.0378358
v -0.5120790 -2.1697149 0.0766386 1.000000 0.400000 0.431373
vn -0.2886766 -0.0915211 0.0351757
v -0.5847320 -2.1697149 0.0712503 1.000000 0.400000 0.431373
vn -0.3217655 -0.0915209 0.0321768
v -0.6517541 -2.1697149 0.0651759 1.000000 0.400000 0.431373
vn -0.3517549 -0.0915208 0.0288680
v -0.7124990 -2.1697149 0.0584737 1.000000 0.400000 0.431373
vn -0.3783554 -0.0915212 0.0252813
v -0.7663831 -2.1697149 0.0512084 1.000000 0.400000 0.431373
vn -0.4013144 -0.0915212 0.0214509
v -0.8128860 -2.1697149 0.0434500 1.000000 0.400000 0.431373
vn -0.4204080 -0.0915205 0.0174140
v -0.8515600 -2.1697149 0.0352731 1.000000 0.400000 0.431373
vn -0.4354520 -0.0915209 0.0132095
v -0.8820331 -2.1697149 0.0267565 1.000000 0.400000 0.431373
vn -0.4463025 -0.0915226 0.0088776
v -0.9040120 -2.1697149 0.0179822 1.000000 0.400000 0.431373
vn -0.4528551 -0.0915218 0.0044604
v -0.9172840 -2.1697149 0.0090348 1.000000 0.400000 0.431373
vn -0.4550466 -0.0915212 0.0000002
v -0.9217230 -2.1697149 0.0000003 1.000000 0.400000 0.431373
vn -0.4517598 -0.0968338 -0.0044495
v -0.8897820 -2.3030479 -0.0087636 1.000000 0.400000 0.431373
vn -0.4452236 -0.0968335 -0.0088559
v -0.8769080 -2.3030479 -0.0174428 1.000000 0.400000 0.431373
vn -0.4343996 -0.0968325 -0.0131772
v -0.8555890 -2.3030479 -0.0259539 1.000000 0.400000 0.431373
vn -0.4193911 -0.0968326 -0.0173719
v -0.8260300 -2.3030479 -0.0342152 1.000000 0.400000 0.431373
vn -0.4003443 -0.0968328 -0.0213989
v -0.7885150 -2.3030479 -0.0421469 1.000000 0.400000 0.431373
vn -0.3774430 -0.0968326 -0.0252198
v -0.7434070 -2.3030479 -0.0496728 1.000000 0.400000 0.431373
vn -0.3509055 -0.0968328 -0.0287980
v -0.6911400 -2.3030479 -0.0567202 1.000000 0.400000 0.431373
vn -0.3209884 -0.0968331 -0.0320988
v -0.6322160 -2.3030479 -0.0632215 1.000000 0.400000 0.431373
vn -0.2879809 -0.0968322 -0.0350905
v -0.5672040 -2.3030479 -0.0691138 1.000000 0.400000 0.431373
vn -0.2522001 -0.0968331 -0.0377441
v -0.4967300 -2.3030479 -0.0743406 1.000000 0.400000 0.431373
vn -0.2139886 -0.0968333 -0.0400345
v -0.4214720 -2.3030479 -0.0788514 1.000000 0.400000 0.431373
vn -0.1737187 -0.0968327 -0.0419391
v -0.3421550 -2.3030479 -0.0826028 1.000000 0.400000 0.431373
vn -0.1317764 -0.0968326 -0.0434398
v -0.2595420 -2.3030479 -0.0855588 1.000000 0.400000 0.431373
vn -0.0885611 -0.0968330 -0.0445223
v -0.1744300 -2.3030479 -0.0876908 1.000000 0.400000 0.431373
vn -0.0444958 -0.0968327 -0.0451760
v -0.0876390 -2.3030479 -0.0889782 1.000000 0.400000 0.431373
vn -0.0000026 -0.0968327 -0.0453946
v -0.0000030 -2.3030479 -0.0894088 1.000000 0.400000 0.431373
vn 0.0444928 -0.0968329 -0.0451760
v 0.0876330 -2.3030479 -0.0889783 1.000000 0.400000 0.431373
vn 0.0885586 -0.0968331 -0.0445224
v 0.1744250 -2.3030479 -0.0876909 1.000000 0.400000 0.431373
vn 0.1317723 -0.0968327 -0.0434400
v 0.2595370 -2.3030479 -0.0855590 1.000000 0.400000 0.431373
vn 0.1737160 -0.0968326 -0.0419392
v 0.3421490 -2.3030479 -0.0826031 1.000000 0.400000 0.431373
vn 0.2139875 -0.0968330 -0.0400345
v 0.4214670 -2.3030479 -0.0788517 1.000000 0.400000 0.431373
vn 0.2521975 -0.0968329 -0.0377443
v 0.4967250 -2.3030479 -0.0743409 1.000000 0.400000 0.431373
vn 0.2879784 -0.0968330 -0.0350906
v 0.5672000 -2.3030479 -0.0691142 1.000000 0.400000 0.431373
vn 0.3209880 -0.0968335 -0.0320988
v 0.6322130 -2.3030479 -0.0632218 1.000000 0.400000 0.431373
vn 0.3509029 -0.0968339 -0.0287982
v 0.6911361 -2.3030479 -0.0567206 1.000000 0.400000 0.431373
vn 0.3774403 -0.0968332 -0.0252202
v 0.7434050 -2.3030479 -0.0496732 1.000000 0.400000 0.431373
vn 0.4003437 -0.0968333 -0.0213990
v 0.7885131 -2.3030479 -0.0421474 1.000000 0.400000 0.431373
vn 0.4193900 -0.0968341 -0.0173720
v 0.8260280 -2.3030479 -0.0342156 1.000000 0.400000 0.431373
vn 0.4343988 -0.0968327 -0.0131775
v 0.8555880 -2.3030479 -0.0259544 1.000000 0.400000 0.431373
vn 0.4452236 -0.0968321 -0.0088561
v 0.8769071 -2.3030479 -0.0174432 1.000000 0.400000 0.431373
vn 0.4517598 -0.0968326 -0.0044498
v 0.8897820 -2.3030479 -0.0087640 1.000000 0.400000 0.431373
vn 0.4539460 -0.0968327 -0.0000003
v 0.8940880 -2.3030479 -0.0000004 1.000000 0.400000 0.431373
vn 0.4517603 -0.0968328 0.0044493
v 0.8897830 -2.3030479 0.0087632 1.000000 0.400000 0.431373
vn 0.4452239 -0.0968329 0.0088559
v 0.8769090 -2.3030479 0.0174424 1.000000 0.400000 0.431373
vn 0.4343998 -0.0968332 0.0131771
v 0.8555900 -2.3030479 0.0259536 1.000000 0.400000 0.431373
vn 0.4193923 -0.0968332 0.0173715
v 0.8260310 -2.3030479 0.0342149 1.000000 0.400000 0.431373
vn 0.4003456 -0.0968332 0.0213987
v 0.7885170 -2.3030479 0.0421467 1.000000 0.400000 0.431373
vn 0.3774427 -0.0968334 0.0252198
v 0.7434090 -2.3030479 0.0496726 1.000000 0.400000 0.431373
vn 0.3509053 -0.0968330 0.0287980
v 0.6911410 -2.3030479 0.0567201 1.000000 0.400000 0.431373
vn 0.3209896 -0.0968332 0.0320987
v 0.6322181 -2.3030479 0.0632213 1.000000 0.400000 0.431373
vn 0.2879815 -0.0968332 0.0350904
v 0.5672060 -2.3030479 0.0691137 1.000000 0.400000 0.431373
vn 0.2521990 -0.0968340 0.0377442
v 0.4967310 -2.3030479 0.0743405 1.000000 0.400000 0.431373
vn 0.2139902 -0.0968336 0.0400344
v 0.4214730 -2.3030479 0.0788513 1.000000 0.400000 0.431373
vn 0.1737211 -0.0968335 0.0419390
v 0.3421560 -2.3030479 0.0826028 1.000000 0.400000 0.431373
vn 0.1317745 -0.0968330 0.0434399
v 0.2595430 -2.3030479 0.0855588 1.000000 0.400000 0.431373
vn 0.0885609 -0.0968334 0.0445223
v 0.1744310 -2.3030479 0.0876907 1.000000 0.400000 0.431373
vn 0.0444970 -0.0968328 0.0451760
v 0.0876390 -2.3030479 0.0889782 1.000000 0.400000 0.431373
vn 0.0000026 -0.0968326 0.0453946
v 0.0000030 -2.3030479 0.0894088 1.000000 0.400000 0.431373
vn -0.0444929 -0.0968327 0.0451760
v -0.0876330 -2.3030479 0.0889783 1.000000 0.400000 0.431373
vn -0.0885605 -0.0968336 0.0445223
v -0.1744250 -2.3030479 0.0876909 1.000000 0.400000 0.431373
vn -0.1317737 -0.0968343 0.0434399
v -0.2595370 -2.3030479 0.0855589 1.000000 0.400000 0.431373
vn -0.1737161 -0.0968333 0.0419392
v -0.3421500 -2.3030479 0.0826030 1.000000 0.400000 0.431373
vn -0.2139877 -0.0968333 0.0400345
v -0.4214670 -2.3030479 0.0788516 1.000000 0.400000 0.431373
vn -0.2521963 -0.0968319 0.0377444
v -0.4967260 -2.3030479 0.0743408 1.000000 0.400000 0.431373
vn -0.2879789 -0.0968317 0.0350906
v -0.5672010 -2.3030479 0.0691141 1.000000 0.400000 0.431373
vn -0.3209870 -0.0968319 0.0320990
v -0.6322130 -2.3030479 0.0632218 1.000000 0.400000 0.431373
vn -0.3509043 -0.0968325 0.0287981
v -0.6911370 -2.3030479 0.0567206 1.000000 0.400000 0.431373
vn -0.3774413 -0.0968333 0.0252200
v -0.7434050 -2.3030479 0.0496731 1.000000 0.400000 0.431373
vn -0.4003440 -0.0968333 0.0213990
v -0.7885131 -2.3030479 0.0421473 1.000000 0.400000 0.431373
vn -0.4193901 -0.0968336 0.0173720
v -0.8260280 -2.3030479 0.0342155 1.000000 0.400000 0.431373
vn -0.4343989 -0.0968329 0.0131774
v -0.8555880 -2.3030479 0.0259543 1.000000 0.400000 0.431373
vn -0.4452234 -0.0968324 0.0088561
v -0.8769071 -2.3030479 0.0174431 1.000000 0.400000 0.431373
vn -0.4517599 -0.0968323 0.0044498
v -0.8897820 -2.3030479 0.0087639 1.000000 0.400000 0.431373
vn -0.4539460 -0.0968327 0.0000000
v -0.8940880 -2.3030479 0.0000003 1.000000 0.400000 0.431373
vn -0.4506088 -0.1021050 -0.0044382
v -0.8606620 -2.4363811 -0.0084768 1.000000 0.400000 0.431373
vn -0.4440892 -0.1021058 -0.0088333
v -0.8482090 -2.4363811 -0.0168719 1.000000 0.400000 0.431373
vn -0.4332924 -0.1021060 -0.0131437
v -0.8275881 -2.4363811 -0.0251045 1.000000 0.400000 0.431373
vn -0.4183219 -0.1021064 -0.0173276
v -0.7989960 -2.4363811 -0.0330954 1.000000 0.400000 0.431373
vn -0.3993249 -0.1021053 -0.0213442
v -0.7627090 -2.4363811 -0.0407676 1.000000 0.400000 0.431373
vn -0.3764810 -0.1021054 -0.0251555
v -0.7190781 -2.4363811 -0.0480471 1.000000 0.400000 0.431373
vn -0.3500114 -0.1021055 -0.0287246
v -0.6685210 -2.4363811 -0.0548639 1.000000 0.400000 0.431373
vn -0.3201717 -0.1021051 -0.0320169
v -0.6115260 -2.4363811 -0.0611524 1.000000 0.400000 0.431373
vn -0.2872464 -0.1021048 -0.0350011
v -0.5486420 -2.4363811 -0.0668519 1.000000 0.400000 0.431373
vn -0.2515557 -0.1021053 -0.0376481
v -0.4804730 -2.4363811 -0.0719076 1.000000 0.400000 0.431373
vn -0.2134452 -0.1021049 -0.0399323
v -0.4076780 -2.4363811 -0.0762708 1.000000 0.400000 0.431373
vn -0.1732763 -0.1021049 -0.0418322
v -0.3309570 -2.4363811 -0.0798995 1.000000 0.400000 0.431373
vn -0.1314392 -0.1021057 -0.0433292
v -0.2510480 -2.4363811 -0.0827587 1.000000 0.400000 0.431373
vn -0.0883357 -0.1021057 -0.0444089
v -0.1687220 -2.4363811 -0.0848209 1.000000 0.400000 0.431373
vn -0.0443822 -0.1021056 -0.0450609
v -0.0847700 -2.4363811 -0.0860662 1.000000 0.400000 0.431373
vn -0.0000028 -0.1021059 -0.0452789
v -0.0000030 -2.4363811 -0.0864827 1.000000 0.400000 0.431373
vn 0.0443799 -0.1021054 -0.0450609
v 0.0847650 -2.4363811 -0.0860663 1.000000 0.400000 0.431373
vn 0.0883331 -0.1021055 -0.0444089
v 0.1687160 -2.4363811 -0.0848210 1.000000 0.400000 0.431373
vn 0.1314359 -0.1021060 -0.0433293
v 0.2510430 -2.4363811 -0.0827589 1.000000 0.400000 0.431373
vn 0.1732741 -0.1021056 -0.0418323
v 0.3309520 -2.4363811 -0.0798997 1.000000 0.400000 0.431373
vn 0.2134419 -0.1021059 -0.0399325
v 0.4076730 -2.4363811 -0.0762711 1.000000 0.400000 0.431373
vn 0.2515544 -0.1021056 -0.0376482
v 0.4804690 -2.4363811 -0.0719079 1.000000 0.400000 0.431373
vn 0.2872441 -0.1021054 -0.0350013
v 0.5486370 -2.4363811 -0.0668523 1.000000 0.400000 0.431373
vn 0.3201692 -0.1021054 -0.0320171
v 0.6115220 -2.4363811 -0.0611528 1.000000 0.400000 0.431373
vn 0.3500101 -0.1021045 -0.0287248
v 0.6685180 -2.4363811 -0.0548643 1.000000 0.400000 0.431373
vn 0.3764794 -0.1021055 -0.0251558
v 0.7190751 -2.4363811 -0.0480475 1.000000 0.400000 0.431373
vn 0.3993237 -0.1021056 -0.0213444
v 0.7627070 -2.4363811 -0.0407680 1.000000 0.400000 0.431373
vn 0.4183213 -0.1021053 -0.0173278
v 0.7989940 -2.4363811 -0.0330958 1.000000 0.400000 0.431373
vn 0.4332910 -0.1021056 -0.0131441
v 0.8275870 -2.4363811 -0.0251050 1.000000 0.400000 0.431373
vn 0.4440889 -0.1021051 -0.0088335
v 0.8482090 -2.4363811 -0.0168723 1.000000 0.400000 0.431373
vn 0.4506087 -0.1021053 -0.0044383
v 0.8606620 -2.4363811 -0.0084772 1.000000 0.400000 0.431373
vn 0.4527890 -0.1021059 -0.0000003
v 0.8648270 -2.4363811 -0.0000004 1.000000 0.400000 0.431373
vn 0.4506090 -0.1021055 0.0044380
v 0.8606630 -2.4363811 0.0084764 1.000000 0.400000 0.431373
vn 0.4440889 -0.1021055 0.0088335
v 0.8482100 -2.4363811 0.0168716 1.000000 0.400000 0.431373
vn 0.4332928 -0.1021055 0.0131436
v 0.8275881 -2.4363811 0.0251042 1.000000 0.400000 0.431373
vn 0.4183238 -0.1021055 0.0173272
v 0.7989970 -2.4363811 0.0330952 1.000000 0.400000 0.431373
vn 0.3993251 -0.1021056 0.0213442
v 0.7627110 -2.4363811 0.0407673 1.000000 0.400000 0.431373
vn 0.3764815 -0.1021053 0.0251555
v 0.7190790 -2.4363811 0.0480469 1.000000 0.400000 0.431373
vn 0.3500111 -0.1021055 0.0287246
v 0.6685221 -2.4363811 0.0548638 1.000000 0.400000 0.431373
vn 0.3201715 -0.1021061 0.0320169
v 0.6115270 -2.4363811 0.0611522 1.000000 0.400000 0.431373
vn 0.2872484 -0.1021058 0.0350009
v 0.5486430 -2.4363811 0.0668518 1.000000 0.400000 0.431373
vn 0.2515561 -0.1021052 0.0376480
v 0.4804750 -2.4363811 0.0719075 1.000000 0.400000 0.431373
vn 0.2134444 -0.1021052 0.0399324
v 0.4076790 -2.4363811 0.0762707 1.000000 0.400000 0.431373
vn 0.1732790 -0.1021055 0.0418321
v 0.3309580 -2.4363811 0.0798994 1.000000 0.400000 0.431373
vn 0.1314403 -0.1021058 0.0433291
v 0.2510490 -2.4363811 0.0827587 1.000000 0.400000 0.431373
vn 0.0883353 -0.1021051 0.0444089
v 0.1687220 -2.4363811 0.0848209 1.000000 0.400000 0.431373
vn 0.0443828 -0.1021056 0.0450609
v 0.0847710 -2.4363811 0.0860662 1.000000 0.400000 0.431373
vn 0.0000027 -0.1021057 0.0452789
v 0.0000030 -2.4363811 0.0864827 1.000000 0.400000 0.431373
vn -0.0443801 -0.1021054 0.0450609
v -0.0847650 -2.4363811 0.0860663 1.000000 0.400000 0.431373
vn -0.0883351 -0.1021050 0.0444089
v -0.1687160 -2.4363811 0.0848210 1.000000 0.400000 0.431373
vn -0.1314363 -0.1021042 0.0433293
v -0.2510430 -2.4363811 0.0827588 1.000000 0.400000 0.431373
vn -0.1732733 -0.1021046 0.0418323
v -0.3309520 -2.4363811 0.0798997 1.000000 0.400000 0.431373
vn -0.2134420 -0.1021048 0.0399325
v -0.4076740 -2.4363811 0.0762710 1.000000 0.400000 0.431373
vn -0.2515535 -0.1021055 0.0376482
v -0.4804700 -2.4363811 0.0719079 1.000000 0.400000 0.431373
vn -0.2872457 -0.1021056 0.0350011
v -0.5486380 -2.4363811 0.0668522 1.000000 0.400000 0.431373
vn -0.3201698 -0.1021053 0.0320171
v -0.6115230 -2.4363811 0.0611527 1.000000 0.400000 0.431373
vn -0.3500113 -0.1021054 0.0287246
v -0.6685180 -2.4363811 0.0548642 1.000000 0.400000 0.431373
vn -0.3764785 -0.1021054 0.0251559
v -0.7190751 -2.4363811 0.0480474 1.000000 0.400000 0.431373
vn -0.3993235 -0.1021052 0.0213445
v -0.7627081 -2.4363811 0.0407679 1.000000 0.400000 0.431373
vn -0.4183219 -0.1021049 0.0173277
v -0.7989940 -2.4363811 0.0330958 1.000000 0.400000 0.431373
vn -0.4332915 -0.1021051 0.0131440
v -0.8275870 -2.4363811 0.0251049 1.000000 0.400000 0.431373
vn -0.4440889 -0.1021046 0.0088336
v -0.8482090 -2.4363811 0.0168722 1.000000 0.400000 0.431373
vn -0.4506087 -0.1021055 0.0044383
v -0.8606620 -2.4363811 0.0084771 1.000000 0.400000 0.431373
vn -0.4527890 -0.1021058 0.0000000
v -0.8648270 -2.4363811 0.0000003 1.000000 0.400000 0.431373
vn -0.4494035 -0.1073355 -0.0044262
v -0.8299250 -2.5697150 -0.0081740 1.000000 0.400000 0.431373
vn -0.4429008 -0.1073356 -0.0088099
v -0.8179160 -2.5697150 -0.0162693 1.000000 0.400000 0.431373
vn -0.4321329 -0.1073366 -0.0131086
v -0.7980310 -2.5697150 -0.0242080 1.000000 0.400000 0.431373
vn -0.4172034 -0.1073363 -0.0172811
v -0.7704600 -2.5697150 -0.0319134 1.000000 0.400000 0.431373
vn -0.3982571 -0.1073355 -0.0212871
v -0.7354700 -2.5697150 -0.0393116 1.000000 0.400000 0.431373
vn -0.3754730 -0.1073358 -0.0250884
v -0.6933960 -2.5697150 -0.0463312 1.000000 0.400000 0.431373
vn -0.3490754 -0.1073360 -0.0286477
v -0.6446450 -2.5697150 -0.0529045 1.000000 0.400000 0.431373
vn -0.3193150 -0.1073367 -0.0319312
v -0.5896860 -2.5697150 -0.0589684 1.000000 0.400000 0.431373
vn -0.2864779 -0.1073371 -0.0349074
v -0.5290470 -2.5697150 -0.0644644 1.000000 0.400000 0.431373
vn -0.2508835 -0.1073361 -0.0375473
v -0.4633140 -2.5697150 -0.0693395 1.000000 0.400000 0.431373
vn -0.2128721 -0.1073361 -0.0398256
v -0.3931180 -2.5697150 -0.0735469 1.000000 0.400000 0.431373
vn -0.1728111 -0.1073372 -0.0417203
v -0.3191370 -2.5697150 -0.0770459 1.000000 0.400000 0.431373
vn -0.1310882 -0.1073373 -0.0432132
v -0.2420820 -2.5697150 -0.0798030 1.000000 0.400000 0.431373
vn -0.0881004 -0.1073371 -0.0442900
v -0.1626960 -2.5697150 -0.0817916 1.000000 0.400000 0.431373
vn -0.0442627 -0.1073362 -0.0449403
v -0.0817430 -2.5697150 -0.0829924 1.000000 0.400000 0.431373
vn -0.0000026 -0.1073371 -0.0451578
v -0.0000030 -2.5697150 -0.0833940 1.000000 0.400000 0.431373
vn 0.0442600 -0.1073376 -0.0449403
v 0.0817380 -2.5697150 -0.0829925 1.000000 0.400000 0.431373
vn 0.0880976 -0.1073373 -0.0442901
v 0.1626910 -2.5697150 -0.0817917 1.000000 0.400000 0.431373
vn 0.1310840 -0.1073372 -0.0432133
v 0.2420770 -2.5697150 -0.0798032 1.000000 0.400000 0.431373
vn 0.1728093 -0.1073367 -0.0417204
v 0.3191320 -2.5697150 -0.0770462 1.000000 0.400000 0.431373
vn 0.2128718 -0.1073361 -0.0398256
v 0.3931140 -2.5697150 -0.0735471 1.000000 0.400000 0.431373
vn 0.2508814 -0.1073361 -0.0375474
v 0.4633090 -2.5697150 -0.0693398 1.000000 0.400000 0.431373
vn 0.2864766 -0.1073363 -0.0349075
v 0.5290430 -2.5697150 -0.0644647 1.000000 0.400000 0.431373
vn 0.3193127 -0.1073367 -0.0319314
v 0.5896820 -2.5697150 -0.0589687 1.000000 0.400000 0.431373
vn 0.3490723 -0.1073369 -0.0286480
v 0.6446421 -2.5697150 -0.0529049 1.000000 0.400000 0.431373
vn 0.3754720 -0.1073361 -0.0250885
v 0.6933940 -2.5697150 -0.0463315 1.000000 0.400000 0.431373
vn 0.3982548 -0.1073356 -0.0212875
v 0.7354680 -2.5697150 -0.0393120 1.000000 0.400000 0.431373
vn 0.4172028 -0.1073352 -0.0172814
v 0.7704591 -2.5697150 -0.0319139 1.000000 0.400000 0.431373
vn 0.4321326 -0.1073369 -0.0131087
v 0.7980300 -2.5697150 -0.0242084 1.000000 0.400000 0.431373
vn 0.4429002 -0.1073377 -0.0088099
v 0.8179151 -2.5697150 -0.0162697 1.000000 0.400000 0.431373
vn 0.4494029 -0.1073366 -0.0044265
v 0.8299240 -2.5697150 -0.0081744 1.000000 0.400000 0.431373
vn 0.4515777 -0.1073366 -0.0000003
v 0.8339400 -2.5697150 -0.0000004 1.000000 0.400000 0.431373
vn 0.4494033 -0.1073372 0.0044260
v 0.8299250 -2.5697150 0.0081737 1.000000 0.400000 0.431373
vn 0.4429011 -0.1073366 0.0088097
v 0.8179170 -2.5697150 0.0162690 1.000000 0.400000 0.431373
vn 0.4321336 -0.1073362 0.0131084
v 0.7980320 -2.5697150 0.0242077 1.000000 0.400000 0.431373
vn 0.4172041 -0.1073367 0.0172809
v 0.7704620 -2.5697150 0.0319132 1.000000 0.400000 0.431373
vn 0.3982569 -0.1073362 0.0212871
v 0.7354710 -2.5697150 0.0393114 1.000000 0.400000 0.431373
vn 0.3754740 -0.1073364 0.0250882
v 0.6933981 -2.5697150 0.0463310 1.000000 0.400000 0.431373
vn 0.3490740 -0.1073370 0.0286478
v 0.6446470 -2.5697150 0.0529043 1.000000 0.400000 0.431373
vn 0.3193148 -0.1073367 0.0319312
v 0.5896870 -2.5697150 0.0589682 1.000000 0.400000 0.431373
vn 0.2864800 -0.1073371 0.0349072
v 0.5290490 -2.5697150 0.0644642 1.000000 0.400000 0.431373
vn 0.2508840 -0.1073368 0.0375472
v 0.4633150 -2.5697150 0.0693394 1.000000 0.400000 0.431373
vn 0.2128737 -0.1073359 0.0398255
v 0.3931190 -2.5697150 0.0735468 1.000000 0.400000 0.431373
vn 0.1728138 -0.1073361 0.0417202
v 0.3191380 -2.5697150 0.0770459 1.000000 0.400000 0.431373
vn 0.1310882 -0.1073371 0.0432132
v 0.2420830 -2.5697150 0.0798030 1.000000 0.400000 0.431373
vn 0.0881001 -0.1073366 0.0442900
v 0.1626970 -2.5697150 0.0817916 1.000000 0.400000 0.431373
vn 0.0442627 -0.1073359 0.0449403
v 0.0817430 -2.5697150 0.0829924 1.000000 0.400000 0.431373
vn 0.0000026 -0.1073368 0.0451578
v 0.0000030 -2.5697150 0.0833940 1.000000 0.400000 0.431373
vn -0.0442600 -0.1073376 0.0449403
v -0.0817370 -2.5697150 0.0829925 1.000000 0.400000 0.431373
vn -0.0880968 -0.1073370 0.0442901
v -0.1626910 -2.5697150 0.0817917 1.000000 0.400000 0.431373
vn -0.1310859 -0.1073358 0.0432133
v -0.2420770 -2.5697150 0.0798032 1.000000 0.400000 0.431373
vn -0.1728098 -0.1073366 0.0417204
v -0.3191320 -2.5697150 0.0770461 1.000000 0.400000 0.431373
vn -0.2128711 -0.1073358 0.0398257
v -0.3931140 -2.5697150 0.0735471 1.000000 0.400000 0.431373
vn -0.2508818 -0.1073364 0.0375474
v -0.4633100 -2.5697150 0.0693397 1.000000 0.400000 0.431373
vn -0.2864757 -0.1073370 0.0349076
v -0.5290440 -2.5697150 0.0644646 1.000000 0.400000 0.431373
vn -0.3193121 -0.1073372 0.0319315
v -0.5896830 -2.5697150 0.0589687 1.000000 0.400000 0.431373
vn -0.3490742 -0.1073365 0.0286478
v -0.6446430 -2.5697150 0.0529048 1.000000 0.400000 0.431373
vn -0.3754725 -0.1073365 0.0250884
v -0.6933940 -2.5697150 0.0463315 1.000000 0.400000 0.431373
vn -0.3982549 -0.1073372 0.0212874
v -0.7354680 -2.5697150 0.0393119 1.000000 0.400000 0.431373
vn -0.4172025 -0.1073367 0.0172813
v -0.7704591 -2.5697150 0.0319138 1.000000 0.400000 0.431373
vn -0.4321321 -0.1073374 0.0131088
v -0.7980300 -2.5697150 0.0242083 1.000000 0.400000 0.431373
vn -0.4429004 -0.1073376 0.0088099
v -0.8179160 -2.5697150 0.0162696 1.000000 0.400000 0.431373
vn -0.4494030 -0.1073369 0.0044263
v -0.8299240 -2.5697150 0.0081743 1.000000 0.400000 0.431373
vn -0.4515776 -0.1073367 0.0000002
v -0.8339400 -2.5697150 0.0000003 1.000000 0.400000 0.431373
vn -0.4481443 -0.1125258 -0.0044137
v -0.7975690 -2.7030480 -0.0078554 1.000000 0.400000 0.431373
vn -0.4416600 -0.1125253 -0.0087852
v -0.7860290 -2.7030480 -0.0156351 1.000000 0.400000 0.431373
vn -0.4309223 -0.1125254 -0.0130719
v -0.7669190 -2.7030480 -0.0232642 1.000000 0.400000 0.431373
vn -0.4160349 -0.1125250 -0.0172327
v -0.7404231 -2.7030480 -0.0306693 1.000000 0.400000 0.431373
vn -0.3971413 -0.1125256 -0.0212274
v -0.7067970 -2.7030480 -0.0377790 1.000000 0.400000 0.431373
vn -0.3744215 -0.1125253 -0.0250180
v -0.6663641 -2.7030480 -0.0445249 1.000000 0.400000 0.431373
vn -0.3480959 -0.1125255 -0.0285676
v -0.6195130 -2.7030480 -0.0508420 1.000000 0.400000 0.431373
vn -0.3184189 -0.1125265 -0.0318419
v -0.5666960 -2.7030480 -0.0566694 1.000000 0.400000 0.431373
vn -0.2856762 -0.1125266 -0.0348095
v -0.5084220 -2.7030480 -0.0619511 1.000000 0.400000 0.431373
vn -0.2501822 -0.1125256 -0.0374420
v -0.4452510 -2.7030480 -0.0666362 1.000000 0.400000 0.431373
vn -0.2122763 -0.1125247 -0.0397140
v -0.3777920 -2.7030480 -0.0706796 1.000000 0.400000 0.431373
vn -0.1723267 -0.1125250 -0.0416035
v -0.3066950 -2.7030480 -0.0740422 1.000000 0.400000 0.431373
vn -0.1307195 -0.1125253 -0.0430922
v -0.2326440 -2.7030480 -0.0766918 1.000000 0.400000 0.431373
vn -0.0878555 -0.1125242 -0.0441660
v -0.1563530 -2.7030480 -0.0786028 1.000000 0.400000 0.431373
vn -0.0441391 -0.1125249 -0.0448144
v -0.0785560 -2.7030480 -0.0797569 1.000000 0.400000 0.431373
vn -0.0000005 -0.1125256 -0.0450313
v -0.0000030 -2.7030480 -0.0801428 1.000000 0.400000 0.431373
vn 0.0441373 -0.1125256 -0.0448144
v 0.0785510 -2.7030480 -0.0797569 1.000000 0.400000 0.431373
vn 0.0878492 -0.1125250 -0.0441661
v 0.1563480 -2.7030480 -0.0786029 1.000000 0.400000 0.431373
vn 0.1307172 -0.1125249 -0.0430923
v 0.2326390 -2.7030480 -0.0766920 1.000000 0.400000 0.431373
vn 0.1723250 -0.1125259 -0.0416036
v 0.3066900 -2.7030480 -0.0740424 1.000000 0.400000 0.431373
vn 0.2122737 -0.1125260 -0.0397141
v 0.3777880 -2.7030480 -0.0706798 1.000000 0.400000 0.431373
vn 0.2501781 -0.1125252 -0.0374423
v 0.4452470 -2.7030480 -0.0666365 1.000000 0.400000 0.431373
vn 0.2856735 -0.1125250 -0.0348098
v 0.5084180 -2.7030480 -0.0619515 1.000000 0.400000 0.431373
vn 0.3184193 -0.1125235 -0.0318420
v 0.5666930 -2.7030480 -0.0566698 1.000000 0.400000 0.431373
vn 0.3480957 -0.1125250 -0.0285676
v 0.6195100 -2.7030480 -0.0508423 1.000000 0.400000 0.431373
vn 0.3744194 -0.1125257 -0.0250183
v 0.6663610 -2.7030480 -0.0445253 1.000000 0.400000 0.431373
vn 0.3971388 -0.1125257 -0.0212279
v 0.7067950 -2.7030480 -0.0377794 1.000000 0.400000 0.431373
vn 0.4160339 -0.1125256 -0.0172329
v 0.7404220 -2.7030480 -0.0306697 1.000000 0.400000 0.431373
vn 0.4309224 -0.1125255 -0.0130719
v 0.7669180 -2.7030480 -0.0232646 1.000000 0.400000 0.431373
vn 0.4416598 -0.1125253 -0.0087853
v 0.7860280 -2.7030480 -0.0156354 1.000000 0.400000 0.431373
vn 0.4481440 -0.1125256 -0.0044141
v 0.7975690 -2.7030480 -0.0078557 1.000000 0.400000 0.431373
vn 0.4503127 -0.1125256 -0.0000000
v 0.8014280 -2.7030480 -0.0000003 1.000000 0.400000 0.431373
vn 0.4481447 -0.1125253 0.0044136
v 0.7975690 -2.7030480 0.0078550 1.000000 0.400000 0.431373
vn 0.4416609 -0.1125249 0.0087849
v 0.7860300 -2.7030480 0.0156348 1.000000 0.400000 0.431373
vn 0.4309225 -0.1125250 0.0130719
v 0.7669200 -2.7030480 0.0232639 1.000000 0.400000 0.431373
vn 0.4160355 -0.1125259 0.0172325
v 0.7404240 -2.7030480 0.0306690 1.000000 0.400000 0.431373
vn 0.3971415 -0.1125262 0.0212273
v 0.7067981 -2.7030480 0.0377788 1.000000 0.400000 0.431373
vn 0.3744214 -0.1125265 0.0250180
v 0.6663650 -2.7030480 0.0445247 1.000000 0.400000 0.431373
vn 0.3480963 -0.1125262 0.0285675
v 0.6195140 -2.7030480 0.0508418 1.000000 0.400000 0.431373
vn 0.3184204 -0.1125255 0.0318418
v 0.5666970 -2.7030480 0.0566693 1.000000 0.400000 0.431373
vn 0.2856766 -0.1125260 0.0348095
v 0.5084230 -2.7030480 0.0619510 1.000000 0.400000 0.431373
vn 0.2501821 -0.1125258 0.0374420
v 0.4452520 -2.7030480 0.0666361 1.000000 0.400000 0.431373
vn 0.2122786 -0.1125252 0.0397139
v 0.3777930 -2.7030480 0.0706795 1.000000 0.400000 0.431373
vn 0.1723292 -0.1125249 0.0416034
v 0.3066960 -2.7030480 0.0740422 1.000000 0.400000 0.431373
vn 0.1307193 -0.1125255 0.0430922
v 0.2326450 -2.7030480 0.0766918 1.000000 0.400000 0.431373
vn 0.0878546 -0.1125264 0.0441659
v 0.1563540 -2.7030480 0.0786028 1.000000 0.400000 0.431373
vn 0.0441402 -0.1125260 0.0448144
v 0.0785570 -2.7030480 0.0797569 1.000000 0.400000 0.431373
vn 0.0000003 -0.1125259 0.0450313
v 0.0000030 -2.7030480 0.0801428 1.000000 0.400000 0.431373
vn -0.0441374 -0.1125255 0.0448144
v -0.0785510 -2.7030480 0.0797569 1.000000 0.400000 0.431373
vn -0.0878490 -0.1125261 0.0441660
v -0.1563480 -2.7030480 0.0786029 1.000000 0.400000 0.431373
vn -0.1307165 -0.1125272 0.0430923
v -0.2326400 -2.7030480 0.0766920 1.000000 0.400000 0.431373
vn -0.1723259 -0.1125253 0.0416035
v -0.3066910 -2.7030480 0.0740424 1.000000 0.400000 0.431373
vn -0.2122742 -0.1125251 0.0397141
v -0.3777880 -2.7030480 0.0706798 1.000000 0.400000 0.431373
vn -0.2501798 -0.1125251 0.0374422
v -0.4452470 -2.7030480 0.0666365 1.000000 0.400000 0.431373
vn -0.2856750 -0.1125255 0.0348097
v -0.5084180 -2.7030480 0.0619514 1.000000 0.400000 0.431373
vn -0.3184178 -0.1125259 0.0318420
v -0.5666930 -2.7030480 0.0566697 1.000000 0.400000 0.431373
vn -0.3480955 -0.1125251 0.0285677
v -0.6195100 -2.7030480 0.0508423 1.000000 0.400000 0.431373
vn -0.3744203 -0.1125251 0.0250182
v -0.6663610 -2.7030480 0.0445252 1.000000 0.400000 0.431373
vn -0.3971391 -0.1125256 0.0212278
v -0.7067950 -2.7030480 0.0377793 1.000000 0.400000 0.431373
vn -0.4160339 -0.1125254 0.0172329
v -0.7404220 -2.7030480 0.0306696 1.000000 0.400000 0.431373
vn -0.4309221 -0.1125258 0.0130719
v -0.7669180 -2.7030480 0.0232645 1.000000 0.400000 0.431373
vn -0.4416595 -0.1125260 0.0087854
v -0.7860280 -2.7030480 0.0156354 1.000000 0.400000 0.431373
vn -0.4481442 -0.1125252 0.0044140
v -0.7975690 -2.7030480 0.0078556 1.000000 0.400000 0.431373
vn -0.4503127 -0.1125254 0.0000001
v -0.8014280 -2.7030480 0.0000003 1.000000 0.400000 0.431373
vn -0.4468340 -0.1176697 -0.0044008
v -0.7635960 -2.8363810 -0.0075207 1.000000 0.400000 0.431373
vn -0.4403685 -0.1176696 -0.0087595
v -0.7525470 -2.8363810 -0.0149691 1.000000 0.400000 0.431373
vn -0.4296626 -0.1176689 -0.0130336
v -0.7342511 -2.8363810 -0.0222732 1.000000 0.400000 0.431373
vn -0.4148183 -0.1176691 -0.0171823
v -0.7088840 -2.8363810 -0.0293629 1.000000 0.400000 0.431373
vn -0.3959793 -0.1176700 -0.0211655
v -0.6766900 -2.8363810 -0.0361697 1.000000 0.400000 0.431373
vn -0.3733270 -0.1176700 -0.0249448
v -0.6379790 -2.8363810 -0.0426283 1.000000 0.400000 0.431373
vn -0.3470784 -0.1176698 -0.0284840
v -0.5931240 -2.8363810 -0.0486763 1.000000 0.400000 0.431373
vn -0.3174882 -0.1176694 -0.0317488
v -0.5425570 -2.8363810 -0.0542555 1.000000 0.400000 0.431373
vn -0.2848420 -0.1176690 -0.0347077
v -0.4867650 -2.8363810 -0.0593122 1.000000 0.400000 0.431373
vn -0.2494532 -0.1176684 -0.0373324
v -0.4262850 -2.8363810 -0.0637978 1.000000 0.400000 0.431373
vn -0.2116551 -0.1176688 -0.0395979
v -0.3617000 -2.8363810 -0.0676690 1.000000 0.400000 0.431373
vn -0.1718208 -0.1176687 -0.0414819
v -0.2936310 -2.8363810 -0.0708883 1.000000 0.400000 0.431373
vn -0.1303404 -0.1176692 -0.0429661
v -0.2227350 -2.8363810 -0.0734250 1.000000 0.400000 0.431373
vn -0.0875977 -0.1176698 -0.0440368
v -0.1496930 -2.8363810 -0.0752548 1.000000 0.400000 0.431373
vn -0.0440056 -0.1176702 -0.0446834
v -0.0752100 -2.8363810 -0.0763595 1.000000 0.400000 0.431373
vn -0.0000026 -0.1176693 -0.0448996
v -0.0000020 -2.8363810 -0.0767290 1.000000 0.400000 0.431373
vn 0.0440060 -0.1176684 -0.0446835
v 0.0752050 -2.8363810 -0.0763596 1.000000 0.400000 0.431373
vn 0.0875932 -0.1176693 -0.0440369
v 0.1496880 -2.8363810 -0.0752548 1.000000 0.400000 0.431373
vn 0.1303364 -0.1176705 -0.0429662
v 0.2227300 -2.8363810 -0.0734252 1.000000 0.400000 0.431373
vn 0.1718220 -0.1176695 -0.0414819
v 0.2936260 -2.8363810 -0.0708885 1.000000 0.400000 0.431373
vn 0.2116525 -0.1176695 -0.0395981
v 0.3616950 -2.8363810 -0.0676691 1.000000 0.400000 0.431373
vn 0.2494457 -0.1176700 -0.0373328
v 0.4262810 -2.8363810 -0.0637981 1.000000 0.400000 0.431373
vn 0.2848370 -0.1176699 -0.0347081
v 0.4867610 -2.8363810 -0.0593126 1.000000 0.400000 0.431373
vn 0.3174875 -0.1176699 -0.0317489
v 0.5425540 -2.8363810 -0.0542560 1.000000 0.400000 0.431373
vn 0.3470793 -0.1176704 -0.0284839
v 0.5931210 -2.8363810 -0.0486766 1.000000 0.400000 0.431373
vn 0.3733245 -0.1176703 -0.0249451
v 0.6379771 -2.8363810 -0.0426286 1.000000 0.400000 0.431373
vn 0.3959779 -0.1176696 -0.0211658
v 0.6766880 -2.8363810 -0.0361701 1.000000 0.400000 0.431373
vn 0.4148174 -0.1176698 -0.0171825
v 0.7088830 -2.8363810 -0.0293632 1.000000 0.400000 0.431373
vn 0.4296624 -0.1176696 -0.0130337
v 0.7342500 -2.8363810 -0.0222736 1.000000 0.400000 0.431373
vn 0.4403684 -0.1176696 -0.0087596
v 0.7525461 -2.8363810 -0.0149694 1.000000 0.400000 0.431373
vn 0.4468336 -0.1176700 -0.0044012
v 0.7635950 -2.8363810 -0.0075211 1.000000 0.400000 0.431373
vn 0.4489960 -0.1176696 -0.0000003
v 0.7672900 -2.8363810 -0.0000003 1.000000 0.400000 0.431373
vn 0.4468343 -0.1176694 0.0044006
v 0.7635960 -2.8363810 0.0075204 1.000000 0.400000 0.431373
vn 0.4403688 -0.1176706 0.0087592
v 0.7525480 -2.8363810 0.0149688 1.000000 0.400000 0.431373
vn 0.4296624 -0.1176702 0.0130336
v 0.7342520 -2.8363810 0.0222730 1.000000 0.400000 0.431373
vn 0.4148185 -0.1176696 0.0171822
v 0.7088851 -2.8363810 0.0293626 1.000000 0.400000 0.431373
vn 0.3959797 -0.1176702 0.0211654
v 0.6766910 -2.8363810 0.0361695 1.000000 0.400000 0.431373
vn 0.3733273 -0.1176696 0.0249448
v 0.6379800 -2.8363810 0.0426281 1.000000 0.400000 0.431373
vn 0.3470799 -0.1176683 0.0284839
v 0.5931250 -2.8363810 0.0486761 1.000000 0.400000 0.431373
vn 0.3174895 -0.1176687 0.0317487
v 0.5425580 -2.8363810 0.0542554 1.000000 0.400000 0.431373
vn 0.2848419 -0.1176689 0.0347077
v 0.4867660 -2.8363810 0.0593121 1.000000 0.400000 0.431373
vn 0.2494515 -0.1176686 0.0373325
v 0.4262860 -2.8363810 0.0637977 1.000000 0.400000 0.431373
vn 0.2116577 -0.1176689 0.0395978
v 0.3617010 -2.8363810 0.0676688 1.000000 0.400000 0.431373
vn 0.1718244 -0.1176695 0.0414818
v 0.2936320 -2.8363810 0.0708883 1.000000 0.400000 0.431373
vn 0.1303362 -0.1176697 0.0429662
v 0.2227350 -2.8363810 0.0734250 1.000000 0.400000 0.431373
vn 0.0875965 -0.1176702 0.0440368
v 0.1496940 -2.8363810 0.0752546 1.000000 0.400000 0.431373
vn 0.0440108 -0.1176709 0.0446833
v 0.0752100 -2.8363810 0.0763595 1.000000 0.400000 0.431373
vn 0.0000026 -0.1176707 0.0448996
v 0.0000030 -2.8363810 0.0767290 1.000000 0.400000 0.431373
vn -0.0440057 -0.1176695 0.0446834
v -0.0752050 -2.8363810 0.0763596 1.000000 0.400000 0.431373
vn -0.0875955 -0.1176690 0.0440369
v -0.1496880 -2.8363810 0.0752548 1.000000 0.400000 0.431373
vn -0.1303355 -0.1176690 0.0429663
v -0.2227300 -2.8363810 0.0734251 1.000000 0.400000 0.431373
vn -0.1718195 -0.1176695 0.0414820
v -0.2936270 -2.8363810 0.0708885 1.000000 0.400000 0.431373
vn -0.2116546 -0.1176702 0.0395979
v -0.3616960 -2.8363810 0.0676691 1.000000 0.400000 0.431373
vn -0.2494477 -0.1176699 0.0373327
v -0.4262810 -2.8363810 0.0637980 1.000000 0.400000 0.431373
vn -0.2848393 -0.1176690 0.0347079
v -0.4867620 -2.8363810 0.0593125 1.000000 0.400000 0.431373
vn -0.3174865 -0.1176695 0.0317490
v -0.5425540 -2.8363810 0.0542558 1.000000 0.400000 0.431373
vn -0.3470771 -0.1176693 0.0284842
v -0.5931220 -2.8363810 0.0486766 1.000000 0.400000 0.431373
vn -0.3733269 -0.1176688 0.0249449
v -0.6379771 -2.8363810 0.0426286 1.000000 0.400000 0.431373
vn -0.3959783 -0.1176688 0.0211657
v -0.6766880 -2.8363810 0.0361700 1.000000 0.400000 0.431373
vn -0.4148176 -0.1176688 0.0171825
v -0.7088830 -2.8363810 0.0293632 1.000000 0.400000 0.431373
vn -0.4296627 -0.1176694 0.0130336
v -0.7342500 -2.8363810 0.0222735 1.000000 0.400000 0.431373
vn -0.4403684 -0.1176699 0.0087596
v -0.7525461 -2.8363810 0.0149693 1.000000 0.400000 0.431373
vn -0.4468336 -0.1176701 0.0044012
v -0.7635950 -2.8363810 0.0075210 1.000000 0.400000 0.431373
vn -0.4489960 -0.1176693 0.0000003
v -0.7672900 -2.8363810 0.0000003 1.000000 0.400000 0.431373
vn -0.4454732 -0.1227685 -0.0043875
v -0.7280040 -2.9697142 -0.0071702 1.000000 0.400000 0.431373
vn -0.4390284 -0.1227677 -0.0087325
v -0.7174710 -2.9697142 -0.0142714 1.000000 0.400000 0.431373
vn -0.4283543 -0.1227670 -0.0129940
v -0.7000280 -2.9697142 -0.0212351 1.000000 0.400000 0.431373
vn -0.4135546 -0.1227670 -0.0171302
v -0.6758430 -2.9697142 -0.0279943 1.000000 0.400000 0.431373
vn -0.3947739 -0.1227668 -0.0211011
v -0.6451490 -2.9697142 -0.0344839 1.000000 0.400000 0.431373
vn -0.3721908 -0.1227674 -0.0248688
v -0.6082430 -2.9697142 -0.0406414 1.000000 0.400000 0.431373
vn -0.3460216 -0.1227676 -0.0283973
v -0.5654790 -2.9697142 -0.0464075 1.000000 0.400000 0.431373
vn -0.3165215 -0.1227674 -0.0316521
v -0.5172680 -2.9697142 -0.0517267 1.000000 0.400000 0.431373
vn -0.2839746 -0.1227678 -0.0346020
v -0.4640770 -2.9697142 -0.0565477 1.000000 0.400000 0.431373
vn -0.2486898 -0.1227692 -0.0372189
v -0.4064160 -2.9697142 -0.0608242 1.000000 0.400000 0.431373
vn -0.2110105 -0.1227702 -0.0394773
v -0.3448410 -2.9697142 -0.0645148 1.000000 0.400000 0.431373
vn -0.1713012 -0.1227684 -0.0413554
v -0.2799450 -2.9697142 -0.0675842 1.000000 0.400000 0.431373
vn -0.1299400 -0.1227673 -0.0428354
v -0.2123530 -2.9697142 -0.0700027 1.000000 0.400000 0.431373
vn -0.0873294 -0.1227690 -0.0439027
v -0.1427160 -2.9697142 -0.0717470 1.000000 0.400000 0.431373
vn -0.0438769 -0.1227685 -0.0445473
v -0.0717040 -2.9697142 -0.0728004 1.000000 0.400000 0.431373
vn -0.0000031 -0.1227672 -0.0447629
v -0.0000020 -2.9697142 -0.0731527 1.000000 0.400000 0.431373
vn 0.0438745 -0.1227676 -0.0445473
v 0.0717000 -2.9697142 -0.0728005 1.000000 0.400000 0.431373
vn 0.0873291 -0.1227680 -0.0439028
v 0.1427110 -2.9697142 -0.0717471 1.000000 0.400000 0.431373
vn 0.1299369 -0.1227678 -0.0428355
v 0.2123480 -2.9697142 -0.0700028 1.000000 0.400000 0.431373
vn 0.1712959 -0.1227669 -0.0413557
v 0.2799410 -2.9697142 -0.0675844 1.000000 0.400000 0.431373
vn 0.2110105 -0.1227669 -0.0394774
v 0.3448370 -2.9697142 -0.0645151 1.000000 0.400000 0.431373
vn 0.2486889 -0.1227677 -0.0372190
v 0.4064120 -2.9697142 -0.0608244 1.000000 0.400000 0.431373
vn 0.2839696 -0.1227679 -0.0346024
v 0.4640730 -2.9697142 -0.0565480 1.000000 0.400000 0.431373
vn 0.3165199 -0.1227679 -0.0316523
v 0.5172650 -2.9697142 -0.0517271 1.000000 0.400000 0.431373
vn 0.3460228 -0.1227662 -0.0283972
v 0.5654760 -2.9697142 -0.0464078 1.000000 0.400000 0.431373
vn 0.3721882 -0.1227667 -0.0248692
v 0.6082400 -2.9697142 -0.0406417 1.000000 0.400000 0.431373
vn 0.3947715 -0.1227669 -0.0211015
v 0.6451480 -2.9697142 -0.0344842 1.000000 0.400000 0.431373
vn 0.4135546 -0.1227669 -0.0171302
v 0.6758420 -2.9697142 -0.0279946 1.000000 0.400000 0.431373
vn 0.4283542 -0.1227672 -0.0129940
v 0.7000270 -2.9697142 -0.0212354 1.000000 0.400000 0.431373
vn 0.4390279 -0.1227670 -0.0087329
v 0.7174700 -2.9697142 -0.0142717 1.000000 0.400000 0.431373
vn 0.4454733 -0.1227674 -0.0043878
v 0.7280040 -2.9697142 -0.0071705 1.000000 0.400000 0.431373
vn 0.4476289 -0.1227674 -0.0000003
v 0.7315270 -2.9697142 -0.0000003 1.000000 0.400000 0.431373
vn 0.4454736 -0.1227673 0.0043875
v 0.7280051 -2.9697142 0.0071699 1.000000 0.400000 0.431373
vn 0.4390278 -0.1227677 0.0087328
v 0.7174710 -2.9697142 0.0142711 1.000000 0.400000 0.431373
vn 0.4283546 -0.1227687 0.0129937
v 0.7000280 -2.9697142 0.0212348 1.000000 0.400000 0.431373
vn 0.4135557 -0.1227688 0.0171298
v 0.6758440 -2.9697142 0.0279940 1.000000 0.400000 0.431373
vn 0.3947740 -0.1227685 0.0211009
v 0.6451500 -2.9697142 0.0344837 1.000000 0.400000 0.431373
vn 0.3721918 -0.1227685 0.0248686
v 0.6082440 -2.9697142 0.0406412 1.000000 0.400000 0.431373
vn 0.3460230 -0.1227681 0.0283971
v 0.5654800 -2.9697142 0.0464074 1.000000 0.400000 0.431373
vn 0.3165215 -0.1227679 0.0316521
v 0.5172700 -2.9697142 0.0517265 1.000000 0.400000 0.431373
vn 0.2839749 -0.1227679 0.0346020
v 0.4640780 -2.9697142 0.0565476 1.000000 0.400000 0.431373
vn 0.2486913 -0.1227681 0.0372188
v 0.4064170 -2.9697142 0.0608241 1.000000 0.400000 0.431373
vn 0.2110126 -0.1227684 0.0394772
v 0.3448420 -2.9697142 0.0645148 1.000000 0.400000 0.431373
vn 0.1713020 -0.1227680 0.0413554
v 0.2799460 -2.9697142 0.0675842 1.000000 0.400000 0.431373
vn 0.1299397 -0.1227668 0.0428354
v 0.2123540 -2.9697142 0.0700027 1.000000 0.400000 0.431373
vn 0.0873286 -0.1227663 0.0439028
v 0.1427160 -2.9697142 0.0717470 1.000000 0.400000 0.431373
vn 0.0438756 -0.1227666 0.0445474
v 0.0717050 -2.9697142 0.0728004 1.000000 0.400000 0.431373
vn 0.0000033 -0.1227663 0.0447629
v 0.0000030 -2.9697142 0.0731526 1.000000 0.400000 0.431373
vn -0.0438728 -0.1227671 0.0445474
v -0.0717000 -2.9697142 0.0728005 1.000000 0.400000 0.431373
vn -0.0873278 -0.1227689 0.0439028
v -0.1427110 -2.9697142 0.0717471 1.000000 0.400000 0.431373
vn -0.1299368 -0.1227679 0.0428355
v -0.2123490 -2.9697142 0.0700028 1.000000 0.400000 0.431373
vn -0.1712988 -0.1227678 0.0413556
v -0.2799410 -2.9697142 0.0675844 1.000000 0.400000 0.431373
vn -0.2110102 -0.1227681 0.0394774
v -0.3448370 -2.9697142 0.0645150 1.000000 0.400000 0.431373
vn -0.2486860 -0.1227679 0.0372192
v -0.4064120 -2.9697142 0.0608244 1.000000 0.400000 0.431373
vn -0.2839721 -0.1227679 0.0346022
v -0.4640740 -2.9697142 0.0565480 1.000000 0.400000 0.431373
vn -0.3165212 -0.1227685 0.0316521
v -0.5172660 -2.9697142 0.0517269 1.000000 0.400000 0.431373
vn -0.3460196 -0.1227693 0.0283975
v -0.5654760 -2.9697142 0.0464078 1.000000 0.400000 0.431373
vn -0.3721881 -0.1227694 0.0248691
v -0.6082410 -2.9697142 0.0406417 1.000000 0.400000 0.431373
vn -0.3947721 -0.1227684 0.0211013
v -0.6451480 -2.9697142 0.0344842 1.000000 0.400000 0.431373
vn -0.4135545 -0.1227683 0.0171301
v -0.6758420 -2.9697142 0.0279946 1.000000 0.400000 0.431373
vn -0.4283544 -0.1227677 0.0129939
v -0.7000270 -2.9697142 0.0212353 1.000000 0.400000 0.431373
vn -0.4390277 -0.1227674 0.0087329
v -0.7174700 -2.9697142 0.0142716 1.000000 0.400000 0.431373
vn -0.4454731 -0.1227676 0.0043878
v -0.7280040 -2.9697142 0.0071705 1.000000 0.400000 0.431373
vn -0.4476288 -0.1227679 0.0000001
v -0.7315270 -2.9697142 0.0000003 1.000000 0.400000 0.431373
vn -0.4440643 -0.1278179 -0.0043737
v -0.6907951 -3.1030469 -0.0068038 1.000000 0.400000 0.431373
vn -0.4376396 -0.1278185 -0.0087049
v -0.6808000 -3.1030469 -0.0135420 1.000000 0.400000 0.431373
vn -0.4269996 -0.1278185 -0.0129527
v -0.6642490 -3.1030469 -0.0201498 1.000000 0.400000 0.431373
vn -0.4122466 -0.1278182 -0.0170759
v -0.6413000 -3.1030469 -0.0265636 1.000000 0.400000 0.431373
vn -0.3935241 -0.1278181 -0.0210344
v -0.6121750 -3.1030469 -0.0327215 1.000000 0.400000 0.431373
vn -0.3710121 -0.1278179 -0.0247903
v -0.5771550 -3.1030469 -0.0385642 1.000000 0.400000 0.431373
vn -0.3449272 -0.1278171 -0.0283075
v -0.5365760 -3.1030469 -0.0440356 1.000000 0.400000 0.431373
vn -0.3155205 -0.1278172 -0.0315520
v -0.4908300 -3.1030469 -0.0490829 1.000000 0.400000 0.431373
vn -0.2830752 -0.1278172 -0.0344927
v -0.4403570 -3.1030469 -0.0536575 1.000000 0.400000 0.431373
vn -0.2479035 -0.1278175 -0.0371012
v -0.3856430 -3.1030469 -0.0577154 1.000000 0.400000 0.431373
vn -0.2103449 -0.1278171 -0.0393524
v -0.3272160 -3.1030469 -0.0612174 1.000000 0.400000 0.431373
vn -0.1707596 -0.1278173 -0.0412247
v -0.2656370 -3.1030469 -0.0641299 1.000000 0.400000 0.431373
vn -0.1295303 -0.1278171 -0.0426999
v -0.2014990 -3.1030469 -0.0664248 1.000000 0.400000 0.431373
vn -0.0870522 -0.1278162 -0.0437640
v -0.1354210 -3.1030469 -0.0680800 1.000000 0.400000 0.431373
vn -0.0437378 -0.1278166 -0.0444065
v -0.0680390 -3.1030469 -0.0690795 1.000000 0.400000 0.431373
vn -0.0000034 -0.1278170 -0.0446213
v -0.0000020 -3.1030469 -0.0694138 1.000000 0.400000 0.431373
vn 0.0437345 -0.1278168 -0.0444065
v 0.0680350 -3.1030469 -0.0690796 1.000000 0.400000 0.431373
vn 0.0870525 -0.1278162 -0.0437640
v 0.1354170 -3.1030469 -0.0680801 1.000000 0.400000 0.431373
vn 0.1295274 -0.1278162 -0.0427000
v 0.2014950 -3.1030469 -0.0664249 1.000000 0.400000 0.431373
vn 0.1707560 -0.1278175 -0.0412248
v 0.2656330 -3.1030469 -0.0641301 1.000000 0.400000 0.431373
vn 0.2103432 -0.1278179 -0.0393525
v 0.3272120 -3.1030469 -0.0612176 1.000000 0.400000 0.431373
vn 0.2479007 -0.1278169 -0.0371014
v 0.3856400 -3.1030469 -0.0577156 1.000000 0.400000 0.431373
vn 0.2830718 -0.1278170 -0.0344930
v 0.4403540 -3.1030469 -0.0536578 1.000000 0.400000 0.431373
vn 0.3155172 -0.1278175 -0.0315524
v 0.4908270 -3.1030469 -0.0490833 1.000000 0.400000 0.431373
vn 0.3449259 -0.1278170 -0.0283077
v 0.5365740 -3.1030469 -0.0440360 1.000000 0.400000 0.431373
vn 0.3710113 -0.1278167 -0.0247905
v 0.5771530 -3.1030469 -0.0385646 1.000000 0.400000 0.431373
vn 0.3935238 -0.1278170 -0.0210346
v 0.6121740 -3.1030469 -0.0327218 1.000000 0.400000 0.431373
vn 0.4122466 -0.1278180 -0.0170760
v 0.6412990 -3.1030469 -0.0265639 1.000000 0.400000 0.431373
vn 0.4269990 -0.1278177 -0.0129530
v 0.6642480 -3.1030469 -0.0201501 1.000000 0.400000 0.431373
vn 0.4376393 -0.1278173 -0.0087052
v 0.6808000 -3.1030469 -0.0135423 1.000000 0.400000 0.431373
vn 0.4440643 -0.1278181 -0.0043738
v 0.6907951 -3.1030469 -0.0068041 1.000000 0.400000 0.431373
vn 0.4462128 -0.1278186 -0.0000003
v 0.6941381 -3.1030469 -0.0000004 1.000000 0.400000 0.431373
vn 0.4440645 -0.1278185 0.0043734
v 0.6907960 -3.1030469 0.0068033 1.000000 0.400000 0.431373
vn 0.4376394 -0.1278178 0.0087051
v 0.6808010 -3.1030469 0.0135416 1.000000 0.400000 0.431373
vn 0.4269995 -0.1278176 0.0129528
v 0.6642490 -3.1030469 0.0201495 1.000000 0.400000 0.431373
vn 0.4122476 -0.1278184 0.0170757
v 0.6413010 -3.1030469 0.0265631 1.000000 0.400000 0.431373
vn 0.3935255 -0.1278186 0.0210342
v 0.6121760 -3.1030469 0.0327211 1.000000 0.400000 0.431373
vn 0.3710141 -0.1278186 0.0247900
v 0.5771560 -3.1030469 0.0385639 1.000000 0.400000 0.431373
vn 0.3449296 -0.1278192 0.0283071
v 0.5365780 -3.1030469 0.0440353 1.000000 0.400000 0.431373
vn 0.3155211 -0.1278187 0.0315519
v 0.4908310 -3.1030469 0.0490828 1.000000 0.400000 0.431373
vn 0.2830753 -0.1278183 0.0344927
v 0.4403580 -3.1030469 0.0536574 1.000000 0.400000 0.431373
vn 0.2479035 -0.1278192 0.0371012
v 0.3856440 -3.1030469 0.0577153 1.000000 0.400000 0.431373
vn 0.2103456 -0.1278195 0.0393523
v 0.3272170 -3.1030469 0.0612173 1.000000 0.400000 0.431373
vn 0.1707611 -0.1278199 0.0412245
v 0.2656370 -3.1030469 0.0641299 1.000000 0.400000 0.431373
vn 0.1295308 -0.1278200 0.0426998
v 0.2015000 -3.1030469 0.0664248 1.000000 0.400000 0.431373
vn 0.0870523 -0.1278195 0.0437639
v 0.1354220 -3.1030469 0.0680800 1.000000 0.400000 0.431373
vn 0.0437373 -0.1278199 0.0444064
v 0.0680400 -3.1030469 0.0690795 1.000000 0.400000 0.431373
vn 0.0000031 -0.1278197 0.0446213
v 0.0000020 -3.1030469 0.0694138 1.000000 0.400000 0.431373
vn -0.0437375 -0.1278201 0.0444064
v -0.0680350 -3.1030469 0.0690796 1.000000 0.400000 0.431373
vn -0.0870519 -0.1278190 0.0437639
v -0.1354170 -3.1030469 0.0680800 1.000000 0.400000 0.431373
vn -0.1295264 -0.1278189 0.0427000
v -0.2014950 -3.1030469 0.0664249 1.000000 0.400000 0.431373
vn -0.1707567 -0.1278201 0.0412247
v -0.2656330 -3.1030469 0.0641300 1.000000 0.400000 0.431373
vn -0.2103409 -0.1278199 0.0393525
v -0.3272120 -3.1030469 0.0612176 1.000000 0.400000 0.431373
vn -0.2479003 -0.1278199 0.0371013
v -0.3856400 -3.1030469 0.0577156 1.000000 0.400000 0.431373
vn -0.2830746 -0.1278192 0.0344927
v -0.4403550 -3.1030469 0.0536577 1.000000 0.400000 0.431373
vn -0.3155207 -0.1278183 0.0315520
v -0.4908280 -3.1030469 0.0490830 1.000000 0.400000 0.431373
vn -0.3449263 -0.1278187 0.0283076
v -0.5365740 -3.1030469 0.0440358 1.000000 0.400000 0.431373
vn -0.3710120 -0.1278188 0.0247903
v -0.5771530 -3.1030469 0.0385643 1.000000 0.400000 0.431373
vn -0.3935228 -0.1278192 0.0210346
v -0.6121740 -3.1030469 0.0327215 1.000000 0.400000 0.431373
vn -0.4122459 -0.1278191 0.0170760
v -0.6412990 -3.1030469 0.0265637 1.000000 0.400000 0.431373
vn -0.4269988 -0.1278187 0.0129530
v -0.6642480 -3.1030469 0.0201499 1.000000 0.400000 0.431373
vn -0.4376391 -0.1278177 0.0087052
v -0.6808000 -3.1030469 0.0135421 1.000000 0.400000 0.431373
vn -0.4440642 -0.1278183 0.0043738
v -0.6907951 -3.1030469 0.0068039 1.000000 0.400000 0.431373
vn -0.4462128 -0.1278187 0.0000000
v -0.6941381 -3.1030469 0.0000001 1.000000 0.400000 0.431373
vn -0.4426084 -0.1328194 -0.0043593
v -0.6519690 -3.2363811 -0.0064214 1.000000 0.400000 0.431373
vn -0.4362040 -0.1328198 -0.0086766
v -0.6425350 -3.2363811 -0.0127809 1.000000 0.400000 0.431373
vn -0.4255991 -0.1328201 -0.0129104
v -0.6269140 -3.2363811 -0.0190173 1.000000 0.400000 0.431373
vn -0.4108943 -0.1328208 -0.0170200
v -0.6052550 -3.2363811 -0.0250705 1.000000 0.400000 0.431373
vn -0.3922341 -0.1328203 -0.0209654
v -0.5777670 -3.2363811 -0.0308823 1.000000 0.400000 0.431373
vn -0.3697971 -0.1328205 -0.0247088
v -0.5447150 -3.2363811 -0.0363967 1.000000 0.400000 0.431373
vn -0.3437974 -0.1328205 -0.0282145
v -0.5064180 -3.2363811 -0.0415606 1.000000 0.400000 0.431373
vn -0.3144859 -0.1328194 -0.0314485
v -0.4632430 -3.2363811 -0.0463242 1.000000 0.400000 0.431373
vn -0.2821468 -0.1328189 -0.0343796
v -0.4156070 -3.2363811 -0.0506417 1.000000 0.400000 0.431373
vn -0.2470898 -0.1328189 -0.0369796
v -0.3639680 -3.2363811 -0.0544715 1.000000 0.400000 0.431373
vn -0.2096546 -0.1328186 -0.0392234
v -0.3088240 -3.2363811 -0.0577767 1.000000 0.400000 0.431373
vn -0.1702000 -0.1328183 -0.0410895
v -0.2507060 -3.2363811 -0.0605255 1.000000 0.400000 0.431373
vn -0.1291069 -0.1328184 -0.0425599
v -0.1901740 -3.2363811 -0.0626914 1.000000 0.400000 0.431373
vn -0.0867672 -0.1328185 -0.0436204
v -0.1278100 -3.2363811 -0.0642536 1.000000 0.400000 0.431373
vn -0.0435931 -0.1328184 -0.0442609
v -0.0642150 -3.2363811 -0.0651969 1.000000 0.400000 0.431373
vn -0.0000032 -0.1328192 -0.0444750
v -0.0000020 -3.2363811 -0.0655124 1.000000 0.400000 0.431373
vn 0.0435897 -0.1328198 -0.0442609
v 0.0642110 -3.2363811 -0.0651970 1.000000 0.400000 0.431373
vn 0.0867644 -0.1328193 -0.0436205
v 0.1278060 -3.2363811 -0.0642537 1.000000 0.400000 0.431373
vn 0.1291040 -0.1328187 -0.0425599
v 0.1901700 -3.2363811 -0.0626916 1.000000 0.400000 0.431373
vn 0.1701979 -0.1328194 -0.0410896
v 0.2507020 -3.2363811 -0.0605257 1.000000 0.400000 0.431373
vn 0.2096507 -0.1328189 -0.0392236
v 0.3088210 -3.2363811 -0.0577769 1.000000 0.400000 0.431373
vn 0.2470870 -0.1328181 -0.0369798
v 0.3639650 -3.2363811 -0.0544718 1.000000 0.400000 0.431373
vn 0.2821468 -0.1328183 -0.0343796
v 0.4156040 -3.2363811 -0.0506420 1.000000 0.400000 0.431373
vn 0.3144852 -0.1328200 -0.0314486
v 0.4632400 -3.2363811 -0.0463245 1.000000 0.400000 0.431373
vn 0.3437957 -0.1328209 -0.0282147
v 0.5064150 -3.2363811 -0.0415609 1.000000 0.400000 0.431373
vn 0.3697933 -0.1328214 -0.0247093
v 0.5447130 -3.2363811 -0.0363970 1.000000 0.400000 0.431373
vn 0.3922322 -0.1328214 -0.0209657
v 0.5777660 -3.2363811 -0.0308827 1.000000 0.400000 0.431373
vn 0.4108948 -0.1328210 -0.0170199
v 0.6052540 -3.2363811 -0.0250708 1.000000 0.400000 0.431373
vn 0.4255980 -0.1328210 -0.0129106
v 0.6269130 -3.2363811 -0.0190176 1.000000 0.400000 0.431373
vn 0.4362036 -0.1328207 -0.0086767
v 0.6425350 -3.2363811 -0.0127812 1.000000 0.400000 0.431373
vn 0.4426082 -0.1328198 -0.0043593
v 0.6519681 -3.2363811 -0.0064217 1.000000 0.400000 0.431373
vn 0.4447497 -0.1328202 -0.0000004
v 0.6551230 -3.2363811 -0.0000004 1.000000 0.400000 0.431373
vn 0.4426084 -0.1328204 0.0043590
v 0.6519690 -3.2363811 0.0064210 1.000000 0.400000 0.431373
vn 0.4362046 -0.1328197 0.0086764
v 0.6425360 -3.2363811 0.0127805 1.000000 0.400000 0.431373
vn 0.4255991 -0.1328199 0.0129104
v 0.6269150 -3.2363811 0.0190169 1.000000 0.400000 0.431373
vn 0.4108952 -0.1328203 0.0170198
v 0.6052560 -3.2363811 0.0250701 1.000000 0.400000 0.431373
vn 0.3922356 -0.1328205 0.0209651
v 0.5777680 -3.2363811 0.0308820 1.000000 0.400000 0.431373
vn 0.3697975 -0.1328209 0.0247087
v 0.5447170 -3.2363811 0.0363964 1.000000 0.400000 0.431373
vn 0.3437964 -0.1328211 0.0282146
v 0.5064190 -3.2363811 0.0415603 1.000000 0.400000 0.431373
vn 0.3144869 -0.1328216 0.0314484
v 0.4632440 -3.2363811 0.0463239 1.000000 0.400000 0.431373
vn 0.2821480 -0.1328216 0.0343794
v 0.4156080 -3.2363811 0.0506415 1.000000 0.400000 0.431373
vn 0.2470897 -0.1328211 0.0369796
v 0.3639690 -3.2363811 0.0544713 1.000000 0.400000 0.431373
vn 0.2096541 -0.1328209 0.0392234
v 0.3088250 -3.2363811 0.0577765 1.000000 0.400000 0.431373
vn 0.1701997 -0.1328218 0.0410894
v 0.2507070 -3.2363811 0.0605253 1.000000 0.400000 0.431373
vn 0.1291065 -0.1328223 0.0425598
v 0.1901750 -3.2363811 0.0626912 1.000000 0.400000 0.431373
vn 0.0867670 -0.1328230 0.0436203
v 0.1278110 -3.2363811 0.0642534 1.000000 0.400000 0.431373
vn 0.0435933 -0.1328223 0.0442607
v 0.0642160 -3.2363811 0.0651967 1.000000 0.400000 0.431373
vn 0.0000032 -0.1328220 0.0444749
v 0.0000020 -3.2363811 0.0655122 1.000000 0.400000 0.431373
vn -0.0435906 -0.1328219 0.0442608
v -0.0642110 -3.2363811 0.0651968 1.000000 0.400000 0.431373
vn -0.0867636 -0.1328211 0.0436204
v -0.1278060 -3.2363811 0.0642535 1.000000 0.400000 0.431373
vn -0.1291024 -0.1328214 0.0425599
v -0.1901700 -3.2363811 0.0626914 1.000000 0.400000 0.431373
vn -0.1701987 -0.1328209 0.0410895
v -0.2507030 -3.2363811 0.0605255 1.000000 0.400000 0.431373
vn -0.2096535 -0.1328209 0.0392234
v -0.3088210 -3.2363811 0.0577767 1.000000 0.400000 0.431373
vn -0.2470875 -0.1328214 0.0369797
v -0.3639650 -3.2363811 0.0544715 1.000000 0.400000 0.431373
vn -0.2821422 -0.1328219 0.0343799
v -0.4156040 -3.2363811 0.0506418 1.000000 0.400000 0.431373
vn -0.3144857 -0.1328202 0.0314485
v -0.4632410 -3.2363811 0.0463243 1.000000 0.400000 0.431373
vn -0.3437960 -0.1328202 0.0282147
v -0.5064160 -3.2363811 0.0415606 1.000000 0.400000 0.431373
vn -0.3697952 -0.1328201 0.0247091
v -0.5447140 -3.2363811 0.0363968 1.000000 0.400000 0.431373
vn -0.3922337 -0.1328205 0.0209654
v -0.5777660 -3.2363811 0.0308824 1.000000 0.400000 0.431373
vn -0.4108945 -0.1328214 0.0170199
v -0.6052540 -3.2363811 0.0250706 1.000000 0.400000 0.431373
vn -0.4255983 -0.1328209 0.0129105
v -0.6269130 -3.2363811 0.0190173 1.000000 0.400000 0.431373
vn -0.4362034 -0.1328210 0.0086768
v -0.6425350 -3.2363811 0.0127809 1.000000 0.400000 0.431373
vn -0.4426082 -0.1328200 0.0043594
v -0.6519681 -3.2363811 0.0064215 1.000000 0.400000 0.431373
vn -0.4447499 -0.1328197 0.0000003
v -0.6551230 -3.2363811 0.0000001 1.000000 0.400000 0.431373
vn -0.4411062 -0.1377730 -0.0043445
v -0.6115240 -3.3697140 -0.0060231 1.000000 0.400000 0.431373
vn -0.4347242 -0.1377726 -0.0086470
v -0.6026760 -3.3697140 -0.0119880 1.000000 0.400000 0.431373
vn -0.4241547 -0.1377727 -0.0128666
v -0.5880240 -3.3697140 -0.0178376 1.000000 0.400000 0.431373
vn -0.4095006 -0.1377722 -0.0169622
v -0.5677080 -3.3697140 -0.0235153 1.000000 0.400000 0.431373
vn -0.3909041 -0.1377718 -0.0208941
v -0.5419260 -3.3697140 -0.0289666 1.000000 0.400000 0.431373
vn -0.3685400 -0.1377721 -0.0246253
v -0.5109240 -3.3697140 -0.0341389 1.000000 0.400000 0.431373
vn -0.3426301 -0.1377731 -0.0281188
v -0.4750020 -3.3697140 -0.0389824 1.000000 0.400000 0.431373
vn -0.3134202 -0.1377732 -0.0313416
v -0.4345060 -3.3697140 -0.0434505 1.000000 0.400000 0.431373
vn -0.2811901 -0.1377728 -0.0342629
v -0.3898250 -3.3697140 -0.0475002 1.000000 0.400000 0.431373
vn -0.2462526 -0.1377723 -0.0368540
v -0.3413900 -3.3697140 -0.0510924 1.000000 0.400000 0.431373
vn -0.2089443 -0.1377725 -0.0390902
v -0.2896670 -3.3697140 -0.0541926 1.000000 0.400000 0.431373
vn -0.1696213 -0.1377728 -0.0409501
v -0.2351540 -3.3697140 -0.0567709 1.000000 0.400000 0.431373
vn -0.1286671 -0.1377732 -0.0424154
v -0.1783770 -3.3697140 -0.0588024 1.000000 0.400000 0.431373
vn -0.0864734 -0.1377731 -0.0434723
v -0.1198810 -3.3697140 -0.0602677 1.000000 0.400000 0.431373
vn -0.0434454 -0.1377722 -0.0441106
v -0.0602320 -3.3697140 -0.0611525 1.000000 0.400000 0.431373
vn 0.0000001 -0.1377726 -0.0443241
v -0.0000020 -3.3697140 -0.0614484 1.000000 0.400000 0.431373
vn 0.0434441 -0.1377733 -0.0441106
v 0.0602280 -3.3697140 -0.0611525 1.000000 0.400000 0.431373
vn 0.0864705 -0.1377736 -0.0434724
v 0.1198780 -3.3697140 -0.0602677 1.000000 0.400000 0.431373
vn 0.1286648 -0.1377739 -0.0424155
v 0.1783730 -3.3697140 -0.0588025 1.000000 0.400000 0.431373
vn 0.1696182 -0.1377728 -0.0409502
v 0.2351500 -3.3697140 -0.0567710 1.000000 0.400000 0.431373
vn 0.2089383 -0.1377725 -0.0390905
v 0.2896630 -3.3697140 -0.0541928 1.000000 0.400000 0.431373
vn 0.2462480 -0.1377730 -0.0368543
v 0.3413860 -3.3697140 -0.0510927 1.000000 0.400000 0.431373
vn 0.2811886 -0.1377731 -0.0342630
v 0.3898220 -3.3697140 -0.0475005 1.000000 0.400000 0.431373
vn 0.3134185 -0.1377727 -0.0313418
v 0.4345030 -3.3697140 -0.0434508 1.000000 0.400000 0.431373
vn 0.3426284 -0.1377726 -0.0281190
v 0.4750000 -3.3697140 -0.0389827 1.000000 0.400000 0.431373
vn 0.3685401 -0.1377723 -0.0246253
v 0.5109220 -3.3697140 -0.0341392 1.000000 0.400000 0.431373
vn 0.3909019 -0.1377733 -0.0208944
v 0.5419240 -3.3697140 -0.0289669 1.000000 0.400000 0.431373
vn 0.4094995 -0.1377733 -0.0169624
v 0.5677070 -3.3697140 -0.0235156 1.000000 0.400000 0.431373
vn 0.4241543 -0.1377731 -0.0128667
v 0.5880230 -3.3697140 -0.0178379 1.000000 0.400000 0.431373
vn 0.4347233 -0.1377732 -0.0086474
v 0.6026750 -3.3697140 -0.0119883 1.000000 0.400000 0.431373
vn 0.4411060 -0.1377729 -0.0043448
v 0.6115240 -3.3697140 -0.0060233 1.000000 0.400000 0.431373
vn 0.4432403 -0.1377735 -0.0000001
v 0.6144830 -3.3697140 -0.0000004 1.000000 0.400000 0.431373
vn 0.4411064 -0.1377736 0.0043441
v 0.6115240 -3.3697140 0.0060226 1.000000 0.400000 0.431373
vn 0.4347240 -0.1377737 0.0086469
v 0.6026770 -3.3697140 0.0119876 1.000000 0.400000 0.431373
vn 0.4241542 -0.1377738 0.0128667
v 0.5880240 -3.3697140 0.0178372 1.000000 0.400000 0.431373
vn 0.4095019 -0.1377724 0.0169619
v 0.5677090 -3.3697140 0.0235149 1.000000 0.400000 0.431373
vn 0.3909041 -0.1377718 0.0208941
v 0.5419270 -3.3697140 0.0289662 1.000000 0.400000 0.431373
vn 0.3685416 -0.1377723 0.0246251
v 0.5109250 -3.3697140 0.0341385 1.000000 0.400000 0.431373
vn 0.3426311 -0.1377735 0.0281187
v 0.4750030 -3.3697140 0.0389821 1.000000 0.400000 0.431373
vn 0.3134204 -0.1377730 0.0313416
v 0.4345070 -3.3697140 0.0434502 1.000000 0.400000 0.431373
vn 0.2811910 -0.1377722 0.0342628
v 0.3898260 -3.3697140 0.0474999 1.000000 0.400000 0.431373
vn 0.2462531 -0.1377728 0.0368540
v 0.3413900 -3.3697140 0.0510922 1.000000 0.400000 0.431373
vn 0.2089425 -0.1377730 0.0390903
v 0.2896670 -3.3697140 0.0541924 1.000000 0.400000 0.431373
vn 0.1696215 -0.1377731 0.0409500
v 0.2351550 -3.3697140 0.0567706 1.000000 0.400000 0.431373
vn 0.1286667 -0.1377733 0.0424154
v 0.1783770 -3.3697140 0.0588022 1.000000 0.400000 0.431373
vn 0.0864737 -0.1377727 0.0434723
v 0.1198820 -3.3697140 0.0602674 1.000000 0.400000 0.431373
vn 0.0434482 -0.1377719 0.0441106
v 0.0602320 -3.3697140 0.0611523 1.000000 0.400000 0.431373
vn 0.0000002 -0.1377730 0.0443240
v 0.0000020 -3.3697140 0.0614482 1.000000 0.400000 0.431373
vn -0.0434441 -0.1377734 0.0441106
v -0.0602280 -3.3697140 0.0611523 1.000000 0.400000 0.431373
vn -0.0864701 -0.1377730 0.0434724
v -0.1198780 -3.3697140 0.0602675 1.000000 0.400000 0.431373
vn -0.1286640 -0.1377736 0.0424155
v -0.1783730 -3.3697140 0.0588023 1.000000 0.400000 0.431373
vn -0.1696185 -0.1377729 0.0409502
v -0.2351510 -3.3697140 0.0567708 1.000000 0.400000 0.431373
vn -0.2089412 -0.1377726 0.0390904
v -0.2896630 -3.3697140 0.0541926 1.000000 0.400000 0.431373
vn -0.2462511 -0.1377729 0.0368541
v -0.3413870 -3.3697140 0.0510924 1.000000 0.400000 0.431373
vn -0.2811862 -0.1377734 0.0342631
v -0.3898220 -3.3697140 0.0475002 1.000000 0.400000 0.431373
vn -0.3134162 -0.1377738 0.0313420
v -0.4345040 -3.3697140 0.0434506 1.000000 0.400000 0.431373
vn -0.3426295 -0.1377728 0.0281189
v -0.4750000 -3.3697140 0.0389825 1.000000 0.400000 0.431373
vn -0.3685397 -0.1377728 0.0246253
v -0.5109230 -3.3697140 0.0341389 1.000000 0.400000 0.431373
vn -0.3909038 -0.1377723 0.0208941
v -0.5419250 -3.3697140 0.0289666 1.000000 0.400000 0.431373
vn -0.4095006 -0.1377728 0.0169621
v -0.5677070 -3.3697140 0.0235153 1.000000 0.400000 0.431373
vn -0.4241541 -0.1377728 0.0128668
v -0.5880230 -3.3697140 0.0178376 1.000000 0.400000 0.431373
vn -0.4347234 -0.1377725 0.0086474
v -0.6026750 -3.3697140 0.0119881 1.000000 0.400000 0.431373
vn -0.4411060 -0.1377728 0.0043447
v -0.6115240 -3.3697140 0.0060231 1.000000 0.400000 0.431373
vn -0.4432404 -0.1377731 0.0000001
v -0.6144830 -3.3697140 0.0000001 1.000000 0.400000 0.431373
vn -0.4395604 -0.1426743 -0.0043292
v -0.5694620 -3.5030470 -0.0056088 1.000000 0.400000 0.431373
vn -0.4332003 -0.1426744 -0.0086169
v -0.5612220 -3.5030470 -0.0111635 1.000000 0.400000 0.431373
vn -0.4226687 -0.1426746 -0.0128213
v -0.5475780 -3.5030470 -0.0166107 1.000000 0.400000 0.431373
vn -0.4080658 -0.1426736 -0.0169027
v -0.5286600 -3.5030470 -0.0218979 1.000000 0.400000 0.431373
vn -0.3895337 -0.1426740 -0.0208209
v -0.5046510 -3.5030470 -0.0269742 1.000000 0.400000 0.431373
vn -0.3672487 -0.1426736 -0.0245390
v -0.4757820 -3.5030470 -0.0317907 1.000000 0.400000 0.431373
vn -0.3414283 -0.1426735 -0.0280204
v -0.4423300 -3.5030470 -0.0363011 1.000000 0.400000 0.431373
vn -0.3123218 -0.1426745 -0.0312318
v -0.4046190 -3.5030470 -0.0404619 1.000000 0.400000 0.431373
vn -0.2802059 -0.1426744 -0.0341427
v -0.3630120 -3.5030470 -0.0442330 1.000000 0.400000 0.431373
vn -0.2453884 -0.1426743 -0.0367249
v -0.3179080 -3.5030470 -0.0475782 1.000000 0.400000 0.431373
vn -0.2082082 -0.1426747 -0.0389534
v -0.2697420 -3.5030470 -0.0504651 1.000000 0.400000 0.431373
vn -0.1690264 -0.1426749 -0.0408066
v -0.2189790 -3.5030470 -0.0528660 1.000000 0.400000 0.431373
vn -0.1282175 -0.1426744 -0.0422667
v -0.1661070 -3.5030470 -0.0547578 1.000000 0.400000 0.431373
vn -0.0861730 -0.1426742 -0.0433199
v -0.1116360 -3.5030470 -0.0561223 1.000000 0.400000 0.431373
vn -0.0432933 -0.1426741 -0.0439560
v -0.0560890 -3.5030470 -0.0569463 1.000000 0.400000 0.431373
vn 0.0000001 -0.1426739 -0.0441687
v -0.0000020 -3.5030470 -0.0572218 1.000000 0.400000 0.431373
vn 0.0432895 -0.1426733 -0.0439561
v 0.0560850 -3.5030470 -0.0569463 1.000000 0.400000 0.431373
vn 0.0861684 -0.1426733 -0.0433201
v 0.1116320 -3.5030470 -0.0561224 1.000000 0.400000 0.431373
vn 0.1282137 -0.1426736 -0.0422669
v 0.1661040 -3.5030470 -0.0547579 1.000000 0.400000 0.431373
vn 0.1690229 -0.1426737 -0.0408067
v 0.2189760 -3.5030470 -0.0528662 1.000000 0.400000 0.431373
vn 0.2082079 -0.1426742 -0.0389534
v 0.2697390 -3.5030470 -0.0504653 1.000000 0.400000 0.431373
vn 0.2453853 -0.1426752 -0.0367251
v 0.3179050 -3.5030470 -0.0475784 1.000000 0.400000 0.431373
vn 0.2802017 -0.1426746 -0.0341430
v 0.3630090 -3.5030470 -0.0442333 1.000000 0.400000 0.431373
vn 0.3123202 -0.1426735 -0.0312320
v 0.4046170 -3.5030470 -0.0404622 1.000000 0.400000 0.431373
vn 0.3414282 -0.1426737 -0.0280204
v 0.4423280 -3.5030470 -0.0363014 1.000000 0.400000 0.431373
vn 0.3672486 -0.1426737 -0.0245390
v 0.4757800 -3.5030470 -0.0317910 1.000000 0.400000 0.431373
vn 0.3895328 -0.1426733 -0.0208212
v 0.5046490 -3.5030470 -0.0269745 1.000000 0.400000 0.431373
vn 0.4080653 -0.1426732 -0.0169028
v 0.5286590 -3.5030470 -0.0218981 1.000000 0.400000 0.431373
vn 0.4226680 -0.1426733 -0.0128217
v 0.5475770 -3.5030470 -0.0166109 1.000000 0.400000 0.431373
vn 0.4331999 -0.1426731 -0.0086172
v 0.5612220 -3.5030470 -0.0111637 1.000000 0.400000 0.431373
vn 0.4395605 -0.1426734 -0.0043294
v 0.5694620 -3.5030470 -0.0056091 1.000000 0.400000 0.431373
vn 0.4416875 -0.1426735 0.0000000
v 0.5722170 -3.5030470 -0.0000003 1.000000 0.400000 0.431373
vn 0.4395609 -0.1426739 0.0043289
v 0.5694620 -3.5030470 0.0056084 1.000000 0.400000 0.431373
vn 0.4332003 -0.1426745 0.0086168
v 0.5612230 -3.5030470 0.0111631 1.000000 0.400000 0.431373
vn 0.4226687 -0.1426745 0.0128214
v 0.5475780 -3.5030470 0.0166103 1.000000 0.400000 0.431373
vn 0.4080672 -0.1426745 0.0169023
v 0.5286610 -3.5030470 0.0218975 1.000000 0.400000 0.431373
vn 0.3895344 -0.1426742 0.0208208
v 0.5046520 -3.5030470 0.0269738 1.000000 0.400000 0.431373
vn 0.3672493 -0.1426745 0.0245388
v 0.4757830 -3.5030470 0.0317904 1.000000 0.400000 0.431373
vn 0.3414283 -0.1426745 0.0280204
v 0.4423310 -3.5030470 0.0363008 1.000000 0.400000 0.431373
vn 0.3123236 -0.1426749 0.0312316
v 0.4046200 -3.5030470 0.0404616 1.000000 0.400000 0.431373
vn 0.2802058 -0.1426751 0.0341426
v 0.3630130 -3.5030470 0.0442328 1.000000 0.400000 0.431373
vn 0.2453886 -0.1426745 0.0367249
v 0.3179090 -3.5030470 0.0475779 1.000000 0.400000 0.431373
vn 0.2082108 -0.1426741 0.0389533
v 0.2697430 -3.5030470 0.0504649 1.000000 0.400000 0.431373
vn 0.1690266 -0.1426736 0.0408066
v 0.2189800 -3.5030470 0.0528658 1.000000 0.400000 0.431373
vn 0.1282169 -0.1426734 0.0422668
v 0.1661080 -3.5030470 0.0547576 1.000000 0.400000 0.431373
vn 0.0861721 -0.1426733 0.0433200
v 0.1116360 -3.5030470 0.0561221 1.000000 0.400000 0.431373
vn 0.0432934 -0.1426737 0.0439560
v 0.0560890 -3.5030470 0.0569461 1.000000 0.400000 0.431373
vn -0.0000003 -0.1426736 0.0441687
v 0.0000020 -3.5030470 0.0572216 1.000000 0.400000 0.431373
vn -0.0432891 -0.1426735 0.0439561
v -0.0560850 -3.5030470 0.0569461 1.000000 0.400000 0.431373
vn -0.0861678 -0.1426737 0.0433201
v -0.1116320 -3.5030470 0.0561222 1.000000 0.400000 0.431373
vn -0.1282139 -0.1426735 0.0422669
v -0.1661040 -3.5030470 0.0547577 1.000000 0.400000 0.431373
vn -0.1690219 -0.1426739 0.0408068
v -0.2189760 -3.5030470 0.0528660 1.000000 0.400000 0.431373
vn -0.2082111 -0.1426743 0.0389533
v -0.2697400 -3.5030470 0.0504651 1.000000 0.400000 0.431373
vn -0.2453892 -0.1426739 0.0367249
v -0.3179050 -3.5030470 0.0475781 1.000000 0.400000 0.431373
vn -0.2802022 -0.1426739 0.0341430
v -0.3630090 -3.5030470 0.0442330 1.000000 0.400000 0.431373
vn -0.3123175 -0.1426752 0.0312322
v -0.4046170 -3.5030470 0.0404619 1.000000 0.400000 0.431373
vn -0.3414270 -0.1426746 0.0280205
v -0.4423290 -3.5030470 0.0363011 1.000000 0.400000 0.431373
vn -0.3672482 -0.1426739 0.0245390
v -0.4757800 -3.5030470 0.0317908 1.000000 0.400000 0.431373
vn -0.3895329 -0.1426741 0.0208211
v -0.5046500 -3.5030470 0.0269742 1.000000 0.400000 0.431373
vn -0.4080661 -0.1426732 0.0169026
v -0.5286590 -3.5030470 0.0218979 1.000000 0.400000 0.431373
vn -0.4226678 -0.1426734 0.0128218
v -0.5475770 -3.5030470 0.0166107 1.000000 0.400000 0.431373
vn -0.4331999 -0.1426737 0.0086172
v -0.5612220 -3.5030470 0.0111635 1.000000 0.400000 0.431373
vn -0.4395605 -0.1426736 0.0043293
v -0.5694620 -3.5030470 0.0056088 1.000000 0.400000 0.431373
vn -0.4416873 -0.1426739 0.0000000
v -0.5722170 -3.5030470 0.0000001 1.000000 0.400000 0.431373
vn -0.4379722 -0.1475231 -0.0043137
v -0.5257820 -3.6363802 -0.0051786 1.000000 0.400000 0.431373
vn -0.4316348 -0.1475233 -0.0085859
v -0.5181740 -3.6363802 -0.0103072 1.000000 0.400000 0.431373
vn -0.4211415 -0.1475243 -0.0127749
v -0.5055760 -3.6363802 -0.0153366 1.000000 0.400000 0.431373
vn -0.4065917 -0.1475242 -0.0168414
v -0.4881100 -3.6363802 -0.0202182 1.000000 0.400000 0.431373
vn -0.3881252 -0.1475242 -0.0207458
v -0.4659420 -3.6363802 -0.0249052 1.000000 0.400000 0.431373
vn -0.3659229 -0.1475239 -0.0244501
v -0.4392870 -3.6363802 -0.0293523 1.000000 0.400000 0.431373
vn -0.3401944 -0.1475226 -0.0279192
v -0.4084020 -3.6363802 -0.0335167 1.000000 0.400000 0.431373
vn -0.3111918 -0.1475225 -0.0311192
v -0.3735830 -3.6363802 -0.0373583 1.000000 0.400000 0.431373
vn -0.2791921 -0.1475234 -0.0340194
v -0.3351670 -3.6363802 -0.0408402 1.000000 0.400000 0.431373
vn -0.2445013 -0.1475240 -0.0365922
v -0.2935230 -3.6363802 -0.0439287 1.000000 0.400000 0.431373
vn -0.2074596 -0.1475233 -0.0388125
v -0.2490520 -3.6363802 -0.0465942 1.000000 0.400000 0.431373
vn -0.1684180 -0.1475224 -0.0406591
v -0.2021830 -3.6363802 -0.0488110 1.000000 0.400000 0.431373
vn -0.1277529 -0.1475226 -0.0421141
v -0.1533660 -3.6363802 -0.0505577 1.000000 0.400000 0.431373
vn -0.0858602 -0.1475236 -0.0431634
v -0.1030730 -3.6363802 -0.0518175 1.000000 0.400000 0.431373
vn -0.0431382 -0.1475235 -0.0437972
v -0.0517870 -3.6363802 -0.0525783 1.000000 0.400000 0.431373
vn -0.0000002 -0.1475229 -0.0440091
v -0.0000020 -3.6363802 -0.0528327 1.000000 0.400000 0.431373
vn 0.0431340 -0.1475233 -0.0437972
v 0.0517830 -3.6363802 -0.0525783 1.000000 0.400000 0.431373
vn 0.0858556 -0.1475235 -0.0431635
v 0.1030690 -3.6363802 -0.0518176 1.000000 0.400000 0.431373
vn 0.1277518 -0.1475228 -0.0421141
v 0.1533630 -3.6363802 -0.0505578 1.000000 0.400000 0.431373
vn 0.1684139 -0.1475234 -0.0406592
v 0.2021800 -3.6363802 -0.0488111 1.000000 0.400000 0.431373
vn 0.2074567 -0.1475237 -0.0388126
v 0.2490490 -3.6363802 -0.0465944 1.000000 0.400000 0.431373
vn 0.2445006 -0.1475237 -0.0365923
v 0.2935200 -3.6363802 -0.0439289 1.000000 0.400000 0.431373
vn 0.2791875 -0.1475241 -0.0340198
v 0.3351640 -3.6363802 -0.0408404 1.000000 0.400000 0.431373
vn 0.3111894 -0.1475241 -0.0311193
v 0.3735810 -3.6363802 -0.0373586 1.000000 0.400000 0.431373
vn 0.3401957 -0.1475239 -0.0279190
v 0.4084000 -3.6363802 -0.0335169 1.000000 0.400000 0.431373
vn 0.3659207 -0.1475245 -0.0244504
v 0.4392850 -3.6363802 -0.0293525 1.000000 0.400000 0.431373
vn 0.3881229 -0.1475245 -0.0207462
v 0.4659410 -3.6363802 -0.0249054 1.000000 0.400000 0.431373
vn 0.4065903 -0.1475234 -0.0168418
v 0.4881090 -3.6363802 -0.0202185 1.000000 0.400000 0.431373
vn 0.4211412 -0.1475229 -0.0127752
v 0.5055760 -3.6363802 -0.0153368 1.000000 0.400000 0.431373
vn 0.4316347 -0.1475236 -0.0085859
v 0.5181740 -3.6363802 -0.0103074 1.000000 0.400000 0.431373
vn 0.4379720 -0.1475234 -0.0043138
v 0.5257820 -3.6363802 -0.0051788 1.000000 0.400000 0.431373
vn 0.4400914 -0.1475230 0.0000000
v 0.5283260 -3.6363802 -0.0000003 1.000000 0.400000 0.431373
vn 0.4379724 -0.1475235 0.0043134
v 0.5257820 -3.6363802 0.0051782 1.000000 0.400000 0.431373
vn 0.4316355 -0.1475236 0.0085855
v 0.5181750 -3.6363802 0.0103068 1.000000 0.400000 0.431373
vn 0.4211414 -0.1475226 0.0127752
v 0.5055770 -3.6363802 0.0153362 1.000000 0.400000 0.431373
vn 0.4065920 -0.1475234 0.0168414
v 0.4881100 -3.6363802 0.0202179 1.000000 0.400000 0.431373
vn 0.3881264 -0.1475238 0.0207456
v 0.4659430 -3.6363802 0.0249048 1.000000 0.400000 0.431373
vn 0.3659235 -0.1475236 0.0244500
v 0.4392880 -3.6363802 0.0293519 1.000000 0.400000 0.431373
vn 0.3401965 -0.1475228 0.0279190
v 0.4084030 -3.6363802 0.0335164 1.000000 0.400000 0.431373
vn 0.3111918 -0.1475226 0.0311192
v 0.3735840 -3.6363802 0.0373580 1.000000 0.400000 0.431373
vn 0.2791945 -0.1475237 0.0340192
v 0.3351680 -3.6363802 0.0408399 1.000000 0.400000 0.431373
vn 0.2445037 -0.1475236 0.0365921
v 0.2935240 -3.6363802 0.0439285 1.000000 0.400000 0.431373
vn 0.2074585 -0.1475242 0.0388125
v 0.2490530 -3.6363802 0.0465940 1.000000 0.400000 0.431373
vn 0.1684175 -0.1475236 0.0406590
v 0.2021830 -3.6363802 0.0488108 1.000000 0.400000 0.431373
vn 0.1277527 -0.1475231 0.0421141
v 0.1533670 -3.6363802 0.0505575 1.000000 0.400000 0.431373
vn 0.0858597 -0.1475238 0.0431635
v 0.1030730 -3.6363802 0.0518173 1.000000 0.400000 0.431373
vn 0.0431384 -0.1475235 0.0437972
v 0.0517870 -3.6363802 0.0525781 1.000000 0.400000 0.431373
vn -0.0000001 -0.1475232 0.0440091
v 0.0000020 -3.6363802 0.0528325 1.000000 0.400000 0.431373
vn -0.0431342 -0.1475236 0.0437972
v -0.0517830 -3.6363802 0.0525781 1.000000 0.400000 0.431373
vn -0.0858549 -0.1475237 0.0431635
v -0.1030690 -3.6363802 0.0518174 1.000000 0.400000 0.431373
vn -0.1277516 -0.1475234 0.0421141
v -0.1533630 -3.6363802 0.0505576 1.000000 0.400000 0.431373
vn -0.1684144 -0.1475241 0.0406592
v -0.2021800 -3.6363802 0.0488109 1.000000 0.400000 0.431373
vn -0.2074551 -0.1475236 0.0388127
v -0.2490490 -3.6363802 0.0465942 1.000000 0.400000 0.431373
vn -0.2444997 -0.1475228 0.0365924
v -0.2935210 -3.6363802 0.0439287 1.000000 0.400000 0.431373
vn -0.2791920 -0.1475237 0.0340194
v -0.3351650 -3.6363802 0.0408402 1.000000 0.400000 0.431373
vn -0.3111909 -0.1475230 0.0311192
v -0.3735810 -3.6363802 0.0373583 1.000000 0.400000 0.431373
vn -0.3401923 -0.1475233 0.0279195
v -0.4084000 -3.6363802 0.0335167 1.000000 0.400000 0.431373
vn -0.3659211 -0.1475234 0.0244504
v -0.4392860 -3.6363802 0.0293523 1.000000 0.400000 0.431373
vn -0.3881254 -0.1475241 0.0207458
v -0.4659410 -3.6363802 0.0249052 1.000000 0.400000 0.431373
vn -0.4065903 -0.1475240 0.0168418
v -0.4881090 -3.6363802 0.0202182 1.000000 0.400000 0.431373
vn -0.4211408 -0.1475234 0.0127753
v -0.5055760 -3.6363802 0.0153366 1.000000 0.400000 0.431373
vn -0.4316345 -0.1475243 0.0085859
v -0.5181740 -3.6363802 0.0103072 1.000000 0.400000 0.431373
vn -0.4379719 -0.1475237 0.0043138
v -0.5257820 -3.6363802 0.0051786 1.000000 0.400000 0.431373
vn -0.4400914 -0.1475230 0.0000000
v -0.5283260 -3.6363802 0.0000001 1.000000 0.400000 0.431373
vn -0.4363433 -0.1523193 -0.0042975
v -0.4804840 -3.7697129 -0.0047324 1.000000 0.400000 0.431373
vn -0.4300297 -0.1523188 -0.0085539
v -0.4735320 -3.7697129 -0.0094192 1.000000 0.400000 0.431373
vn -0.4195748 -0.1523184 -0.0127278
v -0.4620190 -3.7697129 -0.0140153 1.000000 0.400000 0.431373
vn -0.4050787 -0.1523193 -0.0167790
v -0.4460570 -3.7697129 -0.0184764 1.000000 0.400000 0.431373
vn -0.3866825 -0.1523195 -0.0206686
v -0.4257990 -3.7697129 -0.0227595 1.000000 0.400000 0.431373
vn -0.3645636 -0.1523192 -0.0243589
v -0.4014410 -3.7697129 -0.0268235 1.000000 0.400000 0.431373
vn -0.3389308 -0.1523192 -0.0278152
v -0.3732170 -3.7697129 -0.0306291 1.000000 0.400000 0.431373
vn -0.3100341 -0.1523186 -0.0310035
v -0.3413980 -3.7697129 -0.0341398 1.000000 0.400000 0.431373
vn -0.2781523 -0.1523183 -0.0338931
v -0.3062910 -3.7697129 -0.0373217 1.000000 0.400000 0.431373
vn -0.2435925 -0.1523182 -0.0364562
v -0.2682350 -3.7697129 -0.0401441 1.000000 0.400000 0.431373
vn -0.2066889 -0.1523186 -0.0386681
v -0.2275950 -3.7697129 -0.0425800 1.000000 0.400000 0.431373
vn -0.1677909 -0.1523187 -0.0405079
v -0.1847640 -3.7697129 -0.0446058 1.000000 0.400000 0.431373
vn -0.1272753 -0.1523189 -0.0419575
v -0.1401530 -3.7697129 -0.0462020 1.000000 0.400000 0.431373
vn -0.0855399 -0.1523185 -0.0430030
v -0.0941930 -3.7697129 -0.0473532 1.000000 0.400000 0.431373
vn -0.0429800 -0.1523190 -0.0436343
v -0.0473250 -3.7697129 -0.0480485 1.000000 0.400000 0.431373
vn -0.0000002 -0.1523194 -0.0438454
v -0.0000020 -3.7697129 -0.0482810 1.000000 0.400000 0.431373
vn 0.0429754 -0.1523195 -0.0436343
v 0.0473220 -3.7697129 -0.0480485 1.000000 0.400000 0.431373
vn 0.0855358 -0.1523193 -0.0430030
v 0.0941900 -3.7697129 -0.0473533 1.000000 0.400000 0.431373
vn 0.1272748 -0.1523188 -0.0419576
v 0.1401500 -3.7697129 -0.0462021 1.000000 0.400000 0.431373
vn 0.1677886 -0.1523185 -0.0405080
v 0.1847610 -3.7697129 -0.0446059 1.000000 0.400000 0.431373
vn 0.2066858 -0.1523187 -0.0386683
v 0.2275930 -3.7697129 -0.0425801 1.000000 0.400000 0.431373
vn 0.2435891 -0.1523185 -0.0364564
v 0.2682320 -3.7697129 -0.0401443 1.000000 0.400000 0.431373
vn 0.2781500 -0.1523183 -0.0338932
v 0.3062890 -3.7697129 -0.0373219 1.000000 0.400000 0.431373
vn 0.3100341 -0.1523189 -0.0310034
v 0.3413960 -3.7697129 -0.0341400 1.000000 0.400000 0.431373
vn 0.3389289 -0.1523187 -0.0278154
v 0.3732150 -3.7697129 -0.0306293 1.000000 0.400000 0.431373
vn 0.3645619 -0.1523178 -0.0243593
v 0.4014400 -3.7697129 -0.0268237 1.000000 0.400000 0.431373
vn 0.3866825 -0.1523189 -0.0206686
v 0.4257980 -3.7697129 -0.0227597 1.000000 0.400000 0.431373
vn 0.4050766 -0.1523201 -0.0167795
v 0.4460560 -3.7697129 -0.0184766 1.000000 0.400000 0.431373
vn 0.4195742 -0.1523202 -0.0127278
v 0.4620190 -3.7697129 -0.0140155 1.000000 0.400000 0.431373
vn 0.4300293 -0.1523198 -0.0085540
v 0.4735310 -3.7697129 -0.0094194 1.000000 0.400000 0.431373
vn 0.4363426 -0.1523198 -0.0042981
v 0.4804840 -3.7697129 -0.0047327 1.000000 0.400000 0.431373
vn 0.4384545 -0.1523193 0.0000000
v 0.4828090 -3.7697129 -0.0000003 1.000000 0.400000 0.431373
vn 0.4363433 -0.1523192 0.0042976
v 0.4804840 -3.7697129 0.0047321 1.000000 0.400000 0.431373
vn 0.4300303 -0.1523197 0.0085535
v 0.4735320 -3.7697129 0.0094188 1.000000 0.400000 0.431373
vn 0.4195758 -0.1523191 0.0127274
v 0.4620200 -3.7697129 0.0140149 1.000000 0.400000 0.431373
vn 0.4050797 -0.1523183 0.0167789
v 0.4460580 -3.7697129 0.0184760 1.000000 0.400000 0.431373
vn 0.3866836 -0.1523189 0.0206684
v 0.4258000 -3.7697129 0.0227592 1.000000 0.400000 0.431373
vn 0.3645618 -0.1523182 0.0243593
v 0.4014420 -3.7697129 0.0268232 1.000000 0.400000 0.431373
vn 0.3389313 -0.1523184 0.0278151
v 0.3732170 -3.7697129 0.0306288 1.000000 0.400000 0.431373
vn 0.3100360 -0.1523187 0.0310033
v 0.3413990 -3.7697129 0.0341395 1.000000 0.400000 0.431373
vn 0.2781544 -0.1523191 0.0338928
v 0.3062920 -3.7697129 0.0373214 1.000000 0.400000 0.431373
vn 0.2435926 -0.1523196 0.0364561
v 0.2682360 -3.7697129 0.0401439 1.000000 0.400000 0.431373
vn 0.2066855 -0.1523194 0.0386683
v 0.2275960 -3.7697129 0.0425797 1.000000 0.400000 0.431373
vn 0.1677947 -0.1523197 0.0405077
v 0.1847650 -3.7697129 0.0446055 1.000000 0.400000 0.431373
vn 0.1272773 -0.1523194 0.0419575
v 0.1401540 -3.7697129 0.0462018 1.000000 0.400000 0.431373
vn 0.0855398 -0.1523187 0.0430030
v 0.0941930 -3.7697129 0.0473530 1.000000 0.400000 0.431373
vn 0.0429797 -0.1523192 0.0436343
v 0.0473250 -3.7697129 0.0480483 1.000000 0.400000 0.431373
vn 0.0000001 -0.1523194 0.0438454
v 0.0000020 -3.7697129 0.0482808 1.000000 0.400000 0.431373
vn -0.0429755 -0.1523193 0.0436343
v -0.0473220 -3.7697129 0.0480483 1.000000 0.400000 0.431373
vn -0.0855355 -0.1523194 0.0430030
v -0.0941900 -3.7697129 0.0473531 1.000000 0.400000 0.431373
vn -0.1272748 -0.1523188 0.0419576
v -0.1401500 -3.7697129 0.0462019 1.000000 0.400000 0.431373
vn -0.1677891 -0.1523183 0.0405080
v -0.1847610 -3.7697129 0.0446057 1.000000 0.400000 0.431373
vn -0.2066835 -0.1523190 0.0386684
v -0.2275930 -3.7697129 0.0425799 1.000000 0.400000 0.431373
vn -0.2435923 -0.1523190 0.0364562
v -0.2682330 -3.7697129 0.0401441 1.000000 0.400000 0.431373
vn -0.2781524 -0.1523184 0.0338930
v -0.3062890 -3.7697129 0.0373216 1.000000 0.400000 0.431373
vn -0.3100317 -0.1523186 0.0310037
v -0.3413960 -3.7697129 0.0341398 1.000000 0.400000 0.431373
vn -0.3389286 -0.1523193 0.0278154
v -0.3732150 -3.7697129 0.0306291 1.000000 0.400000 0.431373
vn -0.3645611 -0.1523204 0.0243592
v -0.4014400 -3.7697129 0.0268235 1.000000 0.400000 0.431373
vn -0.3866832 -0.1523198 0.0206684
v -0.4257980 -3.7697129 0.0227595 1.000000 0.400000 0.431373
vn -0.4050770 -0.1523198 0.0167794
v -0.4460560 -3.7697129 0.0184763 1.000000 0.400000 0.431373
vn -0.4195740 -0.1523191 0.0127279
v -0.4620190 -3.7697129 0.0140153 1.000000 0.400000 0.431373
vn -0.4300299 -0.1523185 0.0085539
v -0.4735310 -3.7697129 0.0094192 1.000000 0.400000 0.431373
vn -0.4363427 -0.1523196 0.0042980
v -0.4804840 -3.7697129 0.0047324 1.000000 0.400000 0.431373
vn -0.4384544 -0.1523194 0.0000000
v -0.4828090 -3.7697129 0.0000001 1.000000 0.400000 0.431373
vn -0.4346754 -0.1570607 -0.0042811
v -0.4335680 -3.9030471 -0.0042704 1.000000 0.400000 0.431373
vn -0.4283864 -0.1570608 -0.0085209
v -0.4272950 -3.9030471 -0.0084995 1.000000 0.400000 0.431373
vn -0.4179708 -0.1570610 -0.0126790
v -0.4169070 -3.9030471 -0.0126468 1.000000 0.400000 0.431373
vn -0.4035295 -0.1570605 -0.0167151
v -0.4025030 -3.9030471 -0.0166723 1.000000 0.400000 0.431373
vn -0.3852043 -0.1570599 -0.0205896
v -0.3842230 -3.9030471 -0.0205372 1.000000 0.400000 0.431373
vn -0.3631696 -0.1570605 -0.0242659
v -0.3622430 -3.9030471 -0.0242044 1.000000 0.400000 0.431373
vn -0.3376355 -0.1570607 -0.0277088
v -0.3367750 -3.9030471 -0.0276384 1.000000 0.400000 0.431373
vn -0.3088491 -0.1570605 -0.0308849
v -0.3080630 -3.9030471 -0.0308063 1.000000 0.400000 0.431373
vn -0.2770912 -0.1570605 -0.0337633
v -0.2763840 -3.9030471 -0.0336775 1.000000 0.400000 0.431373
vn -0.2426618 -0.1570605 -0.0363168
v -0.2420440 -3.9030471 -0.0362244 1.000000 0.400000 0.431373
vn -0.2058964 -0.1570606 -0.0385204
v -0.2053720 -3.9030471 -0.0384224 1.000000 0.400000 0.431373
vn -0.1671477 -0.1570611 -0.0403531
v -0.1667230 -3.9030471 -0.0402504 1.000000 0.400000 0.431373
vn -0.1267906 -0.1570611 -0.0417971
v -0.1264680 -3.9030471 -0.0416907 1.000000 0.400000 0.431373
vn -0.0852121 -0.1570617 -0.0428385
v -0.0849950 -3.9030471 -0.0427296 1.000000 0.400000 0.431373
vn -0.0428115 -0.1570616 -0.0434675
v -0.0427040 -3.9030471 -0.0433569 1.000000 0.400000 0.431373
vn 0.0000002 -0.1570610 -0.0436778
v -0.0000010 -3.9030471 -0.0435667 1.000000 0.400000 0.431373
vn 0.0428105 -0.1570608 -0.0434675
v 0.0427010 -3.9030471 -0.0433569 1.000000 0.400000 0.431373
vn 0.0852072 -0.1570608 -0.0428387
v 0.0849930 -3.9030471 -0.0427296 1.000000 0.400000 0.431373
vn 0.1267862 -0.1570605 -0.0417972
v 0.1264660 -3.9030471 -0.0416908 1.000000 0.400000 0.431373
vn 0.1671474 -0.1570606 -0.0403531
v 0.1667210 -3.9030471 -0.0402505 1.000000 0.400000 0.431373
vn 0.2058962 -0.1570610 -0.0385204
v 0.2053700 -3.9030471 -0.0384225 1.000000 0.400000 0.431373
vn 0.2426588 -0.1570612 -0.0363169
v 0.2420420 -3.9030471 -0.0362245 1.000000 0.400000 0.431373
vn 0.2770877 -0.1570616 -0.0337635
v 0.2763820 -3.9030471 -0.0336777 1.000000 0.400000 0.431373
vn 0.3088487 -0.1570610 -0.0308849
v 0.3080610 -3.9030471 -0.0308065 1.000000 0.400000 0.431373
vn 0.3376329 -0.1570605 -0.0277091
v 0.3367730 -3.9030471 -0.0276386 1.000000 0.400000 0.431373
vn 0.3631672 -0.1570606 -0.0242662
v 0.3622420 -3.9030471 -0.0242046 1.000000 0.400000 0.431373
vn 0.3852045 -0.1570599 -0.0205896
v 0.3842220 -3.9030471 -0.0205374 1.000000 0.400000 0.431373
vn 0.4035293 -0.1570605 -0.0167152
v 0.4025020 -3.9030471 -0.0166725 1.000000 0.400000 0.431373
vn 0.4179696 -0.1570604 -0.0126795
v 0.4169060 -3.9030471 -0.0126470 1.000000 0.400000 0.431373
vn 0.4283859 -0.1570603 -0.0085212
v 0.4272950 -3.9030471 -0.0084997 1.000000 0.400000 0.431373
vn 0.4346752 -0.1570609 -0.0042812
v 0.4335680 -3.9030471 -0.0042706 1.000000 0.400000 0.431373
vn 0.4367784 -0.1570610 -0.0000000
v 0.4356660 -3.9030471 -0.0000003 1.000000 0.400000 0.431373
vn 0.4346753 -0.1570608 0.0042811
v 0.4335680 -3.9030471 0.0042700 1.000000 0.400000 0.431373
vn 0.4283866 -0.1570608 0.0085208
v 0.4272950 -3.9030471 0.0084991 1.000000 0.400000 0.431373
vn 0.4179726 -0.1570610 0.0126784
v 0.4169070 -3.9030471 0.0126464 1.000000 0.400000 0.431373
vn 0.4035313 -0.1570611 0.0167146
v 0.4025040 -3.9030471 0.0166720 1.000000 0.400000 0.431373
vn 0.3852043 -0.1570608 0.0205896
v 0.3842240 -3.9030471 0.0205369 1.000000 0.400000 0.431373
vn 0.3631692 -0.1570610 0.0242659
v 0.3622440 -3.9030471 0.0242041 1.000000 0.400000 0.431373
vn 0.3376353 -0.1570613 0.0277088
v 0.3367760 -3.9030471 0.0276381 1.000000 0.400000 0.431373
vn 0.3088492 -0.1570611 0.0308849
v 0.3080640 -3.9030471 0.0308060 1.000000 0.400000 0.431373
vn 0.2770888 -0.1570605 0.0337635
v 0.2763850 -3.9030471 0.0336772 1.000000 0.400000 0.431373
vn 0.2426622 -0.1570609 0.0363167
v 0.2420440 -3.9030471 0.0362241 1.000000 0.400000 0.431373
vn 0.2058977 -0.1570607 0.0385203
v 0.2053730 -3.9030471 0.0384221 1.000000 0.400000 0.431373
vn 0.1671521 -0.1570610 0.0403529
v 0.1667240 -3.9030471 0.0402501 1.000000 0.400000 0.431373
vn 0.1267941 -0.1570611 0.0417970
v 0.1264690 -3.9030471 0.0416905 1.000000 0.400000 0.431373
vn 0.0852131 -0.1570610 0.0428385
v 0.0849960 -3.9030471 0.0427294 1.000000 0.400000 0.431373
vn 0.0428106 -0.1570609 0.0434675
v 0.0427040 -3.9030471 0.0433567 1.000000 0.400000 0.431373
vn 0.0000003 -0.1570611 0.0436778
v 0.0000020 -3.9030471 0.0435665 1.000000 0.400000 0.431373
vn -0.0428104 -0.1570609 0.0434675
v -0.0427010 -3.9030471 0.0433567 1.000000 0.400000 0.431373
vn -0.0852071 -0.1570609 0.0428387
v -0.0849930 -3.9030471 0.0427294 1.000000 0.400000 0.431373
vn -0.1267857 -0.1570607 0.0417972
v -0.1264660 -3.9030471 0.0416906 1.000000 0.400000 0.431373
vn -0.1671478 -0.1570606 0.0403531
v -0.1667210 -3.9030471 0.0402503 1.000000 0.400000 0.431373
vn -0.2058958 -0.1570604 0.0385204
v -0.2053700 -3.9030471 0.0384223 1.000000 0.400000 0.431373
vn -0.2426597 -0.1570605 0.0363169
v -0.2420420 -3.9030471 0.0362243 1.000000 0.400000 0.431373
vn -0.2770890 -0.1570605 0.0337635
v -0.2763830 -3.9030471 0.0336774 1.000000 0.400000 0.431373
vn -0.3088462 -0.1570606 0.0308852
v -0.3080610 -3.9030471 0.0308063 1.000000 0.400000 0.431373
vn -0.3376352 -0.1570610 0.0277088
v -0.3367740 -3.9030471 0.0276384 1.000000 0.400000 0.431373
vn -0.3631672 -0.1570605 0.0242663
v -0.3622420 -3.9030471 0.0242043 1.000000 0.400000 0.431373
vn -0.3852034 -0.1570597 0.0205898
v -0.3842230 -3.9030471 0.0205372 1.000000 0.400000 0.431373
vn -0.4035310 -0.1570599 0.0167148
v -0.4025020 -3.9030471 0.0166723 1.000000 0.400000 0.431373
vn -0.4179693 -0.1570607 0.0126795
v -0.4169060 -3.9030471 0.0126468 1.000000 0.400000 0.431373
vn -0.4283861 -0.1570603 0.0085211
v -0.4272950 -3.9030471 0.0084995 1.000000 0.400000 0.431373
vn -0.4346756 -0.1570601 0.0042811
v -0.4335680 -3.9030471 0.0042703 1.000000 0.400000 0.431373
vn -0.4367784 -0.1570609 0.0000000
v -0.4356660 -3.9030471 0.0000000 1.000000 0.400000 0.431373
vn -0.4329695 -0.1617481 -0.0042643
v -0.3850350 -4.0363798 -0.0037924 1.000000 0.400000 0.431373
vn -0.4267042 -0.1617484 -0.0084879
v -0.3794640 -4.0363798 -0.0075481 1.000000 0.400000 0.431373
vn -0.4163301 -0.1617484 -0.0126294
v -0.3702380 -4.0363798 -0.0112311 1.000000 0.400000 0.431373
vn -0.4019485 -0.1617486 -0.0166488
v -0.3574470 -4.0363798 -0.0148060 1.000000 0.400000 0.431373
vn -0.3836934 -0.1617483 -0.0205086
v -0.3412140 -4.0363798 -0.0182383 1.000000 0.400000 0.431373
vn -0.3617411 -0.1617487 -0.0241711
v -0.3216940 -4.0363798 -0.0214950 1.000000 0.400000 0.431373
vn -0.3363107 -0.1617493 -0.0276000
v -0.2990760 -4.0363798 -0.0245446 1.000000 0.400000 0.431373
vn -0.3076396 -0.1617486 -0.0307634
v -0.2735790 -4.0363798 -0.0273579 1.000000 0.400000 0.431373
vn -0.2759999 -0.1617488 -0.0336311
v -0.2454460 -4.0363798 -0.0299077 1.000000 0.400000 0.431373
vn -0.2417080 -0.1617491 -0.0361743
v -0.2149500 -4.0363798 -0.0321694 1.000000 0.400000 0.431373
vn -0.2050902 -0.1617479 -0.0383691
v -0.1823830 -4.0363798 -0.0341214 1.000000 0.400000 0.431373
vn -0.1664927 -0.1617482 -0.0401947
v -0.1480600 -4.0363798 -0.0357448 1.000000 0.400000 0.431373
vn -0.1262897 -0.1617484 -0.0416331
v -0.1123110 -4.0363798 -0.0370239 1.000000 0.400000 0.431373
vn -0.0848790 -0.1617481 -0.0426704
v -0.0754810 -4.0363798 -0.0379464 1.000000 0.400000 0.431373
vn -0.0426488 -0.1617478 -0.0432969
v -0.0379240 -4.0363798 -0.0385036 1.000000 0.400000 0.431373
vn 0.0000000 -0.1617479 -0.0435064
v -0.0000010 -4.0363798 -0.0386899 1.000000 0.400000 0.431373
vn 0.0426429 -0.1617482 -0.0432970
v 0.0379210 -4.0363798 -0.0385036 1.000000 0.400000 0.431373
vn 0.0848730 -0.1617485 -0.0426705
v 0.0754790 -4.0363798 -0.0379465 1.000000 0.400000 0.431373
vn 0.1262893 -0.1617483 -0.0416332
v 0.1123090 -4.0363798 -0.0370240 1.000000 0.400000 0.431373
vn 0.1664929 -0.1617488 -0.0401946
v 0.1480580 -4.0363798 -0.0357449 1.000000 0.400000 0.431373
vn 0.2050883 -0.1617484 -0.0383692
v 0.1823810 -4.0363798 -0.0341215 1.000000 0.400000 0.431373
vn 0.2417071 -0.1617483 -0.0361744
v 0.2149470 -4.0363798 -0.0321696 1.000000 0.400000 0.431373
vn 0.2760006 -0.1617483 -0.0336310
v 0.2454440 -4.0363798 -0.0299078 1.000000 0.400000 0.431373
vn 0.3076343 -0.1617487 -0.0307639
v 0.2735770 -4.0363798 -0.0273580 1.000000 0.411765 0.439216
vn 0.3363077 -0.1617487 -0.0276004
v 0.2990750 -4.0363798 -0.0245448 1.000000 0.411765 0.447059
vn 0.3617413 -0.1617490 -0.0241711
v 0.3216930 -4.0363798 -0.0214951 1.000000 0.427451 0.458824
vn 0.3836918 -0.1617486 -0.0205089
v 0.3412130 -4.0363798 -0.0182385 1.000000 0.431373 0.466667
vn 0.4019469 -0.1617478 -0.0166493
v 0.3574460 -4.0363798 -0.0148062 1.000000 0.454902 0.474510
vn 0.4163297 -0.1617490 -0.0126295
v 0.3702380 -4.0363798 -0.0112313 1.000000 0.466667 0.486275
vn 0.4267043 -0.1617486 -0.0084879
v 0.3794630 -4.0363798 -0.0075483 1.000000 0.466667 0.494118
vn 0.4329692 -0.1617476 -0.0042648
v 0.3850350 -4.0363798 -0.0037925 1.000000 0.458824 0.486275
vn 0.4350646 -0.1617478 -0.0000000
v 0.3868980 -4.0363798 -0.0000003 1.000000 0.447059 0.474510
vn 0.4329695 -0.1617481 0.0042644
v 0.3850350 -4.0363798 0.0037920 1.000000 0.431373 0.466667
vn 0.4267056 -0.1617481 0.0084873
v 0.3794640 -4.0363798 0.0075477 1.000000 0.419608 0.454902
vn 0.4163322 -0.1617478 0.0126288
v 0.3702390 -4.0363798 0.0112308 1.000000 0.411765 0.447059
vn 0.4019467 -0.1617485 0.0166493
v 0.3574480 -4.0363798 0.0148057 1.000000 0.403922 0.439216
vn 0.3836936 -0.1617483 0.0205086
v 0.3412140 -4.0363798 0.0182380 1.000000 0.400000 0.431373
vn 0.3617437 -0.1617480 0.0241708
v 0.3216950 -4.0363798 0.0214947 1.000000 0.400000 0.431373
vn 0.3363082 -0.1617482 0.0276003
v 0.2990770 -4.0363798 0.0245443 1.000000 0.400000 0.431373
vn 0.3076394 -0.1617490 0.0307634
v 0.2735790 -4.0363798 0.0273576 1.000000 0.400000 0.431373
vn 0.2760033 -0.1617486 0.0336308
v 0.2454470 -4.0363798 0.0299074 1.000000 0.400000 0.431373
vn 0.2417111 -0.1617485 0.0361741
v 0.2149500 -4.0363798 0.0321692 1.000000 0.400000 0.431373
vn 0.2050882 -0.1617486 0.0383692
v 0.1823840 -4.0363798 0.0341212 1.000000 0.400000 0.431373
vn 0.1664938 -0.1617483 0.0401946
v 0.1480610 -4.0363798 0.0357445 1.000000 0.400000 0.431373
vn 0.1262932 -0.1617482 0.0416330
v 0.1123120 -4.0363798 0.0370237 1.000000 0.400000 0.431373
vn 0.0848790 -0.1617482 0.0426704
v 0.0754810 -4.0363798 0.0379462 1.000000 0.400000 0.431373
vn 0.0426479 -0.1617484 0.0432969
v 0.0379240 -4.0363798 0.0385034 1.000000 0.400000 0.431373
vn -0.0000001 -0.1617478 0.0435065
v 0.0000010 -4.0363798 0.0386897 1.000000 0.400000 0.431373
vn -0.0426430 -0.1617478 0.0432970
v -0.0379210 -4.0363798 0.0385034 1.000000 0.400000 0.431373
vn -0.0848730 -0.1617482 0.0426706
v -0.0754790 -4.0363798 0.0379463 1.000000 0.400000 0.431373
vn -0.1262890 -0.1617482 0.0416332
v -0.1123090 -4.0363798 0.0370238 1.000000 0.400000 0.431373
vn -0.1664931 -0.1617486 0.0401946
v -0.1480580 -4.0363798 0.0357447 1.000000 0.400000 0.431373
vn -0.2050858 -0.1617483 0.0383694
v -0.1823810 -4.0363798 0.0341213 1.000000 0.400000 0.431373
vn -0.2417074 -0.1617483 0.0361744
v -0.2149480 -4.0363798 0.0321694 1.000000 0.400000 0.431373
vn -0.2760033 -0.1617486 0.0336308
v -0.2454440 -4.0363798 0.0299076 1.000000 0.400000 0.431373
vn -0.3076363 -0.1617492 0.0307637
v -0.2735770 -4.0363798 0.0273578 1.000000 0.400000 0.431373
vn -0.3363086 -0.1617486 0.0276003
v -0.2990750 -4.0363798 0.0245445 1.000000 0.400000 0.431373
vn -0.3617396 -0.1617477 0.0241714
v -0.3216930 -4.0363798 0.0214949 1.000000 0.400000 0.431373
vn -0.3836921 -0.1617489 0.0205088
v -0.3412130 -4.0363798 0.0182383 1.000000 0.400000 0.431373
vn -0.4019462 -0.1617489 0.0166493
v -0.3574460 -4.0363798 0.0148060 1.000000 0.400000 0.431373
vn -0.4163300 -0.1617494 0.0126293
v -0.3702380 -4.0363798 0.0112311 1.000000 0.400000 0.431373
vn -0.4267039 -0.1617496 0.0084878
v -0.3794630 -4.0363798 0.0075480 1.000000 0.400000 0.431373
vn -0.4329689 -0.1617485 0.0042648
v -0.3850350 -4.0363798 0.0037923 1.000000 0.400000 0.431373
vn -0.4350646 -0.1617478 0.0000000
v -0.3868980 -4.0363798 0.0000000 1.000000 0.400000 0.431373
vn -0.4303322 -0.1687044 -0.0042385
v -0.3348840 -4.1697130 -0.0032984 1.000000 0.600000 0.619608
vn -0.4241051 -0.1687045 -0.0084363
v -0.3300380 -4.1697130 -0.0065650 1.000000 0.592157 0.611765
vn -0.4137949 -0.1687035 -0.0125525
v -0.3220140 -4.1697130 -0.0097683 1.000000 0.592157 0.611765
vn -0.3994996 -0.1687038 -0.0165477
v -0.3108890 -4.1697130 -0.0128775 1.000000 0.584314 0.603922
vn -0.3813558 -0.1687051 -0.0203838
v -0.2967700 -4.1697130 -0.0158628 1.000000 0.564706 0.592157
vn -0.3595381 -0.1687039 -0.0240239
v -0.2797930 -4.1697130 -0.0186952 1.000000 0.564706 0.592157
vn -0.3473716 -0.1685259 -0.0257634
v -0.2601210 -4.1697130 -0.0213476 1.000000 0.564706 0.592157
vn -0.3064024 -0.1663799 -0.0306396
v -0.2379450 -4.1697130 -0.0237945 1.000000 0.564706 0.584314
vn -0.2748884 -0.1663799 -0.0334959
v -0.2134760 -4.1697130 -0.0260122 1.000000 0.564706 0.584314
vn -0.2407399 -0.1663794 -0.0360286
v -0.1869520 -4.1697130 -0.0279793 1.000000 0.564706 0.584314
vn -0.2042668 -0.1663799 -0.0382147
v -0.1586280 -4.1697130 -0.0296771 1.000000 0.564706 0.592157
vn -0.1658203 -0.1663800 -0.0400331
v -0.1287750 -4.1697130 -0.0310890 1.000000 0.584314 0.600000
vn -0.1257860 -0.1663800 -0.0414655
v -0.0976830 -4.1697130 -0.0322015 1.000000 0.584314 0.611765
vn -0.0845392 -0.1663793 -0.0424988
v -0.0656500 -4.1697130 -0.0330039 1.000000 0.611765 0.619608
vn -0.0424732 -0.1663792 -0.0431228
v -0.0329840 -4.1697130 -0.0334885 1.000000 0.619608 0.639216
vn -0.0000004 -0.1663792 -0.0433315
v -0.0000010 -4.1697130 -0.0336505 1.000000 0.639216 0.658824
vn 0.0424743 -0.1663793 -0.0431228
v 0.0329820 -4.1697130 -0.0334885 1.000000 0.658824 0.686275
vn 0.0845321 -0.1663802 -0.0424989
v 0.0656470 -4.1697130 -0.0330039 1.000000 0.686275 0.686275
vn 0.1257786 -0.1663806 -0.0414657
v 0.0976810 -4.1697130 -0.0322016 1.000000 0.709804 0.721569
vn 0.1658207 -0.1663794 -0.0400331
v 0.1287730 -4.1697130 -0.0310891 1.000000 0.729412 0.737255
vn 0.2042622 -0.1663788 -0.0382150
v 0.1586260 -4.1697130 -0.0296772 1.000000 0.756863 0.756863
vn 0.2407365 -0.1663793 -0.0360288
v 0.1869500 -4.1697130 -0.0279795 1.000000 0.784314 0.792157
vn 0.2748919 -0.1663797 -0.0334956
v 0.2134750 -4.1697130 -0.0260123 1.000000 0.803922 0.811765
vn 0.3063996 -0.1663794 -0.0306400
v 0.2379430 -4.1697130 -0.0237946 1.000000 0.819608 0.827451
vn 0.3349534 -0.1663796 -0.0274896
v 0.2601200 -4.1697130 -0.0213478 1.000000 0.839216 0.847059
vn 0.3602877 -0.1663795 -0.0240737
v 0.2797920 -4.1697130 -0.0186954 1.000000 0.854902 0.858824
vn 0.3821468 -0.1663802 -0.0204267
v 0.2967690 -4.1697130 -0.0158629 1.000000 0.858824 0.858824
vn 0.4003287 -0.1663799 -0.0165826
v 0.3108890 -4.1697130 -0.0128777 1.000000 0.858824 0.858824
vn 0.4146562 -0.1663794 -0.0125784
v 0.3220140 -4.1697130 -0.0097684 1.000000 0.854902 0.858824
vn 0.4249876 -0.1663792 -0.0084540
v 0.3300380 -4.1697130 -0.0065651 1.000000 0.827451 0.831373
vn 0.4312278 -0.1663792 -0.0042474
v 0.3348840 -4.1697130 -0.0032986 1.000000 0.811765 0.811765
vn 0.4333145 -0.1663794 0.0000001
v 0.3365040 -4.1697130 -0.0000002 1.000000 0.776471 0.784314
vn 0.4312277 -0.1663795 0.0042474
v 0.3348840 -4.1697130 0.0032981 1.000000 0.737255 0.756863
vn 0.4249890 -0.1663796 0.0084532
v 0.3300380 -4.1697130 0.0065646 1.000000 0.709804 0.721569
vn 0.4146575 -0.1663801 0.0125779
v 0.3220150 -4.1697130 0.0097680 1.000000 0.666667 0.686275
vn 0.4003309 -0.1663795 0.0165821
v 0.3108900 -4.1697130 0.0128772 1.000000 0.647059 0.658824
vn 0.3821513 -0.1663794 0.0204259
v 0.2967710 -4.1697130 0.0158625 1.000000 0.611765 0.631373
vn 0.3602875 -0.1663799 0.0240737
v 0.2797940 -4.1697130 0.0186950 1.000000 0.584314 0.603922
vn 0.3349538 -0.1663793 0.0274895
v 0.2601220 -4.1697130 0.0213474 1.000000 0.564706 0.576471
vn 0.3063999 -0.1663789 0.0306400
v 0.2379450 -4.1697130 0.0237942 1.000000 0.537255 0.564706
vn 0.2748953 -0.1663792 0.0334954
v 0.2134770 -4.1697130 0.0260119 1.000000 0.521569 0.549020
vn 0.2407372 -0.1663790 0.0360288
v 0.1869530 -4.1697130 0.0279791 1.000000 0.509804 0.537255
vn 0.2042662 -0.1663793 0.0382148
v 0.1586280 -4.1697130 0.0296768 1.000000 0.501961 0.521569
vn 0.1658267 -0.1663792 0.0400329
v 0.1287760 -4.1697130 0.0310888 1.000000 0.494118 0.521569
vn 0.1257845 -0.1663796 0.0414656
v 0.0976830 -4.1697130 0.0322013 1.000000 0.494118 0.521569
vn 0.0845393 -0.1663796 0.0424988
v 0.0656500 -4.1697130 0.0330037 1.000000 0.494118 0.521569
vn 0.0212172 -0.1685274 0.0431963
v 0.0329840 -4.1697130 0.0334883 1.000000 0.494118 0.521569
vn -0.0000000 -0.1687036 0.0432415
v 0.0000010 -4.1697130 0.0336503 1.000000 0.501961 0.521569
vn -0.0423851 -0.1687045 0.0430332
v -0.0329820 -4.1697130 0.0334883 1.000000 0.509804 0.537255
vn -0.0843577 -0.1687052 0.0424106
v -0.0656480 -4.1697130 0.0330037 1.000000 0.521569 0.537255
vn -0.1255183 -0.1687054 0.0413796
v -0.0976810 -4.1697130 0.0322014 1.000000 0.529412 0.549020
vn -0.1654761 -0.1687046 0.0399500
v -0.1287730 -4.1697130 0.0310889 1.000000 0.537255 0.556863
vn -0.2038353 -0.1687058 0.0381357
v -0.1586260 -4.1697130 0.0296770 1.000000 0.537255 0.564706
vn -0.2402366 -0.1687064 0.0359539
v -0.1869510 -4.1697130 0.0279793 1.000000 0.549020 0.576471
vn -0.2743238 -0.1687051 0.0334258
v -0.2134750 -4.1697130 0.0260121 1.000000 0.556863 0.576471
vn -0.3057634 -0.1687036 0.0305764
v -0.2379430 -4.1697130 0.0237944 1.000000 0.556863 0.576471
vn -0.3342581 -0.1687039 0.0274325
v -0.2601200 -4.1697130 0.0213476 1.000000 0.556863 0.584314
vn -0.3595394 -0.1687042 0.0240237
v -0.2797920 -4.1697130 0.0186952 1.000000 0.564706 0.584314
vn -0.3813537 -0.1687052 0.0203842
v -0.2967690 -4.1697130 0.0158627 1.000000 0.564706 0.592157
vn -0.3994963 -0.1687067 0.0165482
v -0.3108890 -4.1697130 0.0128775 1.000000 0.576471 0.611765
vn -0.4137943 -0.1687066 0.0125523
v -0.3220140 -4.1697130 0.0097682 1.000000 0.584314 0.603922
vn -0.4241045 -0.1687057 0.0084364
v -0.3300380 -4.1697130 0.0065649 1.000000 0.600000 0.611765
vn -0.4303322 -0.1687044 0.0042385
v -0.3348840 -4.1697130 0.0032983 1.000000 0.592157 0.619608
vn -0.4324149 -0.1687036 0.0000000
v -0.3365040 -4.1697130 0.0000000 1.000000 0.603922 0.619608
vn -0.4294512 -0.1709554 -0.0042302
v -0.2831150 -4.3030462 -0.0027885 1.000000 0.972549 0.972549
vn -0.4232378 -0.1709551 -0.0084188
v -0.2790180 -4.3030462 -0.0055501 1.000000 0.972549 0.972549
vn -0.4129496 -0.1709549 -0.0125262
v -0.2722350 -4.3030462 -0.0082582 1.000000 0.964706 0.964706
vn -0.3986815 -0.1709547 -0.0165140
v -0.2628300 -4.3030462 -0.0108868 1.000000 0.972549 0.972549
vn -0.3805735 -0.1709547 -0.0203425
v -0.2508930 -4.3030462 -0.0134106 1.000000 0.972549 0.972549
vn -0.3588053 -0.1709550 -0.0239743
v -0.2365400 -4.3030462 -0.0158052 1.000000 0.964706 0.964706
vn -0.3378670 -0.1716952 -0.0267974
v -0.2199100 -4.3030462 -0.0180476 1.000000 0.976471 0.976471
vn -0.3044851 -0.1732529 -0.0304493
v -0.2011610 -4.3030462 -0.0201162 1.000000 0.976471 0.976471
vn -0.2731793 -0.1732521 -0.0332867
v -0.1804750 -4.3030462 -0.0219910 1.000000 0.976471 0.976471
vn -0.2392416 -0.1732534 -0.0358037
v -0.1580520 -4.3030462 -0.0236541 1.000000 0.984314 0.984314
vn -0.2029877 -0.1732530 -0.0379767
v -0.1341060 -4.3030462 -0.0250894 1.000000 0.984314 0.984314
vn -0.1647818 -0.1732514 -0.0397837
v -0.1088680 -4.3030462 -0.0262830 1.000000 0.984314 0.984314
vn -0.1250024 -0.1732518 -0.0412070
v -0.0825820 -4.3030462 -0.0272235 1.000000 0.992157 0.992157
vn -0.0840163 -0.1732524 -0.0422337
v -0.0555010 -4.3030462 -0.0279019 1.000000 0.992157 0.992157
vn -0.0422120 -0.1732540 -0.0428538
v -0.0278850 -4.3030462 -0.0283116 1.000000 0.992157 0.992157
vn 0.0000000 -0.1732551 -0.0430611
v -0.0000010 -4.3030462 -0.0284486 1.000000 0.992157 0.992157
vn 0.0422115 -0.1732534 -0.0428538
v 0.0278830 -4.3030462 -0.0283116 1.000000 1.000000 1.000000
vn 0.0840095 -0.1732514 -0.0422339
v 0.0554990 -4.3030462 -0.0279019 1.000000 1.000000 1.000000
vn 0.1249955 -0.1732520 -0.0412072
v 0.0825800 -4.3030462 -0.0272236 1.000000 1.000000 1.000000
vn 0.1647819 -0.1732525 -0.0397837
v 0.1088660 -4.3030462 -0.0262831 1.000000 1.000000 1.000000
vn 0.2029866 -0.1732520 -0.0379768
v 0.1341040 -4.3030462 -0.0250895 1.000000 1.000000 1.000000
vn 0.2392386 -0.1732511 -0.0358040
v 0.1580500 -4.3030462 -0.0236542 1.000000 1.000000 1.000000
vn 0.2731763 -0.1732515 -0.0332870
v 0.1804740 -4.3030462 -0.0219911 1.000000 1.000000 1.000000
vn 0.3044851 -0.1732528 -0.0304493
v 0.2011600 -4.3030462 -0.0201163 1.000000 1.000000 1.000000
vn 0.3328657 -0.1732539 -0.0273179
v 0.2199090 -4.3030462 -0.0180477 1.000000 1.000000 1.000000
vn 0.3580419 -0.1732531 -0.0239234
v 0.2365400 -4.3030462 -0.0158053 1.000000 1.000000 1.000000
vn 0.3797665 -0.1732523 -0.0202989
v 0.2508920 -4.3030462 -0.0134107 1.000000 0.992157 0.992157
vn 0.3978320 -0.1732539 -0.0164792
v 0.2628290 -4.3030462 -0.0108870 1.000000 0.984314 0.984314
vn 0.4120702 -0.1732527 -0.0125001
v 0.2722340 -4.3030462 -0.0082584 1.000000 0.984314 0.984314
vn 0.4223368 -0.1732528 -0.0084016
v 0.2790180 -4.3030462 -0.0055502 1.000000 0.976471 0.976471
vn 0.4285377 -0.1732542 -0.0042213
v 0.2831150 -4.3030462 -0.0027887 1.000000 0.976471 0.976471
vn 0.4306117 -0.1732543 -0.0000000
v 0.2844850 -4.3030462 -0.0000002 1.000000 0.964706 0.964706
vn 0.4285384 -0.1732526 0.0042212
v 0.2831150 -4.3030462 0.0027882 1.000000 0.964706 0.964706
vn 0.4223386 -0.1732514 0.0084009
v 0.2790180 -4.3030462 0.0055498 1.000000 0.956863 0.956863
vn 0.4120720 -0.1732520 0.0124996
v 0.2722350 -4.3030462 0.0082579 1.000000 0.949020 0.956863
vn 0.3978345 -0.1732517 0.0164788
v 0.2628300 -4.3030462 0.0108865 1.000000 0.949020 0.949020
vn 0.3797672 -0.1732517 0.0202988
v 0.2508930 -4.3030462 0.0134103 1.000000 0.937255 0.937255
vn 0.3580430 -0.1732528 0.0239232
v 0.2365410 -4.3030462 0.0158049 1.000000 0.937255 0.937255
vn 0.3328693 -0.1732525 0.0273176
v 0.2199100 -4.3030462 0.0180473 1.000000 0.929412 0.929412
vn 0.3044927 -0.1732533 0.0304485
v 0.2011620 -4.3030462 0.0201159 1.000000 0.921569 0.921569
vn 0.2731804 -0.1732527 0.0332866
v 0.1804760 -4.3030462 0.0219908 1.000000 0.921569 0.921569
vn 0.2392334 -0.1732519 0.0358043
v 0.1580520 -4.3030462 0.0236539 1.000000 0.909804 0.921569
vn 0.2029865 -0.1732519 0.0379768
v 0.1341060 -4.3030462 0.0250891 1.000000 0.921569 0.921569
vn 0.1647909 -0.1732532 0.0397833
v 0.1088680 -4.3030462 0.0262828 1.000000 0.909804 0.909804
vn 0.1250033 -0.1732524 0.0412070
v 0.0825830 -4.3030462 0.0272233 1.000000 0.901961 0.909804
vn 0.0840142 -0.1732524 0.0422337
v 0.0555010 -4.3030462 0.0279017 1.000000 0.909804 0.909804
vn 0.0351118 -0.1716959 0.0429804
v 0.0278850 -4.3030462 0.0283114 1.000000 0.909804 0.921569
vn 0.0000003 -0.1709558 0.0431529
v 0.0000010 -4.3030462 0.0284484 1.000000 0.921569 0.929412
vn -0.0423023 -0.1709551 0.0429451
v -0.0278830 -4.3030462 0.0283114 1.000000 0.929412 0.929412
vn -0.0841864 -0.1709548 0.0423238
v -0.0554990 -4.3030462 0.0279017 1.000000 0.937255 0.937255
vn -0.1252596 -0.1709556 0.0412950
v -0.0825810 -4.3030462 0.0272234 1.000000 0.937255 0.937255
vn -0.1651415 -0.1709557 0.0398680
v -0.1088670 -4.3030462 0.0262829 1.000000 0.949020 0.949020
vn -0.2034228 -0.1709559 0.0380574
v -0.1341040 -4.3030462 0.0250892 1.000000 0.949020 0.949020
vn -0.2397424 -0.1709564 0.0358805
v -0.1580500 -4.3030462 0.0236540 1.000000 0.956863 0.956863
vn -0.2737573 -0.1709555 0.0333579
v -0.1804740 -4.3030462 0.0219909 1.000000 0.956863 0.956863
vn -0.3051340 -0.1709544 0.0305142
v -0.2011600 -4.3030462 0.0201161 1.000000 0.964706 0.964706
vn -0.3335753 -0.1709543 0.0273762
v -0.2199090 -4.3030462 0.0180475 1.000000 0.956863 0.956863
vn -0.3588054 -0.1709545 0.0239743
v -0.2365400 -4.3030462 0.0158051 1.000000 0.956863 0.956863
vn -0.3805766 -0.1709541 0.0203420
v -0.2508920 -4.3030462 0.0134105 1.000000 0.964706 0.964706
vn -0.3986814 -0.1709550 0.0165139
v -0.2628290 -4.3030462 0.0108867 1.000000 0.964706 0.964706
vn -0.4129476 -0.1709551 0.0125268
v -0.2722340 -4.3030462 0.0082581 1.000000 0.964706 0.964706
vn -0.4232364 -0.1709549 0.0084196
v -0.2790180 -4.3030462 0.0055500 1.000000 0.964706 0.964706
vn -0.4294512 -0.1709552 0.0042302
v -0.2831150 -4.3030462 0.0027884 1.000000 0.972549 0.972549
vn -0.4315296 -0.1709553 0.0000000
v -0.2844850 -4.3030462 0.0000000 1.000000 0.964706 0.964706
vn -0.4276436 -0.1754730 -0.0042115
v -0.2297280 -4.4363790 -0.0022627 1.000000 1.000000 1.000000
vn -0.4214565 -0.1754725 -0.0083829
v -0.2264040 -4.4363790 -0.0045035 1.000000 1.000000 1.000000
vn -0.4112094 -0.1754728 -0.0124738
v -0.2209000 -4.4363790 -0.0067010 1.000000 1.000000 1.000000
vn -0.3970008 -0.1754732 -0.0164448
v -0.2132680 -4.4363790 -0.0088339 1.000000 1.000000 1.000000
vn -0.3789715 -0.1754731 -0.0202567
v -0.2035820 -4.4363790 -0.0108818 1.000000 1.000000 1.000000
vn -0.3572967 -0.1754726 -0.0238730
v -0.1919360 -4.4363790 -0.0128248 1.000000 1.000000 1.000000
vn -0.3321731 -0.1754730 -0.0272606
v -0.1784420 -4.4363790 -0.0146444 1.000000 1.000000 1.000000
vn -0.3038480 -0.1754728 -0.0303857
v -0.1632280 -4.4363790 -0.0163229 1.000000 1.000000 1.000000
vn -0.2726103 -0.1754725 -0.0332169
v -0.1464430 -4.4363790 -0.0178442 1.000000 1.000000 1.000000
vn -0.2387367 -0.1754723 -0.0357292
v -0.1282480 -4.4363790 -0.0191937 1.000000 1.000000 1.000000
vn -0.2025666 -0.1754723 -0.0378972
v -0.1088170 -4.4363790 -0.0203583 1.000000 1.000000 1.000000
vn -0.1644429 -0.1754722 -0.0397003
v -0.0883390 -4.4363790 -0.0213269 1.000000 1.000000 1.000000
vn -0.1247388 -0.1754713 -0.0411210
v -0.0670100 -4.4363790 -0.0220900 1.000000 1.000000 1.000000
vn -0.0838380 -0.1754724 -0.0421455
v -0.0450350 -4.4363790 -0.0226405 1.000000 1.000000 1.000000
vn -0.0421151 -0.1754733 -0.0427643
v -0.0226270 -4.4363790 -0.0229729 1.000000 1.000000 1.000000
vn -0.0000005 -0.1754726 -0.0429713
v -0.0000010 -4.4363790 -0.0230840 1.000000 1.000000 1.000000
vn 0.0421139 -0.1754728 -0.0427644
v 0.0226250 -4.4363790 -0.0229729 1.000000 1.000000 1.000000
vn 0.0838305 -0.1754728 -0.0421456
v 0.0450340 -4.4363790 -0.0226405 1.000000 1.000000 1.000000
vn 0.1247370 -0.1754721 -0.0411210
v 0.0670080 -4.4363790 -0.0220901 1.000000 1.000000 1.000000
vn 0.1644409 -0.1754719 -0.0397004
v 0.0883380 -4.4363790 -0.0213269 1.000000 1.000000 1.000000
vn 0.2025589 -0.1754727 -0.0378976
v 0.1088160 -4.4363790 -0.0203584 1.000000 1.000000 1.000000
vn 0.2387365 -0.1754729 -0.0357292
v 0.1282470 -4.4363790 -0.0191938 1.000000 1.000000 1.000000
vn 0.2726102 -0.1754726 -0.0332169
v 0.1464420 -4.4363790 -0.0178443 1.000000 1.000000 1.000000
vn 0.3038480 -0.1754728 -0.0303857
v 0.1632270 -4.4363790 -0.0163230 1.000000 1.000000 1.000000
vn 0.3321730 -0.1754730 -0.0272606
v 0.1784410 -4.4363790 -0.0146445 1.000000 1.000000 1.000000
vn 0.3572919 -0.1754735 -0.0238736
v 0.1919350 -4.4363790 -0.0128249 1.000000 1.000000 1.000000
vn 0.3789718 -0.1754731 -0.0202566
v 0.2035820 -4.4363790 -0.0108819 1.000000 1.000000 1.000000
vn 0.3970041 -0.1754717 -0.0164441
v 0.2132670 -4.4363790 -0.0088340 1.000000 1.000000 1.000000
vn 0.4112068 -0.1754716 -0.0124749
v 0.2208990 -4.4363790 -0.0067011 1.000000 1.000000 1.000000
vn 0.4214548 -0.1754720 -0.0083839
v 0.2264040 -4.4363790 -0.0045037 1.000000 1.000000 1.000000
vn 0.4276439 -0.1754726 -0.0042114
v 0.2297280 -4.4363790 -0.0022628 1.000000 1.000000 1.000000
vn 0.4297124 -0.1754731 0.0000000
v 0.2308390 -4.4363790 -0.0000002 1.000000 1.000000 1.000000
vn 0.4276434 -0.1754739 0.0042114
v 0.2297280 -4.4363790 0.0022624 1.000000 1.000000 1.000000
vn 0.4214561 -0.1754728 0.0083830
v 0.2264040 -4.4363790 0.0045033 1.000000 1.000000 1.000000
vn 0.4112098 -0.1754725 0.0124737
v 0.2209000 -4.4363790 0.0067007 1.000000 1.000000 1.000000
vn 0.3970042 -0.1754721 0.0164441
v 0.2132680 -4.4363790 0.0088337 1.000000 1.000000 1.000000
vn 0.3789721 -0.1754720 0.0202567
v 0.2035830 -4.4363790 0.0108815 1.000000 1.000000 1.000000
vn 0.3572925 -0.1754724 0.0238736
v 0.1919360 -4.4363790 0.0128246 1.000000 1.000000 1.000000
vn 0.3321740 -0.1754725 0.0272605
v 0.1784420 -4.4363790 0.0146441 1.000000 1.000000 1.000000
vn 0.3038574 -0.1754725 0.0303848
v 0.1632290 -4.4363790 0.0163226 1.000000 1.000000 1.000000
vn 0.2726059 -0.1754738 0.0332172
v 0.1464440 -4.4363790 0.0178440 1.000000 1.000000 1.000000
vn 0.2387364 -0.1754735 0.0357292
v 0.1282480 -4.4363790 0.0191934 1.000000 1.000000 1.000000
vn 0.2025658 -0.1754723 0.0378972
v 0.1088180 -4.4363790 0.0203581 1.000000 1.000000 1.000000
vn 0.1644410 -0.1754714 0.0397004
v 0.0883390 -4.4363790 0.0213266 1.000000 1.000000 1.000000
vn 0.1247463 -0.1754725 0.0411207
v 0.0670100 -4.4363790 0.0220898 1.000000 1.000000 1.000000
vn 0.0838382 -0.1754731 0.0421454
v 0.0450350 -4.4363790 0.0226403 1.000000 1.000000 1.000000
vn 0.0421151 -0.1754733 0.0427643
v 0.0226270 -4.4363790 0.0229727 1.000000 1.000000 1.000000
vn 0.0000009 -0.1754731 0.0429712
v 0.0000010 -4.4363790 0.0230838 1.000000 1.000000 1.000000
vn -0.0421143 -0.1754733 0.0427644
v -0.0226250 -4.4363790 0.0229727 1.000000 1.000000 1.000000
vn -0.0838306 -0.1754728 0.0421456
v -0.0450340 -4.4363790 0.0226403 1.000000 1.000000 1.000000
vn -0.1247368 -0.1754722 0.0411210
v -0.0670080 -4.4363790 0.0220899 1.000000 1.000000 1.000000
vn -0.1644411 -0.1754728 0.0397004
v -0.0883380 -4.4363790 0.0213267 1.000000 1.000000 1.000000
vn -0.2025664 -0.1754728 0.0378972
v -0.1088160 -4.4363790 0.0203582 1.000000 1.000000 1.000000
vn -0.2387367 -0.1754721 0.0357292
v -0.1282470 -4.4363790 0.0191935 1.000000 1.000000 1.000000
vn -0.2725999 -0.1754728 0.0332178
v -0.1464420 -4.4363790 0.0178441 1.000000 1.000000 1.000000
vn -0.3038479 -0.1754738 0.0303857
v -0.1632280 -4.4363790 0.0163228 1.000000 1.000000 1.000000
vn -0.3321725 -0.1754731 0.0272606
v -0.1784410 -4.4363790 0.0146443 1.000000 1.000000 1.000000
vn -0.3572926 -0.1754726 0.0238736
v -0.1919360 -4.4363790 0.0128247 1.000000 1.000000 1.000000
vn -0.3789720 -0.1754720 0.0202567
v -0.2035820 -4.4363790 0.0108817 1.000000 1.000000 1.000000
vn -0.3970047 -0.1754716 0.0164440
v -0.2132680 -4.4363790 0.0088338 1.000000 1.000000 1.000000
vn -0.4112098 -0.1754718 0.0124738
v -0.2208990 -4.4363790 0.0067009 1.000000 1.000000 1.000000
vn -0.4214544 -0.1754732 0.0083839
v -0.2264040 -4.4363790 0.0045034 1.000000 1.000000 1.000000
vn -0.4276434 -0.1754735 0.0042116
v -0.2297280 -4.4363790 0.0022626 1.000000 1.000000 1.000000
vn -0.4297124 -0.1754730 0.0000000
v -0.2308390 -4.4363790 0.0000000 1.000000 1.000000 1.000000
vn -0.4258029 -0.1799336 -0.0041943
v -0.1747230 -4.5697131 -0.0017210 1.000000 1.000000 1.000000
vn -0.4196436 -0.1799337 -0.0083467
v -0.1721950 -4.5697131 -0.0034253 1.000000 1.000000 1.000000
vn -0.4094389 -0.1799341 -0.0124206
v -0.1680090 -4.5697131 -0.0050966 1.000000 1.000000 1.000000
vn -0.3952937 -0.1799331 -0.0163739
v -0.1622040 -4.5697131 -0.0067188 1.000000 1.000000 1.000000
vn -0.3773458 -0.1799325 -0.0201688
v -0.1548380 -4.5697131 -0.0082763 1.000000 1.000000 1.000000
vn -0.3557569 -0.1799327 -0.0237707
v -0.1459800 -4.5697131 -0.0097542 1.000000 1.000000 1.000000
vn -0.3307449 -0.1799331 -0.0271432
v -0.1357170 -4.5697131 -0.0111380 1.000000 1.000000 1.000000
vn -0.3025450 -0.1799331 -0.0302546
v -0.1241460 -4.5697131 -0.0124147 1.000000 1.000000 1.000000
vn -0.2714336 -0.1799330 -0.0330744
v -0.1113800 -4.5697131 -0.0135717 1.000000 1.000000 1.000000
vn -0.2377143 -0.1799337 -0.0355752
v -0.0975410 -4.5697131 -0.0145981 1.000000 1.000000 1.000000
vn -0.2016931 -0.1799340 -0.0377342
v -0.0827630 -4.5697131 -0.0154839 1.000000 1.000000 1.000000
vn -0.1637351 -0.1799342 -0.0395295
v -0.0671880 -4.5697131 -0.0162205 1.000000 1.000000 1.000000
vn -0.1242013 -0.1799347 -0.0409440
v -0.0509650 -4.5697131 -0.0168010 1.000000 1.000000 1.000000
vn -0.0834666 -0.1799341 -0.0419643
v -0.0342520 -4.5697131 -0.0172196 1.000000 1.000000 1.000000
vn -0.0419437 -0.1799334 -0.0425803
v -0.0172090 -4.5697131 -0.0174724 1.000000 1.000000 1.000000
vn -0.0000017 -0.1799336 -0.0427864
v -0.0000010 -4.5697131 -0.0175570 1.000000 1.000000 1.000000
vn 0.0419441 -0.1799336 -0.0425803
v 0.0172080 -4.5697131 -0.0174724 1.000000 1.000000 1.000000
vn 0.0834664 -0.1799338 -0.0419643
v 0.0342510 -4.5697131 -0.0172196 1.000000 1.000000 1.000000
vn 0.1241902 -0.1799335 -0.0409444
v 0.0509640 -4.5697131 -0.0168010 1.000000 1.000000 1.000000
vn 0.1637350 -0.1799339 -0.0395295
v 0.0671870 -4.5697131 -0.0162206 1.000000 1.000000 1.000000
vn 0.2016937 -0.1799340 -0.0377342
v 0.0827620 -4.5697131 -0.0154839 1.000000 1.000000 1.000000
vn 0.2377056 -0.1799342 -0.0355757
v 0.0975400 -4.5697131 -0.0145982 1.000000 1.000000 1.000000
vn 0.2714399 -0.1799337 -0.0330738
v 0.1113790 -4.5697131 -0.0135718 1.000000 1.000000 1.000000
vn 0.3025455 -0.1799334 -0.0302545
v 0.1241450 -4.5697131 -0.0124147 1.000000 1.000000 1.000000
vn 0.3307384 -0.1799334 -0.0271440
v 0.1357160 -4.5697131 -0.0111381 1.000000 1.000000 1.000000
vn 0.3557578 -0.1799324 -0.0237706
v 0.1459800 -4.5697131 -0.0097542 1.000000 1.000000 1.000000
vn 0.3773422 -0.1799329 -0.0201694
v 0.1548370 -4.5697131 -0.0082764 1.000000 1.000000 1.000000
vn 0.3952894 -0.1799335 -0.0163749
v 0.1622040 -4.5697131 -0.0067189 1.000000 1.000000 1.000000
vn 0.4094397 -0.1799342 -0.0124203
v 0.1680090 -4.5697131 -0.0050967 1.000000 1.000000 1.000000
vn 0.4196438 -0.1799345 -0.0083464
v 0.1721950 -4.5697131 -0.0034253 1.000000 1.000000 1.000000
vn 0.4258026 -0.1799342 -0.0041944
v 0.1747230 -4.5697131 -0.0017210 1.000000 1.000000 1.000000
vn 0.4278638 -0.1799336 -0.0000000
v 0.1755690 -4.5697131 -0.0000002 1.000000 1.000000 1.000000
vn 0.4258033 -0.1799328 0.0041943
v 0.1747230 -4.5697131 0.0017207 1.000000 1.000000 1.000000
vn 0.4196435 -0.1799338 0.0083466
v 0.1721950 -4.5697131 0.0034250 1.000000 1.000000 1.000000
vn 0.4094436 -0.1799335 0.0124191
v 0.1680090 -4.5697131 0.0050963 1.000000 1.000000 1.000000
vn 0.3952952 -0.1799340 0.0163734
v 0.1622050 -4.5697131 0.0067186 1.000000 1.000000 1.000000
vn 0.3773369 -0.1799341 0.0201703
v 0.1548380 -4.5697131 0.0082761 1.000000 1.000000 1.000000
vn 0.3557573 -0.1799336 0.0237706
v 0.1459800 -4.5697131 0.0097539 1.000000 1.000000 1.000000
vn 0.3307443 -0.1799338 0.0271432
v 0.1357170 -4.5697131 0.0111378 1.000000 1.000000 1.000000
vn 0.3025454 -0.1799333 0.0302546
v 0.1241460 -4.5697131 0.0124144 1.000000 1.000000 1.000000
vn 0.2714400 -0.1799330 0.0330738
v 0.1113800 -4.5697131 0.0135715 1.000000 1.000000 1.000000
vn 0.2377060 -0.1799338 0.0355757
v 0.0975410 -4.5697131 0.0145979 1.000000 1.000000 1.000000
vn 0.2016937 -0.1799345 0.0377342
v 0.0827630 -4.5697131 0.0154836 1.000000 1.000000 1.000000
vn 0.1637486 -0.1799340 0.0395289
v 0.0671880 -4.5697131 0.0162203 1.000000 1.000000 1.000000
vn 0.1242027 -0.1799333 0.0409440
v 0.0509660 -4.5697131 0.0168008 1.000000 1.000000 1.000000
vn 0.0834643 -0.1799328 0.0419644
v 0.0342520 -4.5697131 0.0172194 1.000000 1.000000 1.000000
vn 0.0419436 -0.1799332 0.0425803
v 0.0172090 -4.5697131 0.0174722 1.000000 1.000000 1.000000
vn 0.0000017 -0.1799336 0.0427864
v 0.0000010 -4.5697131 0.0175568 1.000000 1.000000 1.000000
vn -0.0419441 -0.1799336 0.0425803
v -0.0172080 -4.5697131 0.0174722 1.000000 1.000000 1.000000
vn -0.0834662 -0.1799335 0.0419644
v -0.0342510 -4.5697131 0.0172194 1.000000 1.000000 1.000000
vn -0.1241907 -0.1799337 0.0409444
v -0.0509640 -4.5697131 0.0168008 1.000000 1.000000 1.000000
vn -0.1637352 -0.1799337 0.0395295
v -0.0671870 -4.5697131 0.0162204 1.000000 1.000000 1.000000
vn -0.2017025 -0.1799327 0.0377338
v -0.0827620 -4.5697131 0.0154837 1.000000 1.000000 1.000000
vn -0.2377064 -0.1799324 0.0355758
v -0.0975400 -4.5697131 0.0145979 1.000000 1.000000 1.000000
vn -0.2714332 -0.1799329 0.0330744
v -0.1113790 -4.5697131 0.0135716 1.000000 1.000000 1.000000
vn -0.3025453 -0.1799332 0.0302546
v -0.1241450 -4.5697131 0.0124145 1.000000 1.000000 1.000000
vn -0.3307379 -0.1799343 0.0271440
v -0.1357160 -4.5697131 0.0111379 1.000000 1.000000 1.000000
vn -0.3557515 -0.1799342 0.0237714
v -0.1459800 -4.5697131 0.0097540 1.000000 1.000000 1.000000
vn -0.3773422 -0.1799340 0.0201693
v -0.1548380 -4.5697131 0.0082762 1.000000 1.000000 1.000000
vn -0.3952948 -0.1799342 0.0163735
v -0.1622040 -4.5697131 0.0067187 1.000000 1.000000 1.000000
vn -0.4094404 -0.1799337 0.0124201
v -0.1680090 -4.5697131 0.0050964 1.000000 1.000000 1.000000
vn -0.4196438 -0.1799330 0.0083467
v -0.1721950 -4.5697131 0.0034251 1.000000 1.000000 1.000000
vn -0.4258027 -0.1799341 0.0041944
v -0.1747230 -4.5697131 0.0017208 1.000000 1.000000 1.000000
vn -0.4278634 -0.1799344 0.0000002
v -0.1755690 -4.5697131 0.0000000 1.000000 1.000000 1.000000
vn -0.4248588 -0.1821753 -0.0041841
v -0.1181010 -4.7030458 -0.0011633 1.000000 1.000000 1.000000
vn -0.4187099 -0.1821751 -0.0083293
v -0.1163920 -4.7030458 -0.0023153 1.000000 1.000000 1.000000
vn -0.4085316 -0.1821748 -0.0123926
v -0.1135620 -4.7030458 -0.0034450 1.000000 1.000000 1.000000
vn -0.3944225 -0.1821736 -0.0163362
v -0.1096390 -4.7030458 -0.0045415 1.000000 1.000000 1.000000
vn -0.3765095 -0.1821737 -0.0201238
v -0.1046600 -4.7030458 -0.0055943 1.000000 1.000000 1.000000
vn -0.3549633 -0.1821737 -0.0237186
v -0.0986730 -4.7030458 -0.0065932 1.000000 1.000000 1.000000
vn -0.3300031 -0.1821740 -0.0270840
v -0.0917350 -4.7030458 -0.0075286 1.000000 1.000000 1.000000
vn -0.3018742 -0.1821751 -0.0301874
v -0.0839140 -4.7030458 -0.0083915 1.000000 1.000000 1.000000
vn -0.2708283 -0.1821759 -0.0330011
v -0.0752850 -4.7030458 -0.0091736 1.000000 1.000000 1.000000
vn -0.2371867 -0.1821759 -0.0354962
v -0.0659310 -4.7030458 -0.0098673 1.000000 1.000000 1.000000
vn -0.2012513 -0.1821758 -0.0376502
v -0.0559420 -4.7030458 -0.0104661 1.000000 1.000000 1.000000
vn -0.1633618 -0.1821745 -0.0394422
v -0.0454140 -4.7030458 -0.0109640 1.000000 1.000000 1.000000
vn -0.1239254 -0.1821744 -0.0408532
v -0.0344490 -4.7030458 -0.0113563 1.000000 1.000000 1.000000
vn -0.0832939 -0.1821742 -0.0418710
v -0.0231520 -4.7030458 -0.0116393 1.000000 1.000000 1.000000
vn -0.0418398 -0.1821739 -0.0424860
v -0.0116320 -4.7030458 -0.0118102 1.000000 1.000000 1.000000
vn -0.0000011 -0.1821750 -0.0426914
v 0.0000000 -4.7030458 -0.0118673 1.000000 1.000000 1.000000
vn 0.0418437 -0.1821751 -0.0424859
v 0.0116320 -4.7030458 -0.0118102 1.000000 1.000000 1.000000
vn 0.0832796 -0.1821730 -0.0418714
v 0.0231510 -4.7030458 -0.0116393 1.000000 1.000000 1.000000
vn 0.1239178 -0.1821750 -0.0408534
v 0.0344480 -4.7030458 -0.0113564 1.000000 1.000000 1.000000
vn 0.1633793 -0.1821760 -0.0394414
v 0.0454140 -4.7030458 -0.0109640 1.000000 1.000000 1.000000
vn 0.2012453 -0.1821754 -0.0376505
v 0.0559410 -4.7030458 -0.0104661 1.000000 1.000000 1.000000
vn 0.2371770 -0.1821750 -0.0354969
v 0.0659300 -4.7030458 -0.0098674 1.000000 1.000000 1.000000
vn 0.2708314 -0.1821748 -0.0330009
v 0.0752850 -4.7030458 -0.0091736 1.000000 1.000000 1.000000
vn 0.3018745 -0.1821741 -0.0301874
v 0.0839140 -4.7030458 -0.0083915 1.000000 1.000000 1.000000
vn 0.3300120 -0.1821741 -0.0270829
v 0.0917350 -4.7030458 -0.0075286 1.000000 1.000000 1.000000
vn 0.3549619 -0.1821750 -0.0237187
v 0.0986720 -4.7030458 -0.0065932 1.000000 1.000000 1.000000
vn 0.3765025 -0.1821745 -0.0201251
v 0.1046600 -4.7030458 -0.0055943 1.000000 1.000000 1.000000
vn 0.3944213 -0.1821747 -0.0163364
v 0.1096390 -4.7030458 -0.0045415 1.000000 1.000000 1.000000
vn 0.4085318 -0.1821758 -0.0123924
v 0.1135620 -4.7030458 -0.0034450 1.000000 1.000000 1.000000
vn 0.4187102 -0.1821742 -0.0083294
v 0.1163920 -4.7030458 -0.0023153 1.000000 1.000000 1.000000
vn 0.4248595 -0.1821739 -0.0041841
v 0.1181010 -4.7030458 -0.0011633 1.000000 1.000000 1.000000
vn 0.4269142 -0.1821751 -0.0000002
v 0.1186720 -4.7030458 -0.0000002 1.000000 1.000000 1.000000
vn 0.4248588 -0.1821754 0.0041841
v 0.1181010 -4.7030458 0.0011630 1.000000 1.000000 1.000000
vn 0.4187139 -0.1821733 0.0083277
v 0.1163920 -4.7030458 0.0023150 1.000000 1.000000 1.000000
vn 0.4085344 -0.1821736 0.0123919
v 0.1135630 -4.7030458 0.0034447 1.000000 1.000000 1.000000
vn 0.3944152 -0.1821743 0.0163379
v 0.1096390 -4.7030458 0.0045413 1.000000 1.000000 1.000000
vn 0.3765055 -0.1821742 0.0201245
v 0.1046600 -4.7030458 0.0055940 1.000000 1.000000 1.000000
vn 0.3549695 -0.1821736 0.0237177
v 0.0986730 -4.7030458 0.0065929 1.000000 1.000000 1.000000
vn 0.3300097 -0.1821743 0.0270831
v 0.0917350 -4.7030458 0.0075284 1.000000 1.000000 1.000000
vn 0.3018742 -0.1821744 0.0301874
v 0.0839140 -4.7030458 0.0083913 1.000000 1.000000 1.000000
vn 0.2708288 -0.1821753 0.0330011
v 0.0752850 -4.7030458 0.0091734 1.000000 1.000000 1.000000
vn 0.2371858 -0.1821739 0.0354963
v 0.0659310 -4.7030458 0.0098671 1.000000 1.000000 1.000000
vn 0.2012525 -0.1821725 0.0376502
v 0.0559420 -4.7030458 0.0104659 1.000000 1.000000 1.000000
vn 0.1633628 -0.1821733 0.0394422
v 0.0454140 -4.7030458 0.0109638 1.000000 1.000000 1.000000
vn 0.1239262 -0.1821757 0.0408531
v 0.0344490 -4.7030458 0.0113561 1.000000 1.000000 1.000000
vn 0.0832934 -0.1821758 0.0418710
v 0.0231520 -4.7030458 0.0116391 1.000000 1.000000 1.000000
vn 0.0418395 -0.1821743 0.0424859
v 0.0116320 -4.7030458 0.0118100 1.000000 1.000000 1.000000
vn 0.0000011 -0.1821750 0.0426914
v 0.0000000 -4.7030458 0.0118671 1.000000 1.000000 1.000000
vn -0.0418437 -0.1821751 0.0424859
v -0.0116320 -4.7030458 0.0118100 1.000000 1.000000 1.000000
vn -0.0832788 -0.1821739 0.0418713
v -0.0231510 -4.7030458 0.0116391 1.000000 1.000000 1.000000
vn -0.1239196 -0.1821745 0.0408534
v -0.0344480 -4.7030458 0.0113562 1.000000 1.000000 1.000000
vn -0.1633787 -0.1821747 0.0394415
v -0.0454140 -4.7030458 0.0109638 1.000000 1.000000 1.000000
vn -0.2012368 -0.1821754 0.0376510
v -0.0559410 -4.7030458 0.0104659 1.000000 1.000000 1.000000
vn -0.2371780 -0.1821754 0.0354968
v -0.0659310 -4.7030458 0.0098672 1.000000 1.000000 1.000000
vn -0.2708400 -0.1821748 0.0330002
v -0.0752850 -4.7030458 0.0091734 1.000000 1.000000 1.000000
vn -0.3018745 -0.1821741 0.0301874
v -0.0839140 -4.7030458 0.0083913 1.000000 1.000000 1.000000
vn -0.3300119 -0.1821741 0.0270829
v -0.0917350 -4.7030458 0.0075284 1.000000 1.000000 1.000000
vn -0.3549619 -0.1821750 0.0237187
v -0.0986720 -4.7030458 0.0065930 1.000000 1.000000 1.000000
vn -0.3765015 -0.1821759 0.0201251
v -0.1046600 -4.7030458 0.0055941 1.000000 1.000000 1.000000
vn -0.3944221 -0.1821747 0.0163362
v -0.1096390 -4.7030458 0.0045413 1.000000 1.000000 1.000000
vn -0.4085315 -0.1821753 0.0123926
v -0.1135620 -4.7030458 0.0034448 1.000000 1.000000 1.000000
vn -0.4187097 -0.1821755 0.0083294
v -0.1163920 -4.7030458 0.0023151 1.000000 1.000000 1.000000
vn -0.4248594 -0.1821743 0.0041839
v -0.1181010 -4.7030458 0.0011631 1.000000 1.000000 1.000000
vn -0.4269143 -0.1821750 0.0000001
v -0.1186720 -4.7030458 -0.0000001 1.000000 1.000000 1.000000
vn -0.7053456 -0.7053456 0.0705346
v -1.7047870 -6.3817320 0.1704786 1.000000 1.000000 1.000000
vn -0.7053457 0.7053456 0.0705346
v -1.7047870 -4.6769471 0.1704786 1.000000 1.000000 1.000000
vn -0.7053456 -0.7053456 -0.0705346
v -1.7047870 -6.3817320 -0.1704788 1.000000 1.000000 1.000000
vn -0.7053456 0.7053457 -0.0705345
v -1.7047870 -4.6769462 -0.1704788 1.000000 1.000000 1.000000
vn 0.7053456 -0.7053456 0.0705346
v 1.7047870 -6.3817320 0.1704786 1.000000 1.000000 1.000000
vn 0.7053457 0.7053456 0.0705346
v 1.7047870 -4.6769471 0.1704786 1.000000 1.000000 1.000000
vn 0.7053456 -0.7053456 -0.0705346
v 1.7047870 -6.3817320 -0.1704788 1.000000 1.000000 1.000000
vn 0.7053456 0.7053457 -0.0705345
v 1.7047870 -4.6769462 -0.1704788 1.000000 1.000000 1.000000
vn -0.2679823 -0.2679823 0.0267982
v -1.7047870 4.7378860 0.1704788 1.000000 0.929412 0.984314
vn -0.2679823 0.2679823 0.0267982
v -1.7047870 6.4426746 0.1704788 0.984314 0.937255 0.964706
vn -0.2679823 -0.2679823 -0.0267982
v -1.7047870 4.7378869 -0.1704786 1.000000 0.956863 0.937255
vn -0.2679823 0.2679823 -0.0267982
v -1.7047870 6.4426751 -0.1704786 1.000000 0.956863 0.937255
vn 0.2679823 -0.2679823 0.0267982
v 1.7047870 4.7378860 0.1704788 1.000000 1.000000 1.000000
vn 0.2679823 0.2679823 0.0267982
v 1.7047870 6.4426746 0.1704788 1.000000 1.000000 1.000000
vn 0.2679823 -0.2679823 -0.0267982
v 1.7047870 4.7378869 -0.1704786 1.000000 1.000000 1.000000
vn 0.2679823 0.2679823 -0.0267982
v 1.7047870 6.4426751 -0.1704786 1.000000 1.000000 1.000000
# 4624 vertices, 0 vertices normals


usemtl material_0
vt -1.7047870 -4.6769471
vt -1.7047870 -6.3817320
f 4610/1/4610 4611/2/4611 4609/2/4609
vt -1.7047870 -4.6769462
vt 1.7047870 -6.3817320
f 4612/3/4612 4615/4/4615 4611/2/4611
vt 1.7047870 -4.6769462
f 4616/5/4616 4613/4/4613 4615/4/4615
vt 1.7047870 -4.6769471
f 4614/6/4614 4609/2/4609 4613/4/4613
f 4615/4/4615 4609/2/4609 4611/2/4611
f 4612/3/4612 4614/6/4614 4616/5/4616
f 4610/1/4610 4612/3/4612 4611/2/4611
f 4612/3/4612 4616/5/4616 4615/4/4615
f 4616/5/4616 4614/6/4614 4613/4/4613
f 4614/6/4614 4610/1/4610 4609/2/4609
f 4615/4/4615 4613/4/4613 4609/2/4609
f 4612/3/4612 4610/1/4610 4614/6/4614
# 12 faces, 6 coords texture

# End of File
